============================================================
[请求时间] 2026/8/10 11:53:27.805
[响应时间] 2026/8/10 11:53:28.088
[耗时] 283ms
[请求路径] https://pay-api.ds.163.com/v1/web/init/server/time
[请求方式] GET
[请求参数] {"query":null,"body":null}
[请求头] {"Accept":"application/json, text/plain, */*","Content-Type":"application/json;charset=UTF-8","User-Agent":"Mozilla/5.0 (Windows NT 10.0; Win64; x64) AppleWebKit/537.36 (KHTML, like Gecko) Chrome/122.0.0.0 Safari/537.36","Origin":"https://pay.ds.163.com","Referer":"https://pay.ds.163.com/","GL-ClientType":"60","GL-DeviceId":"f5a39e72-10c8-4e5b-8cd8-367163453bc4","GL-Uid":"2d45e14739f64ff0a349161969c6c952","GL-X-XSRF-TOKEN":"d8c15fa0-f189-4741-9528-aff51dcc48b1","Accept-Encoding":"gzip, compress, deflate, br"}
[响应结果] {"httpStatus":404,"data":"<!DOCTYPE HTML PUBLIC \"-//W3C//DTD HTML 3.2 Final//EN\">\n<title>404 Not Found</title>\n<h1>Not Found</h1>\n<p>The requested URL was not found on the server. If you entered the URL manually please check your spelling and try again.</p>\n"}
============================================================
============================================================
[请求时间] 2026/8/10 11:53:27.805
[响应时间] 2026/8/10 11:53:28.088
[耗时] 283ms
[请求路径] https://pay-api.ds.163.com/v1/web/init/server/time
[请求方式] GET
[请求参数] {"query":null,"body":null}
[请求头] {"Accept":"application/json, text/plain, */*","Content-Type":"application/json;charset=UTF-8","User-Agent":"Mozilla/5.0 (Windows NT 10.0; Win64; x64) AppleWebKit/537.36 (KHTML, like Gecko) Chrome/122.0.0.0 Safari/537.36","Origin":"https://pay.ds.163.com","Referer":"https://pay.ds.163.com/","GL-ClientType":"60","GL-DeviceId":"d098426f-23cb-443a-b1cd-6cc42a317bc7","GL-Uid":"e747fde440ca40648852073595ffdfb6","GL-X-XSRF-TOKEN":"1079b026-c774-43e6-a33c-05e12fadcd6e","Accept-Encoding":"gzip, compress, deflate, br"}
[响应结果] {"httpStatus":404,"data":"<!DOCTYPE HTML PUBLIC \"-//W3C//DTD HTML 3.2 Final//EN\">\n<title>404 Not Found</title>\n<h1>Not Found</h1>\n<p>The requested URL was not found on the server. If you entered the URL manually please check your spelling and try again.</p>\n"}
============================================================
============================================================
[请求时间] 2026/8/10 11:53:27.807
[响应时间] 2026/8/10 11:53:28.152
[耗时] 345ms
[请求路径] https://pay-api.ds.163.com/v1/web/init/server/time
[请求方式] GET
[请求参数] {"query":null,"body":null}
[请求头] {"Accept":"application/json, text/plain, */*","Content-Type":"application/json;charset=UTF-8","User-Agent":"Mozilla/5.0 (Windows NT 10.0; Win64; x64) AppleWebKit/537.36 (KHTML, like Gecko) Chrome/122.0.0.0 Safari/537.36","Origin":"https://pay.ds.163.com","Referer":"https://pay.ds.163.com/","GL-ClientType":"60","GL-DeviceId":"2246d201-3f44-49af-b376-6aa741d3e28a","GL-Uid":"f79404687caa46cca981d89036bd93ea","GL-X-XSRF-TOKEN":"9ffc8240-64e9-456a-9e10-2d3c0dfdbc7c","Accept-Encoding":"gzip, compress, deflate, br"}
[响应结果] {"httpStatus":404,"data":"<!DOCTYPE HTML PUBLIC \"-//W3C//DTD HTML 3.2 Final//EN\">\n<title>404 Not Found</title>\n<h1>Not Found</h1>\n<p>The requested URL was not found on the server. If you entered the URL manually please check your spelling and try again.</p>\n"}
============================================================
============================================================
[请求时间] 2026/8/10 11:53:28.086
[响应时间] 2026/8/10 11:53:28.223
[耗时] 137ms
[请求路径] https://pay-api.ds.163.com/api/nlogin
[请求方式] GET
[请求参数] {"query":{},"body":null}
[请求头] {"Accept":"application/json, text/plain, */*","Content-Type":"application/json;charset=UTF-8","GL-X-XSRF-TOKEN":"1079b026-c774-43e6-a33c-05e12fadcd6e","User-Agent":"Mozilla/5.0 (Windows NT 10.0; Win64; x64) AppleWebKit/537.36 (KHTML, like Gecko) Chrome/122.0.0.0 Safari/537.36","Origin":"https://pay.ds.163.com","Referer":"https://pay.ds.163.com/","GL-ClientType":"60","GL-DeviceId":"d098426f-23cb-443a-b1cd-6cc42a317bc7","GL-Uid":"e747fde440ca40648852073595ffdfb6","Accept-Encoding":"gzip, compress, deflate, br"}
[响应结果] {"httpStatus":200,"data":{"code":413,"msg":"登录失败"}}
============================================================
============================================================
[请求时间] 2026/8/10 11:53:28.084
[响应时间] 2026/8/10 11:53:28.258
[耗时] 174ms
[请求路径] https://pay-api.ds.163.com/api/nlogin
[请求方式] GET
[请求参数] {"query":{},"body":null}
[请求头] {"Accept":"application/json, text/plain, */*","Content-Type":"application/json;charset=UTF-8","GL-X-XSRF-TOKEN":"d8c15fa0-f189-4741-9528-aff51dcc48b1","User-Agent":"Mozilla/5.0 (Windows NT 10.0; Win64; x64) AppleWebKit/537.36 (KHTML, like Gecko) Chrome/122.0.0.0 Safari/537.36","Origin":"https://pay.ds.163.com","Referer":"https://pay.ds.163.com/","GL-ClientType":"60","GL-DeviceId":"f5a39e72-10c8-4e5b-8cd8-367163453bc4","GL-Uid":"2d45e14739f64ff0a349161969c6c952","Accept-Encoding":"gzip, compress, deflate, br"}
[响应结果] {"httpStatus":200,"data":{"code":413,"msg":"登录失败"}}
============================================================
============================================================
[请求时间] 2026/8/10 11:53:28.146
[响应时间] 2026/8/10 11:53:28.295
[耗时] 149ms
[请求路径] https://pay-api.ds.163.com/api/nlogin
[请求方式] GET
[请求参数] {"query":{},"body":null}
[请求头] {"Accept":"application/json, text/plain, */*","Content-Type":"application/json;charset=UTF-8","GL-X-XSRF-TOKEN":"9ffc8240-64e9-456a-9e10-2d3c0dfdbc7c","User-Agent":"Mozilla/5.0 (Windows NT 10.0; Win64; x64) AppleWebKit/537.36 (KHTML, like Gecko) Chrome/122.0.0.0 Safari/537.36","Origin":"https://pay.ds.163.com","Referer":"https://pay.ds.163.com/","GL-ClientType":"60","GL-DeviceId":"2246d201-3f44-49af-b376-6aa741d3e28a","GL-Uid":"f79404687caa46cca981d89036bd93ea","Accept-Encoding":"gzip, compress, deflate, br"}
[响应结果] {"httpStatus":200,"data":{"code":413,"msg":"登录失败"}}
============================================================
============================================================
[请求时间] 2026/8/10 11:53:28.221
[响应时间] 2026/8/10 11:53:28.565
[耗时] 344ms
[请求路径] https://inf.ds.163.com/v1/web/cooperate/plutus/cookie-exchange
[请求方式] GET
[请求参数] {"query":null,"body":null}
[请求头] {"Accept":"application/json, text/plain, */*","Content-Type":"application/json;charset=UTF-8","GL-X-XSRF-TOKEN":"1079b026-c774-43e6-a33c-05e12fadcd6e","User-Agent":"Mozilla/5.0 (Windows NT 10.0; Win64; x64) AppleWebKit/537.36 (KHTML, like Gecko) Chrome/122.0.0.0 Safari/537.36","Origin":"https://pay.ds.163.com","Referer":"https://pay.ds.163.com/","GL-ClientType":"60","GL-DeviceId":"d098426f-23cb-443a-b1cd-6cc42a317bc7","GL-Uid":"e747fde440ca40648852073595ffdfb6","Accept-Encoding":"gzip, compress, deflate, br"}
[响应结果] {"httpStatus":200,"data":{"result":{"user":{"uid":"e747fde440ca40648852073595ffdfb6","nick":"只为寻你欢心","icon":"https://ok.166.net/reunionpub/3_20260103_19b7fb516e3589779.jpeg","intro":"","gender":2,"frame":"66b5d52136fbe73925ec4e40","updateTime":1779099614929,"userSourceType":"URS"},"newUser":false},"code":200,"errmsg":"OK"}}
============================================================
============================================================
[请求时间] 2026/8/10 11:53:28.250
[响应时间] 2026/8/10 11:53:28.640
[耗时] 390ms
[请求路径] https://inf.ds.163.com/v1/web/cooperate/plutus/cookie-exchange
[请求方式] GET
[请求参数] {"query":null,"body":null}
[请求头] {"Accept":"application/json, text/plain, */*","Content-Type":"application/json;charset=UTF-8","GL-X-XSRF-TOKEN":"d8c15fa0-f189-4741-9528-aff51dcc48b1","User-Agent":"Mozilla/5.0 (Windows NT 10.0; Win64; x64) AppleWebKit/537.36 (KHTML, like Gecko) Chrome/122.0.0.0 Safari/537.36","Origin":"https://pay.ds.163.com","Referer":"https://pay.ds.163.com/","GL-ClientType":"60","GL-DeviceId":"f5a39e72-10c8-4e5b-8cd8-367163453bc4","GL-Uid":"2d45e14739f64ff0a349161969c6c952","Accept-Encoding":"gzip, compress, deflate, br"}
[响应结果] {"httpStatus":200,"data":{"result":{"user":{"uid":"2d45e14739f64ff0a349161969c6c952","nick":"问见呀","icon":"https://ok.166.net/reunionpub/3_20200311_170c54391d7636339.png","intro":"","gender":1,"birth":"2000-07-15","squareMedals":[],"updateTime":1712255435702,"userSourceType":"URS"},"newUser":false},"code":200,"errmsg":"OK"}}
============================================================
============================================================
[请求时间] 2026/8/10 11:53:28.564
[响应时间] 2026/8/10 11:53:28.673
[耗时] 109ms
[请求路径] https://pay-api.ds.163.com/v1/web/init/server/time
[请求方式] GET
[请求参数] {"query":null,"body":null}
[请求头] {"Accept":"application/json, text/plain, */*","Content-Type":"application/json;charset=UTF-8","GL-X-XSRF-TOKEN":"1079b026-c774-43e6-a33c-05e12fadcd6e","User-Agent":"Mozilla/5.0 (Windows NT 10.0; Win64; x64) AppleWebKit/537.36 (KHTML, like Gecko) Chrome/122.0.0.0 Safari/537.36","Origin":"https://pay.ds.163.com","Referer":"https://pay.ds.163.com/","GL-ClientType":"60","GL-DeviceId":"d098426f-23cb-443a-b1cd-6cc42a317bc7","GL-Uid":"e747fde440ca40648852073595ffdfb6","Accept-Encoding":"gzip, compress, deflate, br"}
[响应结果] {"httpStatus":404,"data":"<!DOCTYPE HTML PUBLIC \"-//W3C//DTD HTML 3.2 Final//EN\">\n<title>404 Not Found</title>\n<h1>Not Found</h1>\n<p>The requested URL was not found on the server. If you entered the URL manually please check your spelling and try again.</p>\n"}
============================================================
============================================================
[请求时间] 2026/8/10 11:53:28.294
[响应时间] 2026/8/10 11:53:28.754
[耗时] 460ms
[请求路径] https://inf.ds.163.com/v1/web/cooperate/plutus/cookie-exchange
[请求方式] GET
[请求参数] {"query":null,"body":null}
[请求头] {"Accept":"application/json, text/plain, */*","Content-Type":"application/json;charset=UTF-8","GL-X-XSRF-TOKEN":"9ffc8240-64e9-456a-9e10-2d3c0dfdbc7c","User-Agent":"Mozilla/5.0 (Windows NT 10.0; Win64; x64) AppleWebKit/537.36 (KHTML, like Gecko) Chrome/122.0.0.0 Safari/537.36","Origin":"https://pay.ds.163.com","Referer":"https://pay.ds.163.com/","GL-ClientType":"60","GL-DeviceId":"2246d201-3f44-49af-b376-6aa741d3e28a","GL-Uid":"f79404687caa46cca981d89036bd93ea","Accept-Encoding":"gzip, compress, deflate, br"}
[响应结果] {"httpStatus":200,"data":{"result":{"user":{"uid":"b94869698eae41c09cd4c6edf5252588","nick":"百川叶奈","icon":"https://ok.166.net/reunionpub/3_20260118_19bd077089a857977.jpeg","intro":"","gender":2,"updateTime":1768729021368,"userSourceType":"URS"},"newUser":false},"code":200,"errmsg":"OK"}}
============================================================
============================================================
[请求时间] 2026/8/10 11:53:28.628
[响应时间] 2026/8/10 11:53:28.765
[耗时] 137ms
[请求路径] https://pay-api.ds.163.com/v1/web/init/server/time
[请求方式] GET
[请求参数] {"query":null,"body":null}
[请求头] {"Accept":"application/json, text/plain, */*","Content-Type":"application/json;charset=UTF-8","GL-X-XSRF-TOKEN":"d8c15fa0-f189-4741-9528-aff51dcc48b1","User-Agent":"Mozilla/5.0 (Windows NT 10.0; Win64; x64) AppleWebKit/537.36 (KHTML, like Gecko) Chrome/122.0.0.0 Safari/537.36","Origin":"https://pay.ds.163.com","Referer":"https://pay.ds.163.com/","GL-ClientType":"60","GL-DeviceId":"f5a39e72-10c8-4e5b-8cd8-367163453bc4","GL-Uid":"2d45e14739f64ff0a349161969c6c952","Accept-Encoding":"gzip, compress, deflate, br"}
[响应结果] {"httpStatus":404,"data":"<!DOCTYPE HTML PUBLIC \"-//W3C//DTD HTML 3.2 Final//EN\">\n<title>404 Not Found</title>\n<h1>Not Found</h1>\n<p>The requested URL was not found on the server. If you entered the URL manually please check your spelling and try again.</p>\n"}
============================================================
============================================================
[请求时间] 2026/8/10 11:53:28.741
[响应时间] 2026/8/10 11:53:28.845
[耗时] 104ms
[请求路径] https://pay-api.ds.163.com/v1/web/init/server/time
[请求方式] GET
[请求参数] {"query":null,"body":null}
[请求头] {"Accept":"application/json, text/plain, */*","Content-Type":"application/json;charset=UTF-8","GL-X-XSRF-TOKEN":"9ffc8240-64e9-456a-9e10-2d3c0dfdbc7c","User-Agent":"Mozilla/5.0 (Windows NT 10.0; Win64; x64) AppleWebKit/537.36 (KHTML, like Gecko) Chrome/122.0.0.0 Safari/537.36","Origin":"https://pay.ds.163.com","Referer":"https://pay.ds.163.com/","GL-ClientType":"60","GL-DeviceId":"2246d201-3f44-49af-b376-6aa741d3e28a","GL-Uid":"f79404687caa46cca981d89036bd93ea","Accept-Encoding":"gzip, compress, deflate, br"}
[响应结果] {"httpStatus":404,"data":"<!DOCTYPE HTML PUBLIC \"-//W3C//DTD HTML 3.2 Final//EN\">\n<title>404 Not Found</title>\n<h1>Not Found</h1>\n<p>The requested URL was not found on the server. If you entered the URL manually please check your spelling and try again.</p>\n"}
============================================================
============================================================
[请求时间] 2026/8/10 11:53:28.671
[响应时间] 2026/8/10 11:53:28.972
[耗时] 301ms
[请求路径] https://inf.ds.163.com/v1/web/exp/xy/user/get-info
[请求方式] POST
[请求参数] {"query":null,"body":{}}
[请求头] {"Accept":"application/json, text/plain, */*","Content-Type":"application/json;charset=UTF-8","GL-X-XSRF-TOKEN":"1079b026-c774-43e6-a33c-05e12fadcd6e","User-Agent":"Mozilla/5.0 (Windows NT 10.0; Win64; x64) AppleWebKit/537.36 (KHTML, like Gecko) Chrome/122.0.0.0 Safari/537.36","Origin":"https://pay.ds.163.com","Referer":"https://pay.ds.163.com/","GL-ClientType":"60","GL-DeviceId":"d098426f-23cb-443a-b1cd-6cc42a317bc7","GL-Uid":"e747fde440ca40648852073595ffdfb6","GL-CheckSum":"7853547ecccf8b287f4cb7e26f3b70b339417782","Content-Length":"2","Accept-Encoding":"gzip, compress, deflate, br"}
[响应结果] {"httpStatus":200,"data":{"result":{"growthPoint":226571,"currentLv":"V5","diffNextLvGrowthPoint":73429,"currentLvExpireDate":"20270601","currentLvExpire":1811779200000,"nextLv":"V6","activeGames":["l36","u5","g10","h72","h55","g66","g18","h74"],"last365LoginGames":["g86","g10","h55","l10","u5","g66","l36","g18","h74","h72"],"initDate":"20260601","lastLv":"V5"},"code":200,"errmsg":"OK"}}
============================================================
============================================================
[请求时间] 2026/8/10 11:53:28.759
[响应时间] 2026/8/10 11:53:29.032
[耗时] 273ms
[请求路径] https://inf.ds.163.com/v1/web/exp/xy/user/get-info
[请求方式] POST
[请求参数] {"query":null,"body":{}}
[请求头] {"Accept":"application/json, text/plain, */*","Content-Type":"application/json;charset=UTF-8","GL-X-XSRF-TOKEN":"d8c15fa0-f189-4741-9528-aff51dcc48b1","User-Agent":"Mozilla/5.0 (Windows NT 10.0; Win64; x64) AppleWebKit/537.36 (KHTML, like Gecko) Chrome/122.0.0.0 Safari/537.36","Origin":"https://pay.ds.163.com","Referer":"https://pay.ds.163.com/","GL-ClientType":"60","GL-DeviceId":"f5a39e72-10c8-4e5b-8cd8-367163453bc4","GL-Uid":"2d45e14739f64ff0a349161969c6c952","GL-CheckSum":"57f2305db725fd92d761cad2d373b483b1a9d0fa","Content-Length":"2","Accept-Encoding":"gzip, compress, deflate, br"}
[响应结果] {"httpStatus":200,"data":{"result":{"growthPoint":129429,"currentLv":"V5","diffNextLvGrowthPoint":170571,"currentLvExpireDate":"20270506","currentLvExpire":1809532800000,"nextLv":"V6","activeGames":["l36","g37"],"last365LoginGames":["h72","g37","l36"],"initDate":"20260506","lastLv":"V4"},"code":200,"errmsg":"OK"}}
============================================================
============================================================
[请求时间] 2026/8/10 11:53:28.844
[响应时间] 2026/8/10 11:53:29.098
[耗时] 254ms
[请求路径] https://inf.ds.163.com/v1/web/exp/xy/user/get-info
[请求方式] POST
[请求参数] {"query":null,"body":{}}
[请求头] {"Accept":"application/json, text/plain, */*","Content-Type":"application/json;charset=UTF-8","GL-X-XSRF-TOKEN":"9ffc8240-64e9-456a-9e10-2d3c0dfdbc7c","User-Agent":"Mozilla/5.0 (Windows NT 10.0; Win64; x64) AppleWebKit/537.36 (KHTML, like Gecko) Chrome/122.0.0.0 Safari/537.36","Origin":"https://pay.ds.163.com","Referer":"https://pay.ds.163.com/","GL-ClientType":"60","GL-DeviceId":"2246d201-3f44-49af-b376-6aa741d3e28a","GL-Uid":"f79404687caa46cca981d89036bd93ea","GL-CheckSum":"841946003aea6b47b9a1a849d30ee82bcc24bc00","Content-Length":"2","Accept-Encoding":"gzip, compress, deflate, br"}
[响应结果] {"httpStatus":200,"data":{"code":873,"errmsg":"你离开太久了，请重新登录或刷新页面"}}
============================================================
============================================================
[请求时间] 2026/8/10 11:53:28.970
[响应时间] 2026/8/10 11:53:29.217
[耗时] 247ms
[请求路径] https://inf.ds.163.com/v1/web/exp/week-coupon/showing-list-v2
[请求方式] POST
[请求参数] {"query":null,"body":{}}
[请求头] {"Accept":"application/json, text/plain, */*","Content-Type":"application/json;charset=UTF-8","GL-X-XSRF-TOKEN":"1079b026-c774-43e6-a33c-05e12fadcd6e","User-Agent":"Mozilla/5.0 (Windows NT 10.0; Win64; x64) AppleWebKit/537.36 (KHTML, like Gecko) Chrome/122.0.0.0 Safari/537.36","Origin":"https://pay.ds.163.com","Referer":"https://pay.ds.163.com/","GL-ClientType":"60","GL-DeviceId":"d098426f-23cb-443a-b1cd-6cc42a317bc7","GL-Uid":"e747fde440ca40648852073595ffdfb6","GL-CheckSum":"7853547ecccf8b287f4cb7e26f3b70b339417782","Content-Length":"2","Accept-Encoding":"gzip, compress, deflate, br"}
[响应结果] {"httpStatus":200,"data":{"result":{"coupons":[{"couponId":"687076e69f3efd24cb2bed9c","name":"V1","amount":1,"xyLevel":"V1","seckillTime":"WEEKLY","periods":[{"weekDay":3,"seckillStartTime":1785902400000,"seckillEndTime":1786075199999,"status":"ENDED"},{"weekDay":5,"seckillStartTime":1786075200000,"seckillEndTime":1786334399999,"status":"PROGRESSING"},{"weekDay":1,"seckillStartTime":1786334400000,"seckillEndTime":1786507199999,"status":"NOT_STARTED"},{"weekDay":3,"seckillStartTime":1786507200000,"seckillEndTime":1786679999999,"status":"NOT_STARTED"},{"weekDay":5,"seckillStartTime":1786680000000,"seckillEndTime":1786939199999,"status":"NOT_STARTED"},{"weekDay":1,"seckillStartTime":1786939200000,"seckillEndTime":1787111999999,"status":"NOT_STARTED"}]},{"couponId":"68708657f56f912f57e063bf","name":"V2","amount":2,"xyLevel":"V2","seckillTime":"WEEKLY","periods":[{"weekDay":3,"seckillStartTime":1785902400000,"seckillEndTime":1786075199999,"status":"ENDED"},{"weekDay":5,"seckillStartTime":1786075200000,"seckillEndTime":1786334399999,"status":"PROGRESSING"},{"weekDay":1,"seckillStartTime":1786334400000,"seckillEndTime":1786507199999,"status":"NOT_STARTED"},{"weekDay":3,"seckillStartTime":1786507200000,"seckillEndTime":1786679999999,"status":"NOT_STARTED"},{"weekDay":5,"seckillStartTime":1786680000000,"seckillEndTime":1786939199999,"status":"NOT_STARTED"},{"weekDay":1,"seckillStartTime":1786939200000,"seckillEndTime":1787111999999,"status":"NOT_STARTED"}]},{"couponId":"6870867989fddd2bbdec96bc","name":"V3","amount":3,"xyLevel":"V3","seckillTime":"WEEKLY","periods":[{"weekDay":3,"seckillStartTime":1785902400000,"seckillEndTime":1786075199999,"status":"ENDED"},{"weekDay":5,"seckillStartTime":1786075200000,"seckillEndTime":1786334399999,"status":"PROGRESSING"},{"weekDay":1,"seckillStartTime":1786334400000,"seckillEndTime":1786507199999,"status":"NOT_STARTED"},{"weekDay":3,"seckillStartTime":1786507200000,"seckillEndTime":1786679999999,"status":"NOT_STARTED"},{"weekDay":5,"seckillStartTime":1786680000000,"seckillEndTime":1786939199999,"status":"NOT_STARTED"},{"weekDay":1,"seckillStartTime":1786939200000,"seckillEndTime":1787111999999,"status":"NOT_STARTED"}]},{"couponId":"6870869cf56f912f57e063c0","name":"V4","amount":8,"xyLevel":"V4","seckillTime":"WEEKLY","periods":[{"weekDay":3,"seckillStartTime":1785902400000,"seckillEndTime":1786075199999,"status":"ENDED"},{"weekDay":5,"seckillStartTime":1786075200000,"seckillEndTime":1786334399999,"status":"PROGRESSING"},{"weekDay":1,"seckillStartTime":1786334400000,"seckillEndTime":1786507199999,"status":"NOT_STARTED"},{"weekDay":3,"seckillStartTime":1786507200000,"seckillEndTime":1786679999999,"status":"NOT_STARTED"},{"weekDay":5,"seckillStartTime":1786680000000,"seckillEndTime":1786939199999,"status":"NOT_STARTED"},{"weekDay":1,"seckillStartTime":1786939200000,"seckillEndTime":1787111999999,"status":"NOT_STARTED"}]},{"couponId":"687086e33d0d02335c1804f4","name":"V5","amount":18,"xyLevel":"V5","seckillTime":"WEEKLY","periods":[{"weekDay":3,"seckillStartTime":1785902400000,"seckillEndTime":1786075199999,"status":"ENDED"},{"weekDay":5,"seckillStartTime":1786075200000,"seckillEndTime":1786334399999,"status":"PROGRESSING","acquiredStatus":"OUT_OF_STOCK","stockId":"687086e33d0d02335c1804f4_WEEKLY_1786075200000","stockRemain":0},{"weekDay":1,"seckillStartTime":1786334400000,"seckillEndTime":1786507199999,"status":"NOT_STARTED"},{"weekDay":3,"seckillStartTime":1786507200000,"seckillEndTime":1786679999999,"status":"NOT_STARTED"},{"weekDay":5,"seckillStartTime":1786680000000,"seckillEndTime":1786939199999,"status":"NOT_STARTED"},{"weekDay":1,"seckillStartTime":1786939200000,"seckillEndTime":1787111999999,"status":"NOT_STARTED"}]},{"couponId":"68708705f56f912f57e063c3","name":"V6","amount":30,"xyLevel":"V6","seckillTime":"WEEKLY","periods":[{"weekDay":3,"seckillStartTime":1785902400000,"seckillEndTime":1786075199999,"status":"ENDED"},{"weekDay":5,"seckillStartTime":1786075200000,"seckillEndTime":1786334399999,"status":"PROGRESSING"},{"weekDay":1,"seckillStartTime":1786334400000,"seckillEndTime":1786507199999,"status":"NOT_STARTED"},{"weekDay":3,"seckillStartTime":1786507200000,"seckillEndTime":1786679999999,"status":"NOT_STARTED"},{"weekDay":5,"seckillStartTime":1786680000000,"seckillEndTime":1786939199999,"status":"NOT_STARTED"},{"weekDay":1,"seckillStartTime":1786939200000,"seckillEndTime":1787111999999,"status":"NOT_STARTED"}]},{"couponId":"6870872e89fddd2bbdec96bd","name":"V7","amount":75,"xyLevel":"V7","seckillTime":"WEEKLY","periods":[{"weekDay":3,"seckillStartTime":1785902400000,"seckillEndTime":1786075199999,"status":"ENDED"},{"weekDay":5,"seckillStartTime":1786075200000,"seckillEndTime":1786334399999,"status":"PROGRESSING"},{"weekDay":1,"seckillStartTime":1786334400000,"seckillEndTime":1786507199999,"status":"NOT_STARTED"},{"weekDay":3,"seckillStartTime":1786507200000,"seckillEndTime":1786679999999,"status":"NOT_STARTED"},{"weekDay":5,"seckillStartTime":1786680000000,"seckillEndTime":1786939199999,"status":"NOT_STARTED"},{"weekDay":1,"seckillStartTime":1786939200000,"seckillEndTime":1787111999999,"status":"NOT_STARTED"}]}]},"code":200,"errmsg":"OK"}}
============================================================
============================================================
[请求时间] 2026/8/10 11:53:29.031
[响应时间] 2026/8/10 11:53:29.288
[耗时] 257ms
[请求路径] https://inf.ds.163.com/v1/web/exp/week-coupon/showing-list-v2
[请求方式] POST
[请求参数] {"query":null,"body":{}}
[请求头] {"Accept":"application/json, text/plain, */*","Content-Type":"application/json;charset=UTF-8","GL-X-XSRF-TOKEN":"d8c15fa0-f189-4741-9528-aff51dcc48b1","User-Agent":"Mozilla/5.0 (Windows NT 10.0; Win64; x64) AppleWebKit/537.36 (KHTML, like Gecko) Chrome/122.0.0.0 Safari/537.36","Origin":"https://pay.ds.163.com","Referer":"https://pay.ds.163.com/","GL-ClientType":"60","GL-DeviceId":"f5a39e72-10c8-4e5b-8cd8-367163453bc4","GL-Uid":"2d45e14739f64ff0a349161969c6c952","GL-CheckSum":"57f2305db725fd92d761cad2d373b483b1a9d0fa","Content-Length":"2","Accept-Encoding":"gzip, compress, deflate, br"}
[响应结果] {"httpStatus":200,"data":{"result":{"coupons":[{"couponId":"687076e69f3efd24cb2bed9c","name":"V1","amount":1,"xyLevel":"V1","seckillTime":"WEEKLY","periods":[{"weekDay":3,"seckillStartTime":1785902400000,"seckillEndTime":1786075199999,"status":"ENDED"},{"weekDay":5,"seckillStartTime":1786075200000,"seckillEndTime":1786334399999,"status":"PROGRESSING"},{"weekDay":1,"seckillStartTime":1786334400000,"seckillEndTime":1786507199999,"status":"NOT_STARTED"},{"weekDay":3,"seckillStartTime":1786507200000,"seckillEndTime":1786679999999,"status":"NOT_STARTED"},{"weekDay":5,"seckillStartTime":1786680000000,"seckillEndTime":1786939199999,"status":"NOT_STARTED"},{"weekDay":1,"seckillStartTime":1786939200000,"seckillEndTime":1787111999999,"status":"NOT_STARTED"}]},{"couponId":"68708657f56f912f57e063bf","name":"V2","amount":2,"xyLevel":"V2","seckillTime":"WEEKLY","periods":[{"weekDay":3,"seckillStartTime":1785902400000,"seckillEndTime":1786075199999,"status":"ENDED"},{"weekDay":5,"seckillStartTime":1786075200000,"seckillEndTime":1786334399999,"status":"PROGRESSING"},{"weekDay":1,"seckillStartTime":1786334400000,"seckillEndTime":1786507199999,"status":"NOT_STARTED"},{"weekDay":3,"seckillStartTime":1786507200000,"seckillEndTime":1786679999999,"status":"NOT_STARTED"},{"weekDay":5,"seckillStartTime":1786680000000,"seckillEndTime":1786939199999,"status":"NOT_STARTED"},{"weekDay":1,"seckillStartTime":1786939200000,"seckillEndTime":1787111999999,"status":"NOT_STARTED"}]},{"couponId":"6870867989fddd2bbdec96bc","name":"V3","amount":3,"xyLevel":"V3","seckillTime":"WEEKLY","periods":[{"weekDay":3,"seckillStartTime":1785902400000,"seckillEndTime":1786075199999,"status":"ENDED"},{"weekDay":5,"seckillStartTime":1786075200000,"seckillEndTime":1786334399999,"status":"PROGRESSING"},{"weekDay":1,"seckillStartTime":1786334400000,"seckillEndTime":1786507199999,"status":"NOT_STARTED"},{"weekDay":3,"seckillStartTime":1786507200000,"seckillEndTime":1786679999999,"status":"NOT_STARTED"},{"weekDay":5,"seckillStartTime":1786680000000,"seckillEndTime":1786939199999,"status":"NOT_STARTED"},{"weekDay":1,"seckillStartTime":1786939200000,"seckillEndTime":1787111999999,"status":"NOT_STARTED"}]},{"couponId":"6870869cf56f912f57e063c0","name":"V4","amount":8,"xyLevel":"V4","seckillTime":"WEEKLY","periods":[{"weekDay":3,"seckillStartTime":1785902400000,"seckillEndTime":1786075199999,"status":"ENDED"},{"weekDay":5,"seckillStartTime":1786075200000,"seckillEndTime":1786334399999,"status":"PROGRESSING"},{"weekDay":1,"seckillStartTime":1786334400000,"seckillEndTime":1786507199999,"status":"NOT_STARTED"},{"weekDay":3,"seckillStartTime":1786507200000,"seckillEndTime":1786679999999,"status":"NOT_STARTED"},{"weekDay":5,"seckillStartTime":1786680000000,"seckillEndTime":1786939199999,"status":"NOT_STARTED"},{"weekDay":1,"seckillStartTime":1786939200000,"seckillEndTime":1787111999999,"status":"NOT_STARTED"}]},{"couponId":"687086e33d0d02335c1804f4","name":"V5","amount":18,"xyLevel":"V5","seckillTime":"WEEKLY","periods":[{"weekDay":3,"seckillStartTime":1785902400000,"seckillEndTime":1786075199999,"status":"ENDED"},{"weekDay":5,"seckillStartTime":1786075200000,"seckillEndTime":1786334399999,"status":"PROGRESSING","acquiredStatus":"ACQUIRED","stockId":"687086e33d0d02335c1804f4_WEEKLY_1786075200000"},{"weekDay":1,"seckillStartTime":1786334400000,"seckillEndTime":1786507199999,"status":"NOT_STARTED"},{"weekDay":3,"seckillStartTime":1786507200000,"seckillEndTime":1786679999999,"status":"NOT_STARTED"},{"weekDay":5,"seckillStartTime":1786680000000,"seckillEndTime":1786939199999,"status":"NOT_STARTED"},{"weekDay":1,"seckillStartTime":1786939200000,"seckillEndTime":1787111999999,"status":"NOT_STARTED"}]},{"couponId":"68708705f56f912f57e063c3","name":"V6","amount":30,"xyLevel":"V6","seckillTime":"WEEKLY","periods":[{"weekDay":3,"seckillStartTime":1785902400000,"seckillEndTime":1786075199999,"status":"ENDED"},{"weekDay":5,"seckillStartTime":1786075200000,"seckillEndTime":1786334399999,"status":"PROGRESSING"},{"weekDay":1,"seckillStartTime":1786334400000,"seckillEndTime":1786507199999,"status":"NOT_STARTED"},{"weekDay":3,"seckillStartTime":1786507200000,"seckillEndTime":1786679999999,"status":"NOT_STARTED"},{"weekDay":5,"seckillStartTime":1786680000000,"seckillEndTime":1786939199999,"status":"NOT_STARTED"},{"weekDay":1,"seckillStartTime":1786939200000,"seckillEndTime":1787111999999,"status":"NOT_STARTED"}]},{"couponId":"6870872e89fddd2bbdec96bd","name":"V7","amount":75,"xyLevel":"V7","seckillTime":"WEEKLY","periods":[{"weekDay":3,"seckillStartTime":1785902400000,"seckillEndTime":1786075199999,"status":"ENDED"},{"weekDay":5,"seckillStartTime":1786075200000,"seckillEndTime":1786334399999,"status":"PROGRESSING"},{"weekDay":1,"seckillStartTime":1786334400000,"seckillEndTime":1786507199999,"status":"NOT_STARTED"},{"weekDay":3,"seckillStartTime":1786507200000,"seckillEndTime":1786679999999,"status":"NOT_STARTED"},{"weekDay":5,"seckillStartTime":1786680000000,"seckillEndTime":1786939199999,"status":"NOT_STARTED"},{"weekDay":1,"seckillStartTime":1786939200000,"seckillEndTime":1787111999999,"status":"NOT_STARTED"}]}]},"code":200,"errmsg":"OK"}}
============================================================
============================================================
[请求时间] 2026/8/10 11:53:29.097
[响应时间] 2026/8/10 11:53:29.427
[耗时] 330ms
[请求路径] https://inf.ds.163.com/v1/web/cooperate/plutus/cookie-exchange
[请求方式] GET
[请求参数] {"query":null,"body":null}
[请求头] {"Accept":"application/json, text/plain, */*","Content-Type":"application/json;charset=UTF-8","GL-X-XSRF-TOKEN":"9ffc8240-64e9-456a-9e10-2d3c0dfdbc7c","User-Agent":"Mozilla/5.0 (Windows NT 10.0; Win64; x64) AppleWebKit/537.36 (KHTML, like Gecko) Chrome/122.0.0.0 Safari/537.36","Origin":"https://pay.ds.163.com","Referer":"https://pay.ds.163.com/","GL-ClientType":"60","GL-DeviceId":"2246d201-3f44-49af-b376-6aa741d3e28a","GL-Uid":"f79404687caa46cca981d89036bd93ea","Accept-Encoding":"gzip, compress, deflate, br"}
[响应结果] {"httpStatus":200,"data":{"result":{"user":{"uid":"b94869698eae41c09cd4c6edf5252588","nick":"百川叶奈","icon":"https://ok.166.net/reunionpub/3_20260118_19bd077089a857977.jpeg","intro":"","gender":2,"updateTime":1768729021368,"userSourceType":"URS"},"newUser":false},"code":200,"errmsg":"OK"}}
============================================================
============================================================
[请求时间] 2026/8/10 11:53:29.227
[响应时间] 2026/8/10 11:53:29.476
[耗时] 249ms
[请求路径] https://inf.ds.163.com/v1/web/exp/week-coupon/showing-list-v2
[请求方式] POST
[请求参数] {"query":null,"body":{}}
[请求头] {"Accept":"application/json, text/plain, */*","Content-Type":"application/json;charset=UTF-8","GL-X-XSRF-TOKEN":"1079b026-c774-43e6-a33c-05e12fadcd6e","User-Agent":"Mozilla/5.0 (Windows NT 10.0; Win64; x64) AppleWebKit/537.36 (KHTML, like Gecko) Chrome/122.0.0.0 Safari/537.36","Origin":"https://pay.ds.163.com","Referer":"https://pay.ds.163.com/","GL-ClientType":"60","GL-DeviceId":"d098426f-23cb-443a-b1cd-6cc42a317bc7","GL-Uid":"e747fde440ca40648852073595ffdfb6","GL-CheckSum":"7853547ecccf8b287f4cb7e26f3b70b339417782","Content-Length":"2","Accept-Encoding":"gzip, compress, deflate, br"}
[响应结果] {"httpStatus":200,"data":{"result":{"coupons":[{"couponId":"687076e69f3efd24cb2bed9c","name":"V1","amount":1,"xyLevel":"V1","seckillTime":"WEEKLY","periods":[{"weekDay":3,"seckillStartTime":1785902400000,"seckillEndTime":1786075199999,"status":"ENDED"},{"weekDay":5,"seckillStartTime":1786075200000,"seckillEndTime":1786334399999,"status":"PROGRESSING"},{"weekDay":1,"seckillStartTime":1786334400000,"seckillEndTime":1786507199999,"status":"NOT_STARTED"},{"weekDay":3,"seckillStartTime":1786507200000,"seckillEndTime":1786679999999,"status":"NOT_STARTED"},{"weekDay":5,"seckillStartTime":1786680000000,"seckillEndTime":1786939199999,"status":"NOT_STARTED"},{"weekDay":1,"seckillStartTime":1786939200000,"seckillEndTime":1787111999999,"status":"NOT_STARTED"}]},{"couponId":"68708657f56f912f57e063bf","name":"V2","amount":2,"xyLevel":"V2","seckillTime":"WEEKLY","periods":[{"weekDay":3,"seckillStartTime":1785902400000,"seckillEndTime":1786075199999,"status":"ENDED"},{"weekDay":5,"seckillStartTime":1786075200000,"seckillEndTime":1786334399999,"status":"PROGRESSING"},{"weekDay":1,"seckillStartTime":1786334400000,"seckillEndTime":1786507199999,"status":"NOT_STARTED"},{"weekDay":3,"seckillStartTime":1786507200000,"seckillEndTime":1786679999999,"status":"NOT_STARTED"},{"weekDay":5,"seckillStartTime":1786680000000,"seckillEndTime":1786939199999,"status":"NOT_STARTED"},{"weekDay":1,"seckillStartTime":1786939200000,"seckillEndTime":1787111999999,"status":"NOT_STARTED"}]},{"couponId":"6870867989fddd2bbdec96bc","name":"V3","amount":3,"xyLevel":"V3","seckillTime":"WEEKLY","periods":[{"weekDay":3,"seckillStartTime":1785902400000,"seckillEndTime":1786075199999,"status":"ENDED"},{"weekDay":5,"seckillStartTime":1786075200000,"seckillEndTime":1786334399999,"status":"PROGRESSING"},{"weekDay":1,"seckillStartTime":1786334400000,"seckillEndTime":1786507199999,"status":"NOT_STARTED"},{"weekDay":3,"seckillStartTime":1786507200000,"seckillEndTime":1786679999999,"status":"NOT_STARTED"},{"weekDay":5,"seckillStartTime":1786680000000,"seckillEndTime":1786939199999,"status":"NOT_STARTED"},{"weekDay":1,"seckillStartTime":1786939200000,"seckillEndTime":1787111999999,"status":"NOT_STARTED"}]},{"couponId":"6870869cf56f912f57e063c0","name":"V4","amount":8,"xyLevel":"V4","seckillTime":"WEEKLY","periods":[{"weekDay":3,"seckillStartTime":1785902400000,"seckillEndTime":1786075199999,"status":"ENDED"},{"weekDay":5,"seckillStartTime":1786075200000,"seckillEndTime":1786334399999,"status":"PROGRESSING"},{"weekDay":1,"seckillStartTime":1786334400000,"seckillEndTime":1786507199999,"status":"NOT_STARTED"},{"weekDay":3,"seckillStartTime":1786507200000,"seckillEndTime":1786679999999,"status":"NOT_STARTED"},{"weekDay":5,"seckillStartTime":1786680000000,"seckillEndTime":1786939199999,"status":"NOT_STARTED"},{"weekDay":1,"seckillStartTime":1786939200000,"seckillEndTime":1787111999999,"status":"NOT_STARTED"}]},{"couponId":"687086e33d0d02335c1804f4","name":"V5","amount":18,"xyLevel":"V5","seckillTime":"WEEKLY","periods":[{"weekDay":3,"seckillStartTime":1785902400000,"seckillEndTime":1786075199999,"status":"ENDED"},{"weekDay":5,"seckillStartTime":1786075200000,"seckillEndTime":1786334399999,"status":"PROGRESSING","acquiredStatus":"OUT_OF_STOCK","stockId":"687086e33d0d02335c1804f4_WEEKLY_1786075200000","stockRemain":0},{"weekDay":1,"seckillStartTime":1786334400000,"seckillEndTime":1786507199999,"status":"NOT_STARTED"},{"weekDay":3,"seckillStartTime":1786507200000,"seckillEndTime":1786679999999,"status":"NOT_STARTED"},{"weekDay":5,"seckillStartTime":1786680000000,"seckillEndTime":1786939199999,"status":"NOT_STARTED"},{"weekDay":1,"seckillStartTime":1786939200000,"seckillEndTime":1787111999999,"status":"NOT_STARTED"}]},{"couponId":"68708705f56f912f57e063c3","name":"V6","amount":30,"xyLevel":"V6","seckillTime":"WEEKLY","periods":[{"weekDay":3,"seckillStartTime":1785902400000,"seckillEndTime":1786075199999,"status":"ENDED"},{"weekDay":5,"seckillStartTime":1786075200000,"seckillEndTime":1786334399999,"status":"PROGRESSING"},{"weekDay":1,"seckillStartTime":1786334400000,"seckillEndTime":1786507199999,"status":"NOT_STARTED"},{"weekDay":3,"seckillStartTime":1786507200000,"seckillEndTime":1786679999999,"status":"NOT_STARTED"},{"weekDay":5,"seckillStartTime":1786680000000,"seckillEndTime":1786939199999,"status":"NOT_STARTED"},{"weekDay":1,"seckillStartTime":1786939200000,"seckillEndTime":1787111999999,"status":"NOT_STARTED"}]},{"couponId":"6870872e89fddd2bbdec96bd","name":"V7","amount":75,"xyLevel":"V7","seckillTime":"WEEKLY","periods":[{"weekDay":3,"seckillStartTime":1785902400000,"seckillEndTime":1786075199999,"status":"ENDED"},{"weekDay":5,"seckillStartTime":1786075200000,"seckillEndTime":1786334399999,"status":"PROGRESSING"},{"weekDay":1,"seckillStartTime":1786334400000,"seckillEndTime":1786507199999,"status":"NOT_STARTED"},{"weekDay":3,"seckillStartTime":1786507200000,"seckillEndTime":1786679999999,"status":"NOT_STARTED"},{"weekDay":5,"seckillStartTime":1786680000000,"seckillEndTime":1786939199999,"status":"NOT_STARTED"},{"weekDay":1,"seckillStartTime":1786939200000,"seckillEndTime":1787111999999,"status":"NOT_STARTED"}]}]},"code":200,"errmsg":"OK"}}
============================================================
============================================================
[请求时间] 2026/8/10 11:53:29.426
[响应时间] 2026/8/10 11:53:29.540
[耗时] 114ms
[请求路径] https://pay-api.ds.163.com/v1/web/init/server/time
[请求方式] GET
[请求参数] {"query":null,"body":null}
[请求头] {"Accept":"application/json, text/plain, */*","Content-Type":"application/json;charset=UTF-8","GL-X-XSRF-TOKEN":"9ffc8240-64e9-456a-9e10-2d3c0dfdbc7c","User-Agent":"Mozilla/5.0 (Windows NT 10.0; Win64; x64) AppleWebKit/537.36 (KHTML, like Gecko) Chrome/122.0.0.0 Safari/537.36","Origin":"https://pay.ds.163.com","Referer":"https://pay.ds.163.com/","GL-ClientType":"60","GL-DeviceId":"2246d201-3f44-49af-b376-6aa741d3e28a","GL-Uid":"f79404687caa46cca981d89036bd93ea","Accept-Encoding":"gzip, compress, deflate, br"}
[响应结果] {"httpStatus":404,"data":"<!DOCTYPE HTML PUBLIC \"-//W3C//DTD HTML 3.2 Final//EN\">\n<title>404 Not Found</title>\n<h1>Not Found</h1>\n<p>The requested URL was not found on the server. If you entered the URL manually please check your spelling and try again.</p>\n"}
============================================================
============================================================
[请求时间] 2026/8/10 11:53:29.314
[响应时间] 2026/8/10 11:53:29.596
[耗时] 282ms
[请求路径] https://inf.ds.163.com/v1/web/exp/week-coupon/showing-list-v2
[请求方式] POST
[请求参数] {"query":null,"body":{}}
[请求头] {"Accept":"application/json, text/plain, */*","Content-Type":"application/json;charset=UTF-8","GL-X-XSRF-TOKEN":"d8c15fa0-f189-4741-9528-aff51dcc48b1","User-Agent":"Mozilla/5.0 (Windows NT 10.0; Win64; x64) AppleWebKit/537.36 (KHTML, like Gecko) Chrome/122.0.0.0 Safari/537.36","Origin":"https://pay.ds.163.com","Referer":"https://pay.ds.163.com/","GL-ClientType":"60","GL-DeviceId":"f5a39e72-10c8-4e5b-8cd8-367163453bc4","GL-Uid":"2d45e14739f64ff0a349161969c6c952","GL-CheckSum":"57f2305db725fd92d761cad2d373b483b1a9d0fa","Content-Length":"2","Accept-Encoding":"gzip, compress, deflate, br"}
[响应结果] {"httpStatus":200,"data":{"result":{"coupons":[{"couponId":"687076e69f3efd24cb2bed9c","name":"V1","amount":1,"xyLevel":"V1","seckillTime":"WEEKLY","periods":[{"weekDay":3,"seckillStartTime":1785902400000,"seckillEndTime":1786075199999,"status":"ENDED"},{"weekDay":5,"seckillStartTime":1786075200000,"seckillEndTime":1786334399999,"status":"PROGRESSING"},{"weekDay":1,"seckillStartTime":1786334400000,"seckillEndTime":1786507199999,"status":"NOT_STARTED"},{"weekDay":3,"seckillStartTime":1786507200000,"seckillEndTime":1786679999999,"status":"NOT_STARTED"},{"weekDay":5,"seckillStartTime":1786680000000,"seckillEndTime":1786939199999,"status":"NOT_STARTED"},{"weekDay":1,"seckillStartTime":1786939200000,"seckillEndTime":1787111999999,"status":"NOT_STARTED"}]},{"couponId":"68708657f56f912f57e063bf","name":"V2","amount":2,"xyLevel":"V2","seckillTime":"WEEKLY","periods":[{"weekDay":3,"seckillStartTime":1785902400000,"seckillEndTime":1786075199999,"status":"ENDED"},{"weekDay":5,"seckillStartTime":1786075200000,"seckillEndTime":1786334399999,"status":"PROGRESSING"},{"weekDay":1,"seckillStartTime":1786334400000,"seckillEndTime":1786507199999,"status":"NOT_STARTED"},{"weekDay":3,"seckillStartTime":1786507200000,"seckillEndTime":1786679999999,"status":"NOT_STARTED"},{"weekDay":5,"seckillStartTime":1786680000000,"seckillEndTime":1786939199999,"status":"NOT_STARTED"},{"weekDay":1,"seckillStartTime":1786939200000,"seckillEndTime":1787111999999,"status":"NOT_STARTED"}]},{"couponId":"6870867989fddd2bbdec96bc","name":"V3","amount":3,"xyLevel":"V3","seckillTime":"WEEKLY","periods":[{"weekDay":3,"seckillStartTime":1785902400000,"seckillEndTime":1786075199999,"status":"ENDED"},{"weekDay":5,"seckillStartTime":1786075200000,"seckillEndTime":1786334399999,"status":"PROGRESSING"},{"weekDay":1,"seckillStartTime":1786334400000,"seckillEndTime":1786507199999,"status":"NOT_STARTED"},{"weekDay":3,"seckillStartTime":1786507200000,"seckillEndTime":1786679999999,"status":"NOT_STARTED"},{"weekDay":5,"seckillStartTime":1786680000000,"seckillEndTime":1786939199999,"status":"NOT_STARTED"},{"weekDay":1,"seckillStartTime":1786939200000,"seckillEndTime":1787111999999,"status":"NOT_STARTED"}]},{"couponId":"6870869cf56f912f57e063c0","name":"V4","amount":8,"xyLevel":"V4","seckillTime":"WEEKLY","periods":[{"weekDay":3,"seckillStartTime":1785902400000,"seckillEndTime":1786075199999,"status":"ENDED"},{"weekDay":5,"seckillStartTime":1786075200000,"seckillEndTime":1786334399999,"status":"PROGRESSING"},{"weekDay":1,"seckillStartTime":1786334400000,"seckillEndTime":1786507199999,"status":"NOT_STARTED"},{"weekDay":3,"seckillStartTime":1786507200000,"seckillEndTime":1786679999999,"status":"NOT_STARTED"},{"weekDay":5,"seckillStartTime":1786680000000,"seckillEndTime":1786939199999,"status":"NOT_STARTED"},{"weekDay":1,"seckillStartTime":1786939200000,"seckillEndTime":1787111999999,"status":"NOT_STARTED"}]},{"couponId":"687086e33d0d02335c1804f4","name":"V5","amount":18,"xyLevel":"V5","seckillTime":"WEEKLY","periods":[{"weekDay":3,"seckillStartTime":1785902400000,"seckillEndTime":1786075199999,"status":"ENDED"},{"weekDay":5,"seckillStartTime":1786075200000,"seckillEndTime":1786334399999,"status":"PROGRESSING","acquiredStatus":"ACQUIRED","stockId":"687086e33d0d02335c1804f4_WEEKLY_1786075200000"},{"weekDay":1,"seckillStartTime":1786334400000,"seckillEndTime":1786507199999,"status":"NOT_STARTED"},{"weekDay":3,"seckillStartTime":1786507200000,"seckillEndTime":1786679999999,"status":"NOT_STARTED"},{"weekDay":5,"seckillStartTime":1786680000000,"seckillEndTime":1786939199999,"status":"NOT_STARTED"},{"weekDay":1,"seckillStartTime":1786939200000,"seckillEndTime":1787111999999,"status":"NOT_STARTED"}]},{"couponId":"68708705f56f912f57e063c3","name":"V6","amount":30,"xyLevel":"V6","seckillTime":"WEEKLY","periods":[{"weekDay":3,"seckillStartTime":1785902400000,"seckillEndTime":1786075199999,"status":"ENDED"},{"weekDay":5,"seckillStartTime":1786075200000,"seckillEndTime":1786334399999,"status":"PROGRESSING"},{"weekDay":1,"seckillStartTime":1786334400000,"seckillEndTime":1786507199999,"status":"NOT_STARTED"},{"weekDay":3,"seckillStartTime":1786507200000,"seckillEndTime":1786679999999,"status":"NOT_STARTED"},{"weekDay":5,"seckillStartTime":1786680000000,"seckillEndTime":1786939199999,"status":"NOT_STARTED"},{"weekDay":1,"seckillStartTime":1786939200000,"seckillEndTime":1787111999999,"status":"NOT_STARTED"}]},{"couponId":"6870872e89fddd2bbdec96bd","name":"V7","amount":75,"xyLevel":"V7","seckillTime":"WEEKLY","periods":[{"weekDay":3,"seckillStartTime":1785902400000,"seckillEndTime":1786075199999,"status":"ENDED"},{"weekDay":5,"seckillStartTime":1786075200000,"seckillEndTime":1786334399999,"status":"PROGRESSING"},{"weekDay":1,"seckillStartTime":1786334400000,"seckillEndTime":1786507199999,"status":"NOT_STARTED"},{"weekDay":3,"seckillStartTime":1786507200000,"seckillEndTime":1786679999999,"status":"NOT_STARTED"},{"weekDay":5,"seckillStartTime":1786680000000,"seckillEndTime":1786939199999,"status":"NOT_STARTED"},{"weekDay":1,"seckillStartTime":1786939200000,"seckillEndTime":1787111999999,"status":"NOT_STARTED"}]}]},"code":200,"errmsg":"OK"}}
============================================================
============================================================
[请求时间] 2026/8/10 11:53:29.475
[响应时间] 2026/8/10 11:53:29.620
[耗时] 145ms
[请求路径] https://pay-api.ds.163.com/v1/web/init/server/time
[请求方式] GET
[请求参数] {"query":null,"body":null}
[请求头] {"Accept":"application/json, text/plain, */*","Content-Type":"application/json;charset=UTF-8","GL-X-XSRF-TOKEN":"1079b026-c774-43e6-a33c-05e12fadcd6e","User-Agent":"Mozilla/5.0 (Windows NT 10.0; Win64; x64) AppleWebKit/537.36 (KHTML, like Gecko) Chrome/122.0.0.0 Safari/537.36","Origin":"https://pay.ds.163.com","Referer":"https://pay.ds.163.com/","GL-ClientType":"60","GL-DeviceId":"d098426f-23cb-443a-b1cd-6cc42a317bc7","GL-Uid":"e747fde440ca40648852073595ffdfb6","Accept-Encoding":"gzip, compress, deflate, br"}
[响应结果] {"httpStatus":404,"data":"<!DOCTYPE HTML PUBLIC \"-//W3C//DTD HTML 3.2 Final//EN\">\n<title>404 Not Found</title>\n<h1>Not Found</h1>\n<p>The requested URL was not found on the server. If you entered the URL manually please check your spelling and try again.</p>\n"}
============================================================
============================================================
[请求时间] 2026/8/10 11:53:29.591
[响应时间] 2026/8/10 11:53:29.749
[耗时] 158ms
[请求路径] https://pay-api.ds.163.com/v1/web/init/server/time
[请求方式] GET
[请求参数] {"query":null,"body":null}
[请求头] {"Accept":"application/json, text/plain, */*","Content-Type":"application/json;charset=UTF-8","GL-X-XSRF-TOKEN":"d8c15fa0-f189-4741-9528-aff51dcc48b1","User-Agent":"Mozilla/5.0 (Windows NT 10.0; Win64; x64) AppleWebKit/537.36 (KHTML, like Gecko) Chrome/122.0.0.0 Safari/537.36","Origin":"https://pay.ds.163.com","Referer":"https://pay.ds.163.com/","GL-ClientType":"60","GL-DeviceId":"f5a39e72-10c8-4e5b-8cd8-367163453bc4","GL-Uid":"2d45e14739f64ff0a349161969c6c952","Accept-Encoding":"gzip, compress, deflate, br"}
[响应结果] {"httpStatus":404,"data":"<!DOCTYPE HTML PUBLIC \"-//W3C//DTD HTML 3.2 Final//EN\">\n<title>404 Not Found</title>\n<h1>Not Found</h1>\n<p>The requested URL was not found on the server. If you entered the URL manually please check your spelling and try again.</p>\n"}
============================================================
============================================================
[请求时间] 2026/8/10 11:53:29.745
[响应时间] 2026/8/10 11:53:29.872
[耗时] 127ms
[请求路径] https://pay-api.ds.163.com/api/nlogin
[请求方式] GET
[请求参数] {"query":{},"body":null}
[请求头] {"Accept":"application/json, text/plain, */*","Content-Type":"application/json;charset=UTF-8","GL-X-XSRF-TOKEN":"d8c15fa0-f189-4741-9528-aff51dcc48b1","User-Agent":"Mozilla/5.0 (Windows NT 10.0; Win64; x64) AppleWebKit/537.36 (KHTML, like Gecko) Chrome/122.0.0.0 Safari/537.36","Origin":"https://pay.ds.163.com","Referer":"https://pay.ds.163.com/","GL-ClientType":"60","GL-DeviceId":"f5a39e72-10c8-4e5b-8cd8-367163453bc4","GL-Uid":"2d45e14739f64ff0a349161969c6c952","Accept-Encoding":"gzip, compress, deflate, br"}
[响应结果] {"httpStatus":200,"data":{"code":413,"msg":"登录失败"}}
============================================================
============================================================
[请求时间] 2026/8/10 11:53:29.531
[响应时间] 2026/8/10 11:53:29.972
[耗时] 441ms
[请求路径] https://inf.ds.163.com/v1/web/exp/xy/user/get-info
[请求方式] POST
[请求参数] {"query":null,"body":{}}
[请求头] {"Accept":"application/json, text/plain, */*","Content-Type":"application/json;charset=UTF-8","GL-X-XSRF-TOKEN":"9ffc8240-64e9-456a-9e10-2d3c0dfdbc7c","User-Agent":"Mozilla/5.0 (Windows NT 10.0; Win64; x64) AppleWebKit/537.36 (KHTML, like Gecko) Chrome/122.0.0.0 Safari/537.36","Origin":"https://pay.ds.163.com","Referer":"https://pay.ds.163.com/","GL-ClientType":"60","GL-DeviceId":"2246d201-3f44-49af-b376-6aa741d3e28a","GL-Uid":"f79404687caa46cca981d89036bd93ea","GL-CheckSum":"841946003aea6b47b9a1a849d30ee82bcc24bc00","Content-Length":"2","Accept-Encoding":"gzip, compress, deflate, br"}
[响应结果] {"httpStatus":200,"data":{"code":873,"errmsg":"你离开太久了，请重新登录或刷新页面"}}
============================================================
============================================================
[请求时间] 2026/8/10 11:53:29.971
[响应时间] 2026/8/10 11:53:30.192
[耗时] 221ms
[请求路径] https://inf.ds.163.com/v1/web/exp/week-coupon/showing-list-v2
[请求方式] POST
[请求参数] {"query":null,"body":{}}
[请求头] {"Accept":"application/json, text/plain, */*","Content-Type":"application/json;charset=UTF-8","GL-X-XSRF-TOKEN":"9ffc8240-64e9-456a-9e10-2d3c0dfdbc7c","User-Agent":"Mozilla/5.0 (Windows NT 10.0; Win64; x64) AppleWebKit/537.36 (KHTML, like Gecko) Chrome/122.0.0.0 Safari/537.36","Origin":"https://pay.ds.163.com","Referer":"https://pay.ds.163.com/","GL-ClientType":"60","GL-DeviceId":"2246d201-3f44-49af-b376-6aa741d3e28a","GL-Uid":"f79404687caa46cca981d89036bd93ea","GL-CheckSum":"841946003aea6b47b9a1a849d30ee82bcc24bc00","Content-Length":"2","Accept-Encoding":"gzip, compress, deflate, br"}
[响应结果] {"httpStatus":200,"data":{"result":{"coupons":[{"couponId":"687076e69f3efd24cb2bed9c","name":"V1","amount":1,"xyLevel":"V1","seckillTime":"WEEKLY","periods":[{"weekDay":3,"seckillStartTime":1785902400000,"seckillEndTime":1786075199999,"status":"ENDED"},{"weekDay":5,"seckillStartTime":1786075200000,"seckillEndTime":1786334399999,"status":"PROGRESSING"},{"weekDay":1,"seckillStartTime":1786334400000,"seckillEndTime":1786507199999,"status":"NOT_STARTED"},{"weekDay":3,"seckillStartTime":1786507200000,"seckillEndTime":1786679999999,"status":"NOT_STARTED"},{"weekDay":5,"seckillStartTime":1786680000000,"seckillEndTime":1786939199999,"status":"NOT_STARTED"},{"weekDay":1,"seckillStartTime":1786939200000,"seckillEndTime":1787111999999,"status":"NOT_STARTED"}]},{"couponId":"68708657f56f912f57e063bf","name":"V2","amount":2,"xyLevel":"V2","seckillTime":"WEEKLY","periods":[{"weekDay":3,"seckillStartTime":1785902400000,"seckillEndTime":1786075199999,"status":"ENDED"},{"weekDay":5,"seckillStartTime":1786075200000,"seckillEndTime":1786334399999,"status":"PROGRESSING"},{"weekDay":1,"seckillStartTime":1786334400000,"seckillEndTime":1786507199999,"status":"NOT_STARTED"},{"weekDay":3,"seckillStartTime":1786507200000,"seckillEndTime":1786679999999,"status":"NOT_STARTED"},{"weekDay":5,"seckillStartTime":1786680000000,"seckillEndTime":1786939199999,"status":"NOT_STARTED"},{"weekDay":1,"seckillStartTime":1786939200000,"seckillEndTime":1787111999999,"status":"NOT_STARTED"}]},{"couponId":"6870867989fddd2bbdec96bc","name":"V3","amount":3,"xyLevel":"V3","seckillTime":"WEEKLY","periods":[{"weekDay":3,"seckillStartTime":1785902400000,"seckillEndTime":1786075199999,"status":"ENDED"},{"weekDay":5,"seckillStartTime":1786075200000,"seckillEndTime":1786334399999,"status":"PROGRESSING"},{"weekDay":1,"seckillStartTime":1786334400000,"seckillEndTime":1786507199999,"status":"NOT_STARTED"},{"weekDay":3,"seckillStartTime":1786507200000,"seckillEndTime":1786679999999,"status":"NOT_STARTED"},{"weekDay":5,"seckillStartTime":1786680000000,"seckillEndTime":1786939199999,"status":"NOT_STARTED"},{"weekDay":1,"seckillStartTime":1786939200000,"seckillEndTime":1787111999999,"status":"NOT_STARTED"}]},{"couponId":"6870869cf56f912f57e063c0","name":"V4","amount":8,"xyLevel":"V4","seckillTime":"WEEKLY","periods":[{"weekDay":3,"seckillStartTime":1785902400000,"seckillEndTime":1786075199999,"status":"ENDED"},{"weekDay":5,"seckillStartTime":1786075200000,"seckillEndTime":1786334399999,"status":"PROGRESSING"},{"weekDay":1,"seckillStartTime":1786334400000,"seckillEndTime":1786507199999,"status":"NOT_STARTED"},{"weekDay":3,"seckillStartTime":1786507200000,"seckillEndTime":1786679999999,"status":"NOT_STARTED"},{"weekDay":5,"seckillStartTime":1786680000000,"seckillEndTime":1786939199999,"status":"NOT_STARTED"},{"weekDay":1,"seckillStartTime":1786939200000,"seckillEndTime":1787111999999,"status":"NOT_STARTED"}]},{"couponId":"687086e33d0d02335c1804f4","name":"V5","amount":18,"xyLevel":"V5","seckillTime":"WEEKLY","periods":[{"weekDay":3,"seckillStartTime":1785902400000,"seckillEndTime":1786075199999,"status":"ENDED"},{"weekDay":5,"seckillStartTime":1786075200000,"seckillEndTime":1786334399999,"status":"PROGRESSING"},{"weekDay":1,"seckillStartTime":1786334400000,"seckillEndTime":1786507199999,"status":"NOT_STARTED"},{"weekDay":3,"seckillStartTime":1786507200000,"seckillEndTime":1786679999999,"status":"NOT_STARTED"},{"weekDay":5,"seckillStartTime":1786680000000,"seckillEndTime":1786939199999,"status":"NOT_STARTED"},{"weekDay":1,"seckillStartTime":1786939200000,"seckillEndTime":1787111999999,"status":"NOT_STARTED"}]},{"couponId":"68708705f56f912f57e063c3","name":"V6","amount":30,"xyLevel":"V6","seckillTime":"WEEKLY","periods":[{"weekDay":3,"seckillStartTime":1785902400000,"seckillEndTime":1786075199999,"status":"ENDED"},{"weekDay":5,"seckillStartTime":1786075200000,"seckillEndTime":1786334399999,"status":"PROGRESSING"},{"weekDay":1,"seckillStartTime":1786334400000,"seckillEndTime":1786507199999,"status":"NOT_STARTED"},{"weekDay":3,"seckillStartTime":1786507200000,"seckillEndTime":1786679999999,"status":"NOT_STARTED"},{"weekDay":5,"seckillStartTime":1786680000000,"seckillEndTime":1786939199999,"status":"NOT_STARTED"},{"weekDay":1,"seckillStartTime":1786939200000,"seckillEndTime":1787111999999,"status":"NOT_STARTED"}]},{"couponId":"6870872e89fddd2bbdec96bd","name":"V7","amount":75,"xyLevel":"V7","seckillTime":"WEEKLY","periods":[{"weekDay":3,"seckillStartTime":1785902400000,"seckillEndTime":1786075199999,"status":"ENDED"},{"weekDay":5,"seckillStartTime":1786075200000,"seckillEndTime":1786334399999,"status":"PROGRESSING"},{"weekDay":1,"seckillStartTime":1786334400000,"seckillEndTime":1786507199999,"status":"NOT_STARTED"},{"weekDay":3,"seckillStartTime":1786507200000,"seckillEndTime":1786679999999,"status":"NOT_STARTED"},{"weekDay":5,"seckillStartTime":1786680000000,"seckillEndTime":1786939199999,"status":"NOT_STARTED"},{"weekDay":1,"seckillStartTime":1786939200000,"seckillEndTime":1787111999999,"status":"NOT_STARTED"}]}]},"code":200,"errmsg":"OK"}}
============================================================
============================================================
[请求时间] 2026/8/10 11:53:30.194
[响应时间] 2026/8/10 11:53:30.405
[耗时] 211ms
[请求路径] https://inf.ds.163.com/v1/web/exp/week-coupon/showing-list-v2
[请求方式] POST
[请求参数] {"query":null,"body":{}}
[请求头] {"Accept":"application/json, text/plain, */*","Content-Type":"application/json;charset=UTF-8","GL-X-XSRF-TOKEN":"9ffc8240-64e9-456a-9e10-2d3c0dfdbc7c","User-Agent":"Mozilla/5.0 (Windows NT 10.0; Win64; x64) AppleWebKit/537.36 (KHTML, like Gecko) Chrome/122.0.0.0 Safari/537.36","Origin":"https://pay.ds.163.com","Referer":"https://pay.ds.163.com/","GL-ClientType":"60","GL-DeviceId":"2246d201-3f44-49af-b376-6aa741d3e28a","GL-Uid":"f79404687caa46cca981d89036bd93ea","GL-CheckSum":"841946003aea6b47b9a1a849d30ee82bcc24bc00","Content-Length":"2","Accept-Encoding":"gzip, compress, deflate, br"}
[响应结果] {"httpStatus":200,"data":{"result":{"coupons":[{"couponId":"687076e69f3efd24cb2bed9c","name":"V1","amount":1,"xyLevel":"V1","seckillTime":"WEEKLY","periods":[{"weekDay":3,"seckillStartTime":1785902400000,"seckillEndTime":1786075199999,"status":"ENDED"},{"weekDay":5,"seckillStartTime":1786075200000,"seckillEndTime":1786334399999,"status":"PROGRESSING"},{"weekDay":1,"seckillStartTime":1786334400000,"seckillEndTime":1786507199999,"status":"NOT_STARTED"},{"weekDay":3,"seckillStartTime":1786507200000,"seckillEndTime":1786679999999,"status":"NOT_STARTED"},{"weekDay":5,"seckillStartTime":1786680000000,"seckillEndTime":1786939199999,"status":"NOT_STARTED"},{"weekDay":1,"seckillStartTime":1786939200000,"seckillEndTime":1787111999999,"status":"NOT_STARTED"}]},{"couponId":"68708657f56f912f57e063bf","name":"V2","amount":2,"xyLevel":"V2","seckillTime":"WEEKLY","periods":[{"weekDay":3,"seckillStartTime":1785902400000,"seckillEndTime":1786075199999,"status":"ENDED"},{"weekDay":5,"seckillStartTime":1786075200000,"seckillEndTime":1786334399999,"status":"PROGRESSING"},{"weekDay":1,"seckillStartTime":1786334400000,"seckillEndTime":1786507199999,"status":"NOT_STARTED"},{"weekDay":3,"seckillStartTime":1786507200000,"seckillEndTime":1786679999999,"status":"NOT_STARTED"},{"weekDay":5,"seckillStartTime":1786680000000,"seckillEndTime":1786939199999,"status":"NOT_STARTED"},{"weekDay":1,"seckillStartTime":1786939200000,"seckillEndTime":1787111999999,"status":"NOT_STARTED"}]},{"couponId":"6870867989fddd2bbdec96bc","name":"V3","amount":3,"xyLevel":"V3","seckillTime":"WEEKLY","periods":[{"weekDay":3,"seckillStartTime":1785902400000,"seckillEndTime":1786075199999,"status":"ENDED"},{"weekDay":5,"seckillStartTime":1786075200000,"seckillEndTime":1786334399999,"status":"PROGRESSING"},{"weekDay":1,"seckillStartTime":1786334400000,"seckillEndTime":1786507199999,"status":"NOT_STARTED"},{"weekDay":3,"seckillStartTime":1786507200000,"seckillEndTime":1786679999999,"status":"NOT_STARTED"},{"weekDay":5,"seckillStartTime":1786680000000,"seckillEndTime":1786939199999,"status":"NOT_STARTED"},{"weekDay":1,"seckillStartTime":1786939200000,"seckillEndTime":1787111999999,"status":"NOT_STARTED"}]},{"couponId":"6870869cf56f912f57e063c0","name":"V4","amount":8,"xyLevel":"V4","seckillTime":"WEEKLY","periods":[{"weekDay":3,"seckillStartTime":1785902400000,"seckillEndTime":1786075199999,"status":"ENDED"},{"weekDay":5,"seckillStartTime":1786075200000,"seckillEndTime":1786334399999,"status":"PROGRESSING"},{"weekDay":1,"seckillStartTime":1786334400000,"seckillEndTime":1786507199999,"status":"NOT_STARTED"},{"weekDay":3,"seckillStartTime":1786507200000,"seckillEndTime":1786679999999,"status":"NOT_STARTED"},{"weekDay":5,"seckillStartTime":1786680000000,"seckillEndTime":1786939199999,"status":"NOT_STARTED"},{"weekDay":1,"seckillStartTime":1786939200000,"seckillEndTime":1787111999999,"status":"NOT_STARTED"}]},{"couponId":"687086e33d0d02335c1804f4","name":"V5","amount":18,"xyLevel":"V5","seckillTime":"WEEKLY","periods":[{"weekDay":3,"seckillStartTime":1785902400000,"seckillEndTime":1786075199999,"status":"ENDED"},{"weekDay":5,"seckillStartTime":1786075200000,"seckillEndTime":1786334399999,"status":"PROGRESSING"},{"weekDay":1,"seckillStartTime":1786334400000,"seckillEndTime":1786507199999,"status":"NOT_STARTED"},{"weekDay":3,"seckillStartTime":1786507200000,"seckillEndTime":1786679999999,"status":"NOT_STARTED"},{"weekDay":5,"seckillStartTime":1786680000000,"seckillEndTime":1786939199999,"status":"NOT_STARTED"},{"weekDay":1,"seckillStartTime":1786939200000,"seckillEndTime":1787111999999,"status":"NOT_STARTED"}]},{"couponId":"68708705f56f912f57e063c3","name":"V6","amount":30,"xyLevel":"V6","seckillTime":"WEEKLY","periods":[{"weekDay":3,"seckillStartTime":1785902400000,"seckillEndTime":1786075199999,"status":"ENDED"},{"weekDay":5,"seckillStartTime":1786075200000,"seckillEndTime":1786334399999,"status":"PROGRESSING"},{"weekDay":1,"seckillStartTime":1786334400000,"seckillEndTime":1786507199999,"status":"NOT_STARTED"},{"weekDay":3,"seckillStartTime":1786507200000,"seckillEndTime":1786679999999,"status":"NOT_STARTED"},{"weekDay":5,"seckillStartTime":1786680000000,"seckillEndTime":1786939199999,"status":"NOT_STARTED"},{"weekDay":1,"seckillStartTime":1786939200000,"seckillEndTime":1787111999999,"status":"NOT_STARTED"}]},{"couponId":"6870872e89fddd2bbdec96bd","name":"V7","amount":75,"xyLevel":"V7","seckillTime":"WEEKLY","periods":[{"weekDay":3,"seckillStartTime":1785902400000,"seckillEndTime":1786075199999,"status":"ENDED"},{"weekDay":5,"seckillStartTime":1786075200000,"seckillEndTime":1786334399999,"status":"PROGRESSING"},{"weekDay":1,"seckillStartTime":1786334400000,"seckillEndTime":1786507199999,"status":"NOT_STARTED"},{"weekDay":3,"seckillStartTime":1786507200000,"seckillEndTime":1786679999999,"status":"NOT_STARTED"},{"weekDay":5,"seckillStartTime":1786680000000,"seckillEndTime":1786939199999,"status":"NOT_STARTED"},{"weekDay":1,"seckillStartTime":1786939200000,"seckillEndTime":1787111999999,"status":"NOT_STARTED"}]}]},"code":200,"errmsg":"OK"}}
============================================================
============================================================
[请求时间] 2026/8/10 11:53:30.404
[响应时间] 2026/8/10 11:53:30.486
[耗时] 82ms
[请求路径] https://pay-api.ds.163.com/v1/web/init/server/time
[请求方式] GET
[请求参数] {"query":null,"body":null}
[请求头] {"Accept":"application/json, text/plain, */*","Content-Type":"application/json;charset=UTF-8","GL-X-XSRF-TOKEN":"9ffc8240-64e9-456a-9e10-2d3c0dfdbc7c","User-Agent":"Mozilla/5.0 (Windows NT 10.0; Win64; x64) AppleWebKit/537.36 (KHTML, like Gecko) Chrome/122.0.0.0 Safari/537.36","Origin":"https://pay.ds.163.com","Referer":"https://pay.ds.163.com/","GL-ClientType":"60","GL-DeviceId":"2246d201-3f44-49af-b376-6aa741d3e28a","GL-Uid":"f79404687caa46cca981d89036bd93ea","Accept-Encoding":"gzip, compress, deflate, br"}
[响应结果] {"httpStatus":404,"data":"<!DOCTYPE HTML PUBLIC \"-//W3C//DTD HTML 3.2 Final//EN\">\n<title>404 Not Found</title>\n<h1>Not Found</h1>\n<p>The requested URL was not found on the server. If you entered the URL manually please check your spelling and try again.</p>\n"}
============================================================
============================================================
[请求时间] 2026/8/10 11:53:30.485
[响应时间] 2026/8/10 11:53:30.576
[耗时] 91ms
[请求路径] https://pay-api.ds.163.com/api/nlogin
[请求方式] GET
[请求参数] {"query":{},"body":null}
[请求头] {"Accept":"application/json, text/plain, */*","Content-Type":"application/json;charset=UTF-8","GL-X-XSRF-TOKEN":"9ffc8240-64e9-456a-9e10-2d3c0dfdbc7c","User-Agent":"Mozilla/5.0 (Windows NT 10.0; Win64; x64) AppleWebKit/537.36 (KHTML, like Gecko) Chrome/122.0.0.0 Safari/537.36","Origin":"https://pay.ds.163.com","Referer":"https://pay.ds.163.com/","GL-ClientType":"60","GL-DeviceId":"2246d201-3f44-49af-b376-6aa741d3e28a","GL-Uid":"f79404687caa46cca981d89036bd93ea","Accept-Encoding":"gzip, compress, deflate, br"}
[响应结果] {"httpStatus":200,"data":{"code":413,"msg":"登录失败"}}
============================================================
============================================================
[请求时间] 2026/8/10 11:53:29.616
[响应时间] 2026/8/10 11:53:31.547
[耗时] 1931ms
[请求路径] https://pay-api.ds.163.com/api/nlogin
[请求方式] GET
[请求参数] {"query":{},"body":null}
[请求头] {"Accept":"application/json, text/plain, */*","Content-Type":"application/json;charset=UTF-8","GL-X-XSRF-TOKEN":"1079b026-c774-43e6-a33c-05e12fadcd6e","User-Agent":"Mozilla/5.0 (Windows NT 10.0; Win64; x64) AppleWebKit/537.36 (KHTML, like Gecko) Chrome/122.0.0.0 Safari/537.36","Origin":"https://pay.ds.163.com","Referer":"https://pay.ds.163.com/","GL-ClientType":"60","GL-DeviceId":"d098426f-23cb-443a-b1cd-6cc42a317bc7","GL-Uid":"e747fde440ca40648852073595ffdfb6","Accept-Encoding":"gzip, compress, deflate, br"}
[响应结果] {"httpStatus":200,"data":{"code":413,"msg":"登录失败"}}
============================================================
============================================================
[请求时间] 2026/8/10 11:57:05.657
[响应时间] 2026/8/10 11:57:05.883
[耗时] 226ms
[请求路径] https://pay-api.ds.163.com/v1/web/init/server/time
[请求方式] GET
[请求参数] {"query":null,"body":null}
[请求头] {"Accept":"application/json, text/plain, */*","Content-Type":"application/json;charset=UTF-8","User-Agent":"Mozilla/5.0 (Windows NT 10.0; Win64; x64) AppleWebKit/537.36 (KHTML, like Gecko) Chrome/122.0.0.0 Safari/537.36","Origin":"https://pay.ds.163.com","Referer":"https://pay.ds.163.com/","GL-ClientType":"60","GL-DeviceId":"d098426f-23cb-443a-b1cd-6cc42a317bc7","GL-Uid":"e747fde440ca40648852073595ffdfb6","GL-X-XSRF-TOKEN":"1079b026-c774-43e6-a33c-05e12fadcd6e","Accept-Encoding":"gzip, compress, deflate, br"}
[响应结果] {"httpStatus":404,"data":"<!DOCTYPE HTML PUBLIC \"-//W3C//DTD HTML 3.2 Final//EN\">\n<title>404 Not Found</title>\n<h1>Not Found</h1>\n<p>The requested URL was not found on the server. If you entered the URL manually please check your spelling and try again.</p>\n"}
============================================================
============================================================
[请求时间] 2026/8/10 11:57:05.657
[响应时间] 2026/8/10 11:57:05.883
[耗时] 226ms
[请求路径] https://pay-api.ds.163.com/v1/web/init/server/time
[请求方式] GET
[请求参数] {"query":null,"body":null}
[请求头] {"Accept":"application/json, text/plain, */*","Content-Type":"application/json;charset=UTF-8","User-Agent":"Mozilla/5.0 (Windows NT 10.0; Win64; x64) AppleWebKit/537.36 (KHTML, like Gecko) Chrome/122.0.0.0 Safari/537.36","Origin":"https://pay.ds.163.com","Referer":"https://pay.ds.163.com/","GL-ClientType":"60","GL-DeviceId":"f5a39e72-10c8-4e5b-8cd8-367163453bc4","GL-Uid":"2d45e14739f64ff0a349161969c6c952","GL-X-XSRF-TOKEN":"d8c15fa0-f189-4741-9528-aff51dcc48b1","Accept-Encoding":"gzip, compress, deflate, br"}
[响应结果] {"httpStatus":404,"data":"<!DOCTYPE HTML PUBLIC \"-//W3C//DTD HTML 3.2 Final//EN\">\n<title>404 Not Found</title>\n<h1>Not Found</h1>\n<p>The requested URL was not found on the server. If you entered the URL manually please check your spelling and try again.</p>\n"}
============================================================
============================================================
[请求时间] 2026/8/10 11:57:05.866
[响应时间] 2026/8/10 11:57:06.033
[耗时] 167ms
[请求路径] https://pay-api.ds.163.com/api/nlogin
[请求方式] GET
[请求参数] {"query":{},"body":null}
[请求头] {"Accept":"application/json, text/plain, */*","Content-Type":"application/json;charset=UTF-8","GL-X-XSRF-TOKEN":"d8c15fa0-f189-4741-9528-aff51dcc48b1","User-Agent":"Mozilla/5.0 (Windows NT 10.0; Win64; x64) AppleWebKit/537.36 (KHTML, like Gecko) Chrome/122.0.0.0 Safari/537.36","Origin":"https://pay.ds.163.com","Referer":"https://pay.ds.163.com/","GL-ClientType":"60","GL-DeviceId":"f5a39e72-10c8-4e5b-8cd8-367163453bc4","GL-Uid":"2d45e14739f64ff0a349161969c6c952","Accept-Encoding":"gzip, compress, deflate, br"}
[响应结果] {"httpStatus":200,"data":{"code":413,"msg":"登录失败"}}
============================================================
============================================================
[请求时间] 2026/8/10 11:57:06.032
[响应时间] 2026/8/10 11:57:06.465
[耗时] 433ms
[请求路径] https://inf.ds.163.com/v1/web/cooperate/plutus/cookie-exchange
[请求方式] GET
[请求参数] {"query":null,"body":null}
[请求头] {"Accept":"application/json, text/plain, */*","Content-Type":"application/json;charset=UTF-8","GL-X-XSRF-TOKEN":"d8c15fa0-f189-4741-9528-aff51dcc48b1","User-Agent":"Mozilla/5.0 (Windows NT 10.0; Win64; x64) AppleWebKit/537.36 (KHTML, like Gecko) Chrome/122.0.0.0 Safari/537.36","Origin":"https://pay.ds.163.com","Referer":"https://pay.ds.163.com/","GL-ClientType":"60","GL-DeviceId":"f5a39e72-10c8-4e5b-8cd8-367163453bc4","GL-Uid":"2d45e14739f64ff0a349161969c6c952","Accept-Encoding":"gzip, compress, deflate, br"}
[响应结果] {"httpStatus":200,"data":{"result":{"user":{"uid":"2d45e14739f64ff0a349161969c6c952","nick":"问见呀","icon":"https://ok.166.net/reunionpub/3_20200311_170c54391d7636339.png","intro":"","gender":1,"birth":"2000-07-15","squareMedals":[],"updateTime":1712255435702,"userSourceType":"URS"},"newUser":false},"code":200,"errmsg":"OK"}}
============================================================
============================================================
[请求时间] 2026/8/10 11:57:06.444
[响应时间] 2026/8/10 11:57:06.613
[耗时] 169ms
[请求路径] https://pay-api.ds.163.com/v1/web/init/server/time
[请求方式] GET
[请求参数] {"query":null,"body":null}
[请求头] {"Accept":"application/json, text/plain, */*","Content-Type":"application/json;charset=UTF-8","GL-X-XSRF-TOKEN":"d8c15fa0-f189-4741-9528-aff51dcc48b1","User-Agent":"Mozilla/5.0 (Windows NT 10.0; Win64; x64) AppleWebKit/537.36 (KHTML, like Gecko) Chrome/122.0.0.0 Safari/537.36","Origin":"https://pay.ds.163.com","Referer":"https://pay.ds.163.com/","GL-ClientType":"60","GL-DeviceId":"f5a39e72-10c8-4e5b-8cd8-367163453bc4","GL-Uid":"2d45e14739f64ff0a349161969c6c952","Accept-Encoding":"gzip, compress, deflate, br"}
[响应结果] {"httpStatus":404,"data":"<!DOCTYPE HTML PUBLIC \"-//W3C//DTD HTML 3.2 Final//EN\">\n<title>404 Not Found</title>\n<h1>Not Found</h1>\n<p>The requested URL was not found on the server. If you entered the URL manually please check your spelling and try again.</p>\n"}
============================================================
============================================================
[请求时间] 2026/8/10 11:57:06.609
[响应时间] 2026/8/10 11:57:06.881
[耗时] 272ms
[请求路径] https://inf.ds.163.com/v1/web/exp/xy/user/get-info
[请求方式] POST
[请求参数] {"query":null,"body":{}}
[请求头] {"Accept":"application/json, text/plain, */*","Content-Type":"application/json;charset=UTF-8","GL-X-XSRF-TOKEN":"d8c15fa0-f189-4741-9528-aff51dcc48b1","User-Agent":"Mozilla/5.0 (Windows NT 10.0; Win64; x64) AppleWebKit/537.36 (KHTML, like Gecko) Chrome/122.0.0.0 Safari/537.36","Origin":"https://pay.ds.163.com","Referer":"https://pay.ds.163.com/","GL-ClientType":"60","GL-DeviceId":"f5a39e72-10c8-4e5b-8cd8-367163453bc4","GL-Uid":"2d45e14739f64ff0a349161969c6c952","GL-CheckSum":"57f2305db725fd92d761cad2d373b483b1a9d0fa","Content-Length":"2","Accept-Encoding":"gzip, compress, deflate, br"}
[响应结果] {"httpStatus":200,"data":{"result":{"growthPoint":129429,"currentLv":"V5","diffNextLvGrowthPoint":170571,"currentLvExpireDate":"20270506","currentLvExpire":1809532800000,"nextLv":"V6","activeGames":["l36","g37"],"last365LoginGames":["h72","g37","l36"],"initDate":"20260506","lastLv":"V4"},"code":200,"errmsg":"OK"}}
============================================================
============================================================
[请求时间] 2026/8/10 11:57:06.878
[响应时间] 2026/8/10 11:57:07.166
[耗时] 288ms
[请求路径] https://inf.ds.163.com/v1/web/exp/week-coupon/showing-list-v2
[请求方式] POST
[请求参数] {"query":null,"body":{}}
[请求头] {"Accept":"application/json, text/plain, */*","Content-Type":"application/json;charset=UTF-8","GL-X-XSRF-TOKEN":"d8c15fa0-f189-4741-9528-aff51dcc48b1","User-Agent":"Mozilla/5.0 (Windows NT 10.0; Win64; x64) AppleWebKit/537.36 (KHTML, like Gecko) Chrome/122.0.0.0 Safari/537.36","Origin":"https://pay.ds.163.com","Referer":"https://pay.ds.163.com/","GL-ClientType":"60","GL-DeviceId":"f5a39e72-10c8-4e5b-8cd8-367163453bc4","GL-Uid":"2d45e14739f64ff0a349161969c6c952","GL-CheckSum":"57f2305db725fd92d761cad2d373b483b1a9d0fa","Content-Length":"2","Accept-Encoding":"gzip, compress, deflate, br"}
[响应结果] {"httpStatus":200,"data":{"result":{"coupons":[{"couponId":"687076e69f3efd24cb2bed9c","name":"V1","amount":1,"xyLevel":"V1","seckillTime":"WEEKLY","periods":[{"weekDay":3,"seckillStartTime":1785902400000,"seckillEndTime":1786075199999,"status":"ENDED"},{"weekDay":5,"seckillStartTime":1786075200000,"seckillEndTime":1786334399999,"status":"PROGRESSING"},{"weekDay":1,"seckillStartTime":1786334400000,"seckillEndTime":1786507199999,"status":"NOT_STARTED"},{"weekDay":3,"seckillStartTime":1786507200000,"seckillEndTime":1786679999999,"status":"NOT_STARTED"},{"weekDay":5,"seckillStartTime":1786680000000,"seckillEndTime":1786939199999,"status":"NOT_STARTED"},{"weekDay":1,"seckillStartTime":1786939200000,"seckillEndTime":1787111999999,"status":"NOT_STARTED"}]},{"couponId":"68708657f56f912f57e063bf","name":"V2","amount":2,"xyLevel":"V2","seckillTime":"WEEKLY","periods":[{"weekDay":3,"seckillStartTime":1785902400000,"seckillEndTime":1786075199999,"status":"ENDED"},{"weekDay":5,"seckillStartTime":1786075200000,"seckillEndTime":1786334399999,"status":"PROGRESSING"},{"weekDay":1,"seckillStartTime":1786334400000,"seckillEndTime":1786507199999,"status":"NOT_STARTED"},{"weekDay":3,"seckillStartTime":1786507200000,"seckillEndTime":1786679999999,"status":"NOT_STARTED"},{"weekDay":5,"seckillStartTime":1786680000000,"seckillEndTime":1786939199999,"status":"NOT_STARTED"},{"weekDay":1,"seckillStartTime":1786939200000,"seckillEndTime":1787111999999,"status":"NOT_STARTED"}]},{"couponId":"6870867989fddd2bbdec96bc","name":"V3","amount":3,"xyLevel":"V3","seckillTime":"WEEKLY","periods":[{"weekDay":3,"seckillStartTime":1785902400000,"seckillEndTime":1786075199999,"status":"ENDED"},{"weekDay":5,"seckillStartTime":1786075200000,"seckillEndTime":1786334399999,"status":"PROGRESSING"},{"weekDay":1,"seckillStartTime":1786334400000,"seckillEndTime":1786507199999,"status":"NOT_STARTED"},{"weekDay":3,"seckillStartTime":1786507200000,"seckillEndTime":1786679999999,"status":"NOT_STARTED"},{"weekDay":5,"seckillStartTime":1786680000000,"seckillEndTime":1786939199999,"status":"NOT_STARTED"},{"weekDay":1,"seckillStartTime":1786939200000,"seckillEndTime":1787111999999,"status":"NOT_STARTED"}]},{"couponId":"6870869cf56f912f57e063c0","name":"V4","amount":8,"xyLevel":"V4","seckillTime":"WEEKLY","periods":[{"weekDay":3,"seckillStartTime":1785902400000,"seckillEndTime":1786075199999,"status":"ENDED"},{"weekDay":5,"seckillStartTime":1786075200000,"seckillEndTime":1786334399999,"status":"PROGRESSING"},{"weekDay":1,"seckillStartTime":1786334400000,"seckillEndTime":1786507199999,"status":"NOT_STARTED"},{"weekDay":3,"seckillStartTime":1786507200000,"seckillEndTime":1786679999999,"status":"NOT_STARTED"},{"weekDay":5,"seckillStartTime":1786680000000,"seckillEndTime":1786939199999,"status":"NOT_STARTED"},{"weekDay":1,"seckillStartTime":1786939200000,"seckillEndTime":1787111999999,"status":"NOT_STARTED"}]},{"couponId":"687086e33d0d02335c1804f4","name":"V5","amount":18,"xyLevel":"V5","seckillTime":"WEEKLY","periods":[{"weekDay":3,"seckillStartTime":1785902400000,"seckillEndTime":1786075199999,"status":"ENDED"},{"weekDay":5,"seckillStartTime":1786075200000,"seckillEndTime":1786334399999,"status":"PROGRESSING","acquiredStatus":"ACQUIRED","stockId":"687086e33d0d02335c1804f4_WEEKLY_1786075200000"},{"weekDay":1,"seckillStartTime":1786334400000,"seckillEndTime":1786507199999,"status":"NOT_STARTED"},{"weekDay":3,"seckillStartTime":1786507200000,"seckillEndTime":1786679999999,"status":"NOT_STARTED"},{"weekDay":5,"seckillStartTime":1786680000000,"seckillEndTime":1786939199999,"status":"NOT_STARTED"},{"weekDay":1,"seckillStartTime":1786939200000,"seckillEndTime":1787111999999,"status":"NOT_STARTED"}]},{"couponId":"68708705f56f912f57e063c3","name":"V6","amount":30,"xyLevel":"V6","seckillTime":"WEEKLY","periods":[{"weekDay":3,"seckillStartTime":1785902400000,"seckillEndTime":1786075199999,"status":"ENDED"},{"weekDay":5,"seckillStartTime":1786075200000,"seckillEndTime":1786334399999,"status":"PROGRESSING"},{"weekDay":1,"seckillStartTime":1786334400000,"seckillEndTime":1786507199999,"status":"NOT_STARTED"},{"weekDay":3,"seckillStartTime":1786507200000,"seckillEndTime":1786679999999,"status":"NOT_STARTED"},{"weekDay":5,"seckillStartTime":1786680000000,"seckillEndTime":1786939199999,"status":"NOT_STARTED"},{"weekDay":1,"seckillStartTime":1786939200000,"seckillEndTime":1787111999999,"status":"NOT_STARTED"}]},{"couponId":"6870872e89fddd2bbdec96bd","name":"V7","amount":75,"xyLevel":"V7","seckillTime":"WEEKLY","periods":[{"weekDay":3,"seckillStartTime":1785902400000,"seckillEndTime":1786075199999,"status":"ENDED"},{"weekDay":5,"seckillStartTime":1786075200000,"seckillEndTime":1786334399999,"status":"PROGRESSING"},{"weekDay":1,"seckillStartTime":1786334400000,"seckillEndTime":1786507199999,"status":"NOT_STARTED"},{"weekDay":3,"seckillStartTime":1786507200000,"seckillEndTime":1786679999999,"status":"NOT_STARTED"},{"weekDay":5,"seckillStartTime":1786680000000,"seckillEndTime":1786939199999,"status":"NOT_STARTED"},{"weekDay":1,"seckillStartTime":1786939200000,"seckillEndTime":1787111999999,"status":"NOT_STARTED"}]}]},"code":200,"errmsg":"OK"}}
============================================================
============================================================
[请求时间] 2026/8/10 11:57:07.215
[响应时间] 2026/8/10 11:57:07.520
[耗时] 305ms
[请求路径] https://inf.ds.163.com/v1/web/exp/week-coupon/showing-list-v2
[请求方式] POST
[请求参数] {"query":null,"body":{}}
[请求头] {"Accept":"application/json, text/plain, */*","Content-Type":"application/json;charset=UTF-8","GL-X-XSRF-TOKEN":"d8c15fa0-f189-4741-9528-aff51dcc48b1","User-Agent":"Mozilla/5.0 (Windows NT 10.0; Win64; x64) AppleWebKit/537.36 (KHTML, like Gecko) Chrome/122.0.0.0 Safari/537.36","Origin":"https://pay.ds.163.com","Referer":"https://pay.ds.163.com/","GL-ClientType":"60","GL-DeviceId":"f5a39e72-10c8-4e5b-8cd8-367163453bc4","GL-Uid":"2d45e14739f64ff0a349161969c6c952","GL-CheckSum":"57f2305db725fd92d761cad2d373b483b1a9d0fa","Content-Length":"2","Accept-Encoding":"gzip, compress, deflate, br"}
[响应结果] {"httpStatus":200,"data":{"result":{"coupons":[{"couponId":"687076e69f3efd24cb2bed9c","name":"V1","amount":1,"xyLevel":"V1","seckillTime":"WEEKLY","periods":[{"weekDay":3,"seckillStartTime":1785902400000,"seckillEndTime":1786075199999,"status":"ENDED"},{"weekDay":5,"seckillStartTime":1786075200000,"seckillEndTime":1786334399999,"status":"PROGRESSING"},{"weekDay":1,"seckillStartTime":1786334400000,"seckillEndTime":1786507199999,"status":"NOT_STARTED"},{"weekDay":3,"seckillStartTime":1786507200000,"seckillEndTime":1786679999999,"status":"NOT_STARTED"},{"weekDay":5,"seckillStartTime":1786680000000,"seckillEndTime":1786939199999,"status":"NOT_STARTED"},{"weekDay":1,"seckillStartTime":1786939200000,"seckillEndTime":1787111999999,"status":"NOT_STARTED"}]},{"couponId":"68708657f56f912f57e063bf","name":"V2","amount":2,"xyLevel":"V2","seckillTime":"WEEKLY","periods":[{"weekDay":3,"seckillStartTime":1785902400000,"seckillEndTime":1786075199999,"status":"ENDED"},{"weekDay":5,"seckillStartTime":1786075200000,"seckillEndTime":1786334399999,"status":"PROGRESSING"},{"weekDay":1,"seckillStartTime":1786334400000,"seckillEndTime":1786507199999,"status":"NOT_STARTED"},{"weekDay":3,"seckillStartTime":1786507200000,"seckillEndTime":1786679999999,"status":"NOT_STARTED"},{"weekDay":5,"seckillStartTime":1786680000000,"seckillEndTime":1786939199999,"status":"NOT_STARTED"},{"weekDay":1,"seckillStartTime":1786939200000,"seckillEndTime":1787111999999,"status":"NOT_STARTED"}]},{"couponId":"6870867989fddd2bbdec96bc","name":"V3","amount":3,"xyLevel":"V3","seckillTime":"WEEKLY","periods":[{"weekDay":3,"seckillStartTime":1785902400000,"seckillEndTime":1786075199999,"status":"ENDED"},{"weekDay":5,"seckillStartTime":1786075200000,"seckillEndTime":1786334399999,"status":"PROGRESSING"},{"weekDay":1,"seckillStartTime":1786334400000,"seckillEndTime":1786507199999,"status":"NOT_STARTED"},{"weekDay":3,"seckillStartTime":1786507200000,"seckillEndTime":1786679999999,"status":"NOT_STARTED"},{"weekDay":5,"seckillStartTime":1786680000000,"seckillEndTime":1786939199999,"status":"NOT_STARTED"},{"weekDay":1,"seckillStartTime":1786939200000,"seckillEndTime":1787111999999,"status":"NOT_STARTED"}]},{"couponId":"6870869cf56f912f57e063c0","name":"V4","amount":8,"xyLevel":"V4","seckillTime":"WEEKLY","periods":[{"weekDay":3,"seckillStartTime":1785902400000,"seckillEndTime":1786075199999,"status":"ENDED"},{"weekDay":5,"seckillStartTime":1786075200000,"seckillEndTime":1786334399999,"status":"PROGRESSING"},{"weekDay":1,"seckillStartTime":1786334400000,"seckillEndTime":1786507199999,"status":"NOT_STARTED"},{"weekDay":3,"seckillStartTime":1786507200000,"seckillEndTime":1786679999999,"status":"NOT_STARTED"},{"weekDay":5,"seckillStartTime":1786680000000,"seckillEndTime":1786939199999,"status":"NOT_STARTED"},{"weekDay":1,"seckillStartTime":1786939200000,"seckillEndTime":1787111999999,"status":"NOT_STARTED"}]},{"couponId":"687086e33d0d02335c1804f4","name":"V5","amount":18,"xyLevel":"V5","seckillTime":"WEEKLY","periods":[{"weekDay":3,"seckillStartTime":1785902400000,"seckillEndTime":1786075199999,"status":"ENDED"},{"weekDay":5,"seckillStartTime":1786075200000,"seckillEndTime":1786334399999,"status":"PROGRESSING","acquiredStatus":"ACQUIRED","stockId":"687086e33d0d02335c1804f4_WEEKLY_1786075200000"},{"weekDay":1,"seckillStartTime":1786334400000,"seckillEndTime":1786507199999,"status":"NOT_STARTED"},{"weekDay":3,"seckillStartTime":1786507200000,"seckillEndTime":1786679999999,"status":"NOT_STARTED"},{"weekDay":5,"seckillStartTime":1786680000000,"seckillEndTime":1786939199999,"status":"NOT_STARTED"},{"weekDay":1,"seckillStartTime":1786939200000,"seckillEndTime":1787111999999,"status":"NOT_STARTED"}]},{"couponId":"68708705f56f912f57e063c3","name":"V6","amount":30,"xyLevel":"V6","seckillTime":"WEEKLY","periods":[{"weekDay":3,"seckillStartTime":1785902400000,"seckillEndTime":1786075199999,"status":"ENDED"},{"weekDay":5,"seckillStartTime":1786075200000,"seckillEndTime":1786334399999,"status":"PROGRESSING"},{"weekDay":1,"seckillStartTime":1786334400000,"seckillEndTime":1786507199999,"status":"NOT_STARTED"},{"weekDay":3,"seckillStartTime":1786507200000,"seckillEndTime":1786679999999,"status":"NOT_STARTED"},{"weekDay":5,"seckillStartTime":1786680000000,"seckillEndTime":1786939199999,"status":"NOT_STARTED"},{"weekDay":1,"seckillStartTime":1786939200000,"seckillEndTime":1787111999999,"status":"NOT_STARTED"}]},{"couponId":"6870872e89fddd2bbdec96bd","name":"V7","amount":75,"xyLevel":"V7","seckillTime":"WEEKLY","periods":[{"weekDay":3,"seckillStartTime":1785902400000,"seckillEndTime":1786075199999,"status":"ENDED"},{"weekDay":5,"seckillStartTime":1786075200000,"seckillEndTime":1786334399999,"status":"PROGRESSING"},{"weekDay":1,"seckillStartTime":1786334400000,"seckillEndTime":1786507199999,"status":"NOT_STARTED"},{"weekDay":3,"seckillStartTime":1786507200000,"seckillEndTime":1786679999999,"status":"NOT_STARTED"},{"weekDay":5,"seckillStartTime":1786680000000,"seckillEndTime":1786939199999,"status":"NOT_STARTED"},{"weekDay":1,"seckillStartTime":1786939200000,"seckillEndTime":1787111999999,"status":"NOT_STARTED"}]}]},"code":200,"errmsg":"OK"}}
============================================================
============================================================
[请求时间] 2026/8/10 11:57:07.505
[响应时间] 2026/8/10 11:57:07.647
[耗时] 142ms
[请求路径] https://pay-api.ds.163.com/v1/web/init/server/time
[请求方式] GET
[请求参数] {"query":null,"body":null}
[请求头] {"Accept":"application/json, text/plain, */*","Content-Type":"application/json;charset=UTF-8","GL-X-XSRF-TOKEN":"d8c15fa0-f189-4741-9528-aff51dcc48b1","User-Agent":"Mozilla/5.0 (Windows NT 10.0; Win64; x64) AppleWebKit/537.36 (KHTML, like Gecko) Chrome/122.0.0.0 Safari/537.36","Origin":"https://pay.ds.163.com","Referer":"https://pay.ds.163.com/","GL-ClientType":"60","GL-DeviceId":"f5a39e72-10c8-4e5b-8cd8-367163453bc4","GL-Uid":"2d45e14739f64ff0a349161969c6c952","Accept-Encoding":"gzip, compress, deflate, br"}
[响应结果] {"httpStatus":404,"data":"<!DOCTYPE HTML PUBLIC \"-//W3C//DTD HTML 3.2 Final//EN\">\n<title>404 Not Found</title>\n<h1>Not Found</h1>\n<p>The requested URL was not found on the server. If you entered the URL manually please check your spelling and try again.</p>\n"}
============================================================
============================================================
[请求时间] 2026/8/10 11:57:05.863
[响应时间] 2026/8/10 11:57:07.706
[耗时] 1843ms
[请求路径] https://pay-api.ds.163.com/api/nlogin
[请求方式] GET
[请求参数] {"query":{},"body":null}
[请求头] {"Accept":"application/json, text/plain, */*","Content-Type":"application/json;charset=UTF-8","GL-X-XSRF-TOKEN":"1079b026-c774-43e6-a33c-05e12fadcd6e","User-Agent":"Mozilla/5.0 (Windows NT 10.0; Win64; x64) AppleWebKit/537.36 (KHTML, like Gecko) Chrome/122.0.0.0 Safari/537.36","Origin":"https://pay.ds.163.com","Referer":"https://pay.ds.163.com/","GL-ClientType":"60","GL-DeviceId":"d098426f-23cb-443a-b1cd-6cc42a317bc7","GL-Uid":"e747fde440ca40648852073595ffdfb6","Accept-Encoding":"gzip, compress, deflate, br"}
[响应结果] {"httpStatus":200,"data":{"code":413,"msg":"登录失败"}}
============================================================
============================================================
[请求时间] 2026/8/10 11:57:07.645
[响应时间] 2026/8/10 11:57:07.748
[耗时] 103ms
[请求路径] https://pay-api.ds.163.com/api/nlogin
[请求方式] GET
[请求参数] {"query":{},"body":null}
[请求头] {"Accept":"application/json, text/plain, */*","Content-Type":"application/json;charset=UTF-8","GL-X-XSRF-TOKEN":"d8c15fa0-f189-4741-9528-aff51dcc48b1","User-Agent":"Mozilla/5.0 (Windows NT 10.0; Win64; x64) AppleWebKit/537.36 (KHTML, like Gecko) Chrome/122.0.0.0 Safari/537.36","Origin":"https://pay.ds.163.com","Referer":"https://pay.ds.163.com/","GL-ClientType":"60","GL-DeviceId":"f5a39e72-10c8-4e5b-8cd8-367163453bc4","GL-Uid":"2d45e14739f64ff0a349161969c6c952","Accept-Encoding":"gzip, compress, deflate, br"}
[响应结果] {"httpStatus":200,"data":{"code":413,"msg":"登录失败"}}
============================================================
============================================================
[请求时间] 2026/8/10 11:57:07.702
[响应时间] 2026/8/10 11:57:08.046
[耗时] 344ms
[请求路径] https://inf.ds.163.com/v1/web/cooperate/plutus/cookie-exchange
[请求方式] GET
[请求参数] {"query":null,"body":null}
[请求头] {"Accept":"application/json, text/plain, */*","Content-Type":"application/json;charset=UTF-8","GL-X-XSRF-TOKEN":"1079b026-c774-43e6-a33c-05e12fadcd6e","User-Agent":"Mozilla/5.0 (Windows NT 10.0; Win64; x64) AppleWebKit/537.36 (KHTML, like Gecko) Chrome/122.0.0.0 Safari/537.36","Origin":"https://pay.ds.163.com","Referer":"https://pay.ds.163.com/","GL-ClientType":"60","GL-DeviceId":"d098426f-23cb-443a-b1cd-6cc42a317bc7","GL-Uid":"e747fde440ca40648852073595ffdfb6","Accept-Encoding":"gzip, compress, deflate, br"}
[响应结果] {"httpStatus":200,"data":{"result":{"user":{"uid":"e747fde440ca40648852073595ffdfb6","nick":"只为寻你欢心","icon":"https://ok.166.net/reunionpub/3_20260103_19b7fb516e3589779.jpeg","intro":"","gender":2,"frame":"66b5d52136fbe73925ec4e40","updateTime":1779099614929,"userSourceType":"URS"},"newUser":false},"code":200,"errmsg":"OK"}}
============================================================
============================================================
[请求时间] 2026/8/10 11:57:08.045
[响应时间] 2026/8/10 11:57:08.137
[耗时] 92ms
[请求路径] https://pay-api.ds.163.com/v1/web/init/server/time
[请求方式] GET
[请求参数] {"query":null,"body":null}
[请求头] {"Accept":"application/json, text/plain, */*","Content-Type":"application/json;charset=UTF-8","GL-X-XSRF-TOKEN":"1079b026-c774-43e6-a33c-05e12fadcd6e","User-Agent":"Mozilla/5.0 (Windows NT 10.0; Win64; x64) AppleWebKit/537.36 (KHTML, like Gecko) Chrome/122.0.0.0 Safari/537.36","Origin":"https://pay.ds.163.com","Referer":"https://pay.ds.163.com/","GL-ClientType":"60","GL-DeviceId":"d098426f-23cb-443a-b1cd-6cc42a317bc7","GL-Uid":"e747fde440ca40648852073595ffdfb6","Accept-Encoding":"gzip, compress, deflate, br"}
[响应结果] {"httpStatus":404,"data":"<!DOCTYPE HTML PUBLIC \"-//W3C//DTD HTML 3.2 Final//EN\">\n<title>404 Not Found</title>\n<h1>Not Found</h1>\n<p>The requested URL was not found on the server. If you entered the URL manually please check your spelling and try again.</p>\n"}
============================================================
============================================================
[请求时间] 2026/8/10 11:57:08.136
[响应时间] 2026/8/10 11:57:08.436
[耗时] 300ms
[请求路径] https://inf.ds.163.com/v1/web/exp/xy/user/get-info
[请求方式] POST
[请求参数] {"query":null,"body":{}}
[请求头] {"Accept":"application/json, text/plain, */*","Content-Type":"application/json;charset=UTF-8","GL-X-XSRF-TOKEN":"1079b026-c774-43e6-a33c-05e12fadcd6e","User-Agent":"Mozilla/5.0 (Windows NT 10.0; Win64; x64) AppleWebKit/537.36 (KHTML, like Gecko) Chrome/122.0.0.0 Safari/537.36","Origin":"https://pay.ds.163.com","Referer":"https://pay.ds.163.com/","GL-ClientType":"60","GL-DeviceId":"d098426f-23cb-443a-b1cd-6cc42a317bc7","GL-Uid":"e747fde440ca40648852073595ffdfb6","GL-CheckSum":"7853547ecccf8b287f4cb7e26f3b70b339417782","Content-Length":"2","Accept-Encoding":"gzip, compress, deflate, br"}
[响应结果] {"httpStatus":200,"data":{"result":{"growthPoint":226571,"currentLv":"V5","diffNextLvGrowthPoint":73429,"currentLvExpireDate":"20270601","currentLvExpire":1811779200000,"nextLv":"V6","activeGames":["l36","u5","g10","h72","h55","g66","g18","h74"],"last365LoginGames":["g86","g10","h55","l10","u5","g66","l36","g18","h74","h72"],"initDate":"20260601","lastLv":"V5"},"code":200,"errmsg":"OK"}}
============================================================
============================================================
[请求时间] 2026/8/10 11:57:08.435
[响应时间] 2026/8/10 11:57:08.669
[耗时] 234ms
[请求路径] https://inf.ds.163.com/v1/web/exp/week-coupon/showing-list-v2
[请求方式] POST
[请求参数] {"query":null,"body":{}}
[请求头] {"Accept":"application/json, text/plain, */*","Content-Type":"application/json;charset=UTF-8","GL-X-XSRF-TOKEN":"1079b026-c774-43e6-a33c-05e12fadcd6e","User-Agent":"Mozilla/5.0 (Windows NT 10.0; Win64; x64) AppleWebKit/537.36 (KHTML, like Gecko) Chrome/122.0.0.0 Safari/537.36","Origin":"https://pay.ds.163.com","Referer":"https://pay.ds.163.com/","GL-ClientType":"60","GL-DeviceId":"d098426f-23cb-443a-b1cd-6cc42a317bc7","GL-Uid":"e747fde440ca40648852073595ffdfb6","GL-CheckSum":"7853547ecccf8b287f4cb7e26f3b70b339417782","Content-Length":"2","Accept-Encoding":"gzip, compress, deflate, br"}
[响应结果] {"httpStatus":200,"data":{"result":{"coupons":[{"couponId":"687076e69f3efd24cb2bed9c","name":"V1","amount":1,"xyLevel":"V1","seckillTime":"WEEKLY","periods":[{"weekDay":3,"seckillStartTime":1785902400000,"seckillEndTime":1786075199999,"status":"ENDED"},{"weekDay":5,"seckillStartTime":1786075200000,"seckillEndTime":1786334399999,"status":"PROGRESSING"},{"weekDay":1,"seckillStartTime":1786334400000,"seckillEndTime":1786507199999,"status":"NOT_STARTED"},{"weekDay":3,"seckillStartTime":1786507200000,"seckillEndTime":1786679999999,"status":"NOT_STARTED"},{"weekDay":5,"seckillStartTime":1786680000000,"seckillEndTime":1786939199999,"status":"NOT_STARTED"},{"weekDay":1,"seckillStartTime":1786939200000,"seckillEndTime":1787111999999,"status":"NOT_STARTED"}]},{"couponId":"68708657f56f912f57e063bf","name":"V2","amount":2,"xyLevel":"V2","seckillTime":"WEEKLY","periods":[{"weekDay":3,"seckillStartTime":1785902400000,"seckillEndTime":1786075199999,"status":"ENDED"},{"weekDay":5,"seckillStartTime":1786075200000,"seckillEndTime":1786334399999,"status":"PROGRESSING"},{"weekDay":1,"seckillStartTime":1786334400000,"seckillEndTime":1786507199999,"status":"NOT_STARTED"},{"weekDay":3,"seckillStartTime":1786507200000,"seckillEndTime":1786679999999,"status":"NOT_STARTED"},{"weekDay":5,"seckillStartTime":1786680000000,"seckillEndTime":1786939199999,"status":"NOT_STARTED"},{"weekDay":1,"seckillStartTime":1786939200000,"seckillEndTime":1787111999999,"status":"NOT_STARTED"}]},{"couponId":"6870867989fddd2bbdec96bc","name":"V3","amount":3,"xyLevel":"V3","seckillTime":"WEEKLY","periods":[{"weekDay":3,"seckillStartTime":1785902400000,"seckillEndTime":1786075199999,"status":"ENDED"},{"weekDay":5,"seckillStartTime":1786075200000,"seckillEndTime":1786334399999,"status":"PROGRESSING"},{"weekDay":1,"seckillStartTime":1786334400000,"seckillEndTime":1786507199999,"status":"NOT_STARTED"},{"weekDay":3,"seckillStartTime":1786507200000,"seckillEndTime":1786679999999,"status":"NOT_STARTED"},{"weekDay":5,"seckillStartTime":1786680000000,"seckillEndTime":1786939199999,"status":"NOT_STARTED"},{"weekDay":1,"seckillStartTime":1786939200000,"seckillEndTime":1787111999999,"status":"NOT_STARTED"}]},{"couponId":"6870869cf56f912f57e063c0","name":"V4","amount":8,"xyLevel":"V4","seckillTime":"WEEKLY","periods":[{"weekDay":3,"seckillStartTime":1785902400000,"seckillEndTime":1786075199999,"status":"ENDED"},{"weekDay":5,"seckillStartTime":1786075200000,"seckillEndTime":1786334399999,"status":"PROGRESSING"},{"weekDay":1,"seckillStartTime":1786334400000,"seckillEndTime":1786507199999,"status":"NOT_STARTED"},{"weekDay":3,"seckillStartTime":1786507200000,"seckillEndTime":1786679999999,"status":"NOT_STARTED"},{"weekDay":5,"seckillStartTime":1786680000000,"seckillEndTime":1786939199999,"status":"NOT_STARTED"},{"weekDay":1,"seckillStartTime":1786939200000,"seckillEndTime":1787111999999,"status":"NOT_STARTED"}]},{"couponId":"687086e33d0d02335c1804f4","name":"V5","amount":18,"xyLevel":"V5","seckillTime":"WEEKLY","periods":[{"weekDay":3,"seckillStartTime":1785902400000,"seckillEndTime":1786075199999,"status":"ENDED"},{"weekDay":5,"seckillStartTime":1786075200000,"seckillEndTime":1786334399999,"status":"PROGRESSING","acquiredStatus":"OUT_OF_STOCK","stockId":"687086e33d0d02335c1804f4_WEEKLY_1786075200000","stockRemain":0},{"weekDay":1,"seckillStartTime":1786334400000,"seckillEndTime":1786507199999,"status":"NOT_STARTED"},{"weekDay":3,"seckillStartTime":1786507200000,"seckillEndTime":1786679999999,"status":"NOT_STARTED"},{"weekDay":5,"seckillStartTime":1786680000000,"seckillEndTime":1786939199999,"status":"NOT_STARTED"},{"weekDay":1,"seckillStartTime":1786939200000,"seckillEndTime":1787111999999,"status":"NOT_STARTED"}]},{"couponId":"68708705f56f912f57e063c3","name":"V6","amount":30,"xyLevel":"V6","seckillTime":"WEEKLY","periods":[{"weekDay":3,"seckillStartTime":1785902400000,"seckillEndTime":1786075199999,"status":"ENDED"},{"weekDay":5,"seckillStartTime":1786075200000,"seckillEndTime":1786334399999,"status":"PROGRESSING"},{"weekDay":1,"seckillStartTime":1786334400000,"seckillEndTime":1786507199999,"status":"NOT_STARTED"},{"weekDay":3,"seckillStartTime":1786507200000,"seckillEndTime":1786679999999,"status":"NOT_STARTED"},{"weekDay":5,"seckillStartTime":1786680000000,"seckillEndTime":1786939199999,"status":"NOT_STARTED"},{"weekDay":1,"seckillStartTime":1786939200000,"seckillEndTime":1787111999999,"status":"NOT_STARTED"}]},{"couponId":"6870872e89fddd2bbdec96bd","name":"V7","amount":75,"xyLevel":"V7","seckillTime":"WEEKLY","periods":[{"weekDay":3,"seckillStartTime":1785902400000,"seckillEndTime":1786075199999,"status":"ENDED"},{"weekDay":5,"seckillStartTime":1786075200000,"seckillEndTime":1786334399999,"status":"PROGRESSING"},{"weekDay":1,"seckillStartTime":1786334400000,"seckillEndTime":1786507199999,"status":"NOT_STARTED"},{"weekDay":3,"seckillStartTime":1786507200000,"seckillEndTime":1786679999999,"status":"NOT_STARTED"},{"weekDay":5,"seckillStartTime":1786680000000,"seckillEndTime":1786939199999,"status":"NOT_STARTED"},{"weekDay":1,"seckillStartTime":1786939200000,"seckillEndTime":1787111999999,"status":"NOT_STARTED"}]}]},"code":200,"errmsg":"OK"}}
============================================================
============================================================
[请求时间] 2026/8/10 11:57:08.672
[响应时间] 2026/8/10 11:57:08.913
[耗时] 241ms
[请求路径] https://inf.ds.163.com/v1/web/exp/week-coupon/showing-list-v2
[请求方式] POST
[请求参数] {"query":null,"body":{}}
[请求头] {"Accept":"application/json, text/plain, */*","Content-Type":"application/json;charset=UTF-8","GL-X-XSRF-TOKEN":"1079b026-c774-43e6-a33c-05e12fadcd6e","User-Agent":"Mozilla/5.0 (Windows NT 10.0; Win64; x64) AppleWebKit/537.36 (KHTML, like Gecko) Chrome/122.0.0.0 Safari/537.36","Origin":"https://pay.ds.163.com","Referer":"https://pay.ds.163.com/","GL-ClientType":"60","GL-DeviceId":"d098426f-23cb-443a-b1cd-6cc42a317bc7","GL-Uid":"e747fde440ca40648852073595ffdfb6","GL-CheckSum":"7853547ecccf8b287f4cb7e26f3b70b339417782","Content-Length":"2","Accept-Encoding":"gzip, compress, deflate, br"}
[响应结果] {"httpStatus":200,"data":{"result":{"coupons":[{"couponId":"687076e69f3efd24cb2bed9c","name":"V1","amount":1,"xyLevel":"V1","seckillTime":"WEEKLY","periods":[{"weekDay":3,"seckillStartTime":1785902400000,"seckillEndTime":1786075199999,"status":"ENDED"},{"weekDay":5,"seckillStartTime":1786075200000,"seckillEndTime":1786334399999,"status":"PROGRESSING"},{"weekDay":1,"seckillStartTime":1786334400000,"seckillEndTime":1786507199999,"status":"NOT_STARTED"},{"weekDay":3,"seckillStartTime":1786507200000,"seckillEndTime":1786679999999,"status":"NOT_STARTED"},{"weekDay":5,"seckillStartTime":1786680000000,"seckillEndTime":1786939199999,"status":"NOT_STARTED"},{"weekDay":1,"seckillStartTime":1786939200000,"seckillEndTime":1787111999999,"status":"NOT_STARTED"}]},{"couponId":"68708657f56f912f57e063bf","name":"V2","amount":2,"xyLevel":"V2","seckillTime":"WEEKLY","periods":[{"weekDay":3,"seckillStartTime":1785902400000,"seckillEndTime":1786075199999,"status":"ENDED"},{"weekDay":5,"seckillStartTime":1786075200000,"seckillEndTime":1786334399999,"status":"PROGRESSING"},{"weekDay":1,"seckillStartTime":1786334400000,"seckillEndTime":1786507199999,"status":"NOT_STARTED"},{"weekDay":3,"seckillStartTime":1786507200000,"seckillEndTime":1786679999999,"status":"NOT_STARTED"},{"weekDay":5,"seckillStartTime":1786680000000,"seckillEndTime":1786939199999,"status":"NOT_STARTED"},{"weekDay":1,"seckillStartTime":1786939200000,"seckillEndTime":1787111999999,"status":"NOT_STARTED"}]},{"couponId":"6870867989fddd2bbdec96bc","name":"V3","amount":3,"xyLevel":"V3","seckillTime":"WEEKLY","periods":[{"weekDay":3,"seckillStartTime":1785902400000,"seckillEndTime":1786075199999,"status":"ENDED"},{"weekDay":5,"seckillStartTime":1786075200000,"seckillEndTime":1786334399999,"status":"PROGRESSING"},{"weekDay":1,"seckillStartTime":1786334400000,"seckillEndTime":1786507199999,"status":"NOT_STARTED"},{"weekDay":3,"seckillStartTime":1786507200000,"seckillEndTime":1786679999999,"status":"NOT_STARTED"},{"weekDay":5,"seckillStartTime":1786680000000,"seckillEndTime":1786939199999,"status":"NOT_STARTED"},{"weekDay":1,"seckillStartTime":1786939200000,"seckillEndTime":1787111999999,"status":"NOT_STARTED"}]},{"couponId":"6870869cf56f912f57e063c0","name":"V4","amount":8,"xyLevel":"V4","seckillTime":"WEEKLY","periods":[{"weekDay":3,"seckillStartTime":1785902400000,"seckillEndTime":1786075199999,"status":"ENDED"},{"weekDay":5,"seckillStartTime":1786075200000,"seckillEndTime":1786334399999,"status":"PROGRESSING"},{"weekDay":1,"seckillStartTime":1786334400000,"seckillEndTime":1786507199999,"status":"NOT_STARTED"},{"weekDay":3,"seckillStartTime":1786507200000,"seckillEndTime":1786679999999,"status":"NOT_STARTED"},{"weekDay":5,"seckillStartTime":1786680000000,"seckillEndTime":1786939199999,"status":"NOT_STARTED"},{"weekDay":1,"seckillStartTime":1786939200000,"seckillEndTime":1787111999999,"status":"NOT_STARTED"}]},{"couponId":"687086e33d0d02335c1804f4","name":"V5","amount":18,"xyLevel":"V5","seckillTime":"WEEKLY","periods":[{"weekDay":3,"seckillStartTime":1785902400000,"seckillEndTime":1786075199999,"status":"ENDED"},{"weekDay":5,"seckillStartTime":1786075200000,"seckillEndTime":1786334399999,"status":"PROGRESSING","acquiredStatus":"OUT_OF_STOCK","stockId":"687086e33d0d02335c1804f4_WEEKLY_1786075200000","stockRemain":0},{"weekDay":1,"seckillStartTime":1786334400000,"seckillEndTime":1786507199999,"status":"NOT_STARTED"},{"weekDay":3,"seckillStartTime":1786507200000,"seckillEndTime":1786679999999,"status":"NOT_STARTED"},{"weekDay":5,"seckillStartTime":1786680000000,"seckillEndTime":1786939199999,"status":"NOT_STARTED"},{"weekDay":1,"seckillStartTime":1786939200000,"seckillEndTime":1787111999999,"status":"NOT_STARTED"}]},{"couponId":"68708705f56f912f57e063c3","name":"V6","amount":30,"xyLevel":"V6","seckillTime":"WEEKLY","periods":[{"weekDay":3,"seckillStartTime":1785902400000,"seckillEndTime":1786075199999,"status":"ENDED"},{"weekDay":5,"seckillStartTime":1786075200000,"seckillEndTime":1786334399999,"status":"PROGRESSING"},{"weekDay":1,"seckillStartTime":1786334400000,"seckillEndTime":1786507199999,"status":"NOT_STARTED"},{"weekDay":3,"seckillStartTime":1786507200000,"seckillEndTime":1786679999999,"status":"NOT_STARTED"},{"weekDay":5,"seckillStartTime":1786680000000,"seckillEndTime":1786939199999,"status":"NOT_STARTED"},{"weekDay":1,"seckillStartTime":1786939200000,"seckillEndTime":1787111999999,"status":"NOT_STARTED"}]},{"couponId":"6870872e89fddd2bbdec96bd","name":"V7","amount":75,"xyLevel":"V7","seckillTime":"WEEKLY","periods":[{"weekDay":3,"seckillStartTime":1785902400000,"seckillEndTime":1786075199999,"status":"ENDED"},{"weekDay":5,"seckillStartTime":1786075200000,"seckillEndTime":1786334399999,"status":"PROGRESSING"},{"weekDay":1,"seckillStartTime":1786334400000,"seckillEndTime":1786507199999,"status":"NOT_STARTED"},{"weekDay":3,"seckillStartTime":1786507200000,"seckillEndTime":1786679999999,"status":"NOT_STARTED"},{"weekDay":5,"seckillStartTime":1786680000000,"seckillEndTime":1786939199999,"status":"NOT_STARTED"},{"weekDay":1,"seckillStartTime":1786939200000,"seckillEndTime":1787111999999,"status":"NOT_STARTED"}]}]},"code":200,"errmsg":"OK"}}
============================================================
============================================================
[请求时间] 2026/8/10 11:57:08.912
[响应时间] 2026/8/10 11:57:08.995
[耗时] 83ms
[请求路径] https://pay-api.ds.163.com/v1/web/init/server/time
[请求方式] GET
[请求参数] {"query":null,"body":null}
[请求头] {"Accept":"application/json, text/plain, */*","Content-Type":"application/json;charset=UTF-8","GL-X-XSRF-TOKEN":"1079b026-c774-43e6-a33c-05e12fadcd6e","User-Agent":"Mozilla/5.0 (Windows NT 10.0; Win64; x64) AppleWebKit/537.36 (KHTML, like Gecko) Chrome/122.0.0.0 Safari/537.36","Origin":"https://pay.ds.163.com","Referer":"https://pay.ds.163.com/","GL-ClientType":"60","GL-DeviceId":"d098426f-23cb-443a-b1cd-6cc42a317bc7","GL-Uid":"e747fde440ca40648852073595ffdfb6","Accept-Encoding":"gzip, compress, deflate, br"}
[响应结果] {"httpStatus":404,"data":"<!DOCTYPE HTML PUBLIC \"-//W3C//DTD HTML 3.2 Final//EN\">\n<title>404 Not Found</title>\n<h1>Not Found</h1>\n<p>The requested URL was not found on the server. If you entered the URL manually please check your spelling and try again.</p>\n"}
============================================================
============================================================
[请求时间] 2026/8/10 11:57:08.994
[响应时间] 2026/8/10 11:57:09.087
[耗时] 93ms
[请求路径] https://pay-api.ds.163.com/api/nlogin
[请求方式] GET
[请求参数] {"query":{},"body":null}
[请求头] {"Accept":"application/json, text/plain, */*","Content-Type":"application/json;charset=UTF-8","GL-X-XSRF-TOKEN":"1079b026-c774-43e6-a33c-05e12fadcd6e","User-Agent":"Mozilla/5.0 (Windows NT 10.0; Win64; x64) AppleWebKit/537.36 (KHTML, like Gecko) Chrome/122.0.0.0 Safari/537.36","Origin":"https://pay.ds.163.com","Referer":"https://pay.ds.163.com/","GL-ClientType":"60","GL-DeviceId":"d098426f-23cb-443a-b1cd-6cc42a317bc7","GL-Uid":"e747fde440ca40648852073595ffdfb6","Accept-Encoding":"gzip, compress, deflate, br"}
[响应结果] {"httpStatus":200,"data":{"code":413,"msg":"登录失败"}}
============================================================
============================================================
[请求时间] 2026/8/10 11:59:45.005
[响应时间] 2026/8/10 11:59:45.277
[耗时] 272ms
[请求路径] https://pay-api.ds.163.com/v1/web/init/server/time
[请求方式] GET
[请求参数] {"query":null,"body":null}
[请求头] {"Accept":"application/json, text/plain, */*","Content-Type":"application/json;charset=UTF-8","GL-X-XSRF-TOKEN":"d8c15fa0-f189-4741-9528-aff51dcc48b1","User-Agent":"Mozilla/5.0 (Windows NT 10.0; Win64; x64) AppleWebKit/537.36 (KHTML, like Gecko) Chrome/122.0.0.0 Safari/537.36","Origin":"https://pay.ds.163.com","Referer":"https://pay.ds.163.com/","GL-ClientType":"60","GL-DeviceId":"f5a39e72-10c8-4e5b-8cd8-367163453bc4","GL-Uid":"2d45e14739f64ff0a349161969c6c952","Accept-Encoding":"gzip, compress, deflate, br"}
[响应结果] {"httpStatus":404,"data":"<!DOCTYPE HTML PUBLIC \"-//W3C//DTD HTML 3.2 Final//EN\">\n<title>404 Not Found</title>\n<h1>Not Found</h1>\n<p>The requested URL was not found on the server. If you entered the URL manually please check your spelling and try again.</p>\n"}
============================================================
============================================================
[请求时间] 2026/8/10 11:59:45.005
[响应时间] 2026/8/10 11:59:45.304
[耗时] 299ms
[请求路径] https://pay-api.ds.163.com/v1/web/init/server/time
[请求方式] GET
[请求参数] {"query":null,"body":null}
[请求头] {"Accept":"application/json, text/plain, */*","Content-Type":"application/json;charset=UTF-8","GL-X-XSRF-TOKEN":"1079b026-c774-43e6-a33c-05e12fadcd6e","User-Agent":"Mozilla/5.0 (Windows NT 10.0; Win64; x64) AppleWebKit/537.36 (KHTML, like Gecko) Chrome/122.0.0.0 Safari/537.36","Origin":"https://pay.ds.163.com","Referer":"https://pay.ds.163.com/","GL-ClientType":"60","GL-DeviceId":"d098426f-23cb-443a-b1cd-6cc42a317bc7","GL-Uid":"e747fde440ca40648852073595ffdfb6","Accept-Encoding":"gzip, compress, deflate, br"}
[响应结果] {"httpStatus":404,"data":"<!DOCTYPE HTML PUBLIC \"-//W3C//DTD HTML 3.2 Final//EN\">\n<title>404 Not Found</title>\n<h1>Not Found</h1>\n<p>The requested URL was not found on the server. If you entered the URL manually please check your spelling and try again.</p>\n"}
============================================================
============================================================
[请求时间] 2026/8/10 11:59:45.294
[响应时间] 2026/8/10 11:59:45.420
[耗时] 126ms
[请求路径] https://pay-api.ds.163.com/api/nlogin
[请求方式] GET
[请求参数] {"query":{},"body":null}
[请求头] {"Accept":"application/json, text/plain, */*","Content-Type":"application/json;charset=UTF-8","GL-X-XSRF-TOKEN":"1079b026-c774-43e6-a33c-05e12fadcd6e","User-Agent":"Mozilla/5.0 (Windows NT 10.0; Win64; x64) AppleWebKit/537.36 (KHTML, like Gecko) Chrome/122.0.0.0 Safari/537.36","Origin":"https://pay.ds.163.com","Referer":"https://pay.ds.163.com/","GL-ClientType":"60","GL-DeviceId":"d098426f-23cb-443a-b1cd-6cc42a317bc7","GL-Uid":"e747fde440ca40648852073595ffdfb6","Accept-Encoding":"gzip, compress, deflate, br"}
[响应结果] {"httpStatus":200,"data":{"code":413,"msg":"登录失败"}}
============================================================
============================================================
[请求时间] 2026/8/10 11:59:45.274
[响应时间] 2026/8/10 11:59:45.434
[耗时] 160ms
[请求路径] https://pay-api.ds.163.com/api/nlogin
[请求方式] GET
[请求参数] {"query":{},"body":null}
[请求头] {"Accept":"application/json, text/plain, */*","Content-Type":"application/json;charset=UTF-8","GL-X-XSRF-TOKEN":"d8c15fa0-f189-4741-9528-aff51dcc48b1","User-Agent":"Mozilla/5.0 (Windows NT 10.0; Win64; x64) AppleWebKit/537.36 (KHTML, like Gecko) Chrome/122.0.0.0 Safari/537.36","Origin":"https://pay.ds.163.com","Referer":"https://pay.ds.163.com/","GL-ClientType":"60","GL-DeviceId":"f5a39e72-10c8-4e5b-8cd8-367163453bc4","GL-Uid":"2d45e14739f64ff0a349161969c6c952","Accept-Encoding":"gzip, compress, deflate, br"}
[响应结果] {"httpStatus":200,"data":{"code":413,"msg":"登录失败"}}
============================================================
============================================================
[请求时间] 2026/8/10 11:59:45.418
[响应时间] 2026/8/10 11:59:45.761
[耗时] 343ms
[请求路径] https://inf.ds.163.com/v1/web/cooperate/plutus/cookie-exchange
[请求方式] GET
[请求参数] {"query":null,"body":null}
[请求头] {"Accept":"application/json, text/plain, */*","Content-Type":"application/json;charset=UTF-8","GL-X-XSRF-TOKEN":"1079b026-c774-43e6-a33c-05e12fadcd6e","User-Agent":"Mozilla/5.0 (Windows NT 10.0; Win64; x64) AppleWebKit/537.36 (KHTML, like Gecko) Chrome/122.0.0.0 Safari/537.36","Origin":"https://pay.ds.163.com","Referer":"https://pay.ds.163.com/","GL-ClientType":"60","GL-DeviceId":"d098426f-23cb-443a-b1cd-6cc42a317bc7","GL-Uid":"e747fde440ca40648852073595ffdfb6","Accept-Encoding":"gzip, compress, deflate, br"}
[响应结果] {"httpStatus":200,"data":{"result":{"user":{"uid":"e747fde440ca40648852073595ffdfb6","nick":"只为寻你欢心","icon":"https://ok.166.net/reunionpub/3_20260103_19b7fb516e3589779.jpeg","intro":"","gender":2,"frame":"66b5d52136fbe73925ec4e40","updateTime":1779099614929,"userSourceType":"URS"},"newUser":false},"code":200,"errmsg":"OK"}}
============================================================
============================================================
[请求时间] 2026/8/10 11:59:45.431
[响应时间] 2026/8/10 11:59:45.825
[耗时] 394ms
[请求路径] https://inf.ds.163.com/v1/web/cooperate/plutus/cookie-exchange
[请求方式] GET
[请求参数] {"query":null,"body":null}
[请求头] {"Accept":"application/json, text/plain, */*","Content-Type":"application/json;charset=UTF-8","GL-X-XSRF-TOKEN":"d8c15fa0-f189-4741-9528-aff51dcc48b1","User-Agent":"Mozilla/5.0 (Windows NT 10.0; Win64; x64) AppleWebKit/537.36 (KHTML, like Gecko) Chrome/122.0.0.0 Safari/537.36","Origin":"https://pay.ds.163.com","Referer":"https://pay.ds.163.com/","GL-ClientType":"60","GL-DeviceId":"f5a39e72-10c8-4e5b-8cd8-367163453bc4","GL-Uid":"2d45e14739f64ff0a349161969c6c952","Accept-Encoding":"gzip, compress, deflate, br"}
[响应结果] {"httpStatus":200,"data":{"result":{"user":{"uid":"2d45e14739f64ff0a349161969c6c952","nick":"问见呀","icon":"https://ok.166.net/reunionpub/3_20200311_170c54391d7636339.png","intro":"","gender":1,"birth":"2000-07-15","squareMedals":[],"updateTime":1712255435702,"userSourceType":"URS"},"newUser":false},"code":200,"errmsg":"OK"}}
============================================================
============================================================
[请求时间] 2026/8/10 11:59:45.760
[响应时间] 2026/8/10 11:59:45.913
[耗时] 153ms
[请求路径] https://pay-api.ds.163.com/v1/web/init/server/time
[请求方式] GET
[请求参数] {"query":null,"body":null}
[请求头] {"Accept":"application/json, text/plain, */*","Content-Type":"application/json;charset=UTF-8","GL-X-XSRF-TOKEN":"1079b026-c774-43e6-a33c-05e12fadcd6e","User-Agent":"Mozilla/5.0 (Windows NT 10.0; Win64; x64) AppleWebKit/537.36 (KHTML, like Gecko) Chrome/122.0.0.0 Safari/537.36","Origin":"https://pay.ds.163.com","Referer":"https://pay.ds.163.com/","GL-ClientType":"60","GL-DeviceId":"d098426f-23cb-443a-b1cd-6cc42a317bc7","GL-Uid":"e747fde440ca40648852073595ffdfb6","Accept-Encoding":"gzip, compress, deflate, br"}
[响应结果] {"httpStatus":404,"data":"<!DOCTYPE HTML PUBLIC \"-//W3C//DTD HTML 3.2 Final//EN\">\n<title>404 Not Found</title>\n<h1>Not Found</h1>\n<p>The requested URL was not found on the server. If you entered the URL manually please check your spelling and try again.</p>\n"}
============================================================
============================================================
[请求时间] 2026/8/10 11:59:45.817
[响应时间] 2026/8/10 11:59:45.947
[耗时] 130ms
[请求路径] https://pay-api.ds.163.com/v1/web/init/server/time
[请求方式] GET
[请求参数] {"query":null,"body":null}
[请求头] {"Accept":"application/json, text/plain, */*","Content-Type":"application/json;charset=UTF-8","GL-X-XSRF-TOKEN":"d8c15fa0-f189-4741-9528-aff51dcc48b1","User-Agent":"Mozilla/5.0 (Windows NT 10.0; Win64; x64) AppleWebKit/537.36 (KHTML, like Gecko) Chrome/122.0.0.0 Safari/537.36","Origin":"https://pay.ds.163.com","Referer":"https://pay.ds.163.com/","GL-ClientType":"60","GL-DeviceId":"f5a39e72-10c8-4e5b-8cd8-367163453bc4","GL-Uid":"2d45e14739f64ff0a349161969c6c952","Accept-Encoding":"gzip, compress, deflate, br"}
[响应结果] {"httpStatus":404,"data":"<!DOCTYPE HTML PUBLIC \"-//W3C//DTD HTML 3.2 Final//EN\">\n<title>404 Not Found</title>\n<h1>Not Found</h1>\n<p>The requested URL was not found on the server. If you entered the URL manually please check your spelling and try again.</p>\n"}
============================================================
============================================================
[请求时间] 2026/8/10 11:59:45.903
[响应时间] 2026/8/10 11:59:46.141
[耗时] 238ms
[请求路径] https://inf.ds.163.com/v1/web/exp/xy/user/get-info
[请求方式] POST
[请求参数] {"query":null,"body":{}}
[请求头] {"Accept":"application/json, text/plain, */*","Content-Type":"application/json;charset=UTF-8","GL-X-XSRF-TOKEN":"1079b026-c774-43e6-a33c-05e12fadcd6e","User-Agent":"Mozilla/5.0 (Windows NT 10.0; Win64; x64) AppleWebKit/537.36 (KHTML, like Gecko) Chrome/122.0.0.0 Safari/537.36","Origin":"https://pay.ds.163.com","Referer":"https://pay.ds.163.com/","GL-ClientType":"60","GL-DeviceId":"d098426f-23cb-443a-b1cd-6cc42a317bc7","GL-Uid":"e747fde440ca40648852073595ffdfb6","GL-CheckSum":"7853547ecccf8b287f4cb7e26f3b70b339417782","Content-Length":"2","Accept-Encoding":"gzip, compress, deflate, br"}
[响应结果] {"httpStatus":200,"data":{"result":{"growthPoint":226571,"currentLv":"V5","diffNextLvGrowthPoint":73429,"currentLvExpireDate":"20270601","currentLvExpire":1811779200000,"nextLv":"V6","activeGames":["l36","u5","g10","h72","h55","g66","g18","h74"],"last365LoginGames":["g86","g10","h55","l10","u5","g66","l36","g18","h74","h72"],"initDate":"20260601","lastLv":"V5"},"code":200,"errmsg":"OK"}}
============================================================
============================================================
[请求时间] 2026/8/10 11:59:45.946
[响应时间] 2026/8/10 11:59:46.180
[耗时] 234ms
[请求路径] https://inf.ds.163.com/v1/web/exp/xy/user/get-info
[请求方式] POST
[请求参数] {"query":null,"body":{}}
[请求头] {"Accept":"application/json, text/plain, */*","Content-Type":"application/json;charset=UTF-8","GL-X-XSRF-TOKEN":"d8c15fa0-f189-4741-9528-aff51dcc48b1","User-Agent":"Mozilla/5.0 (Windows NT 10.0; Win64; x64) AppleWebKit/537.36 (KHTML, like Gecko) Chrome/122.0.0.0 Safari/537.36","Origin":"https://pay.ds.163.com","Referer":"https://pay.ds.163.com/","GL-ClientType":"60","GL-DeviceId":"f5a39e72-10c8-4e5b-8cd8-367163453bc4","GL-Uid":"2d45e14739f64ff0a349161969c6c952","GL-CheckSum":"57f2305db725fd92d761cad2d373b483b1a9d0fa","Content-Length":"2","Accept-Encoding":"gzip, compress, deflate, br"}
[响应结果] {"httpStatus":200,"data":{"result":{"growthPoint":129429,"currentLv":"V5","diffNextLvGrowthPoint":170571,"currentLvExpireDate":"20270506","currentLvExpire":1809532800000,"nextLv":"V6","activeGames":["l36","g37"],"last365LoginGames":["h72","g37","l36"],"initDate":"20260506","lastLv":"V4"},"code":200,"errmsg":"OK"}}
============================================================
============================================================
[请求时间] 2026/8/10 11:59:46.140
[响应时间] 2026/8/10 11:59:46.403
[耗时] 263ms
[请求路径] https://inf.ds.163.com/v1/web/exp/week-coupon/showing-list-v2
[请求方式] POST
[请求参数] {"query":null,"body":{}}
[请求头] {"Accept":"application/json, text/plain, */*","Content-Type":"application/json;charset=UTF-8","GL-X-XSRF-TOKEN":"1079b026-c774-43e6-a33c-05e12fadcd6e","User-Agent":"Mozilla/5.0 (Windows NT 10.0; Win64; x64) AppleWebKit/537.36 (KHTML, like Gecko) Chrome/122.0.0.0 Safari/537.36","Origin":"https://pay.ds.163.com","Referer":"https://pay.ds.163.com/","GL-ClientType":"60","GL-DeviceId":"d098426f-23cb-443a-b1cd-6cc42a317bc7","GL-Uid":"e747fde440ca40648852073595ffdfb6","GL-CheckSum":"7853547ecccf8b287f4cb7e26f3b70b339417782","Content-Length":"2","Accept-Encoding":"gzip, compress, deflate, br"}
[响应结果] {"httpStatus":200,"data":{"result":{"coupons":[{"couponId":"687076e69f3efd24cb2bed9c","name":"V1","amount":1,"xyLevel":"V1","seckillTime":"WEEKLY","periods":[{"weekDay":3,"seckillStartTime":1785902400000,"seckillEndTime":1786075199999,"status":"ENDED"},{"weekDay":5,"seckillStartTime":1786075200000,"seckillEndTime":1786334399999,"status":"PROGRESSING"},{"weekDay":1,"seckillStartTime":1786334400000,"seckillEndTime":1786507199999,"status":"NOT_STARTED"},{"weekDay":3,"seckillStartTime":1786507200000,"seckillEndTime":1786679999999,"status":"NOT_STARTED"},{"weekDay":5,"seckillStartTime":1786680000000,"seckillEndTime":1786939199999,"status":"NOT_STARTED"},{"weekDay":1,"seckillStartTime":1786939200000,"seckillEndTime":1787111999999,"status":"NOT_STARTED"}]},{"couponId":"68708657f56f912f57e063bf","name":"V2","amount":2,"xyLevel":"V2","seckillTime":"WEEKLY","periods":[{"weekDay":3,"seckillStartTime":1785902400000,"seckillEndTime":1786075199999,"status":"ENDED"},{"weekDay":5,"seckillStartTime":1786075200000,"seckillEndTime":1786334399999,"status":"PROGRESSING"},{"weekDay":1,"seckillStartTime":1786334400000,"seckillEndTime":1786507199999,"status":"NOT_STARTED"},{"weekDay":3,"seckillStartTime":1786507200000,"seckillEndTime":1786679999999,"status":"NOT_STARTED"},{"weekDay":5,"seckillStartTime":1786680000000,"seckillEndTime":1786939199999,"status":"NOT_STARTED"},{"weekDay":1,"seckillStartTime":1786939200000,"seckillEndTime":1787111999999,"status":"NOT_STARTED"}]},{"couponId":"6870867989fddd2bbdec96bc","name":"V3","amount":3,"xyLevel":"V3","seckillTime":"WEEKLY","periods":[{"weekDay":3,"seckillStartTime":1785902400000,"seckillEndTime":1786075199999,"status":"ENDED"},{"weekDay":5,"seckillStartTime":1786075200000,"seckillEndTime":1786334399999,"status":"PROGRESSING"},{"weekDay":1,"seckillStartTime":1786334400000,"seckillEndTime":1786507199999,"status":"NOT_STARTED"},{"weekDay":3,"seckillStartTime":1786507200000,"seckillEndTime":1786679999999,"status":"NOT_STARTED"},{"weekDay":5,"seckillStartTime":1786680000000,"seckillEndTime":1786939199999,"status":"NOT_STARTED"},{"weekDay":1,"seckillStartTime":1786939200000,"seckillEndTime":1787111999999,"status":"NOT_STARTED"}]},{"couponId":"6870869cf56f912f57e063c0","name":"V4","amount":8,"xyLevel":"V4","seckillTime":"WEEKLY","periods":[{"weekDay":3,"seckillStartTime":1785902400000,"seckillEndTime":1786075199999,"status":"ENDED"},{"weekDay":5,"seckillStartTime":1786075200000,"seckillEndTime":1786334399999,"status":"PROGRESSING"},{"weekDay":1,"seckillStartTime":1786334400000,"seckillEndTime":1786507199999,"status":"NOT_STARTED"},{"weekDay":3,"seckillStartTime":1786507200000,"seckillEndTime":1786679999999,"status":"NOT_STARTED"},{"weekDay":5,"seckillStartTime":1786680000000,"seckillEndTime":1786939199999,"status":"NOT_STARTED"},{"weekDay":1,"seckillStartTime":1786939200000,"seckillEndTime":1787111999999,"status":"NOT_STARTED"}]},{"couponId":"687086e33d0d02335c1804f4","name":"V5","amount":18,"xyLevel":"V5","seckillTime":"WEEKLY","periods":[{"weekDay":3,"seckillStartTime":1785902400000,"seckillEndTime":1786075199999,"status":"ENDED"},{"weekDay":5,"seckillStartTime":1786075200000,"seckillEndTime":1786334399999,"status":"PROGRESSING","acquiredStatus":"OUT_OF_STOCK","stockId":"687086e33d0d02335c1804f4_WEEKLY_1786075200000","stockRemain":0},{"weekDay":1,"seckillStartTime":1786334400000,"seckillEndTime":1786507199999,"status":"NOT_STARTED"},{"weekDay":3,"seckillStartTime":1786507200000,"seckillEndTime":1786679999999,"status":"NOT_STARTED"},{"weekDay":5,"seckillStartTime":1786680000000,"seckillEndTime":1786939199999,"status":"NOT_STARTED"},{"weekDay":1,"seckillStartTime":1786939200000,"seckillEndTime":1787111999999,"status":"NOT_STARTED"}]},{"couponId":"68708705f56f912f57e063c3","name":"V6","amount":30,"xyLevel":"V6","seckillTime":"WEEKLY","periods":[{"weekDay":3,"seckillStartTime":1785902400000,"seckillEndTime":1786075199999,"status":"ENDED"},{"weekDay":5,"seckillStartTime":1786075200000,"seckillEndTime":1786334399999,"status":"PROGRESSING"},{"weekDay":1,"seckillStartTime":1786334400000,"seckillEndTime":1786507199999,"status":"NOT_STARTED"},{"weekDay":3,"seckillStartTime":1786507200000,"seckillEndTime":1786679999999,"status":"NOT_STARTED"},{"weekDay":5,"seckillStartTime":1786680000000,"seckillEndTime":1786939199999,"status":"NOT_STARTED"},{"weekDay":1,"seckillStartTime":1786939200000,"seckillEndTime":1787111999999,"status":"NOT_STARTED"}]},{"couponId":"6870872e89fddd2bbdec96bd","name":"V7","amount":75,"xyLevel":"V7","seckillTime":"WEEKLY","periods":[{"weekDay":3,"seckillStartTime":1785902400000,"seckillEndTime":1786075199999,"status":"ENDED"},{"weekDay":5,"seckillStartTime":1786075200000,"seckillEndTime":1786334399999,"status":"PROGRESSING"},{"weekDay":1,"seckillStartTime":1786334400000,"seckillEndTime":1786507199999,"status":"NOT_STARTED"},{"weekDay":3,"seckillStartTime":1786507200000,"seckillEndTime":1786679999999,"status":"NOT_STARTED"},{"weekDay":5,"seckillStartTime":1786680000000,"seckillEndTime":1786939199999,"status":"NOT_STARTED"},{"weekDay":1,"seckillStartTime":1786939200000,"seckillEndTime":1787111999999,"status":"NOT_STARTED"}]}]},"code":200,"errmsg":"OK"}}
============================================================
============================================================
[请求时间] 2026/8/10 11:59:46.179
[响应时间] 2026/8/10 11:59:46.450
[耗时] 271ms
[请求路径] https://inf.ds.163.com/v1/web/exp/week-coupon/showing-list-v2
[请求方式] POST
[请求参数] {"query":null,"body":{}}
[请求头] {"Accept":"application/json, text/plain, */*","Content-Type":"application/json;charset=UTF-8","GL-X-XSRF-TOKEN":"d8c15fa0-f189-4741-9528-aff51dcc48b1","User-Agent":"Mozilla/5.0 (Windows NT 10.0; Win64; x64) AppleWebKit/537.36 (KHTML, like Gecko) Chrome/122.0.0.0 Safari/537.36","Origin":"https://pay.ds.163.com","Referer":"https://pay.ds.163.com/","GL-ClientType":"60","GL-DeviceId":"f5a39e72-10c8-4e5b-8cd8-367163453bc4","GL-Uid":"2d45e14739f64ff0a349161969c6c952","GL-CheckSum":"57f2305db725fd92d761cad2d373b483b1a9d0fa","Content-Length":"2","Accept-Encoding":"gzip, compress, deflate, br"}
[响应结果] {"httpStatus":200,"data":{"result":{"coupons":[{"couponId":"687076e69f3efd24cb2bed9c","name":"V1","amount":1,"xyLevel":"V1","seckillTime":"WEEKLY","periods":[{"weekDay":3,"seckillStartTime":1785902400000,"seckillEndTime":1786075199999,"status":"ENDED"},{"weekDay":5,"seckillStartTime":1786075200000,"seckillEndTime":1786334399999,"status":"PROGRESSING"},{"weekDay":1,"seckillStartTime":1786334400000,"seckillEndTime":1786507199999,"status":"NOT_STARTED"},{"weekDay":3,"seckillStartTime":1786507200000,"seckillEndTime":1786679999999,"status":"NOT_STARTED"},{"weekDay":5,"seckillStartTime":1786680000000,"seckillEndTime":1786939199999,"status":"NOT_STARTED"},{"weekDay":1,"seckillStartTime":1786939200000,"seckillEndTime":1787111999999,"status":"NOT_STARTED"}]},{"couponId":"68708657f56f912f57e063bf","name":"V2","amount":2,"xyLevel":"V2","seckillTime":"WEEKLY","periods":[{"weekDay":3,"seckillStartTime":1785902400000,"seckillEndTime":1786075199999,"status":"ENDED"},{"weekDay":5,"seckillStartTime":1786075200000,"seckillEndTime":1786334399999,"status":"PROGRESSING"},{"weekDay":1,"seckillStartTime":1786334400000,"seckillEndTime":1786507199999,"status":"NOT_STARTED"},{"weekDay":3,"seckillStartTime":1786507200000,"seckillEndTime":1786679999999,"status":"NOT_STARTED"},{"weekDay":5,"seckillStartTime":1786680000000,"seckillEndTime":1786939199999,"status":"NOT_STARTED"},{"weekDay":1,"seckillStartTime":1786939200000,"seckillEndTime":1787111999999,"status":"NOT_STARTED"}]},{"couponId":"6870867989fddd2bbdec96bc","name":"V3","amount":3,"xyLevel":"V3","seckillTime":"WEEKLY","periods":[{"weekDay":3,"seckillStartTime":1785902400000,"seckillEndTime":1786075199999,"status":"ENDED"},{"weekDay":5,"seckillStartTime":1786075200000,"seckillEndTime":1786334399999,"status":"PROGRESSING"},{"weekDay":1,"seckillStartTime":1786334400000,"seckillEndTime":1786507199999,"status":"NOT_STARTED"},{"weekDay":3,"seckillStartTime":1786507200000,"seckillEndTime":1786679999999,"status":"NOT_STARTED"},{"weekDay":5,"seckillStartTime":1786680000000,"seckillEndTime":1786939199999,"status":"NOT_STARTED"},{"weekDay":1,"seckillStartTime":1786939200000,"seckillEndTime":1787111999999,"status":"NOT_STARTED"}]},{"couponId":"6870869cf56f912f57e063c0","name":"V4","amount":8,"xyLevel":"V4","seckillTime":"WEEKLY","periods":[{"weekDay":3,"seckillStartTime":1785902400000,"seckillEndTime":1786075199999,"status":"ENDED"},{"weekDay":5,"seckillStartTime":1786075200000,"seckillEndTime":1786334399999,"status":"PROGRESSING"},{"weekDay":1,"seckillStartTime":1786334400000,"seckillEndTime":1786507199999,"status":"NOT_STARTED"},{"weekDay":3,"seckillStartTime":1786507200000,"seckillEndTime":1786679999999,"status":"NOT_STARTED"},{"weekDay":5,"seckillStartTime":1786680000000,"seckillEndTime":1786939199999,"status":"NOT_STARTED"},{"weekDay":1,"seckillStartTime":1786939200000,"seckillEndTime":1787111999999,"status":"NOT_STARTED"}]},{"couponId":"687086e33d0d02335c1804f4","name":"V5","amount":18,"xyLevel":"V5","seckillTime":"WEEKLY","periods":[{"weekDay":3,"seckillStartTime":1785902400000,"seckillEndTime":1786075199999,"status":"ENDED"},{"weekDay":5,"seckillStartTime":1786075200000,"seckillEndTime":1786334399999,"status":"PROGRESSING","acquiredStatus":"ACQUIRED","stockId":"687086e33d0d02335c1804f4_WEEKLY_1786075200000"},{"weekDay":1,"seckillStartTime":1786334400000,"seckillEndTime":1786507199999,"status":"NOT_STARTED"},{"weekDay":3,"seckillStartTime":1786507200000,"seckillEndTime":1786679999999,"status":"NOT_STARTED"},{"weekDay":5,"seckillStartTime":1786680000000,"seckillEndTime":1786939199999,"status":"NOT_STARTED"},{"weekDay":1,"seckillStartTime":1786939200000,"seckillEndTime":1787111999999,"status":"NOT_STARTED"}]},{"couponId":"68708705f56f912f57e063c3","name":"V6","amount":30,"xyLevel":"V6","seckillTime":"WEEKLY","periods":[{"weekDay":3,"seckillStartTime":1785902400000,"seckillEndTime":1786075199999,"status":"ENDED"},{"weekDay":5,"seckillStartTime":1786075200000,"seckillEndTime":1786334399999,"status":"PROGRESSING"},{"weekDay":1,"seckillStartTime":1786334400000,"seckillEndTime":1786507199999,"status":"NOT_STARTED"},{"weekDay":3,"seckillStartTime":1786507200000,"seckillEndTime":1786679999999,"status":"NOT_STARTED"},{"weekDay":5,"seckillStartTime":1786680000000,"seckillEndTime":1786939199999,"status":"NOT_STARTED"},{"weekDay":1,"seckillStartTime":1786939200000,"seckillEndTime":1787111999999,"status":"NOT_STARTED"}]},{"couponId":"6870872e89fddd2bbdec96bd","name":"V7","amount":75,"xyLevel":"V7","seckillTime":"WEEKLY","periods":[{"weekDay":3,"seckillStartTime":1785902400000,"seckillEndTime":1786075199999,"status":"ENDED"},{"weekDay":5,"seckillStartTime":1786075200000,"seckillEndTime":1786334399999,"status":"PROGRESSING"},{"weekDay":1,"seckillStartTime":1786334400000,"seckillEndTime":1786507199999,"status":"NOT_STARTED"},{"weekDay":3,"seckillStartTime":1786507200000,"seckillEndTime":1786679999999,"status":"NOT_STARTED"},{"weekDay":5,"seckillStartTime":1786680000000,"seckillEndTime":1786939199999,"status":"NOT_STARTED"},{"weekDay":1,"seckillStartTime":1786939200000,"seckillEndTime":1787111999999,"status":"NOT_STARTED"}]}]},"code":200,"errmsg":"OK"}}
============================================================
============================================================
[请求时间] 2026/8/10 11:59:46.437
[响应时间] 2026/8/10 11:59:46.675
[耗时] 238ms
[请求路径] https://inf.ds.163.com/v1/web/exp/week-coupon/showing-list-v2
[请求方式] POST
[请求参数] {"query":null,"body":{}}
[请求头] {"Accept":"application/json, text/plain, */*","Content-Type":"application/json;charset=UTF-8","GL-X-XSRF-TOKEN":"1079b026-c774-43e6-a33c-05e12fadcd6e","User-Agent":"Mozilla/5.0 (Windows NT 10.0; Win64; x64) AppleWebKit/537.36 (KHTML, like Gecko) Chrome/122.0.0.0 Safari/537.36","Origin":"https://pay.ds.163.com","Referer":"https://pay.ds.163.com/","GL-ClientType":"60","GL-DeviceId":"d098426f-23cb-443a-b1cd-6cc42a317bc7","GL-Uid":"e747fde440ca40648852073595ffdfb6","GL-CheckSum":"7853547ecccf8b287f4cb7e26f3b70b339417782","Content-Length":"2","Accept-Encoding":"gzip, compress, deflate, br"}
[响应结果] {"httpStatus":200,"data":{"result":{"coupons":[{"couponId":"687076e69f3efd24cb2bed9c","name":"V1","amount":1,"xyLevel":"V1","seckillTime":"WEEKLY","periods":[{"weekDay":3,"seckillStartTime":1785902400000,"seckillEndTime":1786075199999,"status":"ENDED"},{"weekDay":5,"seckillStartTime":1786075200000,"seckillEndTime":1786334399999,"status":"PROGRESSING"},{"weekDay":1,"seckillStartTime":1786334400000,"seckillEndTime":1786507199999,"status":"NOT_STARTED"},{"weekDay":3,"seckillStartTime":1786507200000,"seckillEndTime":1786679999999,"status":"NOT_STARTED"},{"weekDay":5,"seckillStartTime":1786680000000,"seckillEndTime":1786939199999,"status":"NOT_STARTED"},{"weekDay":1,"seckillStartTime":1786939200000,"seckillEndTime":1787111999999,"status":"NOT_STARTED"}]},{"couponId":"68708657f56f912f57e063bf","name":"V2","amount":2,"xyLevel":"V2","seckillTime":"WEEKLY","periods":[{"weekDay":3,"seckillStartTime":1785902400000,"seckillEndTime":1786075199999,"status":"ENDED"},{"weekDay":5,"seckillStartTime":1786075200000,"seckillEndTime":1786334399999,"status":"PROGRESSING"},{"weekDay":1,"seckillStartTime":1786334400000,"seckillEndTime":1786507199999,"status":"NOT_STARTED"},{"weekDay":3,"seckillStartTime":1786507200000,"seckillEndTime":1786679999999,"status":"NOT_STARTED"},{"weekDay":5,"seckillStartTime":1786680000000,"seckillEndTime":1786939199999,"status":"NOT_STARTED"},{"weekDay":1,"seckillStartTime":1786939200000,"seckillEndTime":1787111999999,"status":"NOT_STARTED"}]},{"couponId":"6870867989fddd2bbdec96bc","name":"V3","amount":3,"xyLevel":"V3","seckillTime":"WEEKLY","periods":[{"weekDay":3,"seckillStartTime":1785902400000,"seckillEndTime":1786075199999,"status":"ENDED"},{"weekDay":5,"seckillStartTime":1786075200000,"seckillEndTime":1786334399999,"status":"PROGRESSING"},{"weekDay":1,"seckillStartTime":1786334400000,"seckillEndTime":1786507199999,"status":"NOT_STARTED"},{"weekDay":3,"seckillStartTime":1786507200000,"seckillEndTime":1786679999999,"status":"NOT_STARTED"},{"weekDay":5,"seckillStartTime":1786680000000,"seckillEndTime":1786939199999,"status":"NOT_STARTED"},{"weekDay":1,"seckillStartTime":1786939200000,"seckillEndTime":1787111999999,"status":"NOT_STARTED"}]},{"couponId":"6870869cf56f912f57e063c0","name":"V4","amount":8,"xyLevel":"V4","seckillTime":"WEEKLY","periods":[{"weekDay":3,"seckillStartTime":1785902400000,"seckillEndTime":1786075199999,"status":"ENDED"},{"weekDay":5,"seckillStartTime":1786075200000,"seckillEndTime":1786334399999,"status":"PROGRESSING"},{"weekDay":1,"seckillStartTime":1786334400000,"seckillEndTime":1786507199999,"status":"NOT_STARTED"},{"weekDay":3,"seckillStartTime":1786507200000,"seckillEndTime":1786679999999,"status":"NOT_STARTED"},{"weekDay":5,"seckillStartTime":1786680000000,"seckillEndTime":1786939199999,"status":"NOT_STARTED"},{"weekDay":1,"seckillStartTime":1786939200000,"seckillEndTime":1787111999999,"status":"NOT_STARTED"}]},{"couponId":"687086e33d0d02335c1804f4","name":"V5","amount":18,"xyLevel":"V5","seckillTime":"WEEKLY","periods":[{"weekDay":3,"seckillStartTime":1785902400000,"seckillEndTime":1786075199999,"status":"ENDED"},{"weekDay":5,"seckillStartTime":1786075200000,"seckillEndTime":1786334399999,"status":"PROGRESSING","acquiredStatus":"OUT_OF_STOCK","stockId":"687086e33d0d02335c1804f4_WEEKLY_1786075200000","stockRemain":0},{"weekDay":1,"seckillStartTime":1786334400000,"seckillEndTime":1786507199999,"status":"NOT_STARTED"},{"weekDay":3,"seckillStartTime":1786507200000,"seckillEndTime":1786679999999,"status":"NOT_STARTED"},{"weekDay":5,"seckillStartTime":1786680000000,"seckillEndTime":1786939199999,"status":"NOT_STARTED"},{"weekDay":1,"seckillStartTime":1786939200000,"seckillEndTime":1787111999999,"status":"NOT_STARTED"}]},{"couponId":"68708705f56f912f57e063c3","name":"V6","amount":30,"xyLevel":"V6","seckillTime":"WEEKLY","periods":[{"weekDay":3,"seckillStartTime":1785902400000,"seckillEndTime":1786075199999,"status":"ENDED"},{"weekDay":5,"seckillStartTime":1786075200000,"seckillEndTime":1786334399999,"status":"PROGRESSING"},{"weekDay":1,"seckillStartTime":1786334400000,"seckillEndTime":1786507199999,"status":"NOT_STARTED"},{"weekDay":3,"seckillStartTime":1786507200000,"seckillEndTime":1786679999999,"status":"NOT_STARTED"},{"weekDay":5,"seckillStartTime":1786680000000,"seckillEndTime":1786939199999,"status":"NOT_STARTED"},{"weekDay":1,"seckillStartTime":1786939200000,"seckillEndTime":1787111999999,"status":"NOT_STARTED"}]},{"couponId":"6870872e89fddd2bbdec96bd","name":"V7","amount":75,"xyLevel":"V7","seckillTime":"WEEKLY","periods":[{"weekDay":3,"seckillStartTime":1785902400000,"seckillEndTime":1786075199999,"status":"ENDED"},{"weekDay":5,"seckillStartTime":1786075200000,"seckillEndTime":1786334399999,"status":"PROGRESSING"},{"weekDay":1,"seckillStartTime":1786334400000,"seckillEndTime":1786507199999,"status":"NOT_STARTED"},{"weekDay":3,"seckillStartTime":1786507200000,"seckillEndTime":1786679999999,"status":"NOT_STARTED"},{"weekDay":5,"seckillStartTime":1786680000000,"seckillEndTime":1786939199999,"status":"NOT_STARTED"},{"weekDay":1,"seckillStartTime":1786939200000,"seckillEndTime":1787111999999,"status":"NOT_STARTED"}]}]},"code":200,"errmsg":"OK"}}
============================================================
============================================================
[请求时间] 2026/8/10 11:59:46.469
[响应时间] 2026/8/10 11:59:46.748
[耗时] 279ms
[请求路径] https://inf.ds.163.com/v1/web/exp/week-coupon/showing-list-v2
[请求方式] POST
[请求参数] {"query":null,"body":{}}
[请求头] {"Accept":"application/json, text/plain, */*","Content-Type":"application/json;charset=UTF-8","GL-X-XSRF-TOKEN":"d8c15fa0-f189-4741-9528-aff51dcc48b1","User-Agent":"Mozilla/5.0 (Windows NT 10.0; Win64; x64) AppleWebKit/537.36 (KHTML, like Gecko) Chrome/122.0.0.0 Safari/537.36","Origin":"https://pay.ds.163.com","Referer":"https://pay.ds.163.com/","GL-ClientType":"60","GL-DeviceId":"f5a39e72-10c8-4e5b-8cd8-367163453bc4","GL-Uid":"2d45e14739f64ff0a349161969c6c952","GL-CheckSum":"57f2305db725fd92d761cad2d373b483b1a9d0fa","Content-Length":"2","Accept-Encoding":"gzip, compress, deflate, br"}
[响应结果] {"httpStatus":200,"data":{"result":{"coupons":[{"couponId":"687076e69f3efd24cb2bed9c","name":"V1","amount":1,"xyLevel":"V1","seckillTime":"WEEKLY","periods":[{"weekDay":3,"seckillStartTime":1785902400000,"seckillEndTime":1786075199999,"status":"ENDED"},{"weekDay":5,"seckillStartTime":1786075200000,"seckillEndTime":1786334399999,"status":"PROGRESSING"},{"weekDay":1,"seckillStartTime":1786334400000,"seckillEndTime":1786507199999,"status":"NOT_STARTED"},{"weekDay":3,"seckillStartTime":1786507200000,"seckillEndTime":1786679999999,"status":"NOT_STARTED"},{"weekDay":5,"seckillStartTime":1786680000000,"seckillEndTime":1786939199999,"status":"NOT_STARTED"},{"weekDay":1,"seckillStartTime":1786939200000,"seckillEndTime":1787111999999,"status":"NOT_STARTED"}]},{"couponId":"68708657f56f912f57e063bf","name":"V2","amount":2,"xyLevel":"V2","seckillTime":"WEEKLY","periods":[{"weekDay":3,"seckillStartTime":1785902400000,"seckillEndTime":1786075199999,"status":"ENDED"},{"weekDay":5,"seckillStartTime":1786075200000,"seckillEndTime":1786334399999,"status":"PROGRESSING"},{"weekDay":1,"seckillStartTime":1786334400000,"seckillEndTime":1786507199999,"status":"NOT_STARTED"},{"weekDay":3,"seckillStartTime":1786507200000,"seckillEndTime":1786679999999,"status":"NOT_STARTED"},{"weekDay":5,"seckillStartTime":1786680000000,"seckillEndTime":1786939199999,"status":"NOT_STARTED"},{"weekDay":1,"seckillStartTime":1786939200000,"seckillEndTime":1787111999999,"status":"NOT_STARTED"}]},{"couponId":"6870867989fddd2bbdec96bc","name":"V3","amount":3,"xyLevel":"V3","seckillTime":"WEEKLY","periods":[{"weekDay":3,"seckillStartTime":1785902400000,"seckillEndTime":1786075199999,"status":"ENDED"},{"weekDay":5,"seckillStartTime":1786075200000,"seckillEndTime":1786334399999,"status":"PROGRESSING"},{"weekDay":1,"seckillStartTime":1786334400000,"seckillEndTime":1786507199999,"status":"NOT_STARTED"},{"weekDay":3,"seckillStartTime":1786507200000,"seckillEndTime":1786679999999,"status":"NOT_STARTED"},{"weekDay":5,"seckillStartTime":1786680000000,"seckillEndTime":1786939199999,"status":"NOT_STARTED"},{"weekDay":1,"seckillStartTime":1786939200000,"seckillEndTime":1787111999999,"status":"NOT_STARTED"}]},{"couponId":"6870869cf56f912f57e063c0","name":"V4","amount":8,"xyLevel":"V4","seckillTime":"WEEKLY","periods":[{"weekDay":3,"seckillStartTime":1785902400000,"seckillEndTime":1786075199999,"status":"ENDED"},{"weekDay":5,"seckillStartTime":1786075200000,"seckillEndTime":1786334399999,"status":"PROGRESSING"},{"weekDay":1,"seckillStartTime":1786334400000,"seckillEndTime":1786507199999,"status":"NOT_STARTED"},{"weekDay":3,"seckillStartTime":1786507200000,"seckillEndTime":1786679999999,"status":"NOT_STARTED"},{"weekDay":5,"seckillStartTime":1786680000000,"seckillEndTime":1786939199999,"status":"NOT_STARTED"},{"weekDay":1,"seckillStartTime":1786939200000,"seckillEndTime":1787111999999,"status":"NOT_STARTED"}]},{"couponId":"687086e33d0d02335c1804f4","name":"V5","amount":18,"xyLevel":"V5","seckillTime":"WEEKLY","periods":[{"weekDay":3,"seckillStartTime":1785902400000,"seckillEndTime":1786075199999,"status":"ENDED"},{"weekDay":5,"seckillStartTime":1786075200000,"seckillEndTime":1786334399999,"status":"PROGRESSING","acquiredStatus":"ACQUIRED","stockId":"687086e33d0d02335c1804f4_WEEKLY_1786075200000"},{"weekDay":1,"seckillStartTime":1786334400000,"seckillEndTime":1786507199999,"status":"NOT_STARTED"},{"weekDay":3,"seckillStartTime":1786507200000,"seckillEndTime":1786679999999,"status":"NOT_STARTED"},{"weekDay":5,"seckillStartTime":1786680000000,"seckillEndTime":1786939199999,"status":"NOT_STARTED"},{"weekDay":1,"seckillStartTime":1786939200000,"seckillEndTime":1787111999999,"status":"NOT_STARTED"}]},{"couponId":"68708705f56f912f57e063c3","name":"V6","amount":30,"xyLevel":"V6","seckillTime":"WEEKLY","periods":[{"weekDay":3,"seckillStartTime":1785902400000,"seckillEndTime":1786075199999,"status":"ENDED"},{"weekDay":5,"seckillStartTime":1786075200000,"seckillEndTime":1786334399999,"status":"PROGRESSING"},{"weekDay":1,"seckillStartTime":1786334400000,"seckillEndTime":1786507199999,"status":"NOT_STARTED"},{"weekDay":3,"seckillStartTime":1786507200000,"seckillEndTime":1786679999999,"status":"NOT_STARTED"},{"weekDay":5,"seckillStartTime":1786680000000,"seckillEndTime":1786939199999,"status":"NOT_STARTED"},{"weekDay":1,"seckillStartTime":1786939200000,"seckillEndTime":1787111999999,"status":"NOT_STARTED"}]},{"couponId":"6870872e89fddd2bbdec96bd","name":"V7","amount":75,"xyLevel":"V7","seckillTime":"WEEKLY","periods":[{"weekDay":3,"seckillStartTime":1785902400000,"seckillEndTime":1786075199999,"status":"ENDED"},{"weekDay":5,"seckillStartTime":1786075200000,"seckillEndTime":1786334399999,"status":"PROGRESSING"},{"weekDay":1,"seckillStartTime":1786334400000,"seckillEndTime":1786507199999,"status":"NOT_STARTED"},{"weekDay":3,"seckillStartTime":1786507200000,"seckillEndTime":1786679999999,"status":"NOT_STARTED"},{"weekDay":5,"seckillStartTime":1786680000000,"seckillEndTime":1786939199999,"status":"NOT_STARTED"},{"weekDay":1,"seckillStartTime":1786939200000,"seckillEndTime":1787111999999,"status":"NOT_STARTED"}]}]},"code":200,"errmsg":"OK"}}
============================================================
============================================================
[请求时间] 2026/8/10 11:59:46.674
[响应时间] 2026/8/10 11:59:46.792
[耗时] 118ms
[请求路径] https://pay-api.ds.163.com/v1/web/init/server/time
[请求方式] GET
[请求参数] {"query":null,"body":null}
[请求头] {"Accept":"application/json, text/plain, */*","Content-Type":"application/json;charset=UTF-8","GL-X-XSRF-TOKEN":"1079b026-c774-43e6-a33c-05e12fadcd6e","User-Agent":"Mozilla/5.0 (Windows NT 10.0; Win64; x64) AppleWebKit/537.36 (KHTML, like Gecko) Chrome/122.0.0.0 Safari/537.36","Origin":"https://pay.ds.163.com","Referer":"https://pay.ds.163.com/","GL-ClientType":"60","GL-DeviceId":"d098426f-23cb-443a-b1cd-6cc42a317bc7","GL-Uid":"e747fde440ca40648852073595ffdfb6","Accept-Encoding":"gzip, compress, deflate, br"}
[响应结果] {"httpStatus":404,"data":"<!DOCTYPE HTML PUBLIC \"-//W3C//DTD HTML 3.2 Final//EN\">\n<title>404 Not Found</title>\n<h1>Not Found</h1>\n<p>The requested URL was not found on the server. If you entered the URL manually please check your spelling and try again.</p>\n"}
============================================================
============================================================
[请求时间] 2026/8/10 11:59:46.738
[响应时间] 2026/8/10 11:59:46.845
[耗时] 107ms
[请求路径] https://pay-api.ds.163.com/v1/web/init/server/time
[请求方式] GET
[请求参数] {"query":null,"body":null}
[请求头] {"Accept":"application/json, text/plain, */*","Content-Type":"application/json;charset=UTF-8","GL-X-XSRF-TOKEN":"d8c15fa0-f189-4741-9528-aff51dcc48b1","User-Agent":"Mozilla/5.0 (Windows NT 10.0; Win64; x64) AppleWebKit/537.36 (KHTML, like Gecko) Chrome/122.0.0.0 Safari/537.36","Origin":"https://pay.ds.163.com","Referer":"https://pay.ds.163.com/","GL-ClientType":"60","GL-DeviceId":"f5a39e72-10c8-4e5b-8cd8-367163453bc4","GL-Uid":"2d45e14739f64ff0a349161969c6c952","Accept-Encoding":"gzip, compress, deflate, br"}
[响应结果] {"httpStatus":404,"data":"<!DOCTYPE HTML PUBLIC \"-//W3C//DTD HTML 3.2 Final//EN\">\n<title>404 Not Found</title>\n<h1>Not Found</h1>\n<p>The requested URL was not found on the server. If you entered the URL manually please check your spelling and try again.</p>\n"}
============================================================
============================================================
[请求时间] 2026/8/10 11:59:58.523
[响应时间] 2026/8/10 11:59:58.672
[耗时] 149ms
[请求路径] https://pay-api.ds.163.com/v1/web/init/server/time
[请求方式] GET
[请求参数] {"query":null,"body":null}
[请求头] {"Accept":"application/json, text/plain, */*","Content-Type":"application/json;charset=UTF-8","GL-X-XSRF-TOKEN":"1079b026-c774-43e6-a33c-05e12fadcd6e","User-Agent":"Mozilla/5.0 (Windows NT 10.0; Win64; x64) AppleWebKit/537.36 (KHTML, like Gecko) Chrome/122.0.0.0 Safari/537.36","Origin":"https://pay.ds.163.com","Referer":"https://pay.ds.163.com/","GL-ClientType":"60","GL-DeviceId":"d098426f-23cb-443a-b1cd-6cc42a317bc7","GL-Uid":"e747fde440ca40648852073595ffdfb6","Accept-Encoding":"gzip, compress, deflate, br"}
[响应结果] {"httpStatus":404,"data":"<!DOCTYPE HTML PUBLIC \"-//W3C//DTD HTML 3.2 Final//EN\">\n<title>404 Not Found</title>\n<h1>Not Found</h1>\n<p>The requested URL was not found on the server. If you entered the URL manually please check your spelling and try again.</p>\n"}
============================================================
============================================================
[请求时间] 2026/8/10 11:59:58.523
[响应时间] 2026/8/10 11:59:58.674
[耗时] 151ms
[请求路径] https://pay-api.ds.163.com/v1/web/init/server/time
[请求方式] GET
[请求参数] {"query":null,"body":null}
[请求头] {"Accept":"application/json, text/plain, */*","Content-Type":"application/json;charset=UTF-8","GL-X-XSRF-TOKEN":"d8c15fa0-f189-4741-9528-aff51dcc48b1","User-Agent":"Mozilla/5.0 (Windows NT 10.0; Win64; x64) AppleWebKit/537.36 (KHTML, like Gecko) Chrome/122.0.0.0 Safari/537.36","Origin":"https://pay.ds.163.com","Referer":"https://pay.ds.163.com/","GL-ClientType":"60","GL-DeviceId":"f5a39e72-10c8-4e5b-8cd8-367163453bc4","GL-Uid":"2d45e14739f64ff0a349161969c6c952","Accept-Encoding":"gzip, compress, deflate, br"}
[响应结果] {"httpStatus":404,"data":"<!DOCTYPE HTML PUBLIC \"-//W3C//DTD HTML 3.2 Final//EN\">\n<title>404 Not Found</title>\n<h1>Not Found</h1>\n<p>The requested URL was not found on the server. If you entered the URL manually please check your spelling and try again.</p>\n"}
============================================================
============================================================
[开火偏移] 延后 44ms（相对开抢 +44ms）
[目标开抢] 2026/8/10 12:00:00.000
[实际开火] 2026/8/10 12:00:00.044
[请求时间] 2026/8/10 12:00:00.061
[响应时间] 2026/8/10 12:00:01.058
[耗时] 997ms
[请求路径] https://inf.ds.163.com/v1/web/exp/week-coupon/acquire
[请求方式] POST
[请求参数] {"query":null,"body":{"couponId":"687086e33d0d02335c1804f4","stockId":"687086e33d0d02335c1804f4_WEEKLY_1786334400000"}}
[请求头] {"Accept":"application/json, text/plain, */*","Content-Type":"application/json;charset=UTF-8","GL-X-XSRF-TOKEN":"d8c15fa0-f189-4741-9528-aff51dcc48b1","User-Agent":"Mozilla/5.0 (Windows NT 10.0; Win64; x64) AppleWebKit/537.36 (KHTML, like Gecko) Chrome/122.0.0.0 Safari/537.36","Origin":"https://pay.ds.163.com","Referer":"https://pay.ds.163.com/","GL-ClientType":"60","GL-DeviceId":"f5a39e72-10c8-4e5b-8cd8-367163453bc4","GL-Uid":"2d45e14739f64ff0a349161969c6c952","GL-CheckSum":"8e9564dac197e760dda6afb5d72f3827509947ee","Content-Length":"97","Accept-Encoding":"gzip, compress, deflate, br"}
[响应结果] {"httpStatus":200,"data":{"result":{"received":true,"validityPeriod":2592000000},"code":200,"errmsg":"OK"}}
============================================================
============================================================
[开火偏移] 延后 47ms（相对开抢 +47ms）
[目标开抢] 2026/8/10 12:00:00.000
[实际开火] 2026/8/10 12:00:00.047
[请求时间] 2026/8/10 12:00:00.063
[响应时间] 2026/8/10 12:00:01.131
[耗时] 1068ms
[请求路径] https://inf.ds.163.com/v1/web/exp/week-coupon/acquire
[请求方式] POST
[请求参数] {"query":null,"body":{"couponId":"687086e33d0d02335c1804f4","stockId":"687086e33d0d02335c1804f4_WEEKLY_1786334400000"}}
[请求头] {"Accept":"application/json, text/plain, */*","Content-Type":"application/json;charset=UTF-8","GL-X-XSRF-TOKEN":"1079b026-c774-43e6-a33c-05e12fadcd6e","User-Agent":"Mozilla/5.0 (Windows NT 10.0; Win64; x64) AppleWebKit/537.36 (KHTML, like Gecko) Chrome/122.0.0.0 Safari/537.36","Origin":"https://pay.ds.163.com","Referer":"https://pay.ds.163.com/","GL-ClientType":"60","GL-DeviceId":"d098426f-23cb-443a-b1cd-6cc42a317bc7","GL-Uid":"e747fde440ca40648852073595ffdfb6","GL-CheckSum":"e81260eaf3f97098c8d6c431a013c11b6c13209b","Content-Length":"97","Accept-Encoding":"gzip, compress, deflate, br"}
[响应结果] {"httpStatus":200,"data":{"result":{"received":true,"validityPeriod":2592000000},"code":200,"errmsg":"OK"}}
============================================================
