============================================================
[请求时间] 2026/8/7 10:32:52.777
[响应时间] 2026/8/7 10:32:52.988
[耗时] 211ms
[请求路径] https://pay-api.ds.163.com/v1/web/init/server/time
[请求方式] GET
[请求参数] {"query":null,"body":null}
[请求头] {"Accept":"application/json, text/plain, */*","Content-Type":"application/json;charset=UTF-8","User-Agent":"Mozilla/5.0 (Windows NT 10.0; Win64; x64) AppleWebKit/537.36 (KHTML, like Gecko) Chrome/122.0.0.0 Safari/537.36","Origin":"https://pay.ds.163.com","Referer":"https://pay.ds.163.com/","GL-ClientType":"60","GL-DeviceId":"1e4c4551-79bf-4edb-9253-0836ac83d4e8","GL-Uid":"8f6ec79ee1304e6d83b136a924cb3d03","GL-X-XSRF-TOKEN":"488fa9e6-bf56-4e39-8bc3-0ee7e474ef15","Accept-Encoding":"gzip, compress, deflate, br"}
[响应结果] {"httpStatus":404,"data":"<!DOCTYPE HTML PUBLIC \"-//W3C//DTD HTML 3.2 Final//EN\">\n<title>404 Not Found</title>\n<h1>Not Found</h1>\n<p>The requested URL was not found on the server. If you entered the URL manually please check your spelling and try again.</p>\n"}
============================================================
============================================================
[请求时间] 2026/8/7 10:32:52.987
[响应时间] 2026/8/7 10:32:53.108
[耗时] 121ms
[请求路径] https://pay-api.ds.163.com/api/nlogin
[请求方式] GET
[请求参数] {"query":{},"body":null}
[请求头] {"Accept":"application/json, text/plain, */*","Content-Type":"application/json;charset=UTF-8","GL-X-XSRF-TOKEN":"488fa9e6-bf56-4e39-8bc3-0ee7e474ef15","User-Agent":"Mozilla/5.0 (Windows NT 10.0; Win64; x64) AppleWebKit/537.36 (KHTML, like Gecko) Chrome/122.0.0.0 Safari/537.36","Origin":"https://pay.ds.163.com","Referer":"https://pay.ds.163.com/","GL-ClientType":"60","GL-DeviceId":"1e4c4551-79bf-4edb-9253-0836ac83d4e8","GL-Uid":"8f6ec79ee1304e6d83b136a924cb3d03","Accept-Encoding":"gzip, compress, deflate, br"}
[响应结果] {"httpStatus":200,"data":{"code":413,"msg":"登录失败"}}
============================================================
============================================================
[请求时间] 2026/8/7 10:32:53.106
[响应时间] 2026/8/7 10:32:53.550
[耗时] 444ms
[请求路径] https://inf.ds.163.com/v1/web/cooperate/plutus/cookie-exchange
[请求方式] GET
[请求参数] {"query":null,"body":null}
[请求头] {"Accept":"application/json, text/plain, */*","Content-Type":"application/json;charset=UTF-8","GL-X-XSRF-TOKEN":"488fa9e6-bf56-4e39-8bc3-0ee7e474ef15","User-Agent":"Mozilla/5.0 (Windows NT 10.0; Win64; x64) AppleWebKit/537.36 (KHTML, like Gecko) Chrome/122.0.0.0 Safari/537.36","Origin":"https://pay.ds.163.com","Referer":"https://pay.ds.163.com/","GL-ClientType":"60","GL-DeviceId":"1e4c4551-79bf-4edb-9253-0836ac83d4e8","GL-Uid":"8f6ec79ee1304e6d83b136a924cb3d03","Accept-Encoding":"gzip, compress, deflate, br"}
[响应结果] {"httpStatus":200,"data":{"result":{"user":{"uid":"8f6ec79ee1304e6d83b136a924cb3d03","nick":"雪色心","icon":"https://ok.166.net/reunionpub/3_20251220_19b3a526004138871.jpeg","intro":"","gender":2,"birth":"2003-01-16","updateTime":1784282337352,"userSourceType":"URS"},"newUser":false},"code":200,"errmsg":"OK"}}
============================================================
============================================================
[请求时间] 2026/8/7 10:32:53.549
[响应时间] 2026/8/7 10:32:53.686
[耗时] 137ms
[请求路径] https://pay-api.ds.163.com/v1/web/init/server/time
[请求方式] GET
[请求参数] {"query":null,"body":null}
[请求头] {"Accept":"application/json, text/plain, */*","Content-Type":"application/json;charset=UTF-8","GL-X-XSRF-TOKEN":"488fa9e6-bf56-4e39-8bc3-0ee7e474ef15","User-Agent":"Mozilla/5.0 (Windows NT 10.0; Win64; x64) AppleWebKit/537.36 (KHTML, like Gecko) Chrome/122.0.0.0 Safari/537.36","Origin":"https://pay.ds.163.com","Referer":"https://pay.ds.163.com/","GL-ClientType":"60","GL-DeviceId":"1e4c4551-79bf-4edb-9253-0836ac83d4e8","GL-Uid":"8f6ec79ee1304e6d83b136a924cb3d03","Accept-Encoding":"gzip, compress, deflate, br"}
[响应结果] {"httpStatus":404,"data":"<!DOCTYPE HTML PUBLIC \"-//W3C//DTD HTML 3.2 Final//EN\">\n<title>404 Not Found</title>\n<h1>Not Found</h1>\n<p>The requested URL was not found on the server. If you entered the URL manually please check your spelling and try again.</p>\n"}
============================================================
============================================================
[请求时间] 2026/8/7 10:32:53.685
[响应时间] 2026/8/7 10:32:53.916
[耗时] 231ms
[请求路径] https://inf.ds.163.com/v1/web/exp/xy/user/get-info
[请求方式] POST
[请求参数] {"query":null,"body":{}}
[请求头] {"Accept":"application/json, text/plain, */*","Content-Type":"application/json;charset=UTF-8","GL-X-XSRF-TOKEN":"488fa9e6-bf56-4e39-8bc3-0ee7e474ef15","User-Agent":"Mozilla/5.0 (Windows NT 10.0; Win64; x64) AppleWebKit/537.36 (KHTML, like Gecko) Chrome/122.0.0.0 Safari/537.36","Origin":"https://pay.ds.163.com","Referer":"https://pay.ds.163.com/","GL-ClientType":"60","GL-DeviceId":"1e4c4551-79bf-4edb-9253-0836ac83d4e8","GL-Uid":"8f6ec79ee1304e6d83b136a924cb3d03","GL-CheckSum":"a2ec4fec3c11c34e4453ab220217e74a853b19d9","Content-Length":"2","Accept-Encoding":"gzip, compress, deflate, br"}
[响应结果] {"httpStatus":200,"data":{"result":{"growthPoint":230387,"currentLv":"V5","diffNextLvGrowthPoint":69613,"currentLvExpireDate":"20261230","currentLvExpire":1798560000000,"nextLv":"V6","activeGames":["l36","u5","h74"],"last365LoginGames":["u5","h74","l36","h72"],"initDate":"20251230","lastLv":"V5"},"code":200,"errmsg":"OK"}}
============================================================
============================================================
[请求时间] 2026/8/7 10:32:53.915
[响应时间] 2026/8/7 10:32:54.155
[耗时] 240ms
[请求路径] https://inf.ds.163.com/v1/web/exp/week-coupon/showing-list-v2
[请求方式] POST
[请求参数] {"query":null,"body":{}}
[请求头] {"Accept":"application/json, text/plain, */*","Content-Type":"application/json;charset=UTF-8","GL-X-XSRF-TOKEN":"488fa9e6-bf56-4e39-8bc3-0ee7e474ef15","User-Agent":"Mozilla/5.0 (Windows NT 10.0; Win64; x64) AppleWebKit/537.36 (KHTML, like Gecko) Chrome/122.0.0.0 Safari/537.36","Origin":"https://pay.ds.163.com","Referer":"https://pay.ds.163.com/","GL-ClientType":"60","GL-DeviceId":"1e4c4551-79bf-4edb-9253-0836ac83d4e8","GL-Uid":"8f6ec79ee1304e6d83b136a924cb3d03","GL-CheckSum":"a2ec4fec3c11c34e4453ab220217e74a853b19d9","Content-Length":"2","Accept-Encoding":"gzip, compress, deflate, br"}
[响应结果] {"httpStatus":200,"data":{"result":{"coupons":[{"couponId":"687076e69f3efd24cb2bed9c","name":"V1","amount":1,"xyLevel":"V1","seckillTime":"WEEKLY","periods":[{"weekDay":1,"seckillStartTime":1785729600000,"seckillEndTime":1785902399999,"status":"ENDED"},{"weekDay":3,"seckillStartTime":1785902400000,"seckillEndTime":1786075199999,"status":"PROGRESSING"},{"weekDay":5,"seckillStartTime":1786075200000,"seckillEndTime":1786334399999,"status":"NOT_STARTED"},{"weekDay":1,"seckillStartTime":1786334400000,"seckillEndTime":1786507199999,"status":"NOT_STARTED"},{"weekDay":3,"seckillStartTime":1786507200000,"seckillEndTime":1786679999999,"status":"NOT_STARTED"},{"weekDay":5,"seckillStartTime":1786680000000,"seckillEndTime":1785729599999,"status":"NOT_STARTED"}]},{"couponId":"68708657f56f912f57e063bf","name":"V2","amount":2,"xyLevel":"V2","seckillTime":"WEEKLY","periods":[{"weekDay":1,"seckillStartTime":1785729600000,"seckillEndTime":1785902399999,"status":"ENDED"},{"weekDay":3,"seckillStartTime":1785902400000,"seckillEndTime":1786075199999,"status":"PROGRESSING"},{"weekDay":5,"seckillStartTime":1786075200000,"seckillEndTime":1786334399999,"status":"NOT_STARTED"},{"weekDay":1,"seckillStartTime":1786334400000,"seckillEndTime":1786507199999,"status":"NOT_STARTED"},{"weekDay":3,"seckillStartTime":1786507200000,"seckillEndTime":1786679999999,"status":"NOT_STARTED"},{"weekDay":5,"seckillStartTime":1786680000000,"seckillEndTime":1785729599999,"status":"NOT_STARTED"}]},{"couponId":"6870867989fddd2bbdec96bc","name":"V3","amount":3,"xyLevel":"V3","seckillTime":"WEEKLY","periods":[{"weekDay":1,"seckillStartTime":1785729600000,"seckillEndTime":1785902399999,"status":"ENDED"},{"weekDay":3,"seckillStartTime":1785902400000,"seckillEndTime":1786075199999,"status":"PROGRESSING"},{"weekDay":5,"seckillStartTime":1786075200000,"seckillEndTime":1786334399999,"status":"NOT_STARTED"},{"weekDay":1,"seckillStartTime":1786334400000,"seckillEndTime":1786507199999,"status":"NOT_STARTED"},{"weekDay":3,"seckillStartTime":1786507200000,"seckillEndTime":1786679999999,"status":"NOT_STARTED"},{"weekDay":5,"seckillStartTime":1786680000000,"seckillEndTime":1785729599999,"status":"NOT_STARTED"}]},{"couponId":"6870869cf56f912f57e063c0","name":"V4","amount":8,"xyLevel":"V4","seckillTime":"WEEKLY","periods":[{"weekDay":1,"seckillStartTime":1785729600000,"seckillEndTime":1785902399999,"status":"ENDED"},{"weekDay":3,"seckillStartTime":1785902400000,"seckillEndTime":1786075199999,"status":"PROGRESSING"},{"weekDay":5,"seckillStartTime":1786075200000,"seckillEndTime":1786334399999,"status":"NOT_STARTED"},{"weekDay":1,"seckillStartTime":1786334400000,"seckillEndTime":1786507199999,"status":"NOT_STARTED"},{"weekDay":3,"seckillStartTime":1786507200000,"seckillEndTime":1786679999999,"status":"NOT_STARTED"},{"weekDay":5,"seckillStartTime":1786680000000,"seckillEndTime":1785729599999,"status":"NOT_STARTED"}]},{"couponId":"687086e33d0d02335c1804f4","name":"V5","amount":18,"xyLevel":"V5","seckillTime":"WEEKLY","periods":[{"weekDay":1,"seckillStartTime":1785729600000,"seckillEndTime":1785902399999,"status":"ENDED"},{"weekDay":3,"seckillStartTime":1785902400000,"seckillEndTime":1786075199999,"status":"PROGRESSING","acquiredStatus":"ACQUIRED","stockId":"687086e33d0d02335c1804f4_WEEKLY_1785902400000"},{"weekDay":5,"seckillStartTime":1786075200000,"seckillEndTime":1786334399999,"status":"NOT_STARTED"},{"weekDay":1,"seckillStartTime":1786334400000,"seckillEndTime":1786507199999,"status":"NOT_STARTED"},{"weekDay":3,"seckillStartTime":1786507200000,"seckillEndTime":1786679999999,"status":"NOT_STARTED"},{"weekDay":5,"seckillStartTime":1786680000000,"seckillEndTime":1785729599999,"status":"NOT_STARTED"}]},{"couponId":"68708705f56f912f57e063c3","name":"V6","amount":30,"xyLevel":"V6","seckillTime":"WEEKLY","periods":[{"weekDay":1,"seckillStartTime":1785729600000,"seckillEndTime":1785902399999,"status":"ENDED"},{"weekDay":3,"seckillStartTime":1785902400000,"seckillEndTime":1786075199999,"status":"PROGRESSING"},{"weekDay":5,"seckillStartTime":1786075200000,"seckillEndTime":1786334399999,"status":"NOT_STARTED"},{"weekDay":1,"seckillStartTime":1786334400000,"seckillEndTime":1786507199999,"status":"NOT_STARTED"},{"weekDay":3,"seckillStartTime":1786507200000,"seckillEndTime":1786679999999,"status":"NOT_STARTED"},{"weekDay":5,"seckillStartTime":1786680000000,"seckillEndTime":1785729599999,"status":"NOT_STARTED"}]},{"couponId":"6870872e89fddd2bbdec96bd","name":"V7","amount":75,"xyLevel":"V7","seckillTime":"WEEKLY","periods":[{"weekDay":1,"seckillStartTime":1785729600000,"seckillEndTime":1785902399999,"status":"ENDED"},{"weekDay":3,"seckillStartTime":1785902400000,"seckillEndTime":1786075199999,"status":"PROGRESSING"},{"weekDay":5,"seckillStartTime":1786075200000,"seckillEndTime":1786334399999,"status":"NOT_STARTED"},{"weekDay":1,"seckillStartTime":1786334400000,"seckillEndTime":1786507199999,"status":"NOT_STARTED"},{"weekDay":3,"seckillStartTime":1786507200000,"seckillEndTime":1786679999999,"status":"NOT_STARTED"},{"weekDay":5,"seckillStartTime":1786680000000,"seckillEndTime":1785729599999,"status":"NOT_STARTED"}]}]},"code":200,"errmsg":"OK"}}
============================================================
============================================================
[请求时间] 2026/8/7 10:32:54.161
[响应时间] 2026/8/7 10:32:54.403
[耗时] 242ms
[请求路径] https://inf.ds.163.com/v1/web/exp/week-coupon/showing-list-v2
[请求方式] POST
[请求参数] {"query":null,"body":{}}
[请求头] {"Accept":"application/json, text/plain, */*","Content-Type":"application/json;charset=UTF-8","GL-X-XSRF-TOKEN":"488fa9e6-bf56-4e39-8bc3-0ee7e474ef15","User-Agent":"Mozilla/5.0 (Windows NT 10.0; Win64; x64) AppleWebKit/537.36 (KHTML, like Gecko) Chrome/122.0.0.0 Safari/537.36","Origin":"https://pay.ds.163.com","Referer":"https://pay.ds.163.com/","GL-ClientType":"60","GL-DeviceId":"1e4c4551-79bf-4edb-9253-0836ac83d4e8","GL-Uid":"8f6ec79ee1304e6d83b136a924cb3d03","GL-CheckSum":"a2ec4fec3c11c34e4453ab220217e74a853b19d9","Content-Length":"2","Accept-Encoding":"gzip, compress, deflate, br"}
[响应结果] {"httpStatus":200,"data":{"result":{"coupons":[{"couponId":"687076e69f3efd24cb2bed9c","name":"V1","amount":1,"xyLevel":"V1","seckillTime":"WEEKLY","periods":[{"weekDay":1,"seckillStartTime":1785729600000,"seckillEndTime":1785902399999,"status":"ENDED"},{"weekDay":3,"seckillStartTime":1785902400000,"seckillEndTime":1786075199999,"status":"PROGRESSING"},{"weekDay":5,"seckillStartTime":1786075200000,"seckillEndTime":1786334399999,"status":"NOT_STARTED"},{"weekDay":1,"seckillStartTime":1786334400000,"seckillEndTime":1786507199999,"status":"NOT_STARTED"},{"weekDay":3,"seckillStartTime":1786507200000,"seckillEndTime":1786679999999,"status":"NOT_STARTED"},{"weekDay":5,"seckillStartTime":1786680000000,"seckillEndTime":1785729599999,"status":"NOT_STARTED"}]},{"couponId":"68708657f56f912f57e063bf","name":"V2","amount":2,"xyLevel":"V2","seckillTime":"WEEKLY","periods":[{"weekDay":1,"seckillStartTime":1785729600000,"seckillEndTime":1785902399999,"status":"ENDED"},{"weekDay":3,"seckillStartTime":1785902400000,"seckillEndTime":1786075199999,"status":"PROGRESSING"},{"weekDay":5,"seckillStartTime":1786075200000,"seckillEndTime":1786334399999,"status":"NOT_STARTED"},{"weekDay":1,"seckillStartTime":1786334400000,"seckillEndTime":1786507199999,"status":"NOT_STARTED"},{"weekDay":3,"seckillStartTime":1786507200000,"seckillEndTime":1786679999999,"status":"NOT_STARTED"},{"weekDay":5,"seckillStartTime":1786680000000,"seckillEndTime":1785729599999,"status":"NOT_STARTED"}]},{"couponId":"6870867989fddd2bbdec96bc","name":"V3","amount":3,"xyLevel":"V3","seckillTime":"WEEKLY","periods":[{"weekDay":1,"seckillStartTime":1785729600000,"seckillEndTime":1785902399999,"status":"ENDED"},{"weekDay":3,"seckillStartTime":1785902400000,"seckillEndTime":1786075199999,"status":"PROGRESSING"},{"weekDay":5,"seckillStartTime":1786075200000,"seckillEndTime":1786334399999,"status":"NOT_STARTED"},{"weekDay":1,"seckillStartTime":1786334400000,"seckillEndTime":1786507199999,"status":"NOT_STARTED"},{"weekDay":3,"seckillStartTime":1786507200000,"seckillEndTime":1786679999999,"status":"NOT_STARTED"},{"weekDay":5,"seckillStartTime":1786680000000,"seckillEndTime":1785729599999,"status":"NOT_STARTED"}]},{"couponId":"6870869cf56f912f57e063c0","name":"V4","amount":8,"xyLevel":"V4","seckillTime":"WEEKLY","periods":[{"weekDay":1,"seckillStartTime":1785729600000,"seckillEndTime":1785902399999,"status":"ENDED"},{"weekDay":3,"seckillStartTime":1785902400000,"seckillEndTime":1786075199999,"status":"PROGRESSING"},{"weekDay":5,"seckillStartTime":1786075200000,"seckillEndTime":1786334399999,"status":"NOT_STARTED"},{"weekDay":1,"seckillStartTime":1786334400000,"seckillEndTime":1786507199999,"status":"NOT_STARTED"},{"weekDay":3,"seckillStartTime":1786507200000,"seckillEndTime":1786679999999,"status":"NOT_STARTED"},{"weekDay":5,"seckillStartTime":1786680000000,"seckillEndTime":1785729599999,"status":"NOT_STARTED"}]},{"couponId":"687086e33d0d02335c1804f4","name":"V5","amount":18,"xyLevel":"V5","seckillTime":"WEEKLY","periods":[{"weekDay":1,"seckillStartTime":1785729600000,"seckillEndTime":1785902399999,"status":"ENDED"},{"weekDay":3,"seckillStartTime":1785902400000,"seckillEndTime":1786075199999,"status":"PROGRESSING","acquiredStatus":"ACQUIRED","stockId":"687086e33d0d02335c1804f4_WEEKLY_1785902400000"},{"weekDay":5,"seckillStartTime":1786075200000,"seckillEndTime":1786334399999,"status":"NOT_STARTED"},{"weekDay":1,"seckillStartTime":1786334400000,"seckillEndTime":1786507199999,"status":"NOT_STARTED"},{"weekDay":3,"seckillStartTime":1786507200000,"seckillEndTime":1786679999999,"status":"NOT_STARTED"},{"weekDay":5,"seckillStartTime":1786680000000,"seckillEndTime":1785729599999,"status":"NOT_STARTED"}]},{"couponId":"68708705f56f912f57e063c3","name":"V6","amount":30,"xyLevel":"V6","seckillTime":"WEEKLY","periods":[{"weekDay":1,"seckillStartTime":1785729600000,"seckillEndTime":1785902399999,"status":"ENDED"},{"weekDay":3,"seckillStartTime":1785902400000,"seckillEndTime":1786075199999,"status":"PROGRESSING"},{"weekDay":5,"seckillStartTime":1786075200000,"seckillEndTime":1786334399999,"status":"NOT_STARTED"},{"weekDay":1,"seckillStartTime":1786334400000,"seckillEndTime":1786507199999,"status":"NOT_STARTED"},{"weekDay":3,"seckillStartTime":1786507200000,"seckillEndTime":1786679999999,"status":"NOT_STARTED"},{"weekDay":5,"seckillStartTime":1786680000000,"seckillEndTime":1785729599999,"status":"NOT_STARTED"}]},{"couponId":"6870872e89fddd2bbdec96bd","name":"V7","amount":75,"xyLevel":"V7","seckillTime":"WEEKLY","periods":[{"weekDay":1,"seckillStartTime":1785729600000,"seckillEndTime":1785902399999,"status":"ENDED"},{"weekDay":3,"seckillStartTime":1785902400000,"seckillEndTime":1786075199999,"status":"PROGRESSING"},{"weekDay":5,"seckillStartTime":1786075200000,"seckillEndTime":1786334399999,"status":"NOT_STARTED"},{"weekDay":1,"seckillStartTime":1786334400000,"seckillEndTime":1786507199999,"status":"NOT_STARTED"},{"weekDay":3,"seckillStartTime":1786507200000,"seckillEndTime":1786679999999,"status":"NOT_STARTED"},{"weekDay":5,"seckillStartTime":1786680000000,"seckillEndTime":1785729599999,"status":"NOT_STARTED"}]}]},"code":200,"errmsg":"OK"}}
============================================================
============================================================
[请求时间] 2026/8/7 10:32:54.401
[响应时间] 2026/8/7 10:32:54.507
[耗时] 106ms
[请求路径] https://pay-api.ds.163.com/v1/web/init/server/time
[请求方式] GET
[请求参数] {"query":null,"body":null}
[请求头] {"Accept":"application/json, text/plain, */*","Content-Type":"application/json;charset=UTF-8","GL-X-XSRF-TOKEN":"488fa9e6-bf56-4e39-8bc3-0ee7e474ef15","User-Agent":"Mozilla/5.0 (Windows NT 10.0; Win64; x64) AppleWebKit/537.36 (KHTML, like Gecko) Chrome/122.0.0.0 Safari/537.36","Origin":"https://pay.ds.163.com","Referer":"https://pay.ds.163.com/","GL-ClientType":"60","GL-DeviceId":"1e4c4551-79bf-4edb-9253-0836ac83d4e8","GL-Uid":"8f6ec79ee1304e6d83b136a924cb3d03","Accept-Encoding":"gzip, compress, deflate, br"}
[响应结果] {"httpStatus":404,"data":"<!DOCTYPE HTML PUBLIC \"-//W3C//DTD HTML 3.2 Final//EN\">\n<title>404 Not Found</title>\n<h1>Not Found</h1>\n<p>The requested URL was not found on the server. If you entered the URL manually please check your spelling and try again.</p>\n"}
============================================================
============================================================
[请求时间] 2026/8/7 10:32:54.503
[响应时间] 2026/8/7 10:32:54.620
[耗时] 117ms
[请求路径] https://pay-api.ds.163.com/api/nlogin
[请求方式] GET
[请求参数] {"query":{},"body":null}
[请求头] {"Accept":"application/json, text/plain, */*","Content-Type":"application/json;charset=UTF-8","GL-X-XSRF-TOKEN":"488fa9e6-bf56-4e39-8bc3-0ee7e474ef15","User-Agent":"Mozilla/5.0 (Windows NT 10.0; Win64; x64) AppleWebKit/537.36 (KHTML, like Gecko) Chrome/122.0.0.0 Safari/537.36","Origin":"https://pay.ds.163.com","Referer":"https://pay.ds.163.com/","GL-ClientType":"60","GL-DeviceId":"1e4c4551-79bf-4edb-9253-0836ac83d4e8","GL-Uid":"8f6ec79ee1304e6d83b136a924cb3d03","Accept-Encoding":"gzip, compress, deflate, br"}
[响应结果] {"httpStatus":200,"data":{"code":413,"msg":"登录失败"}}
============================================================
============================================================
[请求时间] 2026/8/7 10:33:58.523
[响应时间] 2026/8/7 10:33:58.690
[耗时] 167ms
[请求路径] https://pay-api.ds.163.com/v1/web/init/server/time
[请求方式] GET
[请求参数] {"query":null,"body":null}
[请求头] {"Accept":"application/json, text/plain, */*","Content-Type":"application/json;charset=UTF-8","GL-X-XSRF-TOKEN":"488fa9e6-bf56-4e39-8bc3-0ee7e474ef15","User-Agent":"Mozilla/5.0 (Windows NT 10.0; Win64; x64) AppleWebKit/537.36 (KHTML, like Gecko) Chrome/122.0.0.0 Safari/537.36","Origin":"https://pay.ds.163.com","Referer":"https://pay.ds.163.com/","GL-ClientType":"60","GL-DeviceId":"1e4c4551-79bf-4edb-9253-0836ac83d4e8","GL-Uid":"8f6ec79ee1304e6d83b136a924cb3d03","Accept-Encoding":"gzip, compress, deflate, br"}
[响应结果] {"httpStatus":404,"data":"<!DOCTYPE HTML PUBLIC \"-//W3C//DTD HTML 3.2 Final//EN\">\n<title>404 Not Found</title>\n<h1>Not Found</h1>\n<p>The requested URL was not found on the server. If you entered the URL manually please check your spelling and try again.</p>\n"}
============================================================
============================================================
[开火偏移] 延后 27ms（相对开抢 +27ms）
[目标开抢] 2026/8/7 10:34:00.000
[实际开火] 2026/8/7 10:34:00.027
[请求时间] 2026/8/7 10:34:00.039
[响应时间] 2026/8/7 10:34:00.290
[耗时] 251ms
[请求路径] https://inf.ds.163.com/v1/web/exp/week-coupon/acquire
[请求方式] POST
[请求参数] {"query":null,"body":{"couponId":"687086e33d0d02335c1804f4","stockId":"687086e33d0d02335c1804f4_WEEKLY_1786075200000"}}
[请求头] {"Accept":"application/json, text/plain, */*","Content-Type":"application/json;charset=UTF-8","GL-X-XSRF-TOKEN":"488fa9e6-bf56-4e39-8bc3-0ee7e474ef15","User-Agent":"Mozilla/5.0 (Windows NT 10.0; Win64; x64) AppleWebKit/537.36 (KHTML, like Gecko) Chrome/122.0.0.0 Safari/537.36","Origin":"https://pay.ds.163.com","Referer":"https://pay.ds.163.com/","GL-ClientType":"60","GL-DeviceId":"1e4c4551-79bf-4edb-9253-0836ac83d4e8","GL-Uid":"8f6ec79ee1304e6d83b136a924cb3d03","GL-CheckSum":"85a73db69314a662d0c82f43232c9bc98c7086b2","Content-Length":"97","Accept-Encoding":"gzip, compress, deflate, br"}
[响应结果] {"httpStatus":200,"data":{"code":803,"errmsg":"库存已失效"}}
============================================================
============================================================
[请求时间] 2026/8/7 10:34:00.289
[响应时间] 2026/8/7 10:34:00.526
[耗时] 237ms
[请求路径] https://inf.ds.163.com/v1/web/exp/week-coupon/showing-list-v2
[请求方式] POST
[请求参数] {"query":null,"body":{}}
[请求头] {"Accept":"application/json, text/plain, */*","Content-Type":"application/json;charset=UTF-8","GL-X-XSRF-TOKEN":"488fa9e6-bf56-4e39-8bc3-0ee7e474ef15","User-Agent":"Mozilla/5.0 (Windows NT 10.0; Win64; x64) AppleWebKit/537.36 (KHTML, like Gecko) Chrome/122.0.0.0 Safari/537.36","Origin":"https://pay.ds.163.com","Referer":"https://pay.ds.163.com/","GL-ClientType":"60","GL-DeviceId":"1e4c4551-79bf-4edb-9253-0836ac83d4e8","GL-Uid":"8f6ec79ee1304e6d83b136a924cb3d03","GL-CheckSum":"a2ec4fec3c11c34e4453ab220217e74a853b19d9","Content-Length":"2","Accept-Encoding":"gzip, compress, deflate, br"}
[响应结果] {"httpStatus":200,"data":{"result":{"coupons":[{"couponId":"687076e69f3efd24cb2bed9c","name":"V1","amount":1,"xyLevel":"V1","seckillTime":"WEEKLY","periods":[{"weekDay":1,"seckillStartTime":1785729600000,"seckillEndTime":1785902399999,"status":"ENDED"},{"weekDay":3,"seckillStartTime":1785902400000,"seckillEndTime":1786075199999,"status":"PROGRESSING"},{"weekDay":5,"seckillStartTime":1786075200000,"seckillEndTime":1786334399999,"status":"NOT_STARTED"},{"weekDay":1,"seckillStartTime":1786334400000,"seckillEndTime":1786507199999,"status":"NOT_STARTED"},{"weekDay":3,"seckillStartTime":1786507200000,"seckillEndTime":1786679999999,"status":"NOT_STARTED"},{"weekDay":5,"seckillStartTime":1786680000000,"seckillEndTime":1785729599999,"status":"NOT_STARTED"}]},{"couponId":"68708657f56f912f57e063bf","name":"V2","amount":2,"xyLevel":"V2","seckillTime":"WEEKLY","periods":[{"weekDay":1,"seckillStartTime":1785729600000,"seckillEndTime":1785902399999,"status":"ENDED"},{"weekDay":3,"seckillStartTime":1785902400000,"seckillEndTime":1786075199999,"status":"PROGRESSING"},{"weekDay":5,"seckillStartTime":1786075200000,"seckillEndTime":1786334399999,"status":"NOT_STARTED"},{"weekDay":1,"seckillStartTime":1786334400000,"seckillEndTime":1786507199999,"status":"NOT_STARTED"},{"weekDay":3,"seckillStartTime":1786507200000,"seckillEndTime":1786679999999,"status":"NOT_STARTED"},{"weekDay":5,"seckillStartTime":1786680000000,"seckillEndTime":1785729599999,"status":"NOT_STARTED"}]},{"couponId":"6870867989fddd2bbdec96bc","name":"V3","amount":3,"xyLevel":"V3","seckillTime":"WEEKLY","periods":[{"weekDay":1,"seckillStartTime":1785729600000,"seckillEndTime":1785902399999,"status":"ENDED"},{"weekDay":3,"seckillStartTime":1785902400000,"seckillEndTime":1786075199999,"status":"PROGRESSING"},{"weekDay":5,"seckillStartTime":1786075200000,"seckillEndTime":1786334399999,"status":"NOT_STARTED"},{"weekDay":1,"seckillStartTime":1786334400000,"seckillEndTime":1786507199999,"status":"NOT_STARTED"},{"weekDay":3,"seckillStartTime":1786507200000,"seckillEndTime":1786679999999,"status":"NOT_STARTED"},{"weekDay":5,"seckillStartTime":1786680000000,"seckillEndTime":1785729599999,"status":"NOT_STARTED"}]},{"couponId":"6870869cf56f912f57e063c0","name":"V4","amount":8,"xyLevel":"V4","seckillTime":"WEEKLY","periods":[{"weekDay":1,"seckillStartTime":1785729600000,"seckillEndTime":1785902399999,"status":"ENDED"},{"weekDay":3,"seckillStartTime":1785902400000,"seckillEndTime":1786075199999,"status":"PROGRESSING"},{"weekDay":5,"seckillStartTime":1786075200000,"seckillEndTime":1786334399999,"status":"NOT_STARTED"},{"weekDay":1,"seckillStartTime":1786334400000,"seckillEndTime":1786507199999,"status":"NOT_STARTED"},{"weekDay":3,"seckillStartTime":1786507200000,"seckillEndTime":1786679999999,"status":"NOT_STARTED"},{"weekDay":5,"seckillStartTime":1786680000000,"seckillEndTime":1785729599999,"status":"NOT_STARTED"}]},{"couponId":"687086e33d0d02335c1804f4","name":"V5","amount":18,"xyLevel":"V5","seckillTime":"WEEKLY","periods":[{"weekDay":1,"seckillStartTime":1785729600000,"seckillEndTime":1785902399999,"status":"ENDED"},{"weekDay":3,"seckillStartTime":1785902400000,"seckillEndTime":1786075199999,"status":"PROGRESSING","acquiredStatus":"ACQUIRED","stockId":"687086e33d0d02335c1804f4_WEEKLY_1785902400000"},{"weekDay":5,"seckillStartTime":1786075200000,"seckillEndTime":1786334399999,"status":"NOT_STARTED"},{"weekDay":1,"seckillStartTime":1786334400000,"seckillEndTime":1786507199999,"status":"NOT_STARTED"},{"weekDay":3,"seckillStartTime":1786507200000,"seckillEndTime":1786679999999,"status":"NOT_STARTED"},{"weekDay":5,"seckillStartTime":1786680000000,"seckillEndTime":1785729599999,"status":"NOT_STARTED"}]},{"couponId":"68708705f56f912f57e063c3","name":"V6","amount":30,"xyLevel":"V6","seckillTime":"WEEKLY","periods":[{"weekDay":1,"seckillStartTime":1785729600000,"seckillEndTime":1785902399999,"status":"ENDED"},{"weekDay":3,"seckillStartTime":1785902400000,"seckillEndTime":1786075199999,"status":"PROGRESSING"},{"weekDay":5,"seckillStartTime":1786075200000,"seckillEndTime":1786334399999,"status":"NOT_STARTED"},{"weekDay":1,"seckillStartTime":1786334400000,"seckillEndTime":1786507199999,"status":"NOT_STARTED"},{"weekDay":3,"seckillStartTime":1786507200000,"seckillEndTime":1786679999999,"status":"NOT_STARTED"},{"weekDay":5,"seckillStartTime":1786680000000,"seckillEndTime":1785729599999,"status":"NOT_STARTED"}]},{"couponId":"6870872e89fddd2bbdec96bd","name":"V7","amount":75,"xyLevel":"V7","seckillTime":"WEEKLY","periods":[{"weekDay":1,"seckillStartTime":1785729600000,"seckillEndTime":1785902399999,"status":"ENDED"},{"weekDay":3,"seckillStartTime":1785902400000,"seckillEndTime":1786075199999,"status":"PROGRESSING"},{"weekDay":5,"seckillStartTime":1786075200000,"seckillEndTime":1786334399999,"status":"NOT_STARTED"},{"weekDay":1,"seckillStartTime":1786334400000,"seckillEndTime":1786507199999,"status":"NOT_STARTED"},{"weekDay":3,"seckillStartTime":1786507200000,"seckillEndTime":1786679999999,"status":"NOT_STARTED"},{"weekDay":5,"seckillStartTime":1786680000000,"seckillEndTime":1785729599999,"status":"NOT_STARTED"}]}]},"code":200,"errmsg":"OK"}}
============================================================
============================================================
[请求时间] 2026/8/7 10:34:01.526
[响应时间] 2026/8/7 10:34:01.755
[耗时] 229ms
[请求路径] https://inf.ds.163.com/v1/web/exp/week-coupon/acquire
[请求方式] POST
[请求参数] {"query":null,"body":{"couponId":"687086e33d0d02335c1804f4","stockId":"687086e33d0d02335c1804f4_WEEKLY_1786075200000"}}
[请求头] {"Accept":"application/json, text/plain, */*","Content-Type":"application/json;charset=UTF-8","GL-X-XSRF-TOKEN":"488fa9e6-bf56-4e39-8bc3-0ee7e474ef15","User-Agent":"Mozilla/5.0 (Windows NT 10.0; Win64; x64) AppleWebKit/537.36 (KHTML, like Gecko) Chrome/122.0.0.0 Safari/537.36","Origin":"https://pay.ds.163.com","Referer":"https://pay.ds.163.com/","GL-ClientType":"60","GL-DeviceId":"1e4c4551-79bf-4edb-9253-0836ac83d4e8","GL-Uid":"8f6ec79ee1304e6d83b136a924cb3d03","GL-CheckSum":"85a73db69314a662d0c82f43232c9bc98c7086b2","Content-Length":"97","Accept-Encoding":"gzip, compress, deflate, br"}
[响应结果] {"httpStatus":200,"data":{"code":803,"errmsg":"库存已失效"}}
============================================================
============================================================
[请求时间] 2026/8/7 10:34:01.754
[响应时间] 2026/8/7 10:34:01.974
[耗时] 220ms
[请求路径] https://inf.ds.163.com/v1/web/exp/week-coupon/showing-list-v2
[请求方式] POST
[请求参数] {"query":null,"body":{}}
[请求头] {"Accept":"application/json, text/plain, */*","Content-Type":"application/json;charset=UTF-8","GL-X-XSRF-TOKEN":"488fa9e6-bf56-4e39-8bc3-0ee7e474ef15","User-Agent":"Mozilla/5.0 (Windows NT 10.0; Win64; x64) AppleWebKit/537.36 (KHTML, like Gecko) Chrome/122.0.0.0 Safari/537.36","Origin":"https://pay.ds.163.com","Referer":"https://pay.ds.163.com/","GL-ClientType":"60","GL-DeviceId":"1e4c4551-79bf-4edb-9253-0836ac83d4e8","GL-Uid":"8f6ec79ee1304e6d83b136a924cb3d03","GL-CheckSum":"a2ec4fec3c11c34e4453ab220217e74a853b19d9","Content-Length":"2","Accept-Encoding":"gzip, compress, deflate, br"}
[响应结果] {"httpStatus":200,"data":{"result":{"coupons":[{"couponId":"687076e69f3efd24cb2bed9c","name":"V1","amount":1,"xyLevel":"V1","seckillTime":"WEEKLY","periods":[{"weekDay":1,"seckillStartTime":1785729600000,"seckillEndTime":1785902399999,"status":"ENDED"},{"weekDay":3,"seckillStartTime":1785902400000,"seckillEndTime":1786075199999,"status":"PROGRESSING"},{"weekDay":5,"seckillStartTime":1786075200000,"seckillEndTime":1786334399999,"status":"NOT_STARTED"},{"weekDay":1,"seckillStartTime":1786334400000,"seckillEndTime":1786507199999,"status":"NOT_STARTED"},{"weekDay":3,"seckillStartTime":1786507200000,"seckillEndTime":1786679999999,"status":"NOT_STARTED"},{"weekDay":5,"seckillStartTime":1786680000000,"seckillEndTime":1785729599999,"status":"NOT_STARTED"}]},{"couponId":"68708657f56f912f57e063bf","name":"V2","amount":2,"xyLevel":"V2","seckillTime":"WEEKLY","periods":[{"weekDay":1,"seckillStartTime":1785729600000,"seckillEndTime":1785902399999,"status":"ENDED"},{"weekDay":3,"seckillStartTime":1785902400000,"seckillEndTime":1786075199999,"status":"PROGRESSING"},{"weekDay":5,"seckillStartTime":1786075200000,"seckillEndTime":1786334399999,"status":"NOT_STARTED"},{"weekDay":1,"seckillStartTime":1786334400000,"seckillEndTime":1786507199999,"status":"NOT_STARTED"},{"weekDay":3,"seckillStartTime":1786507200000,"seckillEndTime":1786679999999,"status":"NOT_STARTED"},{"weekDay":5,"seckillStartTime":1786680000000,"seckillEndTime":1785729599999,"status":"NOT_STARTED"}]},{"couponId":"6870867989fddd2bbdec96bc","name":"V3","amount":3,"xyLevel":"V3","seckillTime":"WEEKLY","periods":[{"weekDay":1,"seckillStartTime":1785729600000,"seckillEndTime":1785902399999,"status":"ENDED"},{"weekDay":3,"seckillStartTime":1785902400000,"seckillEndTime":1786075199999,"status":"PROGRESSING"},{"weekDay":5,"seckillStartTime":1786075200000,"seckillEndTime":1786334399999,"status":"NOT_STARTED"},{"weekDay":1,"seckillStartTime":1786334400000,"seckillEndTime":1786507199999,"status":"NOT_STARTED"},{"weekDay":3,"seckillStartTime":1786507200000,"seckillEndTime":1786679999999,"status":"NOT_STARTED"},{"weekDay":5,"seckillStartTime":1786680000000,"seckillEndTime":1785729599999,"status":"NOT_STARTED"}]},{"couponId":"6870869cf56f912f57e063c0","name":"V4","amount":8,"xyLevel":"V4","seckillTime":"WEEKLY","periods":[{"weekDay":1,"seckillStartTime":1785729600000,"seckillEndTime":1785902399999,"status":"ENDED"},{"weekDay":3,"seckillStartTime":1785902400000,"seckillEndTime":1786075199999,"status":"PROGRESSING"},{"weekDay":5,"seckillStartTime":1786075200000,"seckillEndTime":1786334399999,"status":"NOT_STARTED"},{"weekDay":1,"seckillStartTime":1786334400000,"seckillEndTime":1786507199999,"status":"NOT_STARTED"},{"weekDay":3,"seckillStartTime":1786507200000,"seckillEndTime":1786679999999,"status":"NOT_STARTED"},{"weekDay":5,"seckillStartTime":1786680000000,"seckillEndTime":1785729599999,"status":"NOT_STARTED"}]},{"couponId":"687086e33d0d02335c1804f4","name":"V5","amount":18,"xyLevel":"V5","seckillTime":"WEEKLY","periods":[{"weekDay":1,"seckillStartTime":1785729600000,"seckillEndTime":1785902399999,"status":"ENDED"},{"weekDay":3,"seckillStartTime":1785902400000,"seckillEndTime":1786075199999,"status":"PROGRESSING","acquiredStatus":"ACQUIRED","stockId":"687086e33d0d02335c1804f4_WEEKLY_1785902400000"},{"weekDay":5,"seckillStartTime":1786075200000,"seckillEndTime":1786334399999,"status":"NOT_STARTED"},{"weekDay":1,"seckillStartTime":1786334400000,"seckillEndTime":1786507199999,"status":"NOT_STARTED"},{"weekDay":3,"seckillStartTime":1786507200000,"seckillEndTime":1786679999999,"status":"NOT_STARTED"},{"weekDay":5,"seckillStartTime":1786680000000,"seckillEndTime":1785729599999,"status":"NOT_STARTED"}]},{"couponId":"68708705f56f912f57e063c3","name":"V6","amount":30,"xyLevel":"V6","seckillTime":"WEEKLY","periods":[{"weekDay":1,"seckillStartTime":1785729600000,"seckillEndTime":1785902399999,"status":"ENDED"},{"weekDay":3,"seckillStartTime":1785902400000,"seckillEndTime":1786075199999,"status":"PROGRESSING"},{"weekDay":5,"seckillStartTime":1786075200000,"seckillEndTime":1786334399999,"status":"NOT_STARTED"},{"weekDay":1,"seckillStartTime":1786334400000,"seckillEndTime":1786507199999,"status":"NOT_STARTED"},{"weekDay":3,"seckillStartTime":1786507200000,"seckillEndTime":1786679999999,"status":"NOT_STARTED"},{"weekDay":5,"seckillStartTime":1786680000000,"seckillEndTime":1785729599999,"status":"NOT_STARTED"}]},{"couponId":"6870872e89fddd2bbdec96bd","name":"V7","amount":75,"xyLevel":"V7","seckillTime":"WEEKLY","periods":[{"weekDay":1,"seckillStartTime":1785729600000,"seckillEndTime":1785902399999,"status":"ENDED"},{"weekDay":3,"seckillStartTime":1785902400000,"seckillEndTime":1786075199999,"status":"PROGRESSING"},{"weekDay":5,"seckillStartTime":1786075200000,"seckillEndTime":1786334399999,"status":"NOT_STARTED"},{"weekDay":1,"seckillStartTime":1786334400000,"seckillEndTime":1786507199999,"status":"NOT_STARTED"},{"weekDay":3,"seckillStartTime":1786507200000,"seckillEndTime":1786679999999,"status":"NOT_STARTED"},{"weekDay":5,"seckillStartTime":1786680000000,"seckillEndTime":1785729599999,"status":"NOT_STARTED"}]}]},"code":200,"errmsg":"OK"}}
============================================================
============================================================
[请求时间] 2026/8/7 10:34:02.974
[响应时间] 2026/8/7 10:34:03.215
[耗时] 241ms
[请求路径] https://inf.ds.163.com/v1/web/exp/week-coupon/acquire
[请求方式] POST
[请求参数] {"query":null,"body":{"couponId":"687086e33d0d02335c1804f4","stockId":"687086e33d0d02335c1804f4_WEEKLY_1786075200000"}}
[请求头] {"Accept":"application/json, text/plain, */*","Content-Type":"application/json;charset=UTF-8","GL-X-XSRF-TOKEN":"488fa9e6-bf56-4e39-8bc3-0ee7e474ef15","User-Agent":"Mozilla/5.0 (Windows NT 10.0; Win64; x64) AppleWebKit/537.36 (KHTML, like Gecko) Chrome/122.0.0.0 Safari/537.36","Origin":"https://pay.ds.163.com","Referer":"https://pay.ds.163.com/","GL-ClientType":"60","GL-DeviceId":"1e4c4551-79bf-4edb-9253-0836ac83d4e8","GL-Uid":"8f6ec79ee1304e6d83b136a924cb3d03","GL-CheckSum":"85a73db69314a662d0c82f43232c9bc98c7086b2","Content-Length":"97","Accept-Encoding":"gzip, compress, deflate, br"}
[响应结果] {"httpStatus":200,"data":{"code":803,"errmsg":"库存已失效"}}
============================================================
============================================================
[请求时间] 2026/8/7 10:34:03.214
[响应时间] 2026/8/7 10:34:03.441
[耗时] 227ms
[请求路径] https://inf.ds.163.com/v1/web/exp/week-coupon/showing-list-v2
[请求方式] POST
[请求参数] {"query":null,"body":{}}
[请求头] {"Accept":"application/json, text/plain, */*","Content-Type":"application/json;charset=UTF-8","GL-X-XSRF-TOKEN":"488fa9e6-bf56-4e39-8bc3-0ee7e474ef15","User-Agent":"Mozilla/5.0 (Windows NT 10.0; Win64; x64) AppleWebKit/537.36 (KHTML, like Gecko) Chrome/122.0.0.0 Safari/537.36","Origin":"https://pay.ds.163.com","Referer":"https://pay.ds.163.com/","GL-ClientType":"60","GL-DeviceId":"1e4c4551-79bf-4edb-9253-0836ac83d4e8","GL-Uid":"8f6ec79ee1304e6d83b136a924cb3d03","GL-CheckSum":"a2ec4fec3c11c34e4453ab220217e74a853b19d9","Content-Length":"2","Accept-Encoding":"gzip, compress, deflate, br"}
[响应结果] {"httpStatus":200,"data":{"result":{"coupons":[{"couponId":"687076e69f3efd24cb2bed9c","name":"V1","amount":1,"xyLevel":"V1","seckillTime":"WEEKLY","periods":[{"weekDay":1,"seckillStartTime":1785729600000,"seckillEndTime":1785902399999,"status":"ENDED"},{"weekDay":3,"seckillStartTime":1785902400000,"seckillEndTime":1786075199999,"status":"PROGRESSING"},{"weekDay":5,"seckillStartTime":1786075200000,"seckillEndTime":1786334399999,"status":"NOT_STARTED"},{"weekDay":1,"seckillStartTime":1786334400000,"seckillEndTime":1786507199999,"status":"NOT_STARTED"},{"weekDay":3,"seckillStartTime":1786507200000,"seckillEndTime":1786679999999,"status":"NOT_STARTED"},{"weekDay":5,"seckillStartTime":1786680000000,"seckillEndTime":1785729599999,"status":"NOT_STARTED"}]},{"couponId":"68708657f56f912f57e063bf","name":"V2","amount":2,"xyLevel":"V2","seckillTime":"WEEKLY","periods":[{"weekDay":1,"seckillStartTime":1785729600000,"seckillEndTime":1785902399999,"status":"ENDED"},{"weekDay":3,"seckillStartTime":1785902400000,"seckillEndTime":1786075199999,"status":"PROGRESSING"},{"weekDay":5,"seckillStartTime":1786075200000,"seckillEndTime":1786334399999,"status":"NOT_STARTED"},{"weekDay":1,"seckillStartTime":1786334400000,"seckillEndTime":1786507199999,"status":"NOT_STARTED"},{"weekDay":3,"seckillStartTime":1786507200000,"seckillEndTime":1786679999999,"status":"NOT_STARTED"},{"weekDay":5,"seckillStartTime":1786680000000,"seckillEndTime":1785729599999,"status":"NOT_STARTED"}]},{"couponId":"6870867989fddd2bbdec96bc","name":"V3","amount":3,"xyLevel":"V3","seckillTime":"WEEKLY","periods":[{"weekDay":1,"seckillStartTime":1785729600000,"seckillEndTime":1785902399999,"status":"ENDED"},{"weekDay":3,"seckillStartTime":1785902400000,"seckillEndTime":1786075199999,"status":"PROGRESSING"},{"weekDay":5,"seckillStartTime":1786075200000,"seckillEndTime":1786334399999,"status":"NOT_STARTED"},{"weekDay":1,"seckillStartTime":1786334400000,"seckillEndTime":1786507199999,"status":"NOT_STARTED"},{"weekDay":3,"seckillStartTime":1786507200000,"seckillEndTime":1786679999999,"status":"NOT_STARTED"},{"weekDay":5,"seckillStartTime":1786680000000,"seckillEndTime":1785729599999,"status":"NOT_STARTED"}]},{"couponId":"6870869cf56f912f57e063c0","name":"V4","amount":8,"xyLevel":"V4","seckillTime":"WEEKLY","periods":[{"weekDay":1,"seckillStartTime":1785729600000,"seckillEndTime":1785902399999,"status":"ENDED"},{"weekDay":3,"seckillStartTime":1785902400000,"seckillEndTime":1786075199999,"status":"PROGRESSING"},{"weekDay":5,"seckillStartTime":1786075200000,"seckillEndTime":1786334399999,"status":"NOT_STARTED"},{"weekDay":1,"seckillStartTime":1786334400000,"seckillEndTime":1786507199999,"status":"NOT_STARTED"},{"weekDay":3,"seckillStartTime":1786507200000,"seckillEndTime":1786679999999,"status":"NOT_STARTED"},{"weekDay":5,"seckillStartTime":1786680000000,"seckillEndTime":1785729599999,"status":"NOT_STARTED"}]},{"couponId":"687086e33d0d02335c1804f4","name":"V5","amount":18,"xyLevel":"V5","seckillTime":"WEEKLY","periods":[{"weekDay":1,"seckillStartTime":1785729600000,"seckillEndTime":1785902399999,"status":"ENDED"},{"weekDay":3,"seckillStartTime":1785902400000,"seckillEndTime":1786075199999,"status":"PROGRESSING","acquiredStatus":"ACQUIRED","stockId":"687086e33d0d02335c1804f4_WEEKLY_1785902400000"},{"weekDay":5,"seckillStartTime":1786075200000,"seckillEndTime":1786334399999,"status":"NOT_STARTED"},{"weekDay":1,"seckillStartTime":1786334400000,"seckillEndTime":1786507199999,"status":"NOT_STARTED"},{"weekDay":3,"seckillStartTime":1786507200000,"seckillEndTime":1786679999999,"status":"NOT_STARTED"},{"weekDay":5,"seckillStartTime":1786680000000,"seckillEndTime":1785729599999,"status":"NOT_STARTED"}]},{"couponId":"68708705f56f912f57e063c3","name":"V6","amount":30,"xyLevel":"V6","seckillTime":"WEEKLY","periods":[{"weekDay":1,"seckillStartTime":1785729600000,"seckillEndTime":1785902399999,"status":"ENDED"},{"weekDay":3,"seckillStartTime":1785902400000,"seckillEndTime":1786075199999,"status":"PROGRESSING"},{"weekDay":5,"seckillStartTime":1786075200000,"seckillEndTime":1786334399999,"status":"NOT_STARTED"},{"weekDay":1,"seckillStartTime":1786334400000,"seckillEndTime":1786507199999,"status":"NOT_STARTED"},{"weekDay":3,"seckillStartTime":1786507200000,"seckillEndTime":1786679999999,"status":"NOT_STARTED"},{"weekDay":5,"seckillStartTime":1786680000000,"seckillEndTime":1785729599999,"status":"NOT_STARTED"}]},{"couponId":"6870872e89fddd2bbdec96bd","name":"V7","amount":75,"xyLevel":"V7","seckillTime":"WEEKLY","periods":[{"weekDay":1,"seckillStartTime":1785729600000,"seckillEndTime":1785902399999,"status":"ENDED"},{"weekDay":3,"seckillStartTime":1785902400000,"seckillEndTime":1786075199999,"status":"PROGRESSING"},{"weekDay":5,"seckillStartTime":1786075200000,"seckillEndTime":1786334399999,"status":"NOT_STARTED"},{"weekDay":1,"seckillStartTime":1786334400000,"seckillEndTime":1786507199999,"status":"NOT_STARTED"},{"weekDay":3,"seckillStartTime":1786507200000,"seckillEndTime":1786679999999,"status":"NOT_STARTED"},{"weekDay":5,"seckillStartTime":1786680000000,"seckillEndTime":1785729599999,"status":"NOT_STARTED"}]}]},"code":200,"errmsg":"OK"}}
============================================================
============================================================
[请求时间] 2026/8/7 10:34:04.441
[响应时间] 2026/8/7 10:34:04.673
[耗时] 232ms
[请求路径] https://inf.ds.163.com/v1/web/exp/week-coupon/acquire
[请求方式] POST
[请求参数] {"query":null,"body":{"couponId":"687086e33d0d02335c1804f4","stockId":"687086e33d0d02335c1804f4_WEEKLY_1786075200000"}}
[请求头] {"Accept":"application/json, text/plain, */*","Content-Type":"application/json;charset=UTF-8","GL-X-XSRF-TOKEN":"488fa9e6-bf56-4e39-8bc3-0ee7e474ef15","User-Agent":"Mozilla/5.0 (Windows NT 10.0; Win64; x64) AppleWebKit/537.36 (KHTML, like Gecko) Chrome/122.0.0.0 Safari/537.36","Origin":"https://pay.ds.163.com","Referer":"https://pay.ds.163.com/","GL-ClientType":"60","GL-DeviceId":"1e4c4551-79bf-4edb-9253-0836ac83d4e8","GL-Uid":"8f6ec79ee1304e6d83b136a924cb3d03","GL-CheckSum":"85a73db69314a662d0c82f43232c9bc98c7086b2","Content-Length":"97","Accept-Encoding":"gzip, compress, deflate, br"}
[响应结果] {"httpStatus":200,"data":{"code":803,"errmsg":"库存已失效"}}
============================================================
============================================================
[请求时间] 2026/8/7 10:34:04.672
[响应时间] 2026/8/7 10:34:04.894
[耗时] 222ms
[请求路径] https://inf.ds.163.com/v1/web/exp/week-coupon/showing-list-v2
[请求方式] POST
[请求参数] {"query":null,"body":{}}
[请求头] {"Accept":"application/json, text/plain, */*","Content-Type":"application/json;charset=UTF-8","GL-X-XSRF-TOKEN":"488fa9e6-bf56-4e39-8bc3-0ee7e474ef15","User-Agent":"Mozilla/5.0 (Windows NT 10.0; Win64; x64) AppleWebKit/537.36 (KHTML, like Gecko) Chrome/122.0.0.0 Safari/537.36","Origin":"https://pay.ds.163.com","Referer":"https://pay.ds.163.com/","GL-ClientType":"60","GL-DeviceId":"1e4c4551-79bf-4edb-9253-0836ac83d4e8","GL-Uid":"8f6ec79ee1304e6d83b136a924cb3d03","GL-CheckSum":"a2ec4fec3c11c34e4453ab220217e74a853b19d9","Content-Length":"2","Accept-Encoding":"gzip, compress, deflate, br"}
[响应结果] {"httpStatus":200,"data":{"result":{"coupons":[{"couponId":"687076e69f3efd24cb2bed9c","name":"V1","amount":1,"xyLevel":"V1","seckillTime":"WEEKLY","periods":[{"weekDay":1,"seckillStartTime":1785729600000,"seckillEndTime":1785902399999,"status":"ENDED"},{"weekDay":3,"seckillStartTime":1785902400000,"seckillEndTime":1786075199999,"status":"PROGRESSING"},{"weekDay":5,"seckillStartTime":1786075200000,"seckillEndTime":1786334399999,"status":"NOT_STARTED"},{"weekDay":1,"seckillStartTime":1786334400000,"seckillEndTime":1786507199999,"status":"NOT_STARTED"},{"weekDay":3,"seckillStartTime":1786507200000,"seckillEndTime":1786679999999,"status":"NOT_STARTED"},{"weekDay":5,"seckillStartTime":1786680000000,"seckillEndTime":1785729599999,"status":"NOT_STARTED"}]},{"couponId":"68708657f56f912f57e063bf","name":"V2","amount":2,"xyLevel":"V2","seckillTime":"WEEKLY","periods":[{"weekDay":1,"seckillStartTime":1785729600000,"seckillEndTime":1785902399999,"status":"ENDED"},{"weekDay":3,"seckillStartTime":1785902400000,"seckillEndTime":1786075199999,"status":"PROGRESSING"},{"weekDay":5,"seckillStartTime":1786075200000,"seckillEndTime":1786334399999,"status":"NOT_STARTED"},{"weekDay":1,"seckillStartTime":1786334400000,"seckillEndTime":1786507199999,"status":"NOT_STARTED"},{"weekDay":3,"seckillStartTime":1786507200000,"seckillEndTime":1786679999999,"status":"NOT_STARTED"},{"weekDay":5,"seckillStartTime":1786680000000,"seckillEndTime":1785729599999,"status":"NOT_STARTED"}]},{"couponId":"6870867989fddd2bbdec96bc","name":"V3","amount":3,"xyLevel":"V3","seckillTime":"WEEKLY","periods":[{"weekDay":1,"seckillStartTime":1785729600000,"seckillEndTime":1785902399999,"status":"ENDED"},{"weekDay":3,"seckillStartTime":1785902400000,"seckillEndTime":1786075199999,"status":"PROGRESSING"},{"weekDay":5,"seckillStartTime":1786075200000,"seckillEndTime":1786334399999,"status":"NOT_STARTED"},{"weekDay":1,"seckillStartTime":1786334400000,"seckillEndTime":1786507199999,"status":"NOT_STARTED"},{"weekDay":3,"seckillStartTime":1786507200000,"seckillEndTime":1786679999999,"status":"NOT_STARTED"},{"weekDay":5,"seckillStartTime":1786680000000,"seckillEndTime":1785729599999,"status":"NOT_STARTED"}]},{"couponId":"6870869cf56f912f57e063c0","name":"V4","amount":8,"xyLevel":"V4","seckillTime":"WEEKLY","periods":[{"weekDay":1,"seckillStartTime":1785729600000,"seckillEndTime":1785902399999,"status":"ENDED"},{"weekDay":3,"seckillStartTime":1785902400000,"seckillEndTime":1786075199999,"status":"PROGRESSING"},{"weekDay":5,"seckillStartTime":1786075200000,"seckillEndTime":1786334399999,"status":"NOT_STARTED"},{"weekDay":1,"seckillStartTime":1786334400000,"seckillEndTime":1786507199999,"status":"NOT_STARTED"},{"weekDay":3,"seckillStartTime":1786507200000,"seckillEndTime":1786679999999,"status":"NOT_STARTED"},{"weekDay":5,"seckillStartTime":1786680000000,"seckillEndTime":1785729599999,"status":"NOT_STARTED"}]},{"couponId":"687086e33d0d02335c1804f4","name":"V5","amount":18,"xyLevel":"V5","seckillTime":"WEEKLY","periods":[{"weekDay":1,"seckillStartTime":1785729600000,"seckillEndTime":1785902399999,"status":"ENDED"},{"weekDay":3,"seckillStartTime":1785902400000,"seckillEndTime":1786075199999,"status":"PROGRESSING","acquiredStatus":"ACQUIRED","stockId":"687086e33d0d02335c1804f4_WEEKLY_1785902400000"},{"weekDay":5,"seckillStartTime":1786075200000,"seckillEndTime":1786334399999,"status":"NOT_STARTED"},{"weekDay":1,"seckillStartTime":1786334400000,"seckillEndTime":1786507199999,"status":"NOT_STARTED"},{"weekDay":3,"seckillStartTime":1786507200000,"seckillEndTime":1786679999999,"status":"NOT_STARTED"},{"weekDay":5,"seckillStartTime":1786680000000,"seckillEndTime":1785729599999,"status":"NOT_STARTED"}]},{"couponId":"68708705f56f912f57e063c3","name":"V6","amount":30,"xyLevel":"V6","seckillTime":"WEEKLY","periods":[{"weekDay":1,"seckillStartTime":1785729600000,"seckillEndTime":1785902399999,"status":"ENDED"},{"weekDay":3,"seckillStartTime":1785902400000,"seckillEndTime":1786075199999,"status":"PROGRESSING"},{"weekDay":5,"seckillStartTime":1786075200000,"seckillEndTime":1786334399999,"status":"NOT_STARTED"},{"weekDay":1,"seckillStartTime":1786334400000,"seckillEndTime":1786507199999,"status":"NOT_STARTED"},{"weekDay":3,"seckillStartTime":1786507200000,"seckillEndTime":1786679999999,"status":"NOT_STARTED"},{"weekDay":5,"seckillStartTime":1786680000000,"seckillEndTime":1785729599999,"status":"NOT_STARTED"}]},{"couponId":"6870872e89fddd2bbdec96bd","name":"V7","amount":75,"xyLevel":"V7","seckillTime":"WEEKLY","periods":[{"weekDay":1,"seckillStartTime":1785729600000,"seckillEndTime":1785902399999,"status":"ENDED"},{"weekDay":3,"seckillStartTime":1785902400000,"seckillEndTime":1786075199999,"status":"PROGRESSING"},{"weekDay":5,"seckillStartTime":1786075200000,"seckillEndTime":1786334399999,"status":"NOT_STARTED"},{"weekDay":1,"seckillStartTime":1786334400000,"seckillEndTime":1786507199999,"status":"NOT_STARTED"},{"weekDay":3,"seckillStartTime":1786507200000,"seckillEndTime":1786679999999,"status":"NOT_STARTED"},{"weekDay":5,"seckillStartTime":1786680000000,"seckillEndTime":1785729599999,"status":"NOT_STARTED"}]}]},"code":200,"errmsg":"OK"}}
============================================================
============================================================
[请求时间] 2026/8/7 10:37:28.381
[响应时间] 2026/8/7 10:37:28.572
[耗时] 191ms
[请求路径] https://pay-api.ds.163.com/v1/web/init/server/time
[请求方式] GET
[请求参数] {"query":null,"body":null}
[请求头] {"Accept":"application/json, text/plain, */*","Content-Type":"application/json;charset=UTF-8","User-Agent":"Mozilla/5.0 (Windows NT 10.0; Win64; x64) AppleWebKit/537.36 (KHTML, like Gecko) Chrome/122.0.0.0 Safari/537.36","Origin":"https://pay.ds.163.com","Referer":"https://pay.ds.163.com/","GL-ClientType":"60","GL-DeviceId":"1e4c4551-79bf-4edb-9253-0836ac83d4e8","GL-Uid":"8f6ec79ee1304e6d83b136a924cb3d03","GL-X-XSRF-TOKEN":"488fa9e6-bf56-4e39-8bc3-0ee7e474ef15","Accept-Encoding":"gzip, compress, deflate, br"}
[响应结果] {"httpStatus":404,"data":"<!DOCTYPE HTML PUBLIC \"-//W3C//DTD HTML 3.2 Final//EN\">\n<title>404 Not Found</title>\n<h1>Not Found</h1>\n<p>The requested URL was not found on the server. If you entered the URL manually please check your spelling and try again.</p>\n"}
============================================================
============================================================
[请求时间] 2026/8/7 10:37:28.566
[响应时间] 2026/8/7 10:37:28.703
[耗时] 137ms
[请求路径] https://pay-api.ds.163.com/api/nlogin
[请求方式] GET
[请求参数] {"query":{},"body":null}
[请求头] {"Accept":"application/json, text/plain, */*","Content-Type":"application/json;charset=UTF-8","GL-X-XSRF-TOKEN":"488fa9e6-bf56-4e39-8bc3-0ee7e474ef15","User-Agent":"Mozilla/5.0 (Windows NT 10.0; Win64; x64) AppleWebKit/537.36 (KHTML, like Gecko) Chrome/122.0.0.0 Safari/537.36","Origin":"https://pay.ds.163.com","Referer":"https://pay.ds.163.com/","GL-ClientType":"60","GL-DeviceId":"1e4c4551-79bf-4edb-9253-0836ac83d4e8","GL-Uid":"8f6ec79ee1304e6d83b136a924cb3d03","Accept-Encoding":"gzip, compress, deflate, br"}
[响应结果] {"httpStatus":200,"data":{"code":413,"msg":"登录失败"}}
============================================================
============================================================
[请求时间] 2026/8/7 10:37:28.698
[响应时间] 2026/8/7 10:37:29.036
[耗时] 338ms
[请求路径] https://inf.ds.163.com/v1/web/cooperate/plutus/cookie-exchange
[请求方式] GET
[请求参数] {"query":null,"body":null}
[请求头] {"Accept":"application/json, text/plain, */*","Content-Type":"application/json;charset=UTF-8","GL-X-XSRF-TOKEN":"488fa9e6-bf56-4e39-8bc3-0ee7e474ef15","User-Agent":"Mozilla/5.0 (Windows NT 10.0; Win64; x64) AppleWebKit/537.36 (KHTML, like Gecko) Chrome/122.0.0.0 Safari/537.36","Origin":"https://pay.ds.163.com","Referer":"https://pay.ds.163.com/","GL-ClientType":"60","GL-DeviceId":"1e4c4551-79bf-4edb-9253-0836ac83d4e8","GL-Uid":"8f6ec79ee1304e6d83b136a924cb3d03","Accept-Encoding":"gzip, compress, deflate, br"}
[响应结果] {"httpStatus":200,"data":{"result":{"user":{"uid":"8f6ec79ee1304e6d83b136a924cb3d03","nick":"雪色心","icon":"https://ok.166.net/reunionpub/3_20251220_19b3a526004138871.jpeg","intro":"","gender":2,"birth":"2003-01-16","updateTime":1784282337352,"userSourceType":"URS"},"newUser":false},"code":200,"errmsg":"OK"}}
============================================================
============================================================
[请求时间] 2026/8/7 10:37:29.033
[响应时间] 2026/8/7 10:37:29.191
[耗时] 158ms
[请求路径] https://pay-api.ds.163.com/v1/web/init/server/time
[请求方式] GET
[请求参数] {"query":null,"body":null}
[请求头] {"Accept":"application/json, text/plain, */*","Content-Type":"application/json;charset=UTF-8","GL-X-XSRF-TOKEN":"488fa9e6-bf56-4e39-8bc3-0ee7e474ef15","User-Agent":"Mozilla/5.0 (Windows NT 10.0; Win64; x64) AppleWebKit/537.36 (KHTML, like Gecko) Chrome/122.0.0.0 Safari/537.36","Origin":"https://pay.ds.163.com","Referer":"https://pay.ds.163.com/","GL-ClientType":"60","GL-DeviceId":"1e4c4551-79bf-4edb-9253-0836ac83d4e8","GL-Uid":"8f6ec79ee1304e6d83b136a924cb3d03","Accept-Encoding":"gzip, compress, deflate, br"}
[响应结果] {"httpStatus":404,"data":"<!DOCTYPE HTML PUBLIC \"-//W3C//DTD HTML 3.2 Final//EN\">\n<title>404 Not Found</title>\n<h1>Not Found</h1>\n<p>The requested URL was not found on the server. If you entered the URL manually please check your spelling and try again.</p>\n"}
============================================================
============================================================
[请求时间] 2026/8/7 10:37:29.178
[响应时间] 2026/8/7 10:37:29.514
[耗时] 336ms
[请求路径] https://inf.ds.163.com/v1/web/exp/xy/user/get-info
[请求方式] POST
[请求参数] {"query":null,"body":{}}
[请求头] {"Accept":"application/json, text/plain, */*","Content-Type":"application/json;charset=UTF-8","GL-X-XSRF-TOKEN":"488fa9e6-bf56-4e39-8bc3-0ee7e474ef15","User-Agent":"Mozilla/5.0 (Windows NT 10.0; Win64; x64) AppleWebKit/537.36 (KHTML, like Gecko) Chrome/122.0.0.0 Safari/537.36","Origin":"https://pay.ds.163.com","Referer":"https://pay.ds.163.com/","GL-ClientType":"60","GL-DeviceId":"1e4c4551-79bf-4edb-9253-0836ac83d4e8","GL-Uid":"8f6ec79ee1304e6d83b136a924cb3d03","GL-CheckSum":"a2ec4fec3c11c34e4453ab220217e74a853b19d9","Content-Length":"2","Accept-Encoding":"gzip, compress, deflate, br"}
[响应结果] {"httpStatus":200,"data":{"result":{"growthPoint":230387,"currentLv":"V5","diffNextLvGrowthPoint":69613,"currentLvExpireDate":"20261230","currentLvExpire":1798560000000,"nextLv":"V6","activeGames":["l36","u5","h74"],"last365LoginGames":["u5","h74","l36","h72"],"initDate":"20251230","lastLv":"V5"},"code":200,"errmsg":"OK"}}
============================================================
============================================================
[请求时间] 2026/8/7 10:37:29.513
[响应时间] 2026/8/7 10:37:29.797
[耗时] 284ms
[请求路径] https://inf.ds.163.com/v1/web/exp/week-coupon/showing-list-v2
[请求方式] POST
[请求参数] {"query":null,"body":{}}
[请求头] {"Accept":"application/json, text/plain, */*","Content-Type":"application/json;charset=UTF-8","GL-X-XSRF-TOKEN":"488fa9e6-bf56-4e39-8bc3-0ee7e474ef15","User-Agent":"Mozilla/5.0 (Windows NT 10.0; Win64; x64) AppleWebKit/537.36 (KHTML, like Gecko) Chrome/122.0.0.0 Safari/537.36","Origin":"https://pay.ds.163.com","Referer":"https://pay.ds.163.com/","GL-ClientType":"60","GL-DeviceId":"1e4c4551-79bf-4edb-9253-0836ac83d4e8","GL-Uid":"8f6ec79ee1304e6d83b136a924cb3d03","GL-CheckSum":"a2ec4fec3c11c34e4453ab220217e74a853b19d9","Content-Length":"2","Accept-Encoding":"gzip, compress, deflate, br"}
[响应结果] {"httpStatus":200,"data":{"result":{"coupons":[{"couponId":"687076e69f3efd24cb2bed9c","name":"V1","amount":1,"xyLevel":"V1","seckillTime":"WEEKLY","periods":[{"weekDay":1,"seckillStartTime":1785729600000,"seckillEndTime":1785902399999,"status":"ENDED"},{"weekDay":3,"seckillStartTime":1785902400000,"seckillEndTime":1786075199999,"status":"PROGRESSING"},{"weekDay":5,"seckillStartTime":1786075200000,"seckillEndTime":1786334399999,"status":"NOT_STARTED"},{"weekDay":1,"seckillStartTime":1786334400000,"seckillEndTime":1786507199999,"status":"NOT_STARTED"},{"weekDay":3,"seckillStartTime":1786507200000,"seckillEndTime":1786679999999,"status":"NOT_STARTED"},{"weekDay":5,"seckillStartTime":1786680000000,"seckillEndTime":1785729599999,"status":"NOT_STARTED"}]},{"couponId":"68708657f56f912f57e063bf","name":"V2","amount":2,"xyLevel":"V2","seckillTime":"WEEKLY","periods":[{"weekDay":1,"seckillStartTime":1785729600000,"seckillEndTime":1785902399999,"status":"ENDED"},{"weekDay":3,"seckillStartTime":1785902400000,"seckillEndTime":1786075199999,"status":"PROGRESSING"},{"weekDay":5,"seckillStartTime":1786075200000,"seckillEndTime":1786334399999,"status":"NOT_STARTED"},{"weekDay":1,"seckillStartTime":1786334400000,"seckillEndTime":1786507199999,"status":"NOT_STARTED"},{"weekDay":3,"seckillStartTime":1786507200000,"seckillEndTime":1786679999999,"status":"NOT_STARTED"},{"weekDay":5,"seckillStartTime":1786680000000,"seckillEndTime":1785729599999,"status":"NOT_STARTED"}]},{"couponId":"6870867989fddd2bbdec96bc","name":"V3","amount":3,"xyLevel":"V3","seckillTime":"WEEKLY","periods":[{"weekDay":1,"seckillStartTime":1785729600000,"seckillEndTime":1785902399999,"status":"ENDED"},{"weekDay":3,"seckillStartTime":1785902400000,"seckillEndTime":1786075199999,"status":"PROGRESSING"},{"weekDay":5,"seckillStartTime":1786075200000,"seckillEndTime":1786334399999,"status":"NOT_STARTED"},{"weekDay":1,"seckillStartTime":1786334400000,"seckillEndTime":1786507199999,"status":"NOT_STARTED"},{"weekDay":3,"seckillStartTime":1786507200000,"seckillEndTime":1786679999999,"status":"NOT_STARTED"},{"weekDay":5,"seckillStartTime":1786680000000,"seckillEndTime":1785729599999,"status":"NOT_STARTED"}]},{"couponId":"6870869cf56f912f57e063c0","name":"V4","amount":8,"xyLevel":"V4","seckillTime":"WEEKLY","periods":[{"weekDay":1,"seckillStartTime":1785729600000,"seckillEndTime":1785902399999,"status":"ENDED"},{"weekDay":3,"seckillStartTime":1785902400000,"seckillEndTime":1786075199999,"status":"PROGRESSING"},{"weekDay":5,"seckillStartTime":1786075200000,"seckillEndTime":1786334399999,"status":"NOT_STARTED"},{"weekDay":1,"seckillStartTime":1786334400000,"seckillEndTime":1786507199999,"status":"NOT_STARTED"},{"weekDay":3,"seckillStartTime":1786507200000,"seckillEndTime":1786679999999,"status":"NOT_STARTED"},{"weekDay":5,"seckillStartTime":1786680000000,"seckillEndTime":1785729599999,"status":"NOT_STARTED"}]},{"couponId":"687086e33d0d02335c1804f4","name":"V5","amount":18,"xyLevel":"V5","seckillTime":"WEEKLY","periods":[{"weekDay":1,"seckillStartTime":1785729600000,"seckillEndTime":1785902399999,"status":"ENDED"},{"weekDay":3,"seckillStartTime":1785902400000,"seckillEndTime":1786075199999,"status":"PROGRESSING","acquiredStatus":"ACQUIRED","stockId":"687086e33d0d02335c1804f4_WEEKLY_1785902400000"},{"weekDay":5,"seckillStartTime":1786075200000,"seckillEndTime":1786334399999,"status":"NOT_STARTED"},{"weekDay":1,"seckillStartTime":1786334400000,"seckillEndTime":1786507199999,"status":"NOT_STARTED"},{"weekDay":3,"seckillStartTime":1786507200000,"seckillEndTime":1786679999999,"status":"NOT_STARTED"},{"weekDay":5,"seckillStartTime":1786680000000,"seckillEndTime":1785729599999,"status":"NOT_STARTED"}]},{"couponId":"68708705f56f912f57e063c3","name":"V6","amount":30,"xyLevel":"V6","seckillTime":"WEEKLY","periods":[{"weekDay":1,"seckillStartTime":1785729600000,"seckillEndTime":1785902399999,"status":"ENDED"},{"weekDay":3,"seckillStartTime":1785902400000,"seckillEndTime":1786075199999,"status":"PROGRESSING"},{"weekDay":5,"seckillStartTime":1786075200000,"seckillEndTime":1786334399999,"status":"NOT_STARTED"},{"weekDay":1,"seckillStartTime":1786334400000,"seckillEndTime":1786507199999,"status":"NOT_STARTED"},{"weekDay":3,"seckillStartTime":1786507200000,"seckillEndTime":1786679999999,"status":"NOT_STARTED"},{"weekDay":5,"seckillStartTime":1786680000000,"seckillEndTime":1785729599999,"status":"NOT_STARTED"}]},{"couponId":"6870872e89fddd2bbdec96bd","name":"V7","amount":75,"xyLevel":"V7","seckillTime":"WEEKLY","periods":[{"weekDay":1,"seckillStartTime":1785729600000,"seckillEndTime":1785902399999,"status":"ENDED"},{"weekDay":3,"seckillStartTime":1785902400000,"seckillEndTime":1786075199999,"status":"PROGRESSING"},{"weekDay":5,"seckillStartTime":1786075200000,"seckillEndTime":1786334399999,"status":"NOT_STARTED"},{"weekDay":1,"seckillStartTime":1786334400000,"seckillEndTime":1786507199999,"status":"NOT_STARTED"},{"weekDay":3,"seckillStartTime":1786507200000,"seckillEndTime":1786679999999,"status":"NOT_STARTED"},{"weekDay":5,"seckillStartTime":1786680000000,"seckillEndTime":1785729599999,"status":"NOT_STARTED"}]}]},"code":200,"errmsg":"OK"}}
============================================================
============================================================
[请求时间] 2026/8/7 10:37:29.807
[响应时间] 2026/8/7 10:37:30.040
[耗时] 233ms
[请求路径] https://inf.ds.163.com/v1/web/exp/week-coupon/showing-list-v2
[请求方式] POST
[请求参数] {"query":null,"body":{}}
[请求头] {"Accept":"application/json, text/plain, */*","Content-Type":"application/json;charset=UTF-8","GL-X-XSRF-TOKEN":"488fa9e6-bf56-4e39-8bc3-0ee7e474ef15","User-Agent":"Mozilla/5.0 (Windows NT 10.0; Win64; x64) AppleWebKit/537.36 (KHTML, like Gecko) Chrome/122.0.0.0 Safari/537.36","Origin":"https://pay.ds.163.com","Referer":"https://pay.ds.163.com/","GL-ClientType":"60","GL-DeviceId":"1e4c4551-79bf-4edb-9253-0836ac83d4e8","GL-Uid":"8f6ec79ee1304e6d83b136a924cb3d03","GL-CheckSum":"a2ec4fec3c11c34e4453ab220217e74a853b19d9","Content-Length":"2","Accept-Encoding":"gzip, compress, deflate, br"}
[响应结果] {"httpStatus":200,"data":{"result":{"coupons":[{"couponId":"687076e69f3efd24cb2bed9c","name":"V1","amount":1,"xyLevel":"V1","seckillTime":"WEEKLY","periods":[{"weekDay":1,"seckillStartTime":1785729600000,"seckillEndTime":1785902399999,"status":"ENDED"},{"weekDay":3,"seckillStartTime":1785902400000,"seckillEndTime":1786075199999,"status":"PROGRESSING"},{"weekDay":5,"seckillStartTime":1786075200000,"seckillEndTime":1786334399999,"status":"NOT_STARTED"},{"weekDay":1,"seckillStartTime":1786334400000,"seckillEndTime":1786507199999,"status":"NOT_STARTED"},{"weekDay":3,"seckillStartTime":1786507200000,"seckillEndTime":1786679999999,"status":"NOT_STARTED"},{"weekDay":5,"seckillStartTime":1786680000000,"seckillEndTime":1785729599999,"status":"NOT_STARTED"}]},{"couponId":"68708657f56f912f57e063bf","name":"V2","amount":2,"xyLevel":"V2","seckillTime":"WEEKLY","periods":[{"weekDay":1,"seckillStartTime":1785729600000,"seckillEndTime":1785902399999,"status":"ENDED"},{"weekDay":3,"seckillStartTime":1785902400000,"seckillEndTime":1786075199999,"status":"PROGRESSING"},{"weekDay":5,"seckillStartTime":1786075200000,"seckillEndTime":1786334399999,"status":"NOT_STARTED"},{"weekDay":1,"seckillStartTime":1786334400000,"seckillEndTime":1786507199999,"status":"NOT_STARTED"},{"weekDay":3,"seckillStartTime":1786507200000,"seckillEndTime":1786679999999,"status":"NOT_STARTED"},{"weekDay":5,"seckillStartTime":1786680000000,"seckillEndTime":1785729599999,"status":"NOT_STARTED"}]},{"couponId":"6870867989fddd2bbdec96bc","name":"V3","amount":3,"xyLevel":"V3","seckillTime":"WEEKLY","periods":[{"weekDay":1,"seckillStartTime":1785729600000,"seckillEndTime":1785902399999,"status":"ENDED"},{"weekDay":3,"seckillStartTime":1785902400000,"seckillEndTime":1786075199999,"status":"PROGRESSING"},{"weekDay":5,"seckillStartTime":1786075200000,"seckillEndTime":1786334399999,"status":"NOT_STARTED"},{"weekDay":1,"seckillStartTime":1786334400000,"seckillEndTime":1786507199999,"status":"NOT_STARTED"},{"weekDay":3,"seckillStartTime":1786507200000,"seckillEndTime":1786679999999,"status":"NOT_STARTED"},{"weekDay":5,"seckillStartTime":1786680000000,"seckillEndTime":1785729599999,"status":"NOT_STARTED"}]},{"couponId":"6870869cf56f912f57e063c0","name":"V4","amount":8,"xyLevel":"V4","seckillTime":"WEEKLY","periods":[{"weekDay":1,"seckillStartTime":1785729600000,"seckillEndTime":1785902399999,"status":"ENDED"},{"weekDay":3,"seckillStartTime":1785902400000,"seckillEndTime":1786075199999,"status":"PROGRESSING"},{"weekDay":5,"seckillStartTime":1786075200000,"seckillEndTime":1786334399999,"status":"NOT_STARTED"},{"weekDay":1,"seckillStartTime":1786334400000,"seckillEndTime":1786507199999,"status":"NOT_STARTED"},{"weekDay":3,"seckillStartTime":1786507200000,"seckillEndTime":1786679999999,"status":"NOT_STARTED"},{"weekDay":5,"seckillStartTime":1786680000000,"seckillEndTime":1785729599999,"status":"NOT_STARTED"}]},{"couponId":"687086e33d0d02335c1804f4","name":"V5","amount":18,"xyLevel":"V5","seckillTime":"WEEKLY","periods":[{"weekDay":1,"seckillStartTime":1785729600000,"seckillEndTime":1785902399999,"status":"ENDED"},{"weekDay":3,"seckillStartTime":1785902400000,"seckillEndTime":1786075199999,"status":"PROGRESSING","acquiredStatus":"ACQUIRED","stockId":"687086e33d0d02335c1804f4_WEEKLY_1785902400000"},{"weekDay":5,"seckillStartTime":1786075200000,"seckillEndTime":1786334399999,"status":"NOT_STARTED"},{"weekDay":1,"seckillStartTime":1786334400000,"seckillEndTime":1786507199999,"status":"NOT_STARTED"},{"weekDay":3,"seckillStartTime":1786507200000,"seckillEndTime":1786679999999,"status":"NOT_STARTED"},{"weekDay":5,"seckillStartTime":1786680000000,"seckillEndTime":1785729599999,"status":"NOT_STARTED"}]},{"couponId":"68708705f56f912f57e063c3","name":"V6","amount":30,"xyLevel":"V6","seckillTime":"WEEKLY","periods":[{"weekDay":1,"seckillStartTime":1785729600000,"seckillEndTime":1785902399999,"status":"ENDED"},{"weekDay":3,"seckillStartTime":1785902400000,"seckillEndTime":1786075199999,"status":"PROGRESSING"},{"weekDay":5,"seckillStartTime":1786075200000,"seckillEndTime":1786334399999,"status":"NOT_STARTED"},{"weekDay":1,"seckillStartTime":1786334400000,"seckillEndTime":1786507199999,"status":"NOT_STARTED"},{"weekDay":3,"seckillStartTime":1786507200000,"seckillEndTime":1786679999999,"status":"NOT_STARTED"},{"weekDay":5,"seckillStartTime":1786680000000,"seckillEndTime":1785729599999,"status":"NOT_STARTED"}]},{"couponId":"6870872e89fddd2bbdec96bd","name":"V7","amount":75,"xyLevel":"V7","seckillTime":"WEEKLY","periods":[{"weekDay":1,"seckillStartTime":1785729600000,"seckillEndTime":1785902399999,"status":"ENDED"},{"weekDay":3,"seckillStartTime":1785902400000,"seckillEndTime":1786075199999,"status":"PROGRESSING"},{"weekDay":5,"seckillStartTime":1786075200000,"seckillEndTime":1786334399999,"status":"NOT_STARTED"},{"weekDay":1,"seckillStartTime":1786334400000,"seckillEndTime":1786507199999,"status":"NOT_STARTED"},{"weekDay":3,"seckillStartTime":1786507200000,"seckillEndTime":1786679999999,"status":"NOT_STARTED"},{"weekDay":5,"seckillStartTime":1786680000000,"seckillEndTime":1785729599999,"status":"NOT_STARTED"}]}]},"code":200,"errmsg":"OK"}}
============================================================
============================================================
[请求时间] 2026/8/7 10:37:30.037
[响应时间] 2026/8/7 10:37:30.179
[耗时] 142ms
[请求路径] https://pay-api.ds.163.com/v1/web/init/server/time
[请求方式] GET
[请求参数] {"query":null,"body":null}
[请求头] {"Accept":"application/json, text/plain, */*","Content-Type":"application/json;charset=UTF-8","GL-X-XSRF-TOKEN":"488fa9e6-bf56-4e39-8bc3-0ee7e474ef15","User-Agent":"Mozilla/5.0 (Windows NT 10.0; Win64; x64) AppleWebKit/537.36 (KHTML, like Gecko) Chrome/122.0.0.0 Safari/537.36","Origin":"https://pay.ds.163.com","Referer":"https://pay.ds.163.com/","GL-ClientType":"60","GL-DeviceId":"1e4c4551-79bf-4edb-9253-0836ac83d4e8","GL-Uid":"8f6ec79ee1304e6d83b136a924cb3d03","Accept-Encoding":"gzip, compress, deflate, br"}
[响应结果] {"httpStatus":404,"data":"<!DOCTYPE HTML PUBLIC \"-//W3C//DTD HTML 3.2 Final//EN\">\n<title>404 Not Found</title>\n<h1>Not Found</h1>\n<p>The requested URL was not found on the server. If you entered the URL manually please check your spelling and try again.</p>\n"}
============================================================
============================================================
[请求时间] 2026/8/7 10:37:30.168
[响应时间] 2026/8/7 10:37:30.323
[耗时] 155ms
[请求路径] https://pay-api.ds.163.com/api/nlogin
[请求方式] GET
[请求参数] {"query":{},"body":null}
[请求头] {"Accept":"application/json, text/plain, */*","Content-Type":"application/json;charset=UTF-8","GL-X-XSRF-TOKEN":"488fa9e6-bf56-4e39-8bc3-0ee7e474ef15","User-Agent":"Mozilla/5.0 (Windows NT 10.0; Win64; x64) AppleWebKit/537.36 (KHTML, like Gecko) Chrome/122.0.0.0 Safari/537.36","Origin":"https://pay.ds.163.com","Referer":"https://pay.ds.163.com/","GL-ClientType":"60","GL-DeviceId":"1e4c4551-79bf-4edb-9253-0836ac83d4e8","GL-Uid":"8f6ec79ee1304e6d83b136a924cb3d03","Accept-Encoding":"gzip, compress, deflate, br"}
[响应结果] {"httpStatus":200,"data":{"code":413,"msg":"登录失败"}}
============================================================
============================================================
[请求时间] 2026/8/7 11:36:31.992
[响应时间] 2026/8/7 11:36:32.215
[耗时] 223ms
[请求路径] https://pay-api.ds.163.com/v1/web/init/server/time
[请求方式] GET
[请求参数] {"query":null,"body":null}
[请求头] {"Accept":"application/json, text/plain, */*","Content-Type":"application/json;charset=UTF-8","User-Agent":"Mozilla/5.0 (Windows NT 10.0; Win64; x64) AppleWebKit/537.36 (KHTML, like Gecko) Chrome/122.0.0.0 Safari/537.36","Origin":"https://pay.ds.163.com","Referer":"https://pay.ds.163.com/","GL-ClientType":"60","GL-DeviceId":"1e4c4551-79bf-4edb-9253-0836ac83d4e8","GL-Uid":"8f6ec79ee1304e6d83b136a924cb3d03","GL-X-XSRF-TOKEN":"488fa9e6-bf56-4e39-8bc3-0ee7e474ef15","Accept-Encoding":"gzip, compress, deflate, br"}
[响应结果] {"httpStatus":404,"data":"<!DOCTYPE HTML PUBLIC \"-//W3C//DTD HTML 3.2 Final//EN\">\n<title>404 Not Found</title>\n<h1>Not Found</h1>\n<p>The requested URL was not found on the server. If you entered the URL manually please check your spelling and try again.</p>\n"}
============================================================
============================================================
[请求时间] 2026/8/7 11:36:32.213
[响应时间] 2026/8/7 11:36:32.369
[耗时] 156ms
[请求路径] https://pay-api.ds.163.com/api/nlogin
[请求方式] GET
[请求参数] {"query":{},"body":null}
[请求头] {"Accept":"application/json, text/plain, */*","Content-Type":"application/json;charset=UTF-8","GL-X-XSRF-TOKEN":"488fa9e6-bf56-4e39-8bc3-0ee7e474ef15","User-Agent":"Mozilla/5.0 (Windows NT 10.0; Win64; x64) AppleWebKit/537.36 (KHTML, like Gecko) Chrome/122.0.0.0 Safari/537.36","Origin":"https://pay.ds.163.com","Referer":"https://pay.ds.163.com/","GL-ClientType":"60","GL-DeviceId":"1e4c4551-79bf-4edb-9253-0836ac83d4e8","GL-Uid":"8f6ec79ee1304e6d83b136a924cb3d03","Accept-Encoding":"gzip, compress, deflate, br"}
[响应结果] {"httpStatus":200,"data":{"code":413,"msg":"登录失败"}}
============================================================
============================================================
[请求时间] 2026/8/7 11:36:32.360
[响应时间] 2026/8/7 11:36:32.689
[耗时] 329ms
[请求路径] https://inf.ds.163.com/v1/web/cooperate/plutus/cookie-exchange
[请求方式] GET
[请求参数] {"query":null,"body":null}
[请求头] {"Accept":"application/json, text/plain, */*","Content-Type":"application/json;charset=UTF-8","GL-X-XSRF-TOKEN":"488fa9e6-bf56-4e39-8bc3-0ee7e474ef15","User-Agent":"Mozilla/5.0 (Windows NT 10.0; Win64; x64) AppleWebKit/537.36 (KHTML, like Gecko) Chrome/122.0.0.0 Safari/537.36","Origin":"https://pay.ds.163.com","Referer":"https://pay.ds.163.com/","GL-ClientType":"60","GL-DeviceId":"1e4c4551-79bf-4edb-9253-0836ac83d4e8","GL-Uid":"8f6ec79ee1304e6d83b136a924cb3d03","Accept-Encoding":"gzip, compress, deflate, br"}
[响应结果] {"httpStatus":200,"data":{"result":{"user":{"uid":"8f6ec79ee1304e6d83b136a924cb3d03","nick":"雪色心","icon":"https://ok.166.net/reunionpub/3_20251220_19b3a526004138871.jpeg","intro":"","gender":2,"birth":"2003-01-16","updateTime":1784282337352,"userSourceType":"URS"},"newUser":false},"code":200,"errmsg":"OK"}}
============================================================
============================================================
[请求时间] 2026/8/7 11:36:32.687
[响应时间] 2026/8/7 11:36:32.832
[耗时] 145ms
[请求路径] https://pay-api.ds.163.com/v1/web/init/server/time
[请求方式] GET
[请求参数] {"query":null,"body":null}
[请求头] {"Accept":"application/json, text/plain, */*","Content-Type":"application/json;charset=UTF-8","GL-X-XSRF-TOKEN":"488fa9e6-bf56-4e39-8bc3-0ee7e474ef15","User-Agent":"Mozilla/5.0 (Windows NT 10.0; Win64; x64) AppleWebKit/537.36 (KHTML, like Gecko) Chrome/122.0.0.0 Safari/537.36","Origin":"https://pay.ds.163.com","Referer":"https://pay.ds.163.com/","GL-ClientType":"60","GL-DeviceId":"1e4c4551-79bf-4edb-9253-0836ac83d4e8","GL-Uid":"8f6ec79ee1304e6d83b136a924cb3d03","Accept-Encoding":"gzip, compress, deflate, br"}
[响应结果] {"httpStatus":404,"data":"<!DOCTYPE HTML PUBLIC \"-//W3C//DTD HTML 3.2 Final//EN\">\n<title>404 Not Found</title>\n<h1>Not Found</h1>\n<p>The requested URL was not found on the server. If you entered the URL manually please check your spelling and try again.</p>\n"}
============================================================
============================================================
[请求时间] 2026/8/7 11:36:32.830
[响应时间] 2026/8/7 11:36:33.114
[耗时] 284ms
[请求路径] https://inf.ds.163.com/v1/web/exp/xy/user/get-info
[请求方式] POST
[请求参数] {"query":null,"body":{}}
[请求头] {"Accept":"application/json, text/plain, */*","Content-Type":"application/json;charset=UTF-8","GL-X-XSRF-TOKEN":"488fa9e6-bf56-4e39-8bc3-0ee7e474ef15","User-Agent":"Mozilla/5.0 (Windows NT 10.0; Win64; x64) AppleWebKit/537.36 (KHTML, like Gecko) Chrome/122.0.0.0 Safari/537.36","Origin":"https://pay.ds.163.com","Referer":"https://pay.ds.163.com/","GL-ClientType":"60","GL-DeviceId":"1e4c4551-79bf-4edb-9253-0836ac83d4e8","GL-Uid":"8f6ec79ee1304e6d83b136a924cb3d03","GL-CheckSum":"a2ec4fec3c11c34e4453ab220217e74a853b19d9","Content-Length":"2","Accept-Encoding":"gzip, compress, deflate, br"}
[响应结果] {"httpStatus":200,"data":{"result":{"growthPoint":230387,"currentLv":"V5","diffNextLvGrowthPoint":69613,"currentLvExpireDate":"20261230","currentLvExpire":1798560000000,"nextLv":"V6","activeGames":["l36","u5","h74"],"last365LoginGames":["u5","h74","l36","h72"],"initDate":"20251230","lastLv":"V5"},"code":200,"errmsg":"OK"}}
============================================================
============================================================
[请求时间] 2026/8/7 11:36:33.113
[响应时间] 2026/8/7 11:36:33.356
[耗时] 243ms
[请求路径] https://inf.ds.163.com/v1/web/exp/week-coupon/showing-list-v2
[请求方式] POST
[请求参数] {"query":null,"body":{}}
[请求头] {"Accept":"application/json, text/plain, */*","Content-Type":"application/json;charset=UTF-8","GL-X-XSRF-TOKEN":"488fa9e6-bf56-4e39-8bc3-0ee7e474ef15","User-Agent":"Mozilla/5.0 (Windows NT 10.0; Win64; x64) AppleWebKit/537.36 (KHTML, like Gecko) Chrome/122.0.0.0 Safari/537.36","Origin":"https://pay.ds.163.com","Referer":"https://pay.ds.163.com/","GL-ClientType":"60","GL-DeviceId":"1e4c4551-79bf-4edb-9253-0836ac83d4e8","GL-Uid":"8f6ec79ee1304e6d83b136a924cb3d03","GL-CheckSum":"a2ec4fec3c11c34e4453ab220217e74a853b19d9","Content-Length":"2","Accept-Encoding":"gzip, compress, deflate, br"}
[响应结果] {"httpStatus":200,"data":{"result":{"coupons":[{"couponId":"687076e69f3efd24cb2bed9c","name":"V1","amount":1,"xyLevel":"V1","seckillTime":"WEEKLY","periods":[{"weekDay":1,"seckillStartTime":1785729600000,"seckillEndTime":1785902399999,"status":"ENDED"},{"weekDay":3,"seckillStartTime":1785902400000,"seckillEndTime":1786075199999,"status":"PROGRESSING"},{"weekDay":5,"seckillStartTime":1786075200000,"seckillEndTime":1786334399999,"status":"NOT_STARTED"},{"weekDay":1,"seckillStartTime":1786334400000,"seckillEndTime":1786507199999,"status":"NOT_STARTED"},{"weekDay":3,"seckillStartTime":1786507200000,"seckillEndTime":1786679999999,"status":"NOT_STARTED"},{"weekDay":5,"seckillStartTime":1786680000000,"seckillEndTime":1785729599999,"status":"NOT_STARTED"}]},{"couponId":"68708657f56f912f57e063bf","name":"V2","amount":2,"xyLevel":"V2","seckillTime":"WEEKLY","periods":[{"weekDay":1,"seckillStartTime":1785729600000,"seckillEndTime":1785902399999,"status":"ENDED"},{"weekDay":3,"seckillStartTime":1785902400000,"seckillEndTime":1786075199999,"status":"PROGRESSING"},{"weekDay":5,"seckillStartTime":1786075200000,"seckillEndTime":1786334399999,"status":"NOT_STARTED"},{"weekDay":1,"seckillStartTime":1786334400000,"seckillEndTime":1786507199999,"status":"NOT_STARTED"},{"weekDay":3,"seckillStartTime":1786507200000,"seckillEndTime":1786679999999,"status":"NOT_STARTED"},{"weekDay":5,"seckillStartTime":1786680000000,"seckillEndTime":1785729599999,"status":"NOT_STARTED"}]},{"couponId":"6870867989fddd2bbdec96bc","name":"V3","amount":3,"xyLevel":"V3","seckillTime":"WEEKLY","periods":[{"weekDay":1,"seckillStartTime":1785729600000,"seckillEndTime":1785902399999,"status":"ENDED"},{"weekDay":3,"seckillStartTime":1785902400000,"seckillEndTime":1786075199999,"status":"PROGRESSING"},{"weekDay":5,"seckillStartTime":1786075200000,"seckillEndTime":1786334399999,"status":"NOT_STARTED"},{"weekDay":1,"seckillStartTime":1786334400000,"seckillEndTime":1786507199999,"status":"NOT_STARTED"},{"weekDay":3,"seckillStartTime":1786507200000,"seckillEndTime":1786679999999,"status":"NOT_STARTED"},{"weekDay":5,"seckillStartTime":1786680000000,"seckillEndTime":1785729599999,"status":"NOT_STARTED"}]},{"couponId":"6870869cf56f912f57e063c0","name":"V4","amount":8,"xyLevel":"V4","seckillTime":"WEEKLY","periods":[{"weekDay":1,"seckillStartTime":1785729600000,"seckillEndTime":1785902399999,"status":"ENDED"},{"weekDay":3,"seckillStartTime":1785902400000,"seckillEndTime":1786075199999,"status":"PROGRESSING"},{"weekDay":5,"seckillStartTime":1786075200000,"seckillEndTime":1786334399999,"status":"NOT_STARTED"},{"weekDay":1,"seckillStartTime":1786334400000,"seckillEndTime":1786507199999,"status":"NOT_STARTED"},{"weekDay":3,"seckillStartTime":1786507200000,"seckillEndTime":1786679999999,"status":"NOT_STARTED"},{"weekDay":5,"seckillStartTime":1786680000000,"seckillEndTime":1785729599999,"status":"NOT_STARTED"}]},{"couponId":"687086e33d0d02335c1804f4","name":"V5","amount":18,"xyLevel":"V5","seckillTime":"WEEKLY","periods":[{"weekDay":1,"seckillStartTime":1785729600000,"seckillEndTime":1785902399999,"status":"ENDED"},{"weekDay":3,"seckillStartTime":1785902400000,"seckillEndTime":1786075199999,"status":"PROGRESSING","acquiredStatus":"ACQUIRED","stockId":"687086e33d0d02335c1804f4_WEEKLY_1785902400000"},{"weekDay":5,"seckillStartTime":1786075200000,"seckillEndTime":1786334399999,"status":"NOT_STARTED"},{"weekDay":1,"seckillStartTime":1786334400000,"seckillEndTime":1786507199999,"status":"NOT_STARTED"},{"weekDay":3,"seckillStartTime":1786507200000,"seckillEndTime":1786679999999,"status":"NOT_STARTED"},{"weekDay":5,"seckillStartTime":1786680000000,"seckillEndTime":1785729599999,"status":"NOT_STARTED"}]},{"couponId":"68708705f56f912f57e063c3","name":"V6","amount":30,"xyLevel":"V6","seckillTime":"WEEKLY","periods":[{"weekDay":1,"seckillStartTime":1785729600000,"seckillEndTime":1785902399999,"status":"ENDED"},{"weekDay":3,"seckillStartTime":1785902400000,"seckillEndTime":1786075199999,"status":"PROGRESSING"},{"weekDay":5,"seckillStartTime":1786075200000,"seckillEndTime":1786334399999,"status":"NOT_STARTED"},{"weekDay":1,"seckillStartTime":1786334400000,"seckillEndTime":1786507199999,"status":"NOT_STARTED"},{"weekDay":3,"seckillStartTime":1786507200000,"seckillEndTime":1786679999999,"status":"NOT_STARTED"},{"weekDay":5,"seckillStartTime":1786680000000,"seckillEndTime":1785729599999,"status":"NOT_STARTED"}]},{"couponId":"6870872e89fddd2bbdec96bd","name":"V7","amount":75,"xyLevel":"V7","seckillTime":"WEEKLY","periods":[{"weekDay":1,"seckillStartTime":1785729600000,"seckillEndTime":1785902399999,"status":"ENDED"},{"weekDay":3,"seckillStartTime":1785902400000,"seckillEndTime":1786075199999,"status":"PROGRESSING"},{"weekDay":5,"seckillStartTime":1786075200000,"seckillEndTime":1786334399999,"status":"NOT_STARTED"},{"weekDay":1,"seckillStartTime":1786334400000,"seckillEndTime":1786507199999,"status":"NOT_STARTED"},{"weekDay":3,"seckillStartTime":1786507200000,"seckillEndTime":1786679999999,"status":"NOT_STARTED"},{"weekDay":5,"seckillStartTime":1786680000000,"seckillEndTime":1785729599999,"status":"NOT_STARTED"}]}]},"code":200,"errmsg":"OK"}}
============================================================
============================================================
[请求时间] 2026/8/7 11:36:33.359
[响应时间] 2026/8/7 11:36:33.603
[耗时] 244ms
[请求路径] https://inf.ds.163.com/v1/web/exp/week-coupon/showing-list-v2
[请求方式] POST
[请求参数] {"query":null,"body":{}}
[请求头] {"Accept":"application/json, text/plain, */*","Content-Type":"application/json;charset=UTF-8","GL-X-XSRF-TOKEN":"488fa9e6-bf56-4e39-8bc3-0ee7e474ef15","User-Agent":"Mozilla/5.0 (Windows NT 10.0; Win64; x64) AppleWebKit/537.36 (KHTML, like Gecko) Chrome/122.0.0.0 Safari/537.36","Origin":"https://pay.ds.163.com","Referer":"https://pay.ds.163.com/","GL-ClientType":"60","GL-DeviceId":"1e4c4551-79bf-4edb-9253-0836ac83d4e8","GL-Uid":"8f6ec79ee1304e6d83b136a924cb3d03","GL-CheckSum":"a2ec4fec3c11c34e4453ab220217e74a853b19d9","Content-Length":"2","Accept-Encoding":"gzip, compress, deflate, br"}
[响应结果] {"httpStatus":200,"data":{"result":{"coupons":[{"couponId":"687076e69f3efd24cb2bed9c","name":"V1","amount":1,"xyLevel":"V1","seckillTime":"WEEKLY","periods":[{"weekDay":1,"seckillStartTime":1785729600000,"seckillEndTime":1785902399999,"status":"ENDED"},{"weekDay":3,"seckillStartTime":1785902400000,"seckillEndTime":1786075199999,"status":"PROGRESSING"},{"weekDay":5,"seckillStartTime":1786075200000,"seckillEndTime":1786334399999,"status":"NOT_STARTED"},{"weekDay":1,"seckillStartTime":1786334400000,"seckillEndTime":1786507199999,"status":"NOT_STARTED"},{"weekDay":3,"seckillStartTime":1786507200000,"seckillEndTime":1786679999999,"status":"NOT_STARTED"},{"weekDay":5,"seckillStartTime":1786680000000,"seckillEndTime":1785729599999,"status":"NOT_STARTED"}]},{"couponId":"68708657f56f912f57e063bf","name":"V2","amount":2,"xyLevel":"V2","seckillTime":"WEEKLY","periods":[{"weekDay":1,"seckillStartTime":1785729600000,"seckillEndTime":1785902399999,"status":"ENDED"},{"weekDay":3,"seckillStartTime":1785902400000,"seckillEndTime":1786075199999,"status":"PROGRESSING"},{"weekDay":5,"seckillStartTime":1786075200000,"seckillEndTime":1786334399999,"status":"NOT_STARTED"},{"weekDay":1,"seckillStartTime":1786334400000,"seckillEndTime":1786507199999,"status":"NOT_STARTED"},{"weekDay":3,"seckillStartTime":1786507200000,"seckillEndTime":1786679999999,"status":"NOT_STARTED"},{"weekDay":5,"seckillStartTime":1786680000000,"seckillEndTime":1785729599999,"status":"NOT_STARTED"}]},{"couponId":"6870867989fddd2bbdec96bc","name":"V3","amount":3,"xyLevel":"V3","seckillTime":"WEEKLY","periods":[{"weekDay":1,"seckillStartTime":1785729600000,"seckillEndTime":1785902399999,"status":"ENDED"},{"weekDay":3,"seckillStartTime":1785902400000,"seckillEndTime":1786075199999,"status":"PROGRESSING"},{"weekDay":5,"seckillStartTime":1786075200000,"seckillEndTime":1786334399999,"status":"NOT_STARTED"},{"weekDay":1,"seckillStartTime":1786334400000,"seckillEndTime":1786507199999,"status":"NOT_STARTED"},{"weekDay":3,"seckillStartTime":1786507200000,"seckillEndTime":1786679999999,"status":"NOT_STARTED"},{"weekDay":5,"seckillStartTime":1786680000000,"seckillEndTime":1785729599999,"status":"NOT_STARTED"}]},{"couponId":"6870869cf56f912f57e063c0","name":"V4","amount":8,"xyLevel":"V4","seckillTime":"WEEKLY","periods":[{"weekDay":1,"seckillStartTime":1785729600000,"seckillEndTime":1785902399999,"status":"ENDED"},{"weekDay":3,"seckillStartTime":1785902400000,"seckillEndTime":1786075199999,"status":"PROGRESSING"},{"weekDay":5,"seckillStartTime":1786075200000,"seckillEndTime":1786334399999,"status":"NOT_STARTED"},{"weekDay":1,"seckillStartTime":1786334400000,"seckillEndTime":1786507199999,"status":"NOT_STARTED"},{"weekDay":3,"seckillStartTime":1786507200000,"seckillEndTime":1786679999999,"status":"NOT_STARTED"},{"weekDay":5,"seckillStartTime":1786680000000,"seckillEndTime":1785729599999,"status":"NOT_STARTED"}]},{"couponId":"687086e33d0d02335c1804f4","name":"V5","amount":18,"xyLevel":"V5","seckillTime":"WEEKLY","periods":[{"weekDay":1,"seckillStartTime":1785729600000,"seckillEndTime":1785902399999,"status":"ENDED"},{"weekDay":3,"seckillStartTime":1785902400000,"seckillEndTime":1786075199999,"status":"PROGRESSING","acquiredStatus":"ACQUIRED","stockId":"687086e33d0d02335c1804f4_WEEKLY_1785902400000"},{"weekDay":5,"seckillStartTime":1786075200000,"seckillEndTime":1786334399999,"status":"NOT_STARTED"},{"weekDay":1,"seckillStartTime":1786334400000,"seckillEndTime":1786507199999,"status":"NOT_STARTED"},{"weekDay":3,"seckillStartTime":1786507200000,"seckillEndTime":1786679999999,"status":"NOT_STARTED"},{"weekDay":5,"seckillStartTime":1786680000000,"seckillEndTime":1785729599999,"status":"NOT_STARTED"}]},{"couponId":"68708705f56f912f57e063c3","name":"V6","amount":30,"xyLevel":"V6","seckillTime":"WEEKLY","periods":[{"weekDay":1,"seckillStartTime":1785729600000,"seckillEndTime":1785902399999,"status":"ENDED"},{"weekDay":3,"seckillStartTime":1785902400000,"seckillEndTime":1786075199999,"status":"PROGRESSING"},{"weekDay":5,"seckillStartTime":1786075200000,"seckillEndTime":1786334399999,"status":"NOT_STARTED"},{"weekDay":1,"seckillStartTime":1786334400000,"seckillEndTime":1786507199999,"status":"NOT_STARTED"},{"weekDay":3,"seckillStartTime":1786507200000,"seckillEndTime":1786679999999,"status":"NOT_STARTED"},{"weekDay":5,"seckillStartTime":1786680000000,"seckillEndTime":1785729599999,"status":"NOT_STARTED"}]},{"couponId":"6870872e89fddd2bbdec96bd","name":"V7","amount":75,"xyLevel":"V7","seckillTime":"WEEKLY","periods":[{"weekDay":1,"seckillStartTime":1785729600000,"seckillEndTime":1785902399999,"status":"ENDED"},{"weekDay":3,"seckillStartTime":1785902400000,"seckillEndTime":1786075199999,"status":"PROGRESSING"},{"weekDay":5,"seckillStartTime":1786075200000,"seckillEndTime":1786334399999,"status":"NOT_STARTED"},{"weekDay":1,"seckillStartTime":1786334400000,"seckillEndTime":1786507199999,"status":"NOT_STARTED"},{"weekDay":3,"seckillStartTime":1786507200000,"seckillEndTime":1786679999999,"status":"NOT_STARTED"},{"weekDay":5,"seckillStartTime":1786680000000,"seckillEndTime":1785729599999,"status":"NOT_STARTED"}]}]},"code":200,"errmsg":"OK"}}
============================================================
============================================================
[请求时间] 2026/8/7 11:36:33.602
[响应时间] 2026/8/7 11:36:33.723
[耗时] 121ms
[请求路径] https://pay-api.ds.163.com/v1/web/init/server/time
[请求方式] GET
[请求参数] {"query":null,"body":null}
[请求头] {"Accept":"application/json, text/plain, */*","Content-Type":"application/json;charset=UTF-8","GL-X-XSRF-TOKEN":"488fa9e6-bf56-4e39-8bc3-0ee7e474ef15","User-Agent":"Mozilla/5.0 (Windows NT 10.0; Win64; x64) AppleWebKit/537.36 (KHTML, like Gecko) Chrome/122.0.0.0 Safari/537.36","Origin":"https://pay.ds.163.com","Referer":"https://pay.ds.163.com/","GL-ClientType":"60","GL-DeviceId":"1e4c4551-79bf-4edb-9253-0836ac83d4e8","GL-Uid":"8f6ec79ee1304e6d83b136a924cb3d03","Accept-Encoding":"gzip, compress, deflate, br"}
[响应结果] {"httpStatus":404,"data":"<!DOCTYPE HTML PUBLIC \"-//W3C//DTD HTML 3.2 Final//EN\">\n<title>404 Not Found</title>\n<h1>Not Found</h1>\n<p>The requested URL was not found on the server. If you entered the URL manually please check your spelling and try again.</p>\n"}
============================================================
============================================================
[请求时间] 2026/8/7 11:36:33.722
[响应时间] 2026/8/7 11:36:33.841
[耗时] 119ms
[请求路径] https://pay-api.ds.163.com/api/nlogin
[请求方式] GET
[请求参数] {"query":{},"body":null}
[请求头] {"Accept":"application/json, text/plain, */*","Content-Type":"application/json;charset=UTF-8","GL-X-XSRF-TOKEN":"488fa9e6-bf56-4e39-8bc3-0ee7e474ef15","User-Agent":"Mozilla/5.0 (Windows NT 10.0; Win64; x64) AppleWebKit/537.36 (KHTML, like Gecko) Chrome/122.0.0.0 Safari/537.36","Origin":"https://pay.ds.163.com","Referer":"https://pay.ds.163.com/","GL-ClientType":"60","GL-DeviceId":"1e4c4551-79bf-4edb-9253-0836ac83d4e8","GL-Uid":"8f6ec79ee1304e6d83b136a924cb3d03","Accept-Encoding":"gzip, compress, deflate, br"}
[响应结果] {"httpStatus":200,"data":{"code":413,"msg":"登录失败"}}
============================================================
============================================================
[请求时间] 2026/8/7 11:57:25.027
[响应时间] 2026/8/7 11:57:25.435
[耗时] 408ms
[请求路径] https://pay-api.ds.163.com/v1/web/init/server/time
[请求方式] GET
[请求参数] {"query":null,"body":null}
[请求头] {"Accept":"application/json, text/plain, */*","Content-Type":"application/json;charset=UTF-8","User-Agent":"Mozilla/5.0 (Windows NT 10.0; Win64; x64) AppleWebKit/537.36 (KHTML, like Gecko) Chrome/122.0.0.0 Safari/537.36","Origin":"https://pay.ds.163.com","Referer":"https://pay.ds.163.com/","GL-ClientType":"60","GL-DeviceId":"1e4c4551-79bf-4edb-9253-0836ac83d4e8","GL-Uid":"8f6ec79ee1304e6d83b136a924cb3d03","GL-X-XSRF-TOKEN":"488fa9e6-bf56-4e39-8bc3-0ee7e474ef15","Accept-Encoding":"gzip, compress, deflate, br"}
[响应结果] {"httpStatus":404,"data":"<!DOCTYPE HTML PUBLIC \"-//W3C//DTD HTML 3.2 Final//EN\">\n<title>404 Not Found</title>\n<h1>Not Found</h1>\n<p>The requested URL was not found on the server. If you entered the URL manually please check your spelling and try again.</p>\n"}
============================================================
============================================================
[请求时间] 2026/8/7 11:57:25.428
[响应时间] 2026/8/7 11:57:25.571
[耗时] 143ms
[请求路径] https://pay-api.ds.163.com/api/nlogin
[请求方式] GET
[请求参数] {"query":{},"body":null}
[请求头] {"Accept":"application/json, text/plain, */*","Content-Type":"application/json;charset=UTF-8","GL-X-XSRF-TOKEN":"488fa9e6-bf56-4e39-8bc3-0ee7e474ef15","User-Agent":"Mozilla/5.0 (Windows NT 10.0; Win64; x64) AppleWebKit/537.36 (KHTML, like Gecko) Chrome/122.0.0.0 Safari/537.36","Origin":"https://pay.ds.163.com","Referer":"https://pay.ds.163.com/","GL-ClientType":"60","GL-DeviceId":"1e4c4551-79bf-4edb-9253-0836ac83d4e8","GL-Uid":"8f6ec79ee1304e6d83b136a924cb3d03","Accept-Encoding":"gzip, compress, deflate, br"}
[响应结果] {"httpStatus":200,"data":{"code":413,"msg":"登录失败"}}
============================================================
============================================================
[请求时间] 2026/8/7 11:57:25.570
[响应时间] 2026/8/7 11:57:25.911
[耗时] 341ms
[请求路径] https://inf.ds.163.com/v1/web/cooperate/plutus/cookie-exchange
[请求方式] GET
[请求参数] {"query":null,"body":null}
[请求头] {"Accept":"application/json, text/plain, */*","Content-Type":"application/json;charset=UTF-8","GL-X-XSRF-TOKEN":"488fa9e6-bf56-4e39-8bc3-0ee7e474ef15","User-Agent":"Mozilla/5.0 (Windows NT 10.0; Win64; x64) AppleWebKit/537.36 (KHTML, like Gecko) Chrome/122.0.0.0 Safari/537.36","Origin":"https://pay.ds.163.com","Referer":"https://pay.ds.163.com/","GL-ClientType":"60","GL-DeviceId":"1e4c4551-79bf-4edb-9253-0836ac83d4e8","GL-Uid":"8f6ec79ee1304e6d83b136a924cb3d03","Accept-Encoding":"gzip, compress, deflate, br"}
[响应结果] {"httpStatus":200,"data":{"result":{"user":{"uid":"8f6ec79ee1304e6d83b136a924cb3d03","nick":"雪色心","icon":"https://ok.166.net/reunionpub/3_20251220_19b3a526004138871.jpeg","intro":"","gender":2,"birth":"2003-01-16","updateTime":1784282337352,"userSourceType":"URS"},"newUser":false},"code":200,"errmsg":"OK"}}
============================================================
============================================================
[请求时间] 2026/8/7 11:57:25.906
[响应时间] 2026/8/7 11:57:26.036
[耗时] 130ms
[请求路径] https://pay-api.ds.163.com/v1/web/init/server/time
[请求方式] GET
[请求参数] {"query":null,"body":null}
[请求头] {"Accept":"application/json, text/plain, */*","Content-Type":"application/json;charset=UTF-8","GL-X-XSRF-TOKEN":"488fa9e6-bf56-4e39-8bc3-0ee7e474ef15","User-Agent":"Mozilla/5.0 (Windows NT 10.0; Win64; x64) AppleWebKit/537.36 (KHTML, like Gecko) Chrome/122.0.0.0 Safari/537.36","Origin":"https://pay.ds.163.com","Referer":"https://pay.ds.163.com/","GL-ClientType":"60","GL-DeviceId":"1e4c4551-79bf-4edb-9253-0836ac83d4e8","GL-Uid":"8f6ec79ee1304e6d83b136a924cb3d03","Accept-Encoding":"gzip, compress, deflate, br"}
[响应结果] {"httpStatus":404,"data":"<!DOCTYPE HTML PUBLIC \"-//W3C//DTD HTML 3.2 Final//EN\">\n<title>404 Not Found</title>\n<h1>Not Found</h1>\n<p>The requested URL was not found on the server. If you entered the URL manually please check your spelling and try again.</p>\n"}
============================================================
============================================================
[请求时间] 2026/8/7 11:57:26.035
[响应时间] 2026/8/7 11:57:26.619
[耗时] 584ms
[请求路径] https://inf.ds.163.com/v1/web/exp/xy/user/get-info
[请求方式] POST
[请求参数] {"query":null,"body":{}}
[请求头] {"Accept":"application/json, text/plain, */*","Content-Type":"application/json;charset=UTF-8","GL-X-XSRF-TOKEN":"488fa9e6-bf56-4e39-8bc3-0ee7e474ef15","User-Agent":"Mozilla/5.0 (Windows NT 10.0; Win64; x64) AppleWebKit/537.36 (KHTML, like Gecko) Chrome/122.0.0.0 Safari/537.36","Origin":"https://pay.ds.163.com","Referer":"https://pay.ds.163.com/","GL-ClientType":"60","GL-DeviceId":"1e4c4551-79bf-4edb-9253-0836ac83d4e8","GL-Uid":"8f6ec79ee1304e6d83b136a924cb3d03","GL-CheckSum":"a2ec4fec3c11c34e4453ab220217e74a853b19d9","Content-Length":"2","Accept-Encoding":"gzip, compress, deflate, br"}
[响应结果] {"httpStatus":200,"data":{"result":{"growthPoint":230387,"currentLv":"V5","diffNextLvGrowthPoint":69613,"currentLvExpireDate":"20261230","currentLvExpire":1798560000000,"nextLv":"V6","activeGames":["l36","u5","h74"],"last365LoginGames":["u5","h74","l36","h72"],"initDate":"20251230","lastLv":"V5"},"code":200,"errmsg":"OK"}}
============================================================
============================================================
[请求时间] 2026/8/7 11:57:26.617
[响应时间] 2026/8/7 11:57:26.915
[耗时] 298ms
[请求路径] https://inf.ds.163.com/v1/web/exp/week-coupon/showing-list-v2
[请求方式] POST
[请求参数] {"query":null,"body":{}}
[请求头] {"Accept":"application/json, text/plain, */*","Content-Type":"application/json;charset=UTF-8","GL-X-XSRF-TOKEN":"488fa9e6-bf56-4e39-8bc3-0ee7e474ef15","User-Agent":"Mozilla/5.0 (Windows NT 10.0; Win64; x64) AppleWebKit/537.36 (KHTML, like Gecko) Chrome/122.0.0.0 Safari/537.36","Origin":"https://pay.ds.163.com","Referer":"https://pay.ds.163.com/","GL-ClientType":"60","GL-DeviceId":"1e4c4551-79bf-4edb-9253-0836ac83d4e8","GL-Uid":"8f6ec79ee1304e6d83b136a924cb3d03","GL-CheckSum":"a2ec4fec3c11c34e4453ab220217e74a853b19d9","Content-Length":"2","Accept-Encoding":"gzip, compress, deflate, br"}
[响应结果] {"httpStatus":200,"data":{"result":{"coupons":[{"couponId":"687076e69f3efd24cb2bed9c","name":"V1","amount":1,"xyLevel":"V1","seckillTime":"WEEKLY","periods":[{"weekDay":1,"seckillStartTime":1785729600000,"seckillEndTime":1785902399999,"status":"ENDED"},{"weekDay":3,"seckillStartTime":1785902400000,"seckillEndTime":1786075199999,"status":"PROGRESSING"},{"weekDay":5,"seckillStartTime":1786075200000,"seckillEndTime":1786334399999,"status":"NOT_STARTED"},{"weekDay":1,"seckillStartTime":1786334400000,"seckillEndTime":1786507199999,"status":"NOT_STARTED"},{"weekDay":3,"seckillStartTime":1786507200000,"seckillEndTime":1786679999999,"status":"NOT_STARTED"},{"weekDay":5,"seckillStartTime":1786680000000,"seckillEndTime":1785729599999,"status":"NOT_STARTED"}]},{"couponId":"68708657f56f912f57e063bf","name":"V2","amount":2,"xyLevel":"V2","seckillTime":"WEEKLY","periods":[{"weekDay":1,"seckillStartTime":1785729600000,"seckillEndTime":1785902399999,"status":"ENDED"},{"weekDay":3,"seckillStartTime":1785902400000,"seckillEndTime":1786075199999,"status":"PROGRESSING"},{"weekDay":5,"seckillStartTime":1786075200000,"seckillEndTime":1786334399999,"status":"NOT_STARTED"},{"weekDay":1,"seckillStartTime":1786334400000,"seckillEndTime":1786507199999,"status":"NOT_STARTED"},{"weekDay":3,"seckillStartTime":1786507200000,"seckillEndTime":1786679999999,"status":"NOT_STARTED"},{"weekDay":5,"seckillStartTime":1786680000000,"seckillEndTime":1785729599999,"status":"NOT_STARTED"}]},{"couponId":"6870867989fddd2bbdec96bc","name":"V3","amount":3,"xyLevel":"V3","seckillTime":"WEEKLY","periods":[{"weekDay":1,"seckillStartTime":1785729600000,"seckillEndTime":1785902399999,"status":"ENDED"},{"weekDay":3,"seckillStartTime":1785902400000,"seckillEndTime":1786075199999,"status":"PROGRESSING"},{"weekDay":5,"seckillStartTime":1786075200000,"seckillEndTime":1786334399999,"status":"NOT_STARTED"},{"weekDay":1,"seckillStartTime":1786334400000,"seckillEndTime":1786507199999,"status":"NOT_STARTED"},{"weekDay":3,"seckillStartTime":1786507200000,"seckillEndTime":1786679999999,"status":"NOT_STARTED"},{"weekDay":5,"seckillStartTime":1786680000000,"seckillEndTime":1785729599999,"status":"NOT_STARTED"}]},{"couponId":"6870869cf56f912f57e063c0","name":"V4","amount":8,"xyLevel":"V4","seckillTime":"WEEKLY","periods":[{"weekDay":1,"seckillStartTime":1785729600000,"seckillEndTime":1785902399999,"status":"ENDED"},{"weekDay":3,"seckillStartTime":1785902400000,"seckillEndTime":1786075199999,"status":"PROGRESSING"},{"weekDay":5,"seckillStartTime":1786075200000,"seckillEndTime":1786334399999,"status":"NOT_STARTED"},{"weekDay":1,"seckillStartTime":1786334400000,"seckillEndTime":1786507199999,"status":"NOT_STARTED"},{"weekDay":3,"seckillStartTime":1786507200000,"seckillEndTime":1786679999999,"status":"NOT_STARTED"},{"weekDay":5,"seckillStartTime":1786680000000,"seckillEndTime":1785729599999,"status":"NOT_STARTED"}]},{"couponId":"687086e33d0d02335c1804f4","name":"V5","amount":18,"xyLevel":"V5","seckillTime":"WEEKLY","periods":[{"weekDay":1,"seckillStartTime":1785729600000,"seckillEndTime":1785902399999,"status":"ENDED"},{"weekDay":3,"seckillStartTime":1785902400000,"seckillEndTime":1786075199999,"status":"PROGRESSING","acquiredStatus":"ACQUIRED","stockId":"687086e33d0d02335c1804f4_WEEKLY_1785902400000"},{"weekDay":5,"seckillStartTime":1786075200000,"seckillEndTime":1786334399999,"status":"NOT_STARTED"},{"weekDay":1,"seckillStartTime":1786334400000,"seckillEndTime":1786507199999,"status":"NOT_STARTED"},{"weekDay":3,"seckillStartTime":1786507200000,"seckillEndTime":1786679999999,"status":"NOT_STARTED"},{"weekDay":5,"seckillStartTime":1786680000000,"seckillEndTime":1785729599999,"status":"NOT_STARTED"}]},{"couponId":"68708705f56f912f57e063c3","name":"V6","amount":30,"xyLevel":"V6","seckillTime":"WEEKLY","periods":[{"weekDay":1,"seckillStartTime":1785729600000,"seckillEndTime":1785902399999,"status":"ENDED"},{"weekDay":3,"seckillStartTime":1785902400000,"seckillEndTime":1786075199999,"status":"PROGRESSING"},{"weekDay":5,"seckillStartTime":1786075200000,"seckillEndTime":1786334399999,"status":"NOT_STARTED"},{"weekDay":1,"seckillStartTime":1786334400000,"seckillEndTime":1786507199999,"status":"NOT_STARTED"},{"weekDay":3,"seckillStartTime":1786507200000,"seckillEndTime":1786679999999,"status":"NOT_STARTED"},{"weekDay":5,"seckillStartTime":1786680000000,"seckillEndTime":1785729599999,"status":"NOT_STARTED"}]},{"couponId":"6870872e89fddd2bbdec96bd","name":"V7","amount":75,"xyLevel":"V7","seckillTime":"WEEKLY","periods":[{"weekDay":1,"seckillStartTime":1785729600000,"seckillEndTime":1785902399999,"status":"ENDED"},{"weekDay":3,"seckillStartTime":1785902400000,"seckillEndTime":1786075199999,"status":"PROGRESSING"},{"weekDay":5,"seckillStartTime":1786075200000,"seckillEndTime":1786334399999,"status":"NOT_STARTED"},{"weekDay":1,"seckillStartTime":1786334400000,"seckillEndTime":1786507199999,"status":"NOT_STARTED"},{"weekDay":3,"seckillStartTime":1786507200000,"seckillEndTime":1786679999999,"status":"NOT_STARTED"},{"weekDay":5,"seckillStartTime":1786680000000,"seckillEndTime":1785729599999,"status":"NOT_STARTED"}]}]},"code":200,"errmsg":"OK"}}
============================================================
============================================================
[请求时间] 2026/8/7 11:57:26.928
[响应时间] 2026/8/7 11:57:27.168
[耗时] 240ms
[请求路径] https://inf.ds.163.com/v1/web/exp/week-coupon/showing-list-v2
[请求方式] POST
[请求参数] {"query":null,"body":{}}
[请求头] {"Accept":"application/json, text/plain, */*","Content-Type":"application/json;charset=UTF-8","GL-X-XSRF-TOKEN":"488fa9e6-bf56-4e39-8bc3-0ee7e474ef15","User-Agent":"Mozilla/5.0 (Windows NT 10.0; Win64; x64) AppleWebKit/537.36 (KHTML, like Gecko) Chrome/122.0.0.0 Safari/537.36","Origin":"https://pay.ds.163.com","Referer":"https://pay.ds.163.com/","GL-ClientType":"60","GL-DeviceId":"1e4c4551-79bf-4edb-9253-0836ac83d4e8","GL-Uid":"8f6ec79ee1304e6d83b136a924cb3d03","GL-CheckSum":"a2ec4fec3c11c34e4453ab220217e74a853b19d9","Content-Length":"2","Accept-Encoding":"gzip, compress, deflate, br"}
[响应结果] {"httpStatus":200,"data":{"result":{"coupons":[{"couponId":"687076e69f3efd24cb2bed9c","name":"V1","amount":1,"xyLevel":"V1","seckillTime":"WEEKLY","periods":[{"weekDay":1,"seckillStartTime":1785729600000,"seckillEndTime":1785902399999,"status":"ENDED"},{"weekDay":3,"seckillStartTime":1785902400000,"seckillEndTime":1786075199999,"status":"PROGRESSING"},{"weekDay":5,"seckillStartTime":1786075200000,"seckillEndTime":1786334399999,"status":"NOT_STARTED"},{"weekDay":1,"seckillStartTime":1786334400000,"seckillEndTime":1786507199999,"status":"NOT_STARTED"},{"weekDay":3,"seckillStartTime":1786507200000,"seckillEndTime":1786679999999,"status":"NOT_STARTED"},{"weekDay":5,"seckillStartTime":1786680000000,"seckillEndTime":1785729599999,"status":"NOT_STARTED"}]},{"couponId":"68708657f56f912f57e063bf","name":"V2","amount":2,"xyLevel":"V2","seckillTime":"WEEKLY","periods":[{"weekDay":1,"seckillStartTime":1785729600000,"seckillEndTime":1785902399999,"status":"ENDED"},{"weekDay":3,"seckillStartTime":1785902400000,"seckillEndTime":1786075199999,"status":"PROGRESSING"},{"weekDay":5,"seckillStartTime":1786075200000,"seckillEndTime":1786334399999,"status":"NOT_STARTED"},{"weekDay":1,"seckillStartTime":1786334400000,"seckillEndTime":1786507199999,"status":"NOT_STARTED"},{"weekDay":3,"seckillStartTime":1786507200000,"seckillEndTime":1786679999999,"status":"NOT_STARTED"},{"weekDay":5,"seckillStartTime":1786680000000,"seckillEndTime":1785729599999,"status":"NOT_STARTED"}]},{"couponId":"6870867989fddd2bbdec96bc","name":"V3","amount":3,"xyLevel":"V3","seckillTime":"WEEKLY","periods":[{"weekDay":1,"seckillStartTime":1785729600000,"seckillEndTime":1785902399999,"status":"ENDED"},{"weekDay":3,"seckillStartTime":1785902400000,"seckillEndTime":1786075199999,"status":"PROGRESSING"},{"weekDay":5,"seckillStartTime":1786075200000,"seckillEndTime":1786334399999,"status":"NOT_STARTED"},{"weekDay":1,"seckillStartTime":1786334400000,"seckillEndTime":1786507199999,"status":"NOT_STARTED"},{"weekDay":3,"seckillStartTime":1786507200000,"seckillEndTime":1786679999999,"status":"NOT_STARTED"},{"weekDay":5,"seckillStartTime":1786680000000,"seckillEndTime":1785729599999,"status":"NOT_STARTED"}]},{"couponId":"6870869cf56f912f57e063c0","name":"V4","amount":8,"xyLevel":"V4","seckillTime":"WEEKLY","periods":[{"weekDay":1,"seckillStartTime":1785729600000,"seckillEndTime":1785902399999,"status":"ENDED"},{"weekDay":3,"seckillStartTime":1785902400000,"seckillEndTime":1786075199999,"status":"PROGRESSING"},{"weekDay":5,"seckillStartTime":1786075200000,"seckillEndTime":1786334399999,"status":"NOT_STARTED"},{"weekDay":1,"seckillStartTime":1786334400000,"seckillEndTime":1786507199999,"status":"NOT_STARTED"},{"weekDay":3,"seckillStartTime":1786507200000,"seckillEndTime":1786679999999,"status":"NOT_STARTED"},{"weekDay":5,"seckillStartTime":1786680000000,"seckillEndTime":1785729599999,"status":"NOT_STARTED"}]},{"couponId":"687086e33d0d02335c1804f4","name":"V5","amount":18,"xyLevel":"V5","seckillTime":"WEEKLY","periods":[{"weekDay":1,"seckillStartTime":1785729600000,"seckillEndTime":1785902399999,"status":"ENDED"},{"weekDay":3,"seckillStartTime":1785902400000,"seckillEndTime":1786075199999,"status":"PROGRESSING","acquiredStatus":"ACQUIRED","stockId":"687086e33d0d02335c1804f4_WEEKLY_1785902400000"},{"weekDay":5,"seckillStartTime":1786075200000,"seckillEndTime":1786334399999,"status":"NOT_STARTED"},{"weekDay":1,"seckillStartTime":1786334400000,"seckillEndTime":1786507199999,"status":"NOT_STARTED"},{"weekDay":3,"seckillStartTime":1786507200000,"seckillEndTime":1786679999999,"status":"NOT_STARTED"},{"weekDay":5,"seckillStartTime":1786680000000,"seckillEndTime":1785729599999,"status":"NOT_STARTED"}]},{"couponId":"68708705f56f912f57e063c3","name":"V6","amount":30,"xyLevel":"V6","seckillTime":"WEEKLY","periods":[{"weekDay":1,"seckillStartTime":1785729600000,"seckillEndTime":1785902399999,"status":"ENDED"},{"weekDay":3,"seckillStartTime":1785902400000,"seckillEndTime":1786075199999,"status":"PROGRESSING"},{"weekDay":5,"seckillStartTime":1786075200000,"seckillEndTime":1786334399999,"status":"NOT_STARTED"},{"weekDay":1,"seckillStartTime":1786334400000,"seckillEndTime":1786507199999,"status":"NOT_STARTED"},{"weekDay":3,"seckillStartTime":1786507200000,"seckillEndTime":1786679999999,"status":"NOT_STARTED"},{"weekDay":5,"seckillStartTime":1786680000000,"seckillEndTime":1785729599999,"status":"NOT_STARTED"}]},{"couponId":"6870872e89fddd2bbdec96bd","name":"V7","amount":75,"xyLevel":"V7","seckillTime":"WEEKLY","periods":[{"weekDay":1,"seckillStartTime":1785729600000,"seckillEndTime":1785902399999,"status":"ENDED"},{"weekDay":3,"seckillStartTime":1785902400000,"seckillEndTime":1786075199999,"status":"PROGRESSING"},{"weekDay":5,"seckillStartTime":1786075200000,"seckillEndTime":1786334399999,"status":"NOT_STARTED"},{"weekDay":1,"seckillStartTime":1786334400000,"seckillEndTime":1786507199999,"status":"NOT_STARTED"},{"weekDay":3,"seckillStartTime":1786507200000,"seckillEndTime":1786679999999,"status":"NOT_STARTED"},{"weekDay":5,"seckillStartTime":1786680000000,"seckillEndTime":1785729599999,"status":"NOT_STARTED"}]}]},"code":200,"errmsg":"OK"}}
============================================================
============================================================
[请求时间] 2026/8/7 11:57:27.167
[响应时间] 2026/8/7 11:57:27.250
[耗时] 83ms
[请求路径] https://pay-api.ds.163.com/v1/web/init/server/time
[请求方式] GET
[请求参数] {"query":null,"body":null}
[请求头] {"Accept":"application/json, text/plain, */*","Content-Type":"application/json;charset=UTF-8","GL-X-XSRF-TOKEN":"488fa9e6-bf56-4e39-8bc3-0ee7e474ef15","User-Agent":"Mozilla/5.0 (Windows NT 10.0; Win64; x64) AppleWebKit/537.36 (KHTML, like Gecko) Chrome/122.0.0.0 Safari/537.36","Origin":"https://pay.ds.163.com","Referer":"https://pay.ds.163.com/","GL-ClientType":"60","GL-DeviceId":"1e4c4551-79bf-4edb-9253-0836ac83d4e8","GL-Uid":"8f6ec79ee1304e6d83b136a924cb3d03","Accept-Encoding":"gzip, compress, deflate, br"}
[响应结果] {"httpStatus":404,"data":"<!DOCTYPE HTML PUBLIC \"-//W3C//DTD HTML 3.2 Final//EN\">\n<title>404 Not Found</title>\n<h1>Not Found</h1>\n<p>The requested URL was not found on the server. If you entered the URL manually please check your spelling and try again.</p>\n"}
============================================================
============================================================
[请求时间] 2026/8/7 11:57:27.249
[响应时间] 2026/8/7 11:57:27.337
[耗时] 88ms
[请求路径] https://pay-api.ds.163.com/api/nlogin
[请求方式] GET
[请求参数] {"query":{},"body":null}
[请求头] {"Accept":"application/json, text/plain, */*","Content-Type":"application/json;charset=UTF-8","GL-X-XSRF-TOKEN":"488fa9e6-bf56-4e39-8bc3-0ee7e474ef15","User-Agent":"Mozilla/5.0 (Windows NT 10.0; Win64; x64) AppleWebKit/537.36 (KHTML, like Gecko) Chrome/122.0.0.0 Safari/537.36","Origin":"https://pay.ds.163.com","Referer":"https://pay.ds.163.com/","GL-ClientType":"60","GL-DeviceId":"1e4c4551-79bf-4edb-9253-0836ac83d4e8","GL-Uid":"8f6ec79ee1304e6d83b136a924cb3d03","Accept-Encoding":"gzip, compress, deflate, br"}
[响应结果] {"httpStatus":200,"data":{"code":413,"msg":"登录失败"}}
============================================================
============================================================
[请求时间] 2026/8/7 11:59:45.004
[响应时间] 2026/8/7 11:59:45.206
[耗时] 202ms
[请求路径] https://pay-api.ds.163.com/v1/web/init/server/time
[请求方式] GET
[请求参数] {"query":null,"body":null}
[请求头] {"Accept":"application/json, text/plain, */*","Content-Type":"application/json;charset=UTF-8","GL-X-XSRF-TOKEN":"488fa9e6-bf56-4e39-8bc3-0ee7e474ef15","User-Agent":"Mozilla/5.0 (Windows NT 10.0; Win64; x64) AppleWebKit/537.36 (KHTML, like Gecko) Chrome/122.0.0.0 Safari/537.36","Origin":"https://pay.ds.163.com","Referer":"https://pay.ds.163.com/","GL-ClientType":"60","GL-DeviceId":"1e4c4551-79bf-4edb-9253-0836ac83d4e8","GL-Uid":"8f6ec79ee1304e6d83b136a924cb3d03","Accept-Encoding":"gzip, compress, deflate, br"}
[响应结果] {"httpStatus":404,"data":"<!DOCTYPE HTML PUBLIC \"-//W3C//DTD HTML 3.2 Final//EN\">\n<title>404 Not Found</title>\n<h1>Not Found</h1>\n<p>The requested URL was not found on the server. If you entered the URL manually please check your spelling and try again.</p>\n"}
============================================================
============================================================
[请求时间] 2026/8/7 11:59:45.205
[响应时间] 2026/8/7 11:59:45.331
[耗时] 126ms
[请求路径] https://pay-api.ds.163.com/api/nlogin
[请求方式] GET
[请求参数] {"query":{},"body":null}
[请求头] {"Accept":"application/json, text/plain, */*","Content-Type":"application/json;charset=UTF-8","GL-X-XSRF-TOKEN":"488fa9e6-bf56-4e39-8bc3-0ee7e474ef15","User-Agent":"Mozilla/5.0 (Windows NT 10.0; Win64; x64) AppleWebKit/537.36 (KHTML, like Gecko) Chrome/122.0.0.0 Safari/537.36","Origin":"https://pay.ds.163.com","Referer":"https://pay.ds.163.com/","GL-ClientType":"60","GL-DeviceId":"1e4c4551-79bf-4edb-9253-0836ac83d4e8","GL-Uid":"8f6ec79ee1304e6d83b136a924cb3d03","Accept-Encoding":"gzip, compress, deflate, br"}
[响应结果] {"httpStatus":200,"data":{"code":413,"msg":"登录失败"}}
============================================================
============================================================
[请求时间] 2026/8/7 11:59:45.326
[响应时间] 2026/8/7 11:59:45.645
[耗时] 319ms
[请求路径] https://inf.ds.163.com/v1/web/cooperate/plutus/cookie-exchange
[请求方式] GET
[请求参数] {"query":null,"body":null}
[请求头] {"Accept":"application/json, text/plain, */*","Content-Type":"application/json;charset=UTF-8","GL-X-XSRF-TOKEN":"488fa9e6-bf56-4e39-8bc3-0ee7e474ef15","User-Agent":"Mozilla/5.0 (Windows NT 10.0; Win64; x64) AppleWebKit/537.36 (KHTML, like Gecko) Chrome/122.0.0.0 Safari/537.36","Origin":"https://pay.ds.163.com","Referer":"https://pay.ds.163.com/","GL-ClientType":"60","GL-DeviceId":"1e4c4551-79bf-4edb-9253-0836ac83d4e8","GL-Uid":"8f6ec79ee1304e6d83b136a924cb3d03","Accept-Encoding":"gzip, compress, deflate, br"}
[响应结果] {"httpStatus":200,"data":{"result":{"user":{"uid":"8f6ec79ee1304e6d83b136a924cb3d03","nick":"雪色心","icon":"https://ok.166.net/reunionpub/3_20251220_19b3a526004138871.jpeg","intro":"","gender":2,"birth":"2003-01-16","updateTime":1784282337352,"userSourceType":"URS"},"newUser":false},"code":200,"errmsg":"OK"}}
============================================================
============================================================
[请求时间] 2026/8/7 11:59:45.644
[响应时间] 2026/8/7 11:59:45.759
[耗时] 115ms
[请求路径] https://pay-api.ds.163.com/v1/web/init/server/time
[请求方式] GET
[请求参数] {"query":null,"body":null}
[请求头] {"Accept":"application/json, text/plain, */*","Content-Type":"application/json;charset=UTF-8","GL-X-XSRF-TOKEN":"488fa9e6-bf56-4e39-8bc3-0ee7e474ef15","User-Agent":"Mozilla/5.0 (Windows NT 10.0; Win64; x64) AppleWebKit/537.36 (KHTML, like Gecko) Chrome/122.0.0.0 Safari/537.36","Origin":"https://pay.ds.163.com","Referer":"https://pay.ds.163.com/","GL-ClientType":"60","GL-DeviceId":"1e4c4551-79bf-4edb-9253-0836ac83d4e8","GL-Uid":"8f6ec79ee1304e6d83b136a924cb3d03","Accept-Encoding":"gzip, compress, deflate, br"}
[响应结果] {"httpStatus":404,"data":"<!DOCTYPE HTML PUBLIC \"-//W3C//DTD HTML 3.2 Final//EN\">\n<title>404 Not Found</title>\n<h1>Not Found</h1>\n<p>The requested URL was not found on the server. If you entered the URL manually please check your spelling and try again.</p>\n"}
============================================================
============================================================
[请求时间] 2026/8/7 11:59:45.758
[响应时间] 2026/8/7 11:59:46.000
[耗时] 242ms
[请求路径] https://inf.ds.163.com/v1/web/exp/xy/user/get-info
[请求方式] POST
[请求参数] {"query":null,"body":{}}
[请求头] {"Accept":"application/json, text/plain, */*","Content-Type":"application/json;charset=UTF-8","GL-X-XSRF-TOKEN":"488fa9e6-bf56-4e39-8bc3-0ee7e474ef15","User-Agent":"Mozilla/5.0 (Windows NT 10.0; Win64; x64) AppleWebKit/537.36 (KHTML, like Gecko) Chrome/122.0.0.0 Safari/537.36","Origin":"https://pay.ds.163.com","Referer":"https://pay.ds.163.com/","GL-ClientType":"60","GL-DeviceId":"1e4c4551-79bf-4edb-9253-0836ac83d4e8","GL-Uid":"8f6ec79ee1304e6d83b136a924cb3d03","GL-CheckSum":"a2ec4fec3c11c34e4453ab220217e74a853b19d9","Content-Length":"2","Accept-Encoding":"gzip, compress, deflate, br"}
[响应结果] {"httpStatus":200,"data":{"result":{"growthPoint":230387,"currentLv":"V5","diffNextLvGrowthPoint":69613,"currentLvExpireDate":"20261230","currentLvExpire":1798560000000,"nextLv":"V6","activeGames":["l36","u5","h74"],"last365LoginGames":["u5","h74","l36","h72"],"initDate":"20251230","lastLv":"V5"},"code":200,"errmsg":"OK"}}
============================================================
============================================================
[请求时间] 2026/8/7 11:59:45.999
[响应时间] 2026/8/7 11:59:46.232
[耗时] 233ms
[请求路径] https://inf.ds.163.com/v1/web/exp/week-coupon/showing-list-v2
[请求方式] POST
[请求参数] {"query":null,"body":{}}
[请求头] {"Accept":"application/json, text/plain, */*","Content-Type":"application/json;charset=UTF-8","GL-X-XSRF-TOKEN":"488fa9e6-bf56-4e39-8bc3-0ee7e474ef15","User-Agent":"Mozilla/5.0 (Windows NT 10.0; Win64; x64) AppleWebKit/537.36 (KHTML, like Gecko) Chrome/122.0.0.0 Safari/537.36","Origin":"https://pay.ds.163.com","Referer":"https://pay.ds.163.com/","GL-ClientType":"60","GL-DeviceId":"1e4c4551-79bf-4edb-9253-0836ac83d4e8","GL-Uid":"8f6ec79ee1304e6d83b136a924cb3d03","GL-CheckSum":"a2ec4fec3c11c34e4453ab220217e74a853b19d9","Content-Length":"2","Accept-Encoding":"gzip, compress, deflate, br"}
[响应结果] {"httpStatus":200,"data":{"result":{"coupons":[{"couponId":"687076e69f3efd24cb2bed9c","name":"V1","amount":1,"xyLevel":"V1","seckillTime":"WEEKLY","periods":[{"weekDay":1,"seckillStartTime":1785729600000,"seckillEndTime":1785902399999,"status":"ENDED"},{"weekDay":3,"seckillStartTime":1785902400000,"seckillEndTime":1786075199999,"status":"PROGRESSING"},{"weekDay":5,"seckillStartTime":1786075200000,"seckillEndTime":1786334399999,"status":"NOT_STARTED"},{"weekDay":1,"seckillStartTime":1786334400000,"seckillEndTime":1786507199999,"status":"NOT_STARTED"},{"weekDay":3,"seckillStartTime":1786507200000,"seckillEndTime":1786679999999,"status":"NOT_STARTED"},{"weekDay":5,"seckillStartTime":1786680000000,"seckillEndTime":1785729599999,"status":"NOT_STARTED"}]},{"couponId":"68708657f56f912f57e063bf","name":"V2","amount":2,"xyLevel":"V2","seckillTime":"WEEKLY","periods":[{"weekDay":1,"seckillStartTime":1785729600000,"seckillEndTime":1785902399999,"status":"ENDED"},{"weekDay":3,"seckillStartTime":1785902400000,"seckillEndTime":1786075199999,"status":"PROGRESSING"},{"weekDay":5,"seckillStartTime":1786075200000,"seckillEndTime":1786334399999,"status":"NOT_STARTED"},{"weekDay":1,"seckillStartTime":1786334400000,"seckillEndTime":1786507199999,"status":"NOT_STARTED"},{"weekDay":3,"seckillStartTime":1786507200000,"seckillEndTime":1786679999999,"status":"NOT_STARTED"},{"weekDay":5,"seckillStartTime":1786680000000,"seckillEndTime":1785729599999,"status":"NOT_STARTED"}]},{"couponId":"6870867989fddd2bbdec96bc","name":"V3","amount":3,"xyLevel":"V3","seckillTime":"WEEKLY","periods":[{"weekDay":1,"seckillStartTime":1785729600000,"seckillEndTime":1785902399999,"status":"ENDED"},{"weekDay":3,"seckillStartTime":1785902400000,"seckillEndTime":1786075199999,"status":"PROGRESSING"},{"weekDay":5,"seckillStartTime":1786075200000,"seckillEndTime":1786334399999,"status":"NOT_STARTED"},{"weekDay":1,"seckillStartTime":1786334400000,"seckillEndTime":1786507199999,"status":"NOT_STARTED"},{"weekDay":3,"seckillStartTime":1786507200000,"seckillEndTime":1786679999999,"status":"NOT_STARTED"},{"weekDay":5,"seckillStartTime":1786680000000,"seckillEndTime":1785729599999,"status":"NOT_STARTED"}]},{"couponId":"6870869cf56f912f57e063c0","name":"V4","amount":8,"xyLevel":"V4","seckillTime":"WEEKLY","periods":[{"weekDay":1,"seckillStartTime":1785729600000,"seckillEndTime":1785902399999,"status":"ENDED"},{"weekDay":3,"seckillStartTime":1785902400000,"seckillEndTime":1786075199999,"status":"PROGRESSING"},{"weekDay":5,"seckillStartTime":1786075200000,"seckillEndTime":1786334399999,"status":"NOT_STARTED"},{"weekDay":1,"seckillStartTime":1786334400000,"seckillEndTime":1786507199999,"status":"NOT_STARTED"},{"weekDay":3,"seckillStartTime":1786507200000,"seckillEndTime":1786679999999,"status":"NOT_STARTED"},{"weekDay":5,"seckillStartTime":1786680000000,"seckillEndTime":1785729599999,"status":"NOT_STARTED"}]},{"couponId":"687086e33d0d02335c1804f4","name":"V5","amount":18,"xyLevel":"V5","seckillTime":"WEEKLY","periods":[{"weekDay":1,"seckillStartTime":1785729600000,"seckillEndTime":1785902399999,"status":"ENDED"},{"weekDay":3,"seckillStartTime":1785902400000,"seckillEndTime":1786075199999,"status":"PROGRESSING","acquiredStatus":"ACQUIRED","stockId":"687086e33d0d02335c1804f4_WEEKLY_1785902400000"},{"weekDay":5,"seckillStartTime":1786075200000,"seckillEndTime":1786334399999,"status":"NOT_STARTED"},{"weekDay":1,"seckillStartTime":1786334400000,"seckillEndTime":1786507199999,"status":"NOT_STARTED"},{"weekDay":3,"seckillStartTime":1786507200000,"seckillEndTime":1786679999999,"status":"NOT_STARTED"},{"weekDay":5,"seckillStartTime":1786680000000,"seckillEndTime":1785729599999,"status":"NOT_STARTED"}]},{"couponId":"68708705f56f912f57e063c3","name":"V6","amount":30,"xyLevel":"V6","seckillTime":"WEEKLY","periods":[{"weekDay":1,"seckillStartTime":1785729600000,"seckillEndTime":1785902399999,"status":"ENDED"},{"weekDay":3,"seckillStartTime":1785902400000,"seckillEndTime":1786075199999,"status":"PROGRESSING"},{"weekDay":5,"seckillStartTime":1786075200000,"seckillEndTime":1786334399999,"status":"NOT_STARTED"},{"weekDay":1,"seckillStartTime":1786334400000,"seckillEndTime":1786507199999,"status":"NOT_STARTED"},{"weekDay":3,"seckillStartTime":1786507200000,"seckillEndTime":1786679999999,"status":"NOT_STARTED"},{"weekDay":5,"seckillStartTime":1786680000000,"seckillEndTime":1785729599999,"status":"NOT_STARTED"}]},{"couponId":"6870872e89fddd2bbdec96bd","name":"V7","amount":75,"xyLevel":"V7","seckillTime":"WEEKLY","periods":[{"weekDay":1,"seckillStartTime":1785729600000,"seckillEndTime":1785902399999,"status":"ENDED"},{"weekDay":3,"seckillStartTime":1785902400000,"seckillEndTime":1786075199999,"status":"PROGRESSING"},{"weekDay":5,"seckillStartTime":1786075200000,"seckillEndTime":1786334399999,"status":"NOT_STARTED"},{"weekDay":1,"seckillStartTime":1786334400000,"seckillEndTime":1786507199999,"status":"NOT_STARTED"},{"weekDay":3,"seckillStartTime":1786507200000,"seckillEndTime":1786679999999,"status":"NOT_STARTED"},{"weekDay":5,"seckillStartTime":1786680000000,"seckillEndTime":1785729599999,"status":"NOT_STARTED"}]}]},"code":200,"errmsg":"OK"}}
============================================================
============================================================
[请求时间] 2026/8/7 11:59:46.237
[响应时间] 2026/8/7 11:59:46.509
[耗时] 272ms
[请求路径] https://inf.ds.163.com/v1/web/exp/week-coupon/showing-list-v2
[请求方式] POST
[请求参数] {"query":null,"body":{}}
[请求头] {"Accept":"application/json, text/plain, */*","Content-Type":"application/json;charset=UTF-8","GL-X-XSRF-TOKEN":"488fa9e6-bf56-4e39-8bc3-0ee7e474ef15","User-Agent":"Mozilla/5.0 (Windows NT 10.0; Win64; x64) AppleWebKit/537.36 (KHTML, like Gecko) Chrome/122.0.0.0 Safari/537.36","Origin":"https://pay.ds.163.com","Referer":"https://pay.ds.163.com/","GL-ClientType":"60","GL-DeviceId":"1e4c4551-79bf-4edb-9253-0836ac83d4e8","GL-Uid":"8f6ec79ee1304e6d83b136a924cb3d03","GL-CheckSum":"a2ec4fec3c11c34e4453ab220217e74a853b19d9","Content-Length":"2","Accept-Encoding":"gzip, compress, deflate, br"}
[响应结果] {"httpStatus":200,"data":{"result":{"coupons":[{"couponId":"687076e69f3efd24cb2bed9c","name":"V1","amount":1,"xyLevel":"V1","seckillTime":"WEEKLY","periods":[{"weekDay":1,"seckillStartTime":1785729600000,"seckillEndTime":1785902399999,"status":"ENDED"},{"weekDay":3,"seckillStartTime":1785902400000,"seckillEndTime":1786075199999,"status":"PROGRESSING"},{"weekDay":5,"seckillStartTime":1786075200000,"seckillEndTime":1786334399999,"status":"NOT_STARTED"},{"weekDay":1,"seckillStartTime":1786334400000,"seckillEndTime":1786507199999,"status":"NOT_STARTED"},{"weekDay":3,"seckillStartTime":1786507200000,"seckillEndTime":1786679999999,"status":"NOT_STARTED"},{"weekDay":5,"seckillStartTime":1786680000000,"seckillEndTime":1785729599999,"status":"NOT_STARTED"}]},{"couponId":"68708657f56f912f57e063bf","name":"V2","amount":2,"xyLevel":"V2","seckillTime":"WEEKLY","periods":[{"weekDay":1,"seckillStartTime":1785729600000,"seckillEndTime":1785902399999,"status":"ENDED"},{"weekDay":3,"seckillStartTime":1785902400000,"seckillEndTime":1786075199999,"status":"PROGRESSING"},{"weekDay":5,"seckillStartTime":1786075200000,"seckillEndTime":1786334399999,"status":"NOT_STARTED"},{"weekDay":1,"seckillStartTime":1786334400000,"seckillEndTime":1786507199999,"status":"NOT_STARTED"},{"weekDay":3,"seckillStartTime":1786507200000,"seckillEndTime":1786679999999,"status":"NOT_STARTED"},{"weekDay":5,"seckillStartTime":1786680000000,"seckillEndTime":1785729599999,"status":"NOT_STARTED"}]},{"couponId":"6870867989fddd2bbdec96bc","name":"V3","amount":3,"xyLevel":"V3","seckillTime":"WEEKLY","periods":[{"weekDay":1,"seckillStartTime":1785729600000,"seckillEndTime":1785902399999,"status":"ENDED"},{"weekDay":3,"seckillStartTime":1785902400000,"seckillEndTime":1786075199999,"status":"PROGRESSING"},{"weekDay":5,"seckillStartTime":1786075200000,"seckillEndTime":1786334399999,"status":"NOT_STARTED"},{"weekDay":1,"seckillStartTime":1786334400000,"seckillEndTime":1786507199999,"status":"NOT_STARTED"},{"weekDay":3,"seckillStartTime":1786507200000,"seckillEndTime":1786679999999,"status":"NOT_STARTED"},{"weekDay":5,"seckillStartTime":1786680000000,"seckillEndTime":1785729599999,"status":"NOT_STARTED"}]},{"couponId":"6870869cf56f912f57e063c0","name":"V4","amount":8,"xyLevel":"V4","seckillTime":"WEEKLY","periods":[{"weekDay":1,"seckillStartTime":1785729600000,"seckillEndTime":1785902399999,"status":"ENDED"},{"weekDay":3,"seckillStartTime":1785902400000,"seckillEndTime":1786075199999,"status":"PROGRESSING"},{"weekDay":5,"seckillStartTime":1786075200000,"seckillEndTime":1786334399999,"status":"NOT_STARTED"},{"weekDay":1,"seckillStartTime":1786334400000,"seckillEndTime":1786507199999,"status":"NOT_STARTED"},{"weekDay":3,"seckillStartTime":1786507200000,"seckillEndTime":1786679999999,"status":"NOT_STARTED"},{"weekDay":5,"seckillStartTime":1786680000000,"seckillEndTime":1785729599999,"status":"NOT_STARTED"}]},{"couponId":"687086e33d0d02335c1804f4","name":"V5","amount":18,"xyLevel":"V5","seckillTime":"WEEKLY","periods":[{"weekDay":1,"seckillStartTime":1785729600000,"seckillEndTime":1785902399999,"status":"ENDED"},{"weekDay":3,"seckillStartTime":1785902400000,"seckillEndTime":1786075199999,"status":"PROGRESSING","acquiredStatus":"ACQUIRED","stockId":"687086e33d0d02335c1804f4_WEEKLY_1785902400000"},{"weekDay":5,"seckillStartTime":1786075200000,"seckillEndTime":1786334399999,"status":"NOT_STARTED"},{"weekDay":1,"seckillStartTime":1786334400000,"seckillEndTime":1786507199999,"status":"NOT_STARTED"},{"weekDay":3,"seckillStartTime":1786507200000,"seckillEndTime":1786679999999,"status":"NOT_STARTED"},{"weekDay":5,"seckillStartTime":1786680000000,"seckillEndTime":1785729599999,"status":"NOT_STARTED"}]},{"couponId":"68708705f56f912f57e063c3","name":"V6","amount":30,"xyLevel":"V6","seckillTime":"WEEKLY","periods":[{"weekDay":1,"seckillStartTime":1785729600000,"seckillEndTime":1785902399999,"status":"ENDED"},{"weekDay":3,"seckillStartTime":1785902400000,"seckillEndTime":1786075199999,"status":"PROGRESSING"},{"weekDay":5,"seckillStartTime":1786075200000,"seckillEndTime":1786334399999,"status":"NOT_STARTED"},{"weekDay":1,"seckillStartTime":1786334400000,"seckillEndTime":1786507199999,"status":"NOT_STARTED"},{"weekDay":3,"seckillStartTime":1786507200000,"seckillEndTime":1786679999999,"status":"NOT_STARTED"},{"weekDay":5,"seckillStartTime":1786680000000,"seckillEndTime":1785729599999,"status":"NOT_STARTED"}]},{"couponId":"6870872e89fddd2bbdec96bd","name":"V7","amount":75,"xyLevel":"V7","seckillTime":"WEEKLY","periods":[{"weekDay":1,"seckillStartTime":1785729600000,"seckillEndTime":1785902399999,"status":"ENDED"},{"weekDay":3,"seckillStartTime":1785902400000,"seckillEndTime":1786075199999,"status":"PROGRESSING"},{"weekDay":5,"seckillStartTime":1786075200000,"seckillEndTime":1786334399999,"status":"NOT_STARTED"},{"weekDay":1,"seckillStartTime":1786334400000,"seckillEndTime":1786507199999,"status":"NOT_STARTED"},{"weekDay":3,"seckillStartTime":1786507200000,"seckillEndTime":1786679999999,"status":"NOT_STARTED"},{"weekDay":5,"seckillStartTime":1786680000000,"seckillEndTime":1785729599999,"status":"NOT_STARTED"}]}]},"code":200,"errmsg":"OK"}}
============================================================
============================================================
[请求时间] 2026/8/7 11:59:46.505
[响应时间] 2026/8/7 11:59:46.619
[耗时] 114ms
[请求路径] https://pay-api.ds.163.com/v1/web/init/server/time
[请求方式] GET
[请求参数] {"query":null,"body":null}
[请求头] {"Accept":"application/json, text/plain, */*","Content-Type":"application/json;charset=UTF-8","GL-X-XSRF-TOKEN":"488fa9e6-bf56-4e39-8bc3-0ee7e474ef15","User-Agent":"Mozilla/5.0 (Windows NT 10.0; Win64; x64) AppleWebKit/537.36 (KHTML, like Gecko) Chrome/122.0.0.0 Safari/537.36","Origin":"https://pay.ds.163.com","Referer":"https://pay.ds.163.com/","GL-ClientType":"60","GL-DeviceId":"1e4c4551-79bf-4edb-9253-0836ac83d4e8","GL-Uid":"8f6ec79ee1304e6d83b136a924cb3d03","Accept-Encoding":"gzip, compress, deflate, br"}
[响应结果] {"httpStatus":404,"data":"<!DOCTYPE HTML PUBLIC \"-//W3C//DTD HTML 3.2 Final//EN\">\n<title>404 Not Found</title>\n<h1>Not Found</h1>\n<p>The requested URL was not found on the server. If you entered the URL manually please check your spelling and try again.</p>\n"}
============================================================
============================================================
[请求时间] 2026/8/7 11:59:58.523
[响应时间] 2026/8/7 11:59:58.672
[耗时] 149ms
[请求路径] https://pay-api.ds.163.com/v1/web/init/server/time
[请求方式] GET
[请求参数] {"query":null,"body":null}
[请求头] {"Accept":"application/json, text/plain, */*","Content-Type":"application/json;charset=UTF-8","GL-X-XSRF-TOKEN":"488fa9e6-bf56-4e39-8bc3-0ee7e474ef15","User-Agent":"Mozilla/5.0 (Windows NT 10.0; Win64; x64) AppleWebKit/537.36 (KHTML, like Gecko) Chrome/122.0.0.0 Safari/537.36","Origin":"https://pay.ds.163.com","Referer":"https://pay.ds.163.com/","GL-ClientType":"60","GL-DeviceId":"1e4c4551-79bf-4edb-9253-0836ac83d4e8","GL-Uid":"8f6ec79ee1304e6d83b136a924cb3d03","Accept-Encoding":"gzip, compress, deflate, br"}
[响应结果] {"httpStatus":404,"data":"<!DOCTYPE HTML PUBLIC \"-//W3C//DTD HTML 3.2 Final//EN\">\n<title>404 Not Found</title>\n<h1>Not Found</h1>\n<p>The requested URL was not found on the server. If you entered the URL manually please check your spelling and try again.</p>\n"}
============================================================
============================================================
[开火偏移] 延后 20ms（相对开抢 +20ms）
[目标开抢] 2026/8/7 12:00:00.000
[实际开火] 2026/8/7 12:00:00.020
[请求时间] 2026/8/7 12:00:00.022
[响应时间] 2026/8/7 12:00:01.748
[耗时] 1726ms
[请求路径] https://inf.ds.163.com/v1/web/exp/week-coupon/acquire
[请求方式] POST
[请求参数] {"query":null,"body":{"couponId":"687086e33d0d02335c1804f4","stockId":"687086e33d0d02335c1804f4_WEEKLY_1786075200000"}}
[请求头] {"Accept":"application/json, text/plain, */*","Content-Type":"application/json;charset=UTF-8","GL-X-XSRF-TOKEN":"488fa9e6-bf56-4e39-8bc3-0ee7e474ef15","User-Agent":"Mozilla/5.0 (Windows NT 10.0; Win64; x64) AppleWebKit/537.36 (KHTML, like Gecko) Chrome/122.0.0.0 Safari/537.36","Origin":"https://pay.ds.163.com","Referer":"https://pay.ds.163.com/","GL-ClientType":"60","GL-DeviceId":"1e4c4551-79bf-4edb-9253-0836ac83d4e8","GL-Uid":"8f6ec79ee1304e6d83b136a924cb3d03","GL-CheckSum":"85a73db69314a662d0c82f43232c9bc98c7086b2","Content-Length":"97","Accept-Encoding":"gzip, compress, deflate, br"}
[响应结果] {"httpStatus":200,"data":{"code":40008,"errmsg":"当前库存已不足，敬请参与下期活动噢"}}
============================================================
============================================================
[请求时间] 2026/8/7 12:00:02.748
[响应时间] 2026/8/7 12:00:04.161
[耗时] 1413ms
[请求路径] https://inf.ds.163.com/v1/web/exp/week-coupon/acquire
[请求方式] POST
[请求参数] {"query":null,"body":{"couponId":"687086e33d0d02335c1804f4","stockId":"687086e33d0d02335c1804f4_WEEKLY_1786075200000"}}
[请求头] {"Accept":"application/json, text/plain, */*","Content-Type":"application/json;charset=UTF-8","GL-X-XSRF-TOKEN":"488fa9e6-bf56-4e39-8bc3-0ee7e474ef15","User-Agent":"Mozilla/5.0 (Windows NT 10.0; Win64; x64) AppleWebKit/537.36 (KHTML, like Gecko) Chrome/122.0.0.0 Safari/537.36","Origin":"https://pay.ds.163.com","Referer":"https://pay.ds.163.com/","GL-ClientType":"60","GL-DeviceId":"1e4c4551-79bf-4edb-9253-0836ac83d4e8","GL-Uid":"8f6ec79ee1304e6d83b136a924cb3d03","GL-CheckSum":"85a73db69314a662d0c82f43232c9bc98c7086b2","Content-Length":"97","Accept-Encoding":"gzip, compress, deflate, br"}
[响应结果] {"httpStatus":200,"data":{"code":40008,"errmsg":"当前库存已不足，敬请参与下期活动噢"}}
============================================================
============================================================
[请求时间] 2026/8/7 12:00:05.161
[响应时间] 2026/8/7 12:00:05.378
[耗时] 217ms
[请求路径] https://inf.ds.163.com/v1/web/exp/week-coupon/acquire
[请求方式] POST
[请求参数] {"query":null,"body":{"couponId":"687086e33d0d02335c1804f4","stockId":"687086e33d0d02335c1804f4_WEEKLY_1786075200000"}}
[请求头] {"Accept":"application/json, text/plain, */*","Content-Type":"application/json;charset=UTF-8","GL-X-XSRF-TOKEN":"488fa9e6-bf56-4e39-8bc3-0ee7e474ef15","User-Agent":"Mozilla/5.0 (Windows NT 10.0; Win64; x64) AppleWebKit/537.36 (KHTML, like Gecko) Chrome/122.0.0.0 Safari/537.36","Origin":"https://pay.ds.163.com","Referer":"https://pay.ds.163.com/","GL-ClientType":"60","GL-DeviceId":"1e4c4551-79bf-4edb-9253-0836ac83d4e8","GL-Uid":"8f6ec79ee1304e6d83b136a924cb3d03","GL-CheckSum":"85a73db69314a662d0c82f43232c9bc98c7086b2","Content-Length":"97","Accept-Encoding":"gzip, compress, deflate, br"}
[响应结果] {"httpStatus":200,"data":{"code":40008,"errmsg":"当前库存已不足，敬请参与下期活动噢"}}
============================================================
============================================================
[请求时间] 2026/8/7 12:00:06.378
[响应时间] 2026/8/7 12:00:06.604
[耗时] 226ms
[请求路径] https://inf.ds.163.com/v1/web/exp/week-coupon/acquire
[请求方式] POST
[请求参数] {"query":null,"body":{"couponId":"687086e33d0d02335c1804f4","stockId":"687086e33d0d02335c1804f4_WEEKLY_1786075200000"}}
[请求头] {"Accept":"application/json, text/plain, */*","Content-Type":"application/json;charset=UTF-8","GL-X-XSRF-TOKEN":"488fa9e6-bf56-4e39-8bc3-0ee7e474ef15","User-Agent":"Mozilla/5.0 (Windows NT 10.0; Win64; x64) AppleWebKit/537.36 (KHTML, like Gecko) Chrome/122.0.0.0 Safari/537.36","Origin":"https://pay.ds.163.com","Referer":"https://pay.ds.163.com/","GL-ClientType":"60","GL-DeviceId":"1e4c4551-79bf-4edb-9253-0836ac83d4e8","GL-Uid":"8f6ec79ee1304e6d83b136a924cb3d03","GL-CheckSum":"85a73db69314a662d0c82f43232c9bc98c7086b2","Content-Length":"97","Accept-Encoding":"gzip, compress, deflate, br"}
[响应结果] {"httpStatus":200,"data":{"code":40008,"errmsg":"当前库存已不足，敬请参与下期活动噢"}}
============================================================
============================================================
[请求时间] 2026/8/7 12:00:07.604
[响应时间] 2026/8/7 12:00:07.850
[耗时] 246ms
[请求路径] https://inf.ds.163.com/v1/web/exp/week-coupon/acquire
[请求方式] POST
[请求参数] {"query":null,"body":{"couponId":"687086e33d0d02335c1804f4","stockId":"687086e33d0d02335c1804f4_WEEKLY_1786075200000"}}
[请求头] {"Accept":"application/json, text/plain, */*","Content-Type":"application/json;charset=UTF-8","GL-X-XSRF-TOKEN":"488fa9e6-bf56-4e39-8bc3-0ee7e474ef15","User-Agent":"Mozilla/5.0 (Windows NT 10.0; Win64; x64) AppleWebKit/537.36 (KHTML, like Gecko) Chrome/122.0.0.0 Safari/537.36","Origin":"https://pay.ds.163.com","Referer":"https://pay.ds.163.com/","GL-ClientType":"60","GL-DeviceId":"1e4c4551-79bf-4edb-9253-0836ac83d4e8","GL-Uid":"8f6ec79ee1304e6d83b136a924cb3d03","GL-CheckSum":"85a73db69314a662d0c82f43232c9bc98c7086b2","Content-Length":"97","Accept-Encoding":"gzip, compress, deflate, br"}
[响应结果] {"httpStatus":200,"data":{"code":40008,"errmsg":"当前库存已不足，敬请参与下期活动噢"}}
============================================================
============================================================
[请求时间] 2026/8/7 12:00:08.850
[响应时间] 2026/8/7 12:00:09.078
[耗时] 228ms
[请求路径] https://inf.ds.163.com/v1/web/exp/week-coupon/acquire
[请求方式] POST
[请求参数] {"query":null,"body":{"couponId":"687086e33d0d02335c1804f4","stockId":"687086e33d0d02335c1804f4_WEEKLY_1786075200000"}}
[请求头] {"Accept":"application/json, text/plain, */*","Content-Type":"application/json;charset=UTF-8","GL-X-XSRF-TOKEN":"488fa9e6-bf56-4e39-8bc3-0ee7e474ef15","User-Agent":"Mozilla/5.0 (Windows NT 10.0; Win64; x64) AppleWebKit/537.36 (KHTML, like Gecko) Chrome/122.0.0.0 Safari/537.36","Origin":"https://pay.ds.163.com","Referer":"https://pay.ds.163.com/","GL-ClientType":"60","GL-DeviceId":"1e4c4551-79bf-4edb-9253-0836ac83d4e8","GL-Uid":"8f6ec79ee1304e6d83b136a924cb3d03","GL-CheckSum":"85a73db69314a662d0c82f43232c9bc98c7086b2","Content-Length":"97","Accept-Encoding":"gzip, compress, deflate, br"}
[响应结果] {"httpStatus":200,"data":{"code":40008,"errmsg":"当前库存已不足，敬请参与下期活动噢"}}
============================================================
============================================================
[请求时间] 2026/8/7 12:00:10.078
[响应时间] 2026/8/7 12:00:10.307
[耗时] 229ms
[请求路径] https://inf.ds.163.com/v1/web/exp/week-coupon/acquire
[请求方式] POST
[请求参数] {"query":null,"body":{"couponId":"687086e33d0d02335c1804f4","stockId":"687086e33d0d02335c1804f4_WEEKLY_1786075200000"}}
[请求头] {"Accept":"application/json, text/plain, */*","Content-Type":"application/json;charset=UTF-8","GL-X-XSRF-TOKEN":"488fa9e6-bf56-4e39-8bc3-0ee7e474ef15","User-Agent":"Mozilla/5.0 (Windows NT 10.0; Win64; x64) AppleWebKit/537.36 (KHTML, like Gecko) Chrome/122.0.0.0 Safari/537.36","Origin":"https://pay.ds.163.com","Referer":"https://pay.ds.163.com/","GL-ClientType":"60","GL-DeviceId":"1e4c4551-79bf-4edb-9253-0836ac83d4e8","GL-Uid":"8f6ec79ee1304e6d83b136a924cb3d03","GL-CheckSum":"85a73db69314a662d0c82f43232c9bc98c7086b2","Content-Length":"97","Accept-Encoding":"gzip, compress, deflate, br"}
[响应结果] {"httpStatus":200,"data":{"code":40008,"errmsg":"当前库存已不足，敬请参与下期活动噢"}}
============================================================
============================================================
[请求时间] 2026/8/7 12:00:11.307
[响应时间] 2026/8/7 12:00:11.535
[耗时] 228ms
[请求路径] https://inf.ds.163.com/v1/web/exp/week-coupon/acquire
[请求方式] POST
[请求参数] {"query":null,"body":{"couponId":"687086e33d0d02335c1804f4","stockId":"687086e33d0d02335c1804f4_WEEKLY_1786075200000"}}
[请求头] {"Accept":"application/json, text/plain, */*","Content-Type":"application/json;charset=UTF-8","GL-X-XSRF-TOKEN":"488fa9e6-bf56-4e39-8bc3-0ee7e474ef15","User-Agent":"Mozilla/5.0 (Windows NT 10.0; Win64; x64) AppleWebKit/537.36 (KHTML, like Gecko) Chrome/122.0.0.0 Safari/537.36","Origin":"https://pay.ds.163.com","Referer":"https://pay.ds.163.com/","GL-ClientType":"60","GL-DeviceId":"1e4c4551-79bf-4edb-9253-0836ac83d4e8","GL-Uid":"8f6ec79ee1304e6d83b136a924cb3d03","GL-CheckSum":"85a73db69314a662d0c82f43232c9bc98c7086b2","Content-Length":"97","Accept-Encoding":"gzip, compress, deflate, br"}
[响应结果] {"httpStatus":200,"data":{"code":40008,"errmsg":"当前库存已不足，敬请参与下期活动噢"}}
============================================================
============================================================
[请求时间] 2026/8/7 12:00:12.535
[响应时间] 2026/8/7 12:00:12.767
[耗时] 232ms
[请求路径] https://inf.ds.163.com/v1/web/exp/week-coupon/acquire
[请求方式] POST
[请求参数] {"query":null,"body":{"couponId":"687086e33d0d02335c1804f4","stockId":"687086e33d0d02335c1804f4_WEEKLY_1786075200000"}}
[请求头] {"Accept":"application/json, text/plain, */*","Content-Type":"application/json;charset=UTF-8","GL-X-XSRF-TOKEN":"488fa9e6-bf56-4e39-8bc3-0ee7e474ef15","User-Agent":"Mozilla/5.0 (Windows NT 10.0; Win64; x64) AppleWebKit/537.36 (KHTML, like Gecko) Chrome/122.0.0.0 Safari/537.36","Origin":"https://pay.ds.163.com","Referer":"https://pay.ds.163.com/","GL-ClientType":"60","GL-DeviceId":"1e4c4551-79bf-4edb-9253-0836ac83d4e8","GL-Uid":"8f6ec79ee1304e6d83b136a924cb3d03","GL-CheckSum":"85a73db69314a662d0c82f43232c9bc98c7086b2","Content-Length":"97","Accept-Encoding":"gzip, compress, deflate, br"}
[响应结果] {"httpStatus":200,"data":{"code":40008,"errmsg":"当前库存已不足，敬请参与下期活动噢"}}
============================================================
============================================================
[请求时间] 2026/8/7 12:00:13.767
[响应时间] 2026/8/7 12:00:14.256
[耗时] 489ms
[请求路径] https://inf.ds.163.com/v1/web/exp/week-coupon/acquire
[请求方式] POST
[请求参数] {"query":null,"body":{"couponId":"687086e33d0d02335c1804f4","stockId":"687086e33d0d02335c1804f4_WEEKLY_1786075200000"}}
[请求头] {"Accept":"application/json, text/plain, */*","Content-Type":"application/json;charset=UTF-8","GL-X-XSRF-TOKEN":"488fa9e6-bf56-4e39-8bc3-0ee7e474ef15","User-Agent":"Mozilla/5.0 (Windows NT 10.0; Win64; x64) AppleWebKit/537.36 (KHTML, like Gecko) Chrome/122.0.0.0 Safari/537.36","Origin":"https://pay.ds.163.com","Referer":"https://pay.ds.163.com/","GL-ClientType":"60","GL-DeviceId":"1e4c4551-79bf-4edb-9253-0836ac83d4e8","GL-Uid":"8f6ec79ee1304e6d83b136a924cb3d03","GL-CheckSum":"85a73db69314a662d0c82f43232c9bc98c7086b2","Content-Length":"97","Accept-Encoding":"gzip, compress, deflate, br"}
[响应结果] {"httpStatus":200,"data":{"code":40008,"errmsg":"当前库存已不足，敬请参与下期活动噢"}}
============================================================
