============================================================
[请求时间] 2026/8/7 10:32:52.778
[响应时间] 2026/8/7 10:32:53.093
[耗时] 315ms
[请求路径] https://pay-api.ds.163.com/v1/web/init/server/time
[请求方式] GET
[请求参数] {"query":null,"body":null}
[请求头] {"Accept":"application/json, text/plain, */*","Content-Type":"application/json;charset=UTF-8","User-Agent":"Mozilla/5.0 (Windows NT 10.0; Win64; x64) AppleWebKit/537.36 (KHTML, like Gecko) Chrome/122.0.0.0 Safari/537.36","Origin":"https://pay.ds.163.com","Referer":"https://pay.ds.163.com/","GL-ClientType":"60","GL-DeviceId":"d6968164-5417-46c1-bf38-bbc4aa112013","GL-Uid":"45b30b14b4974ff4938be28e807b73e9","GL-X-XSRF-TOKEN":"de572527-4602-4c9a-ab29-198987cc7f8e","Accept-Encoding":"gzip, compress, deflate, br"}
[响应结果] {"httpStatus":404,"data":"<!DOCTYPE HTML PUBLIC \"-//W3C//DTD HTML 3.2 Final//EN\">\n<title>404 Not Found</title>\n<h1>Not Found</h1>\n<p>The requested URL was not found on the server. If you entered the URL manually please check your spelling and try again.</p>\n"}
============================================================
============================================================
[请求时间] 2026/8/7 10:32:53.090
[响应时间] 2026/8/7 10:32:53.202
[耗时] 112ms
[请求路径] https://pay-api.ds.163.com/api/nlogin
[请求方式] GET
[请求参数] {"query":{},"body":null}
[请求头] {"Accept":"application/json, text/plain, */*","Content-Type":"application/json;charset=UTF-8","GL-X-XSRF-TOKEN":"de572527-4602-4c9a-ab29-198987cc7f8e","User-Agent":"Mozilla/5.0 (Windows NT 10.0; Win64; x64) AppleWebKit/537.36 (KHTML, like Gecko) Chrome/122.0.0.0 Safari/537.36","Origin":"https://pay.ds.163.com","Referer":"https://pay.ds.163.com/","GL-ClientType":"60","GL-DeviceId":"d6968164-5417-46c1-bf38-bbc4aa112013","GL-Uid":"45b30b14b4974ff4938be28e807b73e9","Accept-Encoding":"gzip, compress, deflate, br"}
[响应结果] {"httpStatus":200,"data":{"code":413,"msg":"登录失败"}}
============================================================
============================================================
[请求时间] 2026/8/7 10:32:53.201
[响应时间] 2026/8/7 10:32:53.526
[耗时] 325ms
[请求路径] https://inf.ds.163.com/v1/web/cooperate/plutus/cookie-exchange
[请求方式] GET
[请求参数] {"query":null,"body":null}
[请求头] {"Accept":"application/json, text/plain, */*","Content-Type":"application/json;charset=UTF-8","GL-X-XSRF-TOKEN":"de572527-4602-4c9a-ab29-198987cc7f8e","User-Agent":"Mozilla/5.0 (Windows NT 10.0; Win64; x64) AppleWebKit/537.36 (KHTML, like Gecko) Chrome/122.0.0.0 Safari/537.36","Origin":"https://pay.ds.163.com","Referer":"https://pay.ds.163.com/","GL-ClientType":"60","GL-DeviceId":"d6968164-5417-46c1-bf38-bbc4aa112013","GL-Uid":"45b30b14b4974ff4938be28e807b73e9","Accept-Encoding":"gzip, compress, deflate, br"}
[响应结果] {"httpStatus":200,"data":{"result":{"user":{"uid":"45b30b14b4974ff4938be28e807b73e9","nick":"Louomm","icon":"https://ok.166.net/reunionpub/3_20250222_19529c4b20b892681.jpeg","intro":"","gender":2,"updateTime":1766916445732,"userSourceType":"URS"},"newUser":false},"code":200,"errmsg":"OK"}}
============================================================
============================================================
[请求时间] 2026/8/7 10:32:53.523
[响应时间] 2026/8/7 10:32:53.662
[耗时] 139ms
[请求路径] https://pay-api.ds.163.com/v1/web/init/server/time
[请求方式] GET
[请求参数] {"query":null,"body":null}
[请求头] {"Accept":"application/json, text/plain, */*","Content-Type":"application/json;charset=UTF-8","GL-X-XSRF-TOKEN":"de572527-4602-4c9a-ab29-198987cc7f8e","User-Agent":"Mozilla/5.0 (Windows NT 10.0; Win64; x64) AppleWebKit/537.36 (KHTML, like Gecko) Chrome/122.0.0.0 Safari/537.36","Origin":"https://pay.ds.163.com","Referer":"https://pay.ds.163.com/","GL-ClientType":"60","GL-DeviceId":"d6968164-5417-46c1-bf38-bbc4aa112013","GL-Uid":"45b30b14b4974ff4938be28e807b73e9","Accept-Encoding":"gzip, compress, deflate, br"}
[响应结果] {"httpStatus":404,"data":"<!DOCTYPE HTML PUBLIC \"-//W3C//DTD HTML 3.2 Final//EN\">\n<title>404 Not Found</title>\n<h1>Not Found</h1>\n<p>The requested URL was not found on the server. If you entered the URL manually please check your spelling and try again.</p>\n"}
============================================================
============================================================
[请求时间] 2026/8/7 10:32:53.661
[响应时间] 2026/8/7 10:32:53.925
[耗时] 264ms
[请求路径] https://inf.ds.163.com/v1/web/exp/xy/user/get-info
[请求方式] POST
[请求参数] {"query":null,"body":{}}
[请求头] {"Accept":"application/json, text/plain, */*","Content-Type":"application/json;charset=UTF-8","GL-X-XSRF-TOKEN":"de572527-4602-4c9a-ab29-198987cc7f8e","User-Agent":"Mozilla/5.0 (Windows NT 10.0; Win64; x64) AppleWebKit/537.36 (KHTML, like Gecko) Chrome/122.0.0.0 Safari/537.36","Origin":"https://pay.ds.163.com","Referer":"https://pay.ds.163.com/","GL-ClientType":"60","GL-DeviceId":"d6968164-5417-46c1-bf38-bbc4aa112013","GL-Uid":"45b30b14b4974ff4938be28e807b73e9","GL-CheckSum":"fba13ebefdfd72493ec156a69864703b3272852d","Content-Length":"2","Accept-Encoding":"gzip, compress, deflate, br"}
[响应结果] {"httpStatus":200,"data":{"result":{"growthPoint":77079,"currentLv":"V5","diffNextLvGrowthPoint":222921,"currentLvExpireDate":"20270206","currentLvExpire":1801843200000,"nextLv":"V6","activeGames":["l36"],"last365LoginGames":["h55","l36"],"initDate":"20260206","lastLv":"V5"},"code":200,"errmsg":"OK"}}
============================================================
============================================================
[请求时间] 2026/8/7 10:32:53.922
[响应时间] 2026/8/7 10:32:54.166
[耗时] 244ms
[请求路径] https://inf.ds.163.com/v1/web/exp/week-coupon/showing-list-v2
[请求方式] POST
[请求参数] {"query":null,"body":{}}
[请求头] {"Accept":"application/json, text/plain, */*","Content-Type":"application/json;charset=UTF-8","GL-X-XSRF-TOKEN":"de572527-4602-4c9a-ab29-198987cc7f8e","User-Agent":"Mozilla/5.0 (Windows NT 10.0; Win64; x64) AppleWebKit/537.36 (KHTML, like Gecko) Chrome/122.0.0.0 Safari/537.36","Origin":"https://pay.ds.163.com","Referer":"https://pay.ds.163.com/","GL-ClientType":"60","GL-DeviceId":"d6968164-5417-46c1-bf38-bbc4aa112013","GL-Uid":"45b30b14b4974ff4938be28e807b73e9","GL-CheckSum":"fba13ebefdfd72493ec156a69864703b3272852d","Content-Length":"2","Accept-Encoding":"gzip, compress, deflate, br"}
[响应结果] {"httpStatus":200,"data":{"result":{"coupons":[{"couponId":"687076e69f3efd24cb2bed9c","name":"V1","amount":1,"xyLevel":"V1","seckillTime":"WEEKLY","periods":[{"weekDay":1,"seckillStartTime":1785729600000,"seckillEndTime":1785902399999,"status":"ENDED"},{"weekDay":3,"seckillStartTime":1785902400000,"seckillEndTime":1786075199999,"status":"PROGRESSING"},{"weekDay":5,"seckillStartTime":1786075200000,"seckillEndTime":1786334399999,"status":"NOT_STARTED"},{"weekDay":1,"seckillStartTime":1786334400000,"seckillEndTime":1786507199999,"status":"NOT_STARTED"},{"weekDay":3,"seckillStartTime":1786507200000,"seckillEndTime":1786679999999,"status":"NOT_STARTED"},{"weekDay":5,"seckillStartTime":1786680000000,"seckillEndTime":1785729599999,"status":"NOT_STARTED"}]},{"couponId":"68708657f56f912f57e063bf","name":"V2","amount":2,"xyLevel":"V2","seckillTime":"WEEKLY","periods":[{"weekDay":1,"seckillStartTime":1785729600000,"seckillEndTime":1785902399999,"status":"ENDED"},{"weekDay":3,"seckillStartTime":1785902400000,"seckillEndTime":1786075199999,"status":"PROGRESSING"},{"weekDay":5,"seckillStartTime":1786075200000,"seckillEndTime":1786334399999,"status":"NOT_STARTED"},{"weekDay":1,"seckillStartTime":1786334400000,"seckillEndTime":1786507199999,"status":"NOT_STARTED"},{"weekDay":3,"seckillStartTime":1786507200000,"seckillEndTime":1786679999999,"status":"NOT_STARTED"},{"weekDay":5,"seckillStartTime":1786680000000,"seckillEndTime":1785729599999,"status":"NOT_STARTED"}]},{"couponId":"6870867989fddd2bbdec96bc","name":"V3","amount":3,"xyLevel":"V3","seckillTime":"WEEKLY","periods":[{"weekDay":1,"seckillStartTime":1785729600000,"seckillEndTime":1785902399999,"status":"ENDED"},{"weekDay":3,"seckillStartTime":1785902400000,"seckillEndTime":1786075199999,"status":"PROGRESSING"},{"weekDay":5,"seckillStartTime":1786075200000,"seckillEndTime":1786334399999,"status":"NOT_STARTED"},{"weekDay":1,"seckillStartTime":1786334400000,"seckillEndTime":1786507199999,"status":"NOT_STARTED"},{"weekDay":3,"seckillStartTime":1786507200000,"seckillEndTime":1786679999999,"status":"NOT_STARTED"},{"weekDay":5,"seckillStartTime":1786680000000,"seckillEndTime":1785729599999,"status":"NOT_STARTED"}]},{"couponId":"6870869cf56f912f57e063c0","name":"V4","amount":8,"xyLevel":"V4","seckillTime":"WEEKLY","periods":[{"weekDay":1,"seckillStartTime":1785729600000,"seckillEndTime":1785902399999,"status":"ENDED"},{"weekDay":3,"seckillStartTime":1785902400000,"seckillEndTime":1786075199999,"status":"PROGRESSING"},{"weekDay":5,"seckillStartTime":1786075200000,"seckillEndTime":1786334399999,"status":"NOT_STARTED"},{"weekDay":1,"seckillStartTime":1786334400000,"seckillEndTime":1786507199999,"status":"NOT_STARTED"},{"weekDay":3,"seckillStartTime":1786507200000,"seckillEndTime":1786679999999,"status":"NOT_STARTED"},{"weekDay":5,"seckillStartTime":1786680000000,"seckillEndTime":1785729599999,"status":"NOT_STARTED"}]},{"couponId":"687086e33d0d02335c1804f4","name":"V5","amount":18,"xyLevel":"V5","seckillTime":"WEEKLY","periods":[{"weekDay":1,"seckillStartTime":1785729600000,"seckillEndTime":1785902399999,"status":"ENDED"},{"weekDay":3,"seckillStartTime":1785902400000,"seckillEndTime":1786075199999,"status":"PROGRESSING","acquiredStatus":"OUT_OF_STOCK","stockId":"687086e33d0d02335c1804f4_WEEKLY_1785902400000","stockRemain":0},{"weekDay":5,"seckillStartTime":1786075200000,"seckillEndTime":1786334399999,"status":"NOT_STARTED"},{"weekDay":1,"seckillStartTime":1786334400000,"seckillEndTime":1786507199999,"status":"NOT_STARTED"},{"weekDay":3,"seckillStartTime":1786507200000,"seckillEndTime":1786679999999,"status":"NOT_STARTED"},{"weekDay":5,"seckillStartTime":1786680000000,"seckillEndTime":1785729599999,"status":"NOT_STARTED"}]},{"couponId":"68708705f56f912f57e063c3","name":"V6","amount":30,"xyLevel":"V6","seckillTime":"WEEKLY","periods":[{"weekDay":1,"seckillStartTime":1785729600000,"seckillEndTime":1785902399999,"status":"ENDED"},{"weekDay":3,"seckillStartTime":1785902400000,"seckillEndTime":1786075199999,"status":"PROGRESSING"},{"weekDay":5,"seckillStartTime":1786075200000,"seckillEndTime":1786334399999,"status":"NOT_STARTED"},{"weekDay":1,"seckillStartTime":1786334400000,"seckillEndTime":1786507199999,"status":"NOT_STARTED"},{"weekDay":3,"seckillStartTime":1786507200000,"seckillEndTime":1786679999999,"status":"NOT_STARTED"},{"weekDay":5,"seckillStartTime":1786680000000,"seckillEndTime":1785729599999,"status":"NOT_STARTED"}]},{"couponId":"6870872e89fddd2bbdec96bd","name":"V7","amount":75,"xyLevel":"V7","seckillTime":"WEEKLY","periods":[{"weekDay":1,"seckillStartTime":1785729600000,"seckillEndTime":1785902399999,"status":"ENDED"},{"weekDay":3,"seckillStartTime":1785902400000,"seckillEndTime":1786075199999,"status":"PROGRESSING"},{"weekDay":5,"seckillStartTime":1786075200000,"seckillEndTime":1786334399999,"status":"NOT_STARTED"},{"weekDay":1,"seckillStartTime":1786334400000,"seckillEndTime":1786507199999,"status":"NOT_STARTED"},{"weekDay":3,"seckillStartTime":1786507200000,"seckillEndTime":1786679999999,"status":"NOT_STARTED"},{"weekDay":5,"seckillStartTime":1786680000000,"seckillEndTime":1785729599999,"status":"NOT_STARTED"}]}]},"code":200,"errmsg":"OK"}}
============================================================
============================================================
[请求时间] 2026/8/7 10:32:54.172
[响应时间] 2026/8/7 10:32:54.405
[耗时] 233ms
[请求路径] https://inf.ds.163.com/v1/web/exp/week-coupon/showing-list-v2
[请求方式] POST
[请求参数] {"query":null,"body":{}}
[请求头] {"Accept":"application/json, text/plain, */*","Content-Type":"application/json;charset=UTF-8","GL-X-XSRF-TOKEN":"de572527-4602-4c9a-ab29-198987cc7f8e","User-Agent":"Mozilla/5.0 (Windows NT 10.0; Win64; x64) AppleWebKit/537.36 (KHTML, like Gecko) Chrome/122.0.0.0 Safari/537.36","Origin":"https://pay.ds.163.com","Referer":"https://pay.ds.163.com/","GL-ClientType":"60","GL-DeviceId":"d6968164-5417-46c1-bf38-bbc4aa112013","GL-Uid":"45b30b14b4974ff4938be28e807b73e9","GL-CheckSum":"fba13ebefdfd72493ec156a69864703b3272852d","Content-Length":"2","Accept-Encoding":"gzip, compress, deflate, br"}
[响应结果] {"httpStatus":200,"data":{"result":{"coupons":[{"couponId":"687076e69f3efd24cb2bed9c","name":"V1","amount":1,"xyLevel":"V1","seckillTime":"WEEKLY","periods":[{"weekDay":1,"seckillStartTime":1785729600000,"seckillEndTime":1785902399999,"status":"ENDED"},{"weekDay":3,"seckillStartTime":1785902400000,"seckillEndTime":1786075199999,"status":"PROGRESSING"},{"weekDay":5,"seckillStartTime":1786075200000,"seckillEndTime":1786334399999,"status":"NOT_STARTED"},{"weekDay":1,"seckillStartTime":1786334400000,"seckillEndTime":1786507199999,"status":"NOT_STARTED"},{"weekDay":3,"seckillStartTime":1786507200000,"seckillEndTime":1786679999999,"status":"NOT_STARTED"},{"weekDay":5,"seckillStartTime":1786680000000,"seckillEndTime":1785729599999,"status":"NOT_STARTED"}]},{"couponId":"68708657f56f912f57e063bf","name":"V2","amount":2,"xyLevel":"V2","seckillTime":"WEEKLY","periods":[{"weekDay":1,"seckillStartTime":1785729600000,"seckillEndTime":1785902399999,"status":"ENDED"},{"weekDay":3,"seckillStartTime":1785902400000,"seckillEndTime":1786075199999,"status":"PROGRESSING"},{"weekDay":5,"seckillStartTime":1786075200000,"seckillEndTime":1786334399999,"status":"NOT_STARTED"},{"weekDay":1,"seckillStartTime":1786334400000,"seckillEndTime":1786507199999,"status":"NOT_STARTED"},{"weekDay":3,"seckillStartTime":1786507200000,"seckillEndTime":1786679999999,"status":"NOT_STARTED"},{"weekDay":5,"seckillStartTime":1786680000000,"seckillEndTime":1785729599999,"status":"NOT_STARTED"}]},{"couponId":"6870867989fddd2bbdec96bc","name":"V3","amount":3,"xyLevel":"V3","seckillTime":"WEEKLY","periods":[{"weekDay":1,"seckillStartTime":1785729600000,"seckillEndTime":1785902399999,"status":"ENDED"},{"weekDay":3,"seckillStartTime":1785902400000,"seckillEndTime":1786075199999,"status":"PROGRESSING"},{"weekDay":5,"seckillStartTime":1786075200000,"seckillEndTime":1786334399999,"status":"NOT_STARTED"},{"weekDay":1,"seckillStartTime":1786334400000,"seckillEndTime":1786507199999,"status":"NOT_STARTED"},{"weekDay":3,"seckillStartTime":1786507200000,"seckillEndTime":1786679999999,"status":"NOT_STARTED"},{"weekDay":5,"seckillStartTime":1786680000000,"seckillEndTime":1785729599999,"status":"NOT_STARTED"}]},{"couponId":"6870869cf56f912f57e063c0","name":"V4","amount":8,"xyLevel":"V4","seckillTime":"WEEKLY","periods":[{"weekDay":1,"seckillStartTime":1785729600000,"seckillEndTime":1785902399999,"status":"ENDED"},{"weekDay":3,"seckillStartTime":1785902400000,"seckillEndTime":1786075199999,"status":"PROGRESSING"},{"weekDay":5,"seckillStartTime":1786075200000,"seckillEndTime":1786334399999,"status":"NOT_STARTED"},{"weekDay":1,"seckillStartTime":1786334400000,"seckillEndTime":1786507199999,"status":"NOT_STARTED"},{"weekDay":3,"seckillStartTime":1786507200000,"seckillEndTime":1786679999999,"status":"NOT_STARTED"},{"weekDay":5,"seckillStartTime":1786680000000,"seckillEndTime":1785729599999,"status":"NOT_STARTED"}]},{"couponId":"687086e33d0d02335c1804f4","name":"V5","amount":18,"xyLevel":"V5","seckillTime":"WEEKLY","periods":[{"weekDay":1,"seckillStartTime":1785729600000,"seckillEndTime":1785902399999,"status":"ENDED"},{"weekDay":3,"seckillStartTime":1785902400000,"seckillEndTime":1786075199999,"status":"PROGRESSING","acquiredStatus":"OUT_OF_STOCK","stockId":"687086e33d0d02335c1804f4_WEEKLY_1785902400000","stockRemain":0},{"weekDay":5,"seckillStartTime":1786075200000,"seckillEndTime":1786334399999,"status":"NOT_STARTED"},{"weekDay":1,"seckillStartTime":1786334400000,"seckillEndTime":1786507199999,"status":"NOT_STARTED"},{"weekDay":3,"seckillStartTime":1786507200000,"seckillEndTime":1786679999999,"status":"NOT_STARTED"},{"weekDay":5,"seckillStartTime":1786680000000,"seckillEndTime":1785729599999,"status":"NOT_STARTED"}]},{"couponId":"68708705f56f912f57e063c3","name":"V6","amount":30,"xyLevel":"V6","seckillTime":"WEEKLY","periods":[{"weekDay":1,"seckillStartTime":1785729600000,"seckillEndTime":1785902399999,"status":"ENDED"},{"weekDay":3,"seckillStartTime":1785902400000,"seckillEndTime":1786075199999,"status":"PROGRESSING"},{"weekDay":5,"seckillStartTime":1786075200000,"seckillEndTime":1786334399999,"status":"NOT_STARTED"},{"weekDay":1,"seckillStartTime":1786334400000,"seckillEndTime":1786507199999,"status":"NOT_STARTED"},{"weekDay":3,"seckillStartTime":1786507200000,"seckillEndTime":1786679999999,"status":"NOT_STARTED"},{"weekDay":5,"seckillStartTime":1786680000000,"seckillEndTime":1785729599999,"status":"NOT_STARTED"}]},{"couponId":"6870872e89fddd2bbdec96bd","name":"V7","amount":75,"xyLevel":"V7","seckillTime":"WEEKLY","periods":[{"weekDay":1,"seckillStartTime":1785729600000,"seckillEndTime":1785902399999,"status":"ENDED"},{"weekDay":3,"seckillStartTime":1785902400000,"seckillEndTime":1786075199999,"status":"PROGRESSING"},{"weekDay":5,"seckillStartTime":1786075200000,"seckillEndTime":1786334399999,"status":"NOT_STARTED"},{"weekDay":1,"seckillStartTime":1786334400000,"seckillEndTime":1786507199999,"status":"NOT_STARTED"},{"weekDay":3,"seckillStartTime":1786507200000,"seckillEndTime":1786679999999,"status":"NOT_STARTED"},{"weekDay":5,"seckillStartTime":1786680000000,"seckillEndTime":1785729599999,"status":"NOT_STARTED"}]}]},"code":200,"errmsg":"OK"}}
============================================================
============================================================
[请求时间] 2026/8/7 10:32:54.404
[响应时间] 2026/8/7 10:32:54.530
[耗时] 126ms
[请求路径] https://pay-api.ds.163.com/v1/web/init/server/time
[请求方式] GET
[请求参数] {"query":null,"body":null}
[请求头] {"Accept":"application/json, text/plain, */*","Content-Type":"application/json;charset=UTF-8","GL-X-XSRF-TOKEN":"de572527-4602-4c9a-ab29-198987cc7f8e","User-Agent":"Mozilla/5.0 (Windows NT 10.0; Win64; x64) AppleWebKit/537.36 (KHTML, like Gecko) Chrome/122.0.0.0 Safari/537.36","Origin":"https://pay.ds.163.com","Referer":"https://pay.ds.163.com/","GL-ClientType":"60","GL-DeviceId":"d6968164-5417-46c1-bf38-bbc4aa112013","GL-Uid":"45b30b14b4974ff4938be28e807b73e9","Accept-Encoding":"gzip, compress, deflate, br"}
[响应结果] {"httpStatus":404,"data":"<!DOCTYPE HTML PUBLIC \"-//W3C//DTD HTML 3.2 Final//EN\">\n<title>404 Not Found</title>\n<h1>Not Found</h1>\n<p>The requested URL was not found on the server. If you entered the URL manually please check your spelling and try again.</p>\n"}
============================================================
============================================================
[请求时间] 2026/8/7 10:32:54.529
[响应时间] 2026/8/7 10:32:54.942
[耗时] 413ms
[请求路径] https://pay-api.ds.163.com/api/nlogin
[请求方式] GET
[请求参数] {"query":{},"body":null}
[请求头] {"Accept":"application/json, text/plain, */*","Content-Type":"application/json;charset=UTF-8","GL-X-XSRF-TOKEN":"de572527-4602-4c9a-ab29-198987cc7f8e","User-Agent":"Mozilla/5.0 (Windows NT 10.0; Win64; x64) AppleWebKit/537.36 (KHTML, like Gecko) Chrome/122.0.0.0 Safari/537.36","Origin":"https://pay.ds.163.com","Referer":"https://pay.ds.163.com/","GL-ClientType":"60","GL-DeviceId":"d6968164-5417-46c1-bf38-bbc4aa112013","GL-Uid":"45b30b14b4974ff4938be28e807b73e9","Accept-Encoding":"gzip, compress, deflate, br"}
[响应结果] {"httpStatus":200,"data":{"code":413,"msg":"登录失败"}}
============================================================
============================================================
[请求时间] 2026/8/7 10:33:58.524
[响应时间] 2026/8/7 10:33:58.695
[耗时] 171ms
[请求路径] https://pay-api.ds.163.com/v1/web/init/server/time
[请求方式] GET
[请求参数] {"query":null,"body":null}
[请求头] {"Accept":"application/json, text/plain, */*","Content-Type":"application/json;charset=UTF-8","GL-X-XSRF-TOKEN":"de572527-4602-4c9a-ab29-198987cc7f8e","User-Agent":"Mozilla/5.0 (Windows NT 10.0; Win64; x64) AppleWebKit/537.36 (KHTML, like Gecko) Chrome/122.0.0.0 Safari/537.36","Origin":"https://pay.ds.163.com","Referer":"https://pay.ds.163.com/","GL-ClientType":"60","GL-DeviceId":"d6968164-5417-46c1-bf38-bbc4aa112013","GL-Uid":"45b30b14b4974ff4938be28e807b73e9","Accept-Encoding":"gzip, compress, deflate, br"}
[响应结果] {"httpStatus":404,"data":"<!DOCTYPE HTML PUBLIC \"-//W3C//DTD HTML 3.2 Final//EN\">\n<title>404 Not Found</title>\n<h1>Not Found</h1>\n<p>The requested URL was not found on the server. If you entered the URL manually please check your spelling and try again.</p>\n"}
============================================================
============================================================
[开火偏移] 延后 26ms（相对开抢 +26ms）
[目标开抢] 2026/8/7 10:34:00.000
[实际开火] 2026/8/7 10:34:00.026
[请求时间] 2026/8/7 10:34:00.034
[响应时间] 2026/8/7 10:34:00.334
[耗时] 300ms
[请求路径] https://inf.ds.163.com/v1/web/exp/week-coupon/acquire
[请求方式] POST
[请求参数] {"query":null,"body":{"couponId":"687086e33d0d02335c1804f4","stockId":"687086e33d0d02335c1804f4_WEEKLY_1786075200000"}}
[请求头] {"Accept":"application/json, text/plain, */*","Content-Type":"application/json;charset=UTF-8","GL-X-XSRF-TOKEN":"de572527-4602-4c9a-ab29-198987cc7f8e","User-Agent":"Mozilla/5.0 (Windows NT 10.0; Win64; x64) AppleWebKit/537.36 (KHTML, like Gecko) Chrome/122.0.0.0 Safari/537.36","Origin":"https://pay.ds.163.com","Referer":"https://pay.ds.163.com/","GL-ClientType":"60","GL-DeviceId":"d6968164-5417-46c1-bf38-bbc4aa112013","GL-Uid":"45b30b14b4974ff4938be28e807b73e9","GL-CheckSum":"c5bafe83235e73794467b1a6101d016c5d7c1bee","Content-Length":"97","Accept-Encoding":"gzip, compress, deflate, br"}
[响应结果] {"httpStatus":200,"data":{"code":803,"errmsg":"库存已失效"}}
============================================================
============================================================
[请求时间] 2026/8/7 10:34:00.331
[响应时间] 2026/8/7 10:34:00.563
[耗时] 232ms
[请求路径] https://inf.ds.163.com/v1/web/exp/week-coupon/showing-list-v2
[请求方式] POST
[请求参数] {"query":null,"body":{}}
[请求头] {"Accept":"application/json, text/plain, */*","Content-Type":"application/json;charset=UTF-8","GL-X-XSRF-TOKEN":"de572527-4602-4c9a-ab29-198987cc7f8e","User-Agent":"Mozilla/5.0 (Windows NT 10.0; Win64; x64) AppleWebKit/537.36 (KHTML, like Gecko) Chrome/122.0.0.0 Safari/537.36","Origin":"https://pay.ds.163.com","Referer":"https://pay.ds.163.com/","GL-ClientType":"60","GL-DeviceId":"d6968164-5417-46c1-bf38-bbc4aa112013","GL-Uid":"45b30b14b4974ff4938be28e807b73e9","GL-CheckSum":"fba13ebefdfd72493ec156a69864703b3272852d","Content-Length":"2","Accept-Encoding":"gzip, compress, deflate, br"}
[响应结果] {"httpStatus":200,"data":{"result":{"coupons":[{"couponId":"687076e69f3efd24cb2bed9c","name":"V1","amount":1,"xyLevel":"V1","seckillTime":"WEEKLY","periods":[{"weekDay":1,"seckillStartTime":1785729600000,"seckillEndTime":1785902399999,"status":"ENDED"},{"weekDay":3,"seckillStartTime":1785902400000,"seckillEndTime":1786075199999,"status":"PROGRESSING"},{"weekDay":5,"seckillStartTime":1786075200000,"seckillEndTime":1786334399999,"status":"NOT_STARTED"},{"weekDay":1,"seckillStartTime":1786334400000,"seckillEndTime":1786507199999,"status":"NOT_STARTED"},{"weekDay":3,"seckillStartTime":1786507200000,"seckillEndTime":1786679999999,"status":"NOT_STARTED"},{"weekDay":5,"seckillStartTime":1786680000000,"seckillEndTime":1785729599999,"status":"NOT_STARTED"}]},{"couponId":"68708657f56f912f57e063bf","name":"V2","amount":2,"xyLevel":"V2","seckillTime":"WEEKLY","periods":[{"weekDay":1,"seckillStartTime":1785729600000,"seckillEndTime":1785902399999,"status":"ENDED"},{"weekDay":3,"seckillStartTime":1785902400000,"seckillEndTime":1786075199999,"status":"PROGRESSING"},{"weekDay":5,"seckillStartTime":1786075200000,"seckillEndTime":1786334399999,"status":"NOT_STARTED"},{"weekDay":1,"seckillStartTime":1786334400000,"seckillEndTime":1786507199999,"status":"NOT_STARTED"},{"weekDay":3,"seckillStartTime":1786507200000,"seckillEndTime":1786679999999,"status":"NOT_STARTED"},{"weekDay":5,"seckillStartTime":1786680000000,"seckillEndTime":1785729599999,"status":"NOT_STARTED"}]},{"couponId":"6870867989fddd2bbdec96bc","name":"V3","amount":3,"xyLevel":"V3","seckillTime":"WEEKLY","periods":[{"weekDay":1,"seckillStartTime":1785729600000,"seckillEndTime":1785902399999,"status":"ENDED"},{"weekDay":3,"seckillStartTime":1785902400000,"seckillEndTime":1786075199999,"status":"PROGRESSING"},{"weekDay":5,"seckillStartTime":1786075200000,"seckillEndTime":1786334399999,"status":"NOT_STARTED"},{"weekDay":1,"seckillStartTime":1786334400000,"seckillEndTime":1786507199999,"status":"NOT_STARTED"},{"weekDay":3,"seckillStartTime":1786507200000,"seckillEndTime":1786679999999,"status":"NOT_STARTED"},{"weekDay":5,"seckillStartTime":1786680000000,"seckillEndTime":1785729599999,"status":"NOT_STARTED"}]},{"couponId":"6870869cf56f912f57e063c0","name":"V4","amount":8,"xyLevel":"V4","seckillTime":"WEEKLY","periods":[{"weekDay":1,"seckillStartTime":1785729600000,"seckillEndTime":1785902399999,"status":"ENDED"},{"weekDay":3,"seckillStartTime":1785902400000,"seckillEndTime":1786075199999,"status":"PROGRESSING"},{"weekDay":5,"seckillStartTime":1786075200000,"seckillEndTime":1786334399999,"status":"NOT_STARTED"},{"weekDay":1,"seckillStartTime":1786334400000,"seckillEndTime":1786507199999,"status":"NOT_STARTED"},{"weekDay":3,"seckillStartTime":1786507200000,"seckillEndTime":1786679999999,"status":"NOT_STARTED"},{"weekDay":5,"seckillStartTime":1786680000000,"seckillEndTime":1785729599999,"status":"NOT_STARTED"}]},{"couponId":"687086e33d0d02335c1804f4","name":"V5","amount":18,"xyLevel":"V5","seckillTime":"WEEKLY","periods":[{"weekDay":1,"seckillStartTime":1785729600000,"seckillEndTime":1785902399999,"status":"ENDED"},{"weekDay":3,"seckillStartTime":1785902400000,"seckillEndTime":1786075199999,"status":"PROGRESSING","acquiredStatus":"OUT_OF_STOCK","stockId":"687086e33d0d02335c1804f4_WEEKLY_1785902400000","stockRemain":0},{"weekDay":5,"seckillStartTime":1786075200000,"seckillEndTime":1786334399999,"status":"NOT_STARTED"},{"weekDay":1,"seckillStartTime":1786334400000,"seckillEndTime":1786507199999,"status":"NOT_STARTED"},{"weekDay":3,"seckillStartTime":1786507200000,"seckillEndTime":1786679999999,"status":"NOT_STARTED"},{"weekDay":5,"seckillStartTime":1786680000000,"seckillEndTime":1785729599999,"status":"NOT_STARTED"}]},{"couponId":"68708705f56f912f57e063c3","name":"V6","amount":30,"xyLevel":"V6","seckillTime":"WEEKLY","periods":[{"weekDay":1,"seckillStartTime":1785729600000,"seckillEndTime":1785902399999,"status":"ENDED"},{"weekDay":3,"seckillStartTime":1785902400000,"seckillEndTime":1786075199999,"status":"PROGRESSING"},{"weekDay":5,"seckillStartTime":1786075200000,"seckillEndTime":1786334399999,"status":"NOT_STARTED"},{"weekDay":1,"seckillStartTime":1786334400000,"seckillEndTime":1786507199999,"status":"NOT_STARTED"},{"weekDay":3,"seckillStartTime":1786507200000,"seckillEndTime":1786679999999,"status":"NOT_STARTED"},{"weekDay":5,"seckillStartTime":1786680000000,"seckillEndTime":1785729599999,"status":"NOT_STARTED"}]},{"couponId":"6870872e89fddd2bbdec96bd","name":"V7","amount":75,"xyLevel":"V7","seckillTime":"WEEKLY","periods":[{"weekDay":1,"seckillStartTime":1785729600000,"seckillEndTime":1785902399999,"status":"ENDED"},{"weekDay":3,"seckillStartTime":1785902400000,"seckillEndTime":1786075199999,"status":"PROGRESSING"},{"weekDay":5,"seckillStartTime":1786075200000,"seckillEndTime":1786334399999,"status":"NOT_STARTED"},{"weekDay":1,"seckillStartTime":1786334400000,"seckillEndTime":1786507199999,"status":"NOT_STARTED"},{"weekDay":3,"seckillStartTime":1786507200000,"seckillEndTime":1786679999999,"status":"NOT_STARTED"},{"weekDay":5,"seckillStartTime":1786680000000,"seckillEndTime":1785729599999,"status":"NOT_STARTED"}]}]},"code":200,"errmsg":"OK"}}
============================================================
============================================================
[请求时间] 2026/8/7 10:34:01.563
[响应时间] 2026/8/7 10:34:01.804
[耗时] 241ms
[请求路径] https://inf.ds.163.com/v1/web/exp/week-coupon/acquire
[请求方式] POST
[请求参数] {"query":null,"body":{"couponId":"687086e33d0d02335c1804f4","stockId":"687086e33d0d02335c1804f4_WEEKLY_1786075200000"}}
[请求头] {"Accept":"application/json, text/plain, */*","Content-Type":"application/json;charset=UTF-8","GL-X-XSRF-TOKEN":"de572527-4602-4c9a-ab29-198987cc7f8e","User-Agent":"Mozilla/5.0 (Windows NT 10.0; Win64; x64) AppleWebKit/537.36 (KHTML, like Gecko) Chrome/122.0.0.0 Safari/537.36","Origin":"https://pay.ds.163.com","Referer":"https://pay.ds.163.com/","GL-ClientType":"60","GL-DeviceId":"d6968164-5417-46c1-bf38-bbc4aa112013","GL-Uid":"45b30b14b4974ff4938be28e807b73e9","GL-CheckSum":"c5bafe83235e73794467b1a6101d016c5d7c1bee","Content-Length":"97","Accept-Encoding":"gzip, compress, deflate, br"}
[响应结果] {"httpStatus":200,"data":{"code":803,"errmsg":"库存已失效"}}
============================================================
============================================================
[请求时间] 2026/8/7 10:34:01.800
[响应时间] 2026/8/7 10:34:02.020
[耗时] 220ms
[请求路径] https://inf.ds.163.com/v1/web/exp/week-coupon/showing-list-v2
[请求方式] POST
[请求参数] {"query":null,"body":{}}
[请求头] {"Accept":"application/json, text/plain, */*","Content-Type":"application/json;charset=UTF-8","GL-X-XSRF-TOKEN":"de572527-4602-4c9a-ab29-198987cc7f8e","User-Agent":"Mozilla/5.0 (Windows NT 10.0; Win64; x64) AppleWebKit/537.36 (KHTML, like Gecko) Chrome/122.0.0.0 Safari/537.36","Origin":"https://pay.ds.163.com","Referer":"https://pay.ds.163.com/","GL-ClientType":"60","GL-DeviceId":"d6968164-5417-46c1-bf38-bbc4aa112013","GL-Uid":"45b30b14b4974ff4938be28e807b73e9","GL-CheckSum":"fba13ebefdfd72493ec156a69864703b3272852d","Content-Length":"2","Accept-Encoding":"gzip, compress, deflate, br"}
[响应结果] {"httpStatus":200,"data":{"result":{"coupons":[{"couponId":"687076e69f3efd24cb2bed9c","name":"V1","amount":1,"xyLevel":"V1","seckillTime":"WEEKLY","periods":[{"weekDay":1,"seckillStartTime":1785729600000,"seckillEndTime":1785902399999,"status":"ENDED"},{"weekDay":3,"seckillStartTime":1785902400000,"seckillEndTime":1786075199999,"status":"PROGRESSING"},{"weekDay":5,"seckillStartTime":1786075200000,"seckillEndTime":1786334399999,"status":"NOT_STARTED"},{"weekDay":1,"seckillStartTime":1786334400000,"seckillEndTime":1786507199999,"status":"NOT_STARTED"},{"weekDay":3,"seckillStartTime":1786507200000,"seckillEndTime":1786679999999,"status":"NOT_STARTED"},{"weekDay":5,"seckillStartTime":1786680000000,"seckillEndTime":1785729599999,"status":"NOT_STARTED"}]},{"couponId":"68708657f56f912f57e063bf","name":"V2","amount":2,"xyLevel":"V2","seckillTime":"WEEKLY","periods":[{"weekDay":1,"seckillStartTime":1785729600000,"seckillEndTime":1785902399999,"status":"ENDED"},{"weekDay":3,"seckillStartTime":1785902400000,"seckillEndTime":1786075199999,"status":"PROGRESSING"},{"weekDay":5,"seckillStartTime":1786075200000,"seckillEndTime":1786334399999,"status":"NOT_STARTED"},{"weekDay":1,"seckillStartTime":1786334400000,"seckillEndTime":1786507199999,"status":"NOT_STARTED"},{"weekDay":3,"seckillStartTime":1786507200000,"seckillEndTime":1786679999999,"status":"NOT_STARTED"},{"weekDay":5,"seckillStartTime":1786680000000,"seckillEndTime":1785729599999,"status":"NOT_STARTED"}]},{"couponId":"6870867989fddd2bbdec96bc","name":"V3","amount":3,"xyLevel":"V3","seckillTime":"WEEKLY","periods":[{"weekDay":1,"seckillStartTime":1785729600000,"seckillEndTime":1785902399999,"status":"ENDED"},{"weekDay":3,"seckillStartTime":1785902400000,"seckillEndTime":1786075199999,"status":"PROGRESSING"},{"weekDay":5,"seckillStartTime":1786075200000,"seckillEndTime":1786334399999,"status":"NOT_STARTED"},{"weekDay":1,"seckillStartTime":1786334400000,"seckillEndTime":1786507199999,"status":"NOT_STARTED"},{"weekDay":3,"seckillStartTime":1786507200000,"seckillEndTime":1786679999999,"status":"NOT_STARTED"},{"weekDay":5,"seckillStartTime":1786680000000,"seckillEndTime":1785729599999,"status":"NOT_STARTED"}]},{"couponId":"6870869cf56f912f57e063c0","name":"V4","amount":8,"xyLevel":"V4","seckillTime":"WEEKLY","periods":[{"weekDay":1,"seckillStartTime":1785729600000,"seckillEndTime":1785902399999,"status":"ENDED"},{"weekDay":3,"seckillStartTime":1785902400000,"seckillEndTime":1786075199999,"status":"PROGRESSING"},{"weekDay":5,"seckillStartTime":1786075200000,"seckillEndTime":1786334399999,"status":"NOT_STARTED"},{"weekDay":1,"seckillStartTime":1786334400000,"seckillEndTime":1786507199999,"status":"NOT_STARTED"},{"weekDay":3,"seckillStartTime":1786507200000,"seckillEndTime":1786679999999,"status":"NOT_STARTED"},{"weekDay":5,"seckillStartTime":1786680000000,"seckillEndTime":1785729599999,"status":"NOT_STARTED"}]},{"couponId":"687086e33d0d02335c1804f4","name":"V5","amount":18,"xyLevel":"V5","seckillTime":"WEEKLY","periods":[{"weekDay":1,"seckillStartTime":1785729600000,"seckillEndTime":1785902399999,"status":"ENDED"},{"weekDay":3,"seckillStartTime":1785902400000,"seckillEndTime":1786075199999,"status":"PROGRESSING","acquiredStatus":"OUT_OF_STOCK","stockId":"687086e33d0d02335c1804f4_WEEKLY_1785902400000","stockRemain":0},{"weekDay":5,"seckillStartTime":1786075200000,"seckillEndTime":1786334399999,"status":"NOT_STARTED"},{"weekDay":1,"seckillStartTime":1786334400000,"seckillEndTime":1786507199999,"status":"NOT_STARTED"},{"weekDay":3,"seckillStartTime":1786507200000,"seckillEndTime":1786679999999,"status":"NOT_STARTED"},{"weekDay":5,"seckillStartTime":1786680000000,"seckillEndTime":1785729599999,"status":"NOT_STARTED"}]},{"couponId":"68708705f56f912f57e063c3","name":"V6","amount":30,"xyLevel":"V6","seckillTime":"WEEKLY","periods":[{"weekDay":1,"seckillStartTime":1785729600000,"seckillEndTime":1785902399999,"status":"ENDED"},{"weekDay":3,"seckillStartTime":1785902400000,"seckillEndTime":1786075199999,"status":"PROGRESSING"},{"weekDay":5,"seckillStartTime":1786075200000,"seckillEndTime":1786334399999,"status":"NOT_STARTED"},{"weekDay":1,"seckillStartTime":1786334400000,"seckillEndTime":1786507199999,"status":"NOT_STARTED"},{"weekDay":3,"seckillStartTime":1786507200000,"seckillEndTime":1786679999999,"status":"NOT_STARTED"},{"weekDay":5,"seckillStartTime":1786680000000,"seckillEndTime":1785729599999,"status":"NOT_STARTED"}]},{"couponId":"6870872e89fddd2bbdec96bd","name":"V7","amount":75,"xyLevel":"V7","seckillTime":"WEEKLY","periods":[{"weekDay":1,"seckillStartTime":1785729600000,"seckillEndTime":1785902399999,"status":"ENDED"},{"weekDay":3,"seckillStartTime":1785902400000,"seckillEndTime":1786075199999,"status":"PROGRESSING"},{"weekDay":5,"seckillStartTime":1786075200000,"seckillEndTime":1786334399999,"status":"NOT_STARTED"},{"weekDay":1,"seckillStartTime":1786334400000,"seckillEndTime":1786507199999,"status":"NOT_STARTED"},{"weekDay":3,"seckillStartTime":1786507200000,"seckillEndTime":1786679999999,"status":"NOT_STARTED"},{"weekDay":5,"seckillStartTime":1786680000000,"seckillEndTime":1785729599999,"status":"NOT_STARTED"}]}]},"code":200,"errmsg":"OK"}}
============================================================
============================================================
[请求时间] 2026/8/7 10:34:03.022
[响应时间] 2026/8/7 10:34:03.250
[耗时] 228ms
[请求路径] https://inf.ds.163.com/v1/web/exp/week-coupon/acquire
[请求方式] POST
[请求参数] {"query":null,"body":{"couponId":"687086e33d0d02335c1804f4","stockId":"687086e33d0d02335c1804f4_WEEKLY_1786075200000"}}
[请求头] {"Accept":"application/json, text/plain, */*","Content-Type":"application/json;charset=UTF-8","GL-X-XSRF-TOKEN":"de572527-4602-4c9a-ab29-198987cc7f8e","User-Agent":"Mozilla/5.0 (Windows NT 10.0; Win64; x64) AppleWebKit/537.36 (KHTML, like Gecko) Chrome/122.0.0.0 Safari/537.36","Origin":"https://pay.ds.163.com","Referer":"https://pay.ds.163.com/","GL-ClientType":"60","GL-DeviceId":"d6968164-5417-46c1-bf38-bbc4aa112013","GL-Uid":"45b30b14b4974ff4938be28e807b73e9","GL-CheckSum":"c5bafe83235e73794467b1a6101d016c5d7c1bee","Content-Length":"97","Accept-Encoding":"gzip, compress, deflate, br"}
[响应结果] {"httpStatus":200,"data":{"code":803,"errmsg":"库存已失效"}}
============================================================
============================================================
[请求时间] 2026/8/7 10:34:03.249
[响应时间] 2026/8/7 10:34:03.461
[耗时] 212ms
[请求路径] https://inf.ds.163.com/v1/web/exp/week-coupon/showing-list-v2
[请求方式] POST
[请求参数] {"query":null,"body":{}}
[请求头] {"Accept":"application/json, text/plain, */*","Content-Type":"application/json;charset=UTF-8","GL-X-XSRF-TOKEN":"de572527-4602-4c9a-ab29-198987cc7f8e","User-Agent":"Mozilla/5.0 (Windows NT 10.0; Win64; x64) AppleWebKit/537.36 (KHTML, like Gecko) Chrome/122.0.0.0 Safari/537.36","Origin":"https://pay.ds.163.com","Referer":"https://pay.ds.163.com/","GL-ClientType":"60","GL-DeviceId":"d6968164-5417-46c1-bf38-bbc4aa112013","GL-Uid":"45b30b14b4974ff4938be28e807b73e9","GL-CheckSum":"fba13ebefdfd72493ec156a69864703b3272852d","Content-Length":"2","Accept-Encoding":"gzip, compress, deflate, br"}
[响应结果] {"httpStatus":200,"data":{"result":{"coupons":[{"couponId":"687076e69f3efd24cb2bed9c","name":"V1","amount":1,"xyLevel":"V1","seckillTime":"WEEKLY","periods":[{"weekDay":1,"seckillStartTime":1785729600000,"seckillEndTime":1785902399999,"status":"ENDED"},{"weekDay":3,"seckillStartTime":1785902400000,"seckillEndTime":1786075199999,"status":"PROGRESSING"},{"weekDay":5,"seckillStartTime":1786075200000,"seckillEndTime":1786334399999,"status":"NOT_STARTED"},{"weekDay":1,"seckillStartTime":1786334400000,"seckillEndTime":1786507199999,"status":"NOT_STARTED"},{"weekDay":3,"seckillStartTime":1786507200000,"seckillEndTime":1786679999999,"status":"NOT_STARTED"},{"weekDay":5,"seckillStartTime":1786680000000,"seckillEndTime":1785729599999,"status":"NOT_STARTED"}]},{"couponId":"68708657f56f912f57e063bf","name":"V2","amount":2,"xyLevel":"V2","seckillTime":"WEEKLY","periods":[{"weekDay":1,"seckillStartTime":1785729600000,"seckillEndTime":1785902399999,"status":"ENDED"},{"weekDay":3,"seckillStartTime":1785902400000,"seckillEndTime":1786075199999,"status":"PROGRESSING"},{"weekDay":5,"seckillStartTime":1786075200000,"seckillEndTime":1786334399999,"status":"NOT_STARTED"},{"weekDay":1,"seckillStartTime":1786334400000,"seckillEndTime":1786507199999,"status":"NOT_STARTED"},{"weekDay":3,"seckillStartTime":1786507200000,"seckillEndTime":1786679999999,"status":"NOT_STARTED"},{"weekDay":5,"seckillStartTime":1786680000000,"seckillEndTime":1785729599999,"status":"NOT_STARTED"}]},{"couponId":"6870867989fddd2bbdec96bc","name":"V3","amount":3,"xyLevel":"V3","seckillTime":"WEEKLY","periods":[{"weekDay":1,"seckillStartTime":1785729600000,"seckillEndTime":1785902399999,"status":"ENDED"},{"weekDay":3,"seckillStartTime":1785902400000,"seckillEndTime":1786075199999,"status":"PROGRESSING"},{"weekDay":5,"seckillStartTime":1786075200000,"seckillEndTime":1786334399999,"status":"NOT_STARTED"},{"weekDay":1,"seckillStartTime":1786334400000,"seckillEndTime":1786507199999,"status":"NOT_STARTED"},{"weekDay":3,"seckillStartTime":1786507200000,"seckillEndTime":1786679999999,"status":"NOT_STARTED"},{"weekDay":5,"seckillStartTime":1786680000000,"seckillEndTime":1785729599999,"status":"NOT_STARTED"}]},{"couponId":"6870869cf56f912f57e063c0","name":"V4","amount":8,"xyLevel":"V4","seckillTime":"WEEKLY","periods":[{"weekDay":1,"seckillStartTime":1785729600000,"seckillEndTime":1785902399999,"status":"ENDED"},{"weekDay":3,"seckillStartTime":1785902400000,"seckillEndTime":1786075199999,"status":"PROGRESSING"},{"weekDay":5,"seckillStartTime":1786075200000,"seckillEndTime":1786334399999,"status":"NOT_STARTED"},{"weekDay":1,"seckillStartTime":1786334400000,"seckillEndTime":1786507199999,"status":"NOT_STARTED"},{"weekDay":3,"seckillStartTime":1786507200000,"seckillEndTime":1786679999999,"status":"NOT_STARTED"},{"weekDay":5,"seckillStartTime":1786680000000,"seckillEndTime":1785729599999,"status":"NOT_STARTED"}]},{"couponId":"687086e33d0d02335c1804f4","name":"V5","amount":18,"xyLevel":"V5","seckillTime":"WEEKLY","periods":[{"weekDay":1,"seckillStartTime":1785729600000,"seckillEndTime":1785902399999,"status":"ENDED"},{"weekDay":3,"seckillStartTime":1785902400000,"seckillEndTime":1786075199999,"status":"PROGRESSING","acquiredStatus":"OUT_OF_STOCK","stockId":"687086e33d0d02335c1804f4_WEEKLY_1785902400000","stockRemain":0},{"weekDay":5,"seckillStartTime":1786075200000,"seckillEndTime":1786334399999,"status":"NOT_STARTED"},{"weekDay":1,"seckillStartTime":1786334400000,"seckillEndTime":1786507199999,"status":"NOT_STARTED"},{"weekDay":3,"seckillStartTime":1786507200000,"seckillEndTime":1786679999999,"status":"NOT_STARTED"},{"weekDay":5,"seckillStartTime":1786680000000,"seckillEndTime":1785729599999,"status":"NOT_STARTED"}]},{"couponId":"68708705f56f912f57e063c3","name":"V6","amount":30,"xyLevel":"V6","seckillTime":"WEEKLY","periods":[{"weekDay":1,"seckillStartTime":1785729600000,"seckillEndTime":1785902399999,"status":"ENDED"},{"weekDay":3,"seckillStartTime":1785902400000,"seckillEndTime":1786075199999,"status":"PROGRESSING"},{"weekDay":5,"seckillStartTime":1786075200000,"seckillEndTime":1786334399999,"status":"NOT_STARTED"},{"weekDay":1,"seckillStartTime":1786334400000,"seckillEndTime":1786507199999,"status":"NOT_STARTED"},{"weekDay":3,"seckillStartTime":1786507200000,"seckillEndTime":1786679999999,"status":"NOT_STARTED"},{"weekDay":5,"seckillStartTime":1786680000000,"seckillEndTime":1785729599999,"status":"NOT_STARTED"}]},{"couponId":"6870872e89fddd2bbdec96bd","name":"V7","amount":75,"xyLevel":"V7","seckillTime":"WEEKLY","periods":[{"weekDay":1,"seckillStartTime":1785729600000,"seckillEndTime":1785902399999,"status":"ENDED"},{"weekDay":3,"seckillStartTime":1785902400000,"seckillEndTime":1786075199999,"status":"PROGRESSING"},{"weekDay":5,"seckillStartTime":1786075200000,"seckillEndTime":1786334399999,"status":"NOT_STARTED"},{"weekDay":1,"seckillStartTime":1786334400000,"seckillEndTime":1786507199999,"status":"NOT_STARTED"},{"weekDay":3,"seckillStartTime":1786507200000,"seckillEndTime":1786679999999,"status":"NOT_STARTED"},{"weekDay":5,"seckillStartTime":1786680000000,"seckillEndTime":1785729599999,"status":"NOT_STARTED"}]}]},"code":200,"errmsg":"OK"}}
============================================================
============================================================
[请求时间] 2026/8/7 10:34:04.461
[响应时间] 2026/8/7 10:34:04.699
[耗时] 238ms
[请求路径] https://inf.ds.163.com/v1/web/exp/week-coupon/acquire
[请求方式] POST
[请求参数] {"query":null,"body":{"couponId":"687086e33d0d02335c1804f4","stockId":"687086e33d0d02335c1804f4_WEEKLY_1786075200000"}}
[请求头] {"Accept":"application/json, text/plain, */*","Content-Type":"application/json;charset=UTF-8","GL-X-XSRF-TOKEN":"de572527-4602-4c9a-ab29-198987cc7f8e","User-Agent":"Mozilla/5.0 (Windows NT 10.0; Win64; x64) AppleWebKit/537.36 (KHTML, like Gecko) Chrome/122.0.0.0 Safari/537.36","Origin":"https://pay.ds.163.com","Referer":"https://pay.ds.163.com/","GL-ClientType":"60","GL-DeviceId":"d6968164-5417-46c1-bf38-bbc4aa112013","GL-Uid":"45b30b14b4974ff4938be28e807b73e9","GL-CheckSum":"c5bafe83235e73794467b1a6101d016c5d7c1bee","Content-Length":"97","Accept-Encoding":"gzip, compress, deflate, br"}
[响应结果] {"httpStatus":200,"data":{"code":803,"errmsg":"库存已失效"}}
============================================================
============================================================
[请求时间] 2026/8/7 10:34:04.698
[响应时间] 2026/8/7 10:34:04.935
[耗时] 237ms
[请求路径] https://inf.ds.163.com/v1/web/exp/week-coupon/showing-list-v2
[请求方式] POST
[请求参数] {"query":null,"body":{}}
[请求头] {"Accept":"application/json, text/plain, */*","Content-Type":"application/json;charset=UTF-8","GL-X-XSRF-TOKEN":"de572527-4602-4c9a-ab29-198987cc7f8e","User-Agent":"Mozilla/5.0 (Windows NT 10.0; Win64; x64) AppleWebKit/537.36 (KHTML, like Gecko) Chrome/122.0.0.0 Safari/537.36","Origin":"https://pay.ds.163.com","Referer":"https://pay.ds.163.com/","GL-ClientType":"60","GL-DeviceId":"d6968164-5417-46c1-bf38-bbc4aa112013","GL-Uid":"45b30b14b4974ff4938be28e807b73e9","GL-CheckSum":"fba13ebefdfd72493ec156a69864703b3272852d","Content-Length":"2","Accept-Encoding":"gzip, compress, deflate, br"}
[响应结果] {"httpStatus":200,"data":{"result":{"coupons":[{"couponId":"687076e69f3efd24cb2bed9c","name":"V1","amount":1,"xyLevel":"V1","seckillTime":"WEEKLY","periods":[{"weekDay":1,"seckillStartTime":1785729600000,"seckillEndTime":1785902399999,"status":"ENDED"},{"weekDay":3,"seckillStartTime":1785902400000,"seckillEndTime":1786075199999,"status":"PROGRESSING"},{"weekDay":5,"seckillStartTime":1786075200000,"seckillEndTime":1786334399999,"status":"NOT_STARTED"},{"weekDay":1,"seckillStartTime":1786334400000,"seckillEndTime":1786507199999,"status":"NOT_STARTED"},{"weekDay":3,"seckillStartTime":1786507200000,"seckillEndTime":1786679999999,"status":"NOT_STARTED"},{"weekDay":5,"seckillStartTime":1786680000000,"seckillEndTime":1785729599999,"status":"NOT_STARTED"}]},{"couponId":"68708657f56f912f57e063bf","name":"V2","amount":2,"xyLevel":"V2","seckillTime":"WEEKLY","periods":[{"weekDay":1,"seckillStartTime":1785729600000,"seckillEndTime":1785902399999,"status":"ENDED"},{"weekDay":3,"seckillStartTime":1785902400000,"seckillEndTime":1786075199999,"status":"PROGRESSING"},{"weekDay":5,"seckillStartTime":1786075200000,"seckillEndTime":1786334399999,"status":"NOT_STARTED"},{"weekDay":1,"seckillStartTime":1786334400000,"seckillEndTime":1786507199999,"status":"NOT_STARTED"},{"weekDay":3,"seckillStartTime":1786507200000,"seckillEndTime":1786679999999,"status":"NOT_STARTED"},{"weekDay":5,"seckillStartTime":1786680000000,"seckillEndTime":1785729599999,"status":"NOT_STARTED"}]},{"couponId":"6870867989fddd2bbdec96bc","name":"V3","amount":3,"xyLevel":"V3","seckillTime":"WEEKLY","periods":[{"weekDay":1,"seckillStartTime":1785729600000,"seckillEndTime":1785902399999,"status":"ENDED"},{"weekDay":3,"seckillStartTime":1785902400000,"seckillEndTime":1786075199999,"status":"PROGRESSING"},{"weekDay":5,"seckillStartTime":1786075200000,"seckillEndTime":1786334399999,"status":"NOT_STARTED"},{"weekDay":1,"seckillStartTime":1786334400000,"seckillEndTime":1786507199999,"status":"NOT_STARTED"},{"weekDay":3,"seckillStartTime":1786507200000,"seckillEndTime":1786679999999,"status":"NOT_STARTED"},{"weekDay":5,"seckillStartTime":1786680000000,"seckillEndTime":1785729599999,"status":"NOT_STARTED"}]},{"couponId":"6870869cf56f912f57e063c0","name":"V4","amount":8,"xyLevel":"V4","seckillTime":"WEEKLY","periods":[{"weekDay":1,"seckillStartTime":1785729600000,"seckillEndTime":1785902399999,"status":"ENDED"},{"weekDay":3,"seckillStartTime":1785902400000,"seckillEndTime":1786075199999,"status":"PROGRESSING"},{"weekDay":5,"seckillStartTime":1786075200000,"seckillEndTime":1786334399999,"status":"NOT_STARTED"},{"weekDay":1,"seckillStartTime":1786334400000,"seckillEndTime":1786507199999,"status":"NOT_STARTED"},{"weekDay":3,"seckillStartTime":1786507200000,"seckillEndTime":1786679999999,"status":"NOT_STARTED"},{"weekDay":5,"seckillStartTime":1786680000000,"seckillEndTime":1785729599999,"status":"NOT_STARTED"}]},{"couponId":"687086e33d0d02335c1804f4","name":"V5","amount":18,"xyLevel":"V5","seckillTime":"WEEKLY","periods":[{"weekDay":1,"seckillStartTime":1785729600000,"seckillEndTime":1785902399999,"status":"ENDED"},{"weekDay":3,"seckillStartTime":1785902400000,"seckillEndTime":1786075199999,"status":"PROGRESSING","acquiredStatus":"OUT_OF_STOCK","stockId":"687086e33d0d02335c1804f4_WEEKLY_1785902400000","stockRemain":0},{"weekDay":5,"seckillStartTime":1786075200000,"seckillEndTime":1786334399999,"status":"NOT_STARTED"},{"weekDay":1,"seckillStartTime":1786334400000,"seckillEndTime":1786507199999,"status":"NOT_STARTED"},{"weekDay":3,"seckillStartTime":1786507200000,"seckillEndTime":1786679999999,"status":"NOT_STARTED"},{"weekDay":5,"seckillStartTime":1786680000000,"seckillEndTime":1785729599999,"status":"NOT_STARTED"}]},{"couponId":"68708705f56f912f57e063c3","name":"V6","amount":30,"xyLevel":"V6","seckillTime":"WEEKLY","periods":[{"weekDay":1,"seckillStartTime":1785729600000,"seckillEndTime":1785902399999,"status":"ENDED"},{"weekDay":3,"seckillStartTime":1785902400000,"seckillEndTime":1786075199999,"status":"PROGRESSING"},{"weekDay":5,"seckillStartTime":1786075200000,"seckillEndTime":1786334399999,"status":"NOT_STARTED"},{"weekDay":1,"seckillStartTime":1786334400000,"seckillEndTime":1786507199999,"status":"NOT_STARTED"},{"weekDay":3,"seckillStartTime":1786507200000,"seckillEndTime":1786679999999,"status":"NOT_STARTED"},{"weekDay":5,"seckillStartTime":1786680000000,"seckillEndTime":1785729599999,"status":"NOT_STARTED"}]},{"couponId":"6870872e89fddd2bbdec96bd","name":"V7","amount":75,"xyLevel":"V7","seckillTime":"WEEKLY","periods":[{"weekDay":1,"seckillStartTime":1785729600000,"seckillEndTime":1785902399999,"status":"ENDED"},{"weekDay":3,"seckillStartTime":1785902400000,"seckillEndTime":1786075199999,"status":"PROGRESSING"},{"weekDay":5,"seckillStartTime":1786075200000,"seckillEndTime":1786334399999,"status":"NOT_STARTED"},{"weekDay":1,"seckillStartTime":1786334400000,"seckillEndTime":1786507199999,"status":"NOT_STARTED"},{"weekDay":3,"seckillStartTime":1786507200000,"seckillEndTime":1786679999999,"status":"NOT_STARTED"},{"weekDay":5,"seckillStartTime":1786680000000,"seckillEndTime":1785729599999,"status":"NOT_STARTED"}]}]},"code":200,"errmsg":"OK"}}
============================================================
============================================================
[请求时间] 2026/8/7 10:37:28.381
[响应时间] 2026/8/7 10:37:28.661
[耗时] 280ms
[请求路径] https://pay-api.ds.163.com/v1/web/init/server/time
[请求方式] GET
[请求参数] {"query":null,"body":null}
[请求头] {"Accept":"application/json, text/plain, */*","Content-Type":"application/json;charset=UTF-8","User-Agent":"Mozilla/5.0 (Windows NT 10.0; Win64; x64) AppleWebKit/537.36 (KHTML, like Gecko) Chrome/122.0.0.0 Safari/537.36","Origin":"https://pay.ds.163.com","Referer":"https://pay.ds.163.com/","GL-ClientType":"60","GL-DeviceId":"d6968164-5417-46c1-bf38-bbc4aa112013","GL-Uid":"45b30b14b4974ff4938be28e807b73e9","GL-X-XSRF-TOKEN":"de572527-4602-4c9a-ab29-198987cc7f8e","Accept-Encoding":"gzip, compress, deflate, br"}
[响应结果] {"httpStatus":404,"data":"<!DOCTYPE HTML PUBLIC \"-//W3C//DTD HTML 3.2 Final//EN\">\n<title>404 Not Found</title>\n<h1>Not Found</h1>\n<p>The requested URL was not found on the server. If you entered the URL manually please check your spelling and try again.</p>\n"}
============================================================
============================================================
[请求时间] 2026/8/7 10:37:28.655
[响应时间] 2026/8/7 10:37:28.759
[耗时] 104ms
[请求路径] https://pay-api.ds.163.com/api/nlogin
[请求方式] GET
[请求参数] {"query":{},"body":null}
[请求头] {"Accept":"application/json, text/plain, */*","Content-Type":"application/json;charset=UTF-8","GL-X-XSRF-TOKEN":"de572527-4602-4c9a-ab29-198987cc7f8e","User-Agent":"Mozilla/5.0 (Windows NT 10.0; Win64; x64) AppleWebKit/537.36 (KHTML, like Gecko) Chrome/122.0.0.0 Safari/537.36","Origin":"https://pay.ds.163.com","Referer":"https://pay.ds.163.com/","GL-ClientType":"60","GL-DeviceId":"d6968164-5417-46c1-bf38-bbc4aa112013","GL-Uid":"45b30b14b4974ff4938be28e807b73e9","Accept-Encoding":"gzip, compress, deflate, br"}
[响应结果] {"httpStatus":200,"data":{"code":413,"msg":"登录失败"}}
============================================================
============================================================
[请求时间] 2026/8/7 10:37:28.758
[响应时间] 2026/8/7 10:37:29.113
[耗时] 355ms
[请求路径] https://inf.ds.163.com/v1/web/cooperate/plutus/cookie-exchange
[请求方式] GET
[请求参数] {"query":null,"body":null}
[请求头] {"Accept":"application/json, text/plain, */*","Content-Type":"application/json;charset=UTF-8","GL-X-XSRF-TOKEN":"de572527-4602-4c9a-ab29-198987cc7f8e","User-Agent":"Mozilla/5.0 (Windows NT 10.0; Win64; x64) AppleWebKit/537.36 (KHTML, like Gecko) Chrome/122.0.0.0 Safari/537.36","Origin":"https://pay.ds.163.com","Referer":"https://pay.ds.163.com/","GL-ClientType":"60","GL-DeviceId":"d6968164-5417-46c1-bf38-bbc4aa112013","GL-Uid":"45b30b14b4974ff4938be28e807b73e9","Accept-Encoding":"gzip, compress, deflate, br"}
[响应结果] {"httpStatus":200,"data":{"result":{"user":{"uid":"45b30b14b4974ff4938be28e807b73e9","nick":"Louomm","icon":"https://ok.166.net/reunionpub/3_20250222_19529c4b20b892681.jpeg","intro":"","gender":2,"updateTime":1766916445732,"userSourceType":"URS"},"newUser":false},"code":200,"errmsg":"OK"}}
============================================================
============================================================
[请求时间] 2026/8/7 10:37:29.110
[响应时间] 2026/8/7 10:37:29.267
[耗时] 157ms
[请求路径] https://pay-api.ds.163.com/v1/web/init/server/time
[请求方式] GET
[请求参数] {"query":null,"body":null}
[请求头] {"Accept":"application/json, text/plain, */*","Content-Type":"application/json;charset=UTF-8","GL-X-XSRF-TOKEN":"de572527-4602-4c9a-ab29-198987cc7f8e","User-Agent":"Mozilla/5.0 (Windows NT 10.0; Win64; x64) AppleWebKit/537.36 (KHTML, like Gecko) Chrome/122.0.0.0 Safari/537.36","Origin":"https://pay.ds.163.com","Referer":"https://pay.ds.163.com/","GL-ClientType":"60","GL-DeviceId":"d6968164-5417-46c1-bf38-bbc4aa112013","GL-Uid":"45b30b14b4974ff4938be28e807b73e9","Accept-Encoding":"gzip, compress, deflate, br"}
[响应结果] {"httpStatus":404,"data":"<!DOCTYPE HTML PUBLIC \"-//W3C//DTD HTML 3.2 Final//EN\">\n<title>404 Not Found</title>\n<h1>Not Found</h1>\n<p>The requested URL was not found on the server. If you entered the URL manually please check your spelling and try again.</p>\n"}
============================================================
============================================================
[请求时间] 2026/8/7 10:37:29.266
[响应时间] 2026/8/7 10:37:29.556
[耗时] 290ms
[请求路径] https://inf.ds.163.com/v1/web/exp/xy/user/get-info
[请求方式] POST
[请求参数] {"query":null,"body":{}}
[请求头] {"Accept":"application/json, text/plain, */*","Content-Type":"application/json;charset=UTF-8","GL-X-XSRF-TOKEN":"de572527-4602-4c9a-ab29-198987cc7f8e","User-Agent":"Mozilla/5.0 (Windows NT 10.0; Win64; x64) AppleWebKit/537.36 (KHTML, like Gecko) Chrome/122.0.0.0 Safari/537.36","Origin":"https://pay.ds.163.com","Referer":"https://pay.ds.163.com/","GL-ClientType":"60","GL-DeviceId":"d6968164-5417-46c1-bf38-bbc4aa112013","GL-Uid":"45b30b14b4974ff4938be28e807b73e9","GL-CheckSum":"fba13ebefdfd72493ec156a69864703b3272852d","Content-Length":"2","Accept-Encoding":"gzip, compress, deflate, br"}
[响应结果] {"httpStatus":200,"data":{"result":{"growthPoint":77079,"currentLv":"V5","diffNextLvGrowthPoint":222921,"currentLvExpireDate":"20270206","currentLvExpire":1801843200000,"nextLv":"V6","activeGames":["l36"],"last365LoginGames":["h55","l36"],"initDate":"20260206","lastLv":"V5"},"code":200,"errmsg":"OK"}}
============================================================
============================================================
[请求时间] 2026/8/7 10:37:29.551
[响应时间] 2026/8/7 10:37:29.823
[耗时] 272ms
[请求路径] https://inf.ds.163.com/v1/web/exp/week-coupon/showing-list-v2
[请求方式] POST
[请求参数] {"query":null,"body":{}}
[请求头] {"Accept":"application/json, text/plain, */*","Content-Type":"application/json;charset=UTF-8","GL-X-XSRF-TOKEN":"de572527-4602-4c9a-ab29-198987cc7f8e","User-Agent":"Mozilla/5.0 (Windows NT 10.0; Win64; x64) AppleWebKit/537.36 (KHTML, like Gecko) Chrome/122.0.0.0 Safari/537.36","Origin":"https://pay.ds.163.com","Referer":"https://pay.ds.163.com/","GL-ClientType":"60","GL-DeviceId":"d6968164-5417-46c1-bf38-bbc4aa112013","GL-Uid":"45b30b14b4974ff4938be28e807b73e9","GL-CheckSum":"fba13ebefdfd72493ec156a69864703b3272852d","Content-Length":"2","Accept-Encoding":"gzip, compress, deflate, br"}
[响应结果] {"httpStatus":200,"data":{"result":{"coupons":[{"couponId":"687076e69f3efd24cb2bed9c","name":"V1","amount":1,"xyLevel":"V1","seckillTime":"WEEKLY","periods":[{"weekDay":1,"seckillStartTime":1785729600000,"seckillEndTime":1785902399999,"status":"ENDED"},{"weekDay":3,"seckillStartTime":1785902400000,"seckillEndTime":1786075199999,"status":"PROGRESSING"},{"weekDay":5,"seckillStartTime":1786075200000,"seckillEndTime":1786334399999,"status":"NOT_STARTED"},{"weekDay":1,"seckillStartTime":1786334400000,"seckillEndTime":1786507199999,"status":"NOT_STARTED"},{"weekDay":3,"seckillStartTime":1786507200000,"seckillEndTime":1786679999999,"status":"NOT_STARTED"},{"weekDay":5,"seckillStartTime":1786680000000,"seckillEndTime":1785729599999,"status":"NOT_STARTED"}]},{"couponId":"68708657f56f912f57e063bf","name":"V2","amount":2,"xyLevel":"V2","seckillTime":"WEEKLY","periods":[{"weekDay":1,"seckillStartTime":1785729600000,"seckillEndTime":1785902399999,"status":"ENDED"},{"weekDay":3,"seckillStartTime":1785902400000,"seckillEndTime":1786075199999,"status":"PROGRESSING"},{"weekDay":5,"seckillStartTime":1786075200000,"seckillEndTime":1786334399999,"status":"NOT_STARTED"},{"weekDay":1,"seckillStartTime":1786334400000,"seckillEndTime":1786507199999,"status":"NOT_STARTED"},{"weekDay":3,"seckillStartTime":1786507200000,"seckillEndTime":1786679999999,"status":"NOT_STARTED"},{"weekDay":5,"seckillStartTime":1786680000000,"seckillEndTime":1785729599999,"status":"NOT_STARTED"}]},{"couponId":"6870867989fddd2bbdec96bc","name":"V3","amount":3,"xyLevel":"V3","seckillTime":"WEEKLY","periods":[{"weekDay":1,"seckillStartTime":1785729600000,"seckillEndTime":1785902399999,"status":"ENDED"},{"weekDay":3,"seckillStartTime":1785902400000,"seckillEndTime":1786075199999,"status":"PROGRESSING"},{"weekDay":5,"seckillStartTime":1786075200000,"seckillEndTime":1786334399999,"status":"NOT_STARTED"},{"weekDay":1,"seckillStartTime":1786334400000,"seckillEndTime":1786507199999,"status":"NOT_STARTED"},{"weekDay":3,"seckillStartTime":1786507200000,"seckillEndTime":1786679999999,"status":"NOT_STARTED"},{"weekDay":5,"seckillStartTime":1786680000000,"seckillEndTime":1785729599999,"status":"NOT_STARTED"}]},{"couponId":"6870869cf56f912f57e063c0","name":"V4","amount":8,"xyLevel":"V4","seckillTime":"WEEKLY","periods":[{"weekDay":1,"seckillStartTime":1785729600000,"seckillEndTime":1785902399999,"status":"ENDED"},{"weekDay":3,"seckillStartTime":1785902400000,"seckillEndTime":1786075199999,"status":"PROGRESSING"},{"weekDay":5,"seckillStartTime":1786075200000,"seckillEndTime":1786334399999,"status":"NOT_STARTED"},{"weekDay":1,"seckillStartTime":1786334400000,"seckillEndTime":1786507199999,"status":"NOT_STARTED"},{"weekDay":3,"seckillStartTime":1786507200000,"seckillEndTime":1786679999999,"status":"NOT_STARTED"},{"weekDay":5,"seckillStartTime":1786680000000,"seckillEndTime":1785729599999,"status":"NOT_STARTED"}]},{"couponId":"687086e33d0d02335c1804f4","name":"V5","amount":18,"xyLevel":"V5","seckillTime":"WEEKLY","periods":[{"weekDay":1,"seckillStartTime":1785729600000,"seckillEndTime":1785902399999,"status":"ENDED"},{"weekDay":3,"seckillStartTime":1785902400000,"seckillEndTime":1786075199999,"status":"PROGRESSING","acquiredStatus":"OUT_OF_STOCK","stockId":"687086e33d0d02335c1804f4_WEEKLY_1785902400000","stockRemain":0},{"weekDay":5,"seckillStartTime":1786075200000,"seckillEndTime":1786334399999,"status":"NOT_STARTED"},{"weekDay":1,"seckillStartTime":1786334400000,"seckillEndTime":1786507199999,"status":"NOT_STARTED"},{"weekDay":3,"seckillStartTime":1786507200000,"seckillEndTime":1786679999999,"status":"NOT_STARTED"},{"weekDay":5,"seckillStartTime":1786680000000,"seckillEndTime":1785729599999,"status":"NOT_STARTED"}]},{"couponId":"68708705f56f912f57e063c3","name":"V6","amount":30,"xyLevel":"V6","seckillTime":"WEEKLY","periods":[{"weekDay":1,"seckillStartTime":1785729600000,"seckillEndTime":1785902399999,"status":"ENDED"},{"weekDay":3,"seckillStartTime":1785902400000,"seckillEndTime":1786075199999,"status":"PROGRESSING"},{"weekDay":5,"seckillStartTime":1786075200000,"seckillEndTime":1786334399999,"status":"NOT_STARTED"},{"weekDay":1,"seckillStartTime":1786334400000,"seckillEndTime":1786507199999,"status":"NOT_STARTED"},{"weekDay":3,"seckillStartTime":1786507200000,"seckillEndTime":1786679999999,"status":"NOT_STARTED"},{"weekDay":5,"seckillStartTime":1786680000000,"seckillEndTime":1785729599999,"status":"NOT_STARTED"}]},{"couponId":"6870872e89fddd2bbdec96bd","name":"V7","amount":75,"xyLevel":"V7","seckillTime":"WEEKLY","periods":[{"weekDay":1,"seckillStartTime":1785729600000,"seckillEndTime":1785902399999,"status":"ENDED"},{"weekDay":3,"seckillStartTime":1785902400000,"seckillEndTime":1786075199999,"status":"PROGRESSING"},{"weekDay":5,"seckillStartTime":1786075200000,"seckillEndTime":1786334399999,"status":"NOT_STARTED"},{"weekDay":1,"seckillStartTime":1786334400000,"seckillEndTime":1786507199999,"status":"NOT_STARTED"},{"weekDay":3,"seckillStartTime":1786507200000,"seckillEndTime":1786679999999,"status":"NOT_STARTED"},{"weekDay":5,"seckillStartTime":1786680000000,"seckillEndTime":1785729599999,"status":"NOT_STARTED"}]}]},"code":200,"errmsg":"OK"}}
============================================================
============================================================
[请求时间] 2026/8/7 10:37:29.836
[响应时间] 2026/8/7 10:37:30.120
[耗时] 284ms
[请求路径] https://inf.ds.163.com/v1/web/exp/week-coupon/showing-list-v2
[请求方式] POST
[请求参数] {"query":null,"body":{}}
[请求头] {"Accept":"application/json, text/plain, */*","Content-Type":"application/json;charset=UTF-8","GL-X-XSRF-TOKEN":"de572527-4602-4c9a-ab29-198987cc7f8e","User-Agent":"Mozilla/5.0 (Windows NT 10.0; Win64; x64) AppleWebKit/537.36 (KHTML, like Gecko) Chrome/122.0.0.0 Safari/537.36","Origin":"https://pay.ds.163.com","Referer":"https://pay.ds.163.com/","GL-ClientType":"60","GL-DeviceId":"d6968164-5417-46c1-bf38-bbc4aa112013","GL-Uid":"45b30b14b4974ff4938be28e807b73e9","GL-CheckSum":"fba13ebefdfd72493ec156a69864703b3272852d","Content-Length":"2","Accept-Encoding":"gzip, compress, deflate, br"}
[响应结果] {"httpStatus":200,"data":{"result":{"coupons":[{"couponId":"687076e69f3efd24cb2bed9c","name":"V1","amount":1,"xyLevel":"V1","seckillTime":"WEEKLY","periods":[{"weekDay":1,"seckillStartTime":1785729600000,"seckillEndTime":1785902399999,"status":"ENDED"},{"weekDay":3,"seckillStartTime":1785902400000,"seckillEndTime":1786075199999,"status":"PROGRESSING"},{"weekDay":5,"seckillStartTime":1786075200000,"seckillEndTime":1786334399999,"status":"NOT_STARTED"},{"weekDay":1,"seckillStartTime":1786334400000,"seckillEndTime":1786507199999,"status":"NOT_STARTED"},{"weekDay":3,"seckillStartTime":1786507200000,"seckillEndTime":1786679999999,"status":"NOT_STARTED"},{"weekDay":5,"seckillStartTime":1786680000000,"seckillEndTime":1785729599999,"status":"NOT_STARTED"}]},{"couponId":"68708657f56f912f57e063bf","name":"V2","amount":2,"xyLevel":"V2","seckillTime":"WEEKLY","periods":[{"weekDay":1,"seckillStartTime":1785729600000,"seckillEndTime":1785902399999,"status":"ENDED"},{"weekDay":3,"seckillStartTime":1785902400000,"seckillEndTime":1786075199999,"status":"PROGRESSING"},{"weekDay":5,"seckillStartTime":1786075200000,"seckillEndTime":1786334399999,"status":"NOT_STARTED"},{"weekDay":1,"seckillStartTime":1786334400000,"seckillEndTime":1786507199999,"status":"NOT_STARTED"},{"weekDay":3,"seckillStartTime":1786507200000,"seckillEndTime":1786679999999,"status":"NOT_STARTED"},{"weekDay":5,"seckillStartTime":1786680000000,"seckillEndTime":1785729599999,"status":"NOT_STARTED"}]},{"couponId":"6870867989fddd2bbdec96bc","name":"V3","amount":3,"xyLevel":"V3","seckillTime":"WEEKLY","periods":[{"weekDay":1,"seckillStartTime":1785729600000,"seckillEndTime":1785902399999,"status":"ENDED"},{"weekDay":3,"seckillStartTime":1785902400000,"seckillEndTime":1786075199999,"status":"PROGRESSING"},{"weekDay":5,"seckillStartTime":1786075200000,"seckillEndTime":1786334399999,"status":"NOT_STARTED"},{"weekDay":1,"seckillStartTime":1786334400000,"seckillEndTime":1786507199999,"status":"NOT_STARTED"},{"weekDay":3,"seckillStartTime":1786507200000,"seckillEndTime":1786679999999,"status":"NOT_STARTED"},{"weekDay":5,"seckillStartTime":1786680000000,"seckillEndTime":1785729599999,"status":"NOT_STARTED"}]},{"couponId":"6870869cf56f912f57e063c0","name":"V4","amount":8,"xyLevel":"V4","seckillTime":"WEEKLY","periods":[{"weekDay":1,"seckillStartTime":1785729600000,"seckillEndTime":1785902399999,"status":"ENDED"},{"weekDay":3,"seckillStartTime":1785902400000,"seckillEndTime":1786075199999,"status":"PROGRESSING"},{"weekDay":5,"seckillStartTime":1786075200000,"seckillEndTime":1786334399999,"status":"NOT_STARTED"},{"weekDay":1,"seckillStartTime":1786334400000,"seckillEndTime":1786507199999,"status":"NOT_STARTED"},{"weekDay":3,"seckillStartTime":1786507200000,"seckillEndTime":1786679999999,"status":"NOT_STARTED"},{"weekDay":5,"seckillStartTime":1786680000000,"seckillEndTime":1785729599999,"status":"NOT_STARTED"}]},{"couponId":"687086e33d0d02335c1804f4","name":"V5","amount":18,"xyLevel":"V5","seckillTime":"WEEKLY","periods":[{"weekDay":1,"seckillStartTime":1785729600000,"seckillEndTime":1785902399999,"status":"ENDED"},{"weekDay":3,"seckillStartTime":1785902400000,"seckillEndTime":1786075199999,"status":"PROGRESSING","acquiredStatus":"OUT_OF_STOCK","stockId":"687086e33d0d02335c1804f4_WEEKLY_1785902400000","stockRemain":0},{"weekDay":5,"seckillStartTime":1786075200000,"seckillEndTime":1786334399999,"status":"NOT_STARTED"},{"weekDay":1,"seckillStartTime":1786334400000,"seckillEndTime":1786507199999,"status":"NOT_STARTED"},{"weekDay":3,"seckillStartTime":1786507200000,"seckillEndTime":1786679999999,"status":"NOT_STARTED"},{"weekDay":5,"seckillStartTime":1786680000000,"seckillEndTime":1785729599999,"status":"NOT_STARTED"}]},{"couponId":"68708705f56f912f57e063c3","name":"V6","amount":30,"xyLevel":"V6","seckillTime":"WEEKLY","periods":[{"weekDay":1,"seckillStartTime":1785729600000,"seckillEndTime":1785902399999,"status":"ENDED"},{"weekDay":3,"seckillStartTime":1785902400000,"seckillEndTime":1786075199999,"status":"PROGRESSING"},{"weekDay":5,"seckillStartTime":1786075200000,"seckillEndTime":1786334399999,"status":"NOT_STARTED"},{"weekDay":1,"seckillStartTime":1786334400000,"seckillEndTime":1786507199999,"status":"NOT_STARTED"},{"weekDay":3,"seckillStartTime":1786507200000,"seckillEndTime":1786679999999,"status":"NOT_STARTED"},{"weekDay":5,"seckillStartTime":1786680000000,"seckillEndTime":1785729599999,"status":"NOT_STARTED"}]},{"couponId":"6870872e89fddd2bbdec96bd","name":"V7","amount":75,"xyLevel":"V7","seckillTime":"WEEKLY","periods":[{"weekDay":1,"seckillStartTime":1785729600000,"seckillEndTime":1785902399999,"status":"ENDED"},{"weekDay":3,"seckillStartTime":1785902400000,"seckillEndTime":1786075199999,"status":"PROGRESSING"},{"weekDay":5,"seckillStartTime":1786075200000,"seckillEndTime":1786334399999,"status":"NOT_STARTED"},{"weekDay":1,"seckillStartTime":1786334400000,"seckillEndTime":1786507199999,"status":"NOT_STARTED"},{"weekDay":3,"seckillStartTime":1786507200000,"seckillEndTime":1786679999999,"status":"NOT_STARTED"},{"weekDay":5,"seckillStartTime":1786680000000,"seckillEndTime":1785729599999,"status":"NOT_STARTED"}]}]},"code":200,"errmsg":"OK"}}
============================================================
============================================================
[请求时间] 2026/8/7 10:37:30.113
[响应时间] 2026/8/7 10:37:30.250
[耗时] 137ms
[请求路径] https://pay-api.ds.163.com/v1/web/init/server/time
[请求方式] GET
[请求参数] {"query":null,"body":null}
[请求头] {"Accept":"application/json, text/plain, */*","Content-Type":"application/json;charset=UTF-8","GL-X-XSRF-TOKEN":"de572527-4602-4c9a-ab29-198987cc7f8e","User-Agent":"Mozilla/5.0 (Windows NT 10.0; Win64; x64) AppleWebKit/537.36 (KHTML, like Gecko) Chrome/122.0.0.0 Safari/537.36","Origin":"https://pay.ds.163.com","Referer":"https://pay.ds.163.com/","GL-ClientType":"60","GL-DeviceId":"d6968164-5417-46c1-bf38-bbc4aa112013","GL-Uid":"45b30b14b4974ff4938be28e807b73e9","Accept-Encoding":"gzip, compress, deflate, br"}
[响应结果] {"httpStatus":404,"data":"<!DOCTYPE HTML PUBLIC \"-//W3C//DTD HTML 3.2 Final//EN\">\n<title>404 Not Found</title>\n<h1>Not Found</h1>\n<p>The requested URL was not found on the server. If you entered the URL manually please check your spelling and try again.</p>\n"}
============================================================
============================================================
[请求时间] 2026/8/7 10:37:30.245
[响应时间] 2026/8/7 10:37:30.352
[耗时] 107ms
[请求路径] https://pay-api.ds.163.com/api/nlogin
[请求方式] GET
[请求参数] {"query":{},"body":null}
[请求头] {"Accept":"application/json, text/plain, */*","Content-Type":"application/json;charset=UTF-8","GL-X-XSRF-TOKEN":"de572527-4602-4c9a-ab29-198987cc7f8e","User-Agent":"Mozilla/5.0 (Windows NT 10.0; Win64; x64) AppleWebKit/537.36 (KHTML, like Gecko) Chrome/122.0.0.0 Safari/537.36","Origin":"https://pay.ds.163.com","Referer":"https://pay.ds.163.com/","GL-ClientType":"60","GL-DeviceId":"d6968164-5417-46c1-bf38-bbc4aa112013","GL-Uid":"45b30b14b4974ff4938be28e807b73e9","Accept-Encoding":"gzip, compress, deflate, br"}
[响应结果] {"httpStatus":200,"data":{"code":413,"msg":"登录失败"}}
============================================================
============================================================
[请求时间] 2026/8/7 11:36:31.993
[响应时间] 2026/8/7 11:36:32.309
[耗时] 316ms
[请求路径] https://pay-api.ds.163.com/v1/web/init/server/time
[请求方式] GET
[请求参数] {"query":null,"body":null}
[请求头] {"Accept":"application/json, text/plain, */*","Content-Type":"application/json;charset=UTF-8","User-Agent":"Mozilla/5.0 (Windows NT 10.0; Win64; x64) AppleWebKit/537.36 (KHTML, like Gecko) Chrome/122.0.0.0 Safari/537.36","Origin":"https://pay.ds.163.com","Referer":"https://pay.ds.163.com/","GL-ClientType":"60","GL-DeviceId":"d6968164-5417-46c1-bf38-bbc4aa112013","GL-Uid":"45b30b14b4974ff4938be28e807b73e9","GL-X-XSRF-TOKEN":"de572527-4602-4c9a-ab29-198987cc7f8e","Accept-Encoding":"gzip, compress, deflate, br"}
[响应结果] {"httpStatus":404,"data":"<!DOCTYPE HTML PUBLIC \"-//W3C//DTD HTML 3.2 Final//EN\">\n<title>404 Not Found</title>\n<h1>Not Found</h1>\n<p>The requested URL was not found on the server. If you entered the URL manually please check your spelling and try again.</p>\n"}
============================================================
============================================================
[请求时间] 2026/8/7 11:36:32.307
[响应时间] 2026/8/7 11:36:32.458
[耗时] 151ms
[请求路径] https://pay-api.ds.163.com/api/nlogin
[请求方式] GET
[请求参数] {"query":{},"body":null}
[请求头] {"Accept":"application/json, text/plain, */*","Content-Type":"application/json;charset=UTF-8","GL-X-XSRF-TOKEN":"de572527-4602-4c9a-ab29-198987cc7f8e","User-Agent":"Mozilla/5.0 (Windows NT 10.0; Win64; x64) AppleWebKit/537.36 (KHTML, like Gecko) Chrome/122.0.0.0 Safari/537.36","Origin":"https://pay.ds.163.com","Referer":"https://pay.ds.163.com/","GL-ClientType":"60","GL-DeviceId":"d6968164-5417-46c1-bf38-bbc4aa112013","GL-Uid":"45b30b14b4974ff4938be28e807b73e9","Accept-Encoding":"gzip, compress, deflate, br"}
[响应结果] {"httpStatus":200,"data":{"code":413,"msg":"登录失败"}}
============================================================
============================================================
[请求时间] 2026/8/7 11:36:32.455
[响应时间] 2026/8/7 11:36:32.871
[耗时] 416ms
[请求路径] https://inf.ds.163.com/v1/web/cooperate/plutus/cookie-exchange
[请求方式] GET
[请求参数] {"query":null,"body":null}
[请求头] {"Accept":"application/json, text/plain, */*","Content-Type":"application/json;charset=UTF-8","GL-X-XSRF-TOKEN":"de572527-4602-4c9a-ab29-198987cc7f8e","User-Agent":"Mozilla/5.0 (Windows NT 10.0; Win64; x64) AppleWebKit/537.36 (KHTML, like Gecko) Chrome/122.0.0.0 Safari/537.36","Origin":"https://pay.ds.163.com","Referer":"https://pay.ds.163.com/","GL-ClientType":"60","GL-DeviceId":"d6968164-5417-46c1-bf38-bbc4aa112013","GL-Uid":"45b30b14b4974ff4938be28e807b73e9","Accept-Encoding":"gzip, compress, deflate, br"}
[响应结果] {"httpStatus":200,"data":{"result":{"user":{"uid":"45b30b14b4974ff4938be28e807b73e9","nick":"Louomm","icon":"https://ok.166.net/reunionpub/3_20250222_19529c4b20b892681.jpeg","intro":"","gender":2,"updateTime":1766916445732,"userSourceType":"URS"},"newUser":false},"code":200,"errmsg":"OK"}}
============================================================
============================================================
[请求时间] 2026/8/7 11:36:32.866
[响应时间] 2026/8/7 11:36:33.003
[耗时] 137ms
[请求路径] https://pay-api.ds.163.com/v1/web/init/server/time
[请求方式] GET
[请求参数] {"query":null,"body":null}
[请求头] {"Accept":"application/json, text/plain, */*","Content-Type":"application/json;charset=UTF-8","GL-X-XSRF-TOKEN":"de572527-4602-4c9a-ab29-198987cc7f8e","User-Agent":"Mozilla/5.0 (Windows NT 10.0; Win64; x64) AppleWebKit/537.36 (KHTML, like Gecko) Chrome/122.0.0.0 Safari/537.36","Origin":"https://pay.ds.163.com","Referer":"https://pay.ds.163.com/","GL-ClientType":"60","GL-DeviceId":"d6968164-5417-46c1-bf38-bbc4aa112013","GL-Uid":"45b30b14b4974ff4938be28e807b73e9","Accept-Encoding":"gzip, compress, deflate, br"}
[响应结果] {"httpStatus":404,"data":"<!DOCTYPE HTML PUBLIC \"-//W3C//DTD HTML 3.2 Final//EN\">\n<title>404 Not Found</title>\n<h1>Not Found</h1>\n<p>The requested URL was not found on the server. If you entered the URL manually please check your spelling and try again.</p>\n"}
============================================================
============================================================
[请求时间] 2026/8/7 11:36:33.002
[响应时间] 2026/8/7 11:36:33.273
[耗时] 271ms
[请求路径] https://inf.ds.163.com/v1/web/exp/xy/user/get-info
[请求方式] POST
[请求参数] {"query":null,"body":{}}
[请求头] {"Accept":"application/json, text/plain, */*","Content-Type":"application/json;charset=UTF-8","GL-X-XSRF-TOKEN":"de572527-4602-4c9a-ab29-198987cc7f8e","User-Agent":"Mozilla/5.0 (Windows NT 10.0; Win64; x64) AppleWebKit/537.36 (KHTML, like Gecko) Chrome/122.0.0.0 Safari/537.36","Origin":"https://pay.ds.163.com","Referer":"https://pay.ds.163.com/","GL-ClientType":"60","GL-DeviceId":"d6968164-5417-46c1-bf38-bbc4aa112013","GL-Uid":"45b30b14b4974ff4938be28e807b73e9","GL-CheckSum":"fba13ebefdfd72493ec156a69864703b3272852d","Content-Length":"2","Accept-Encoding":"gzip, compress, deflate, br"}
[响应结果] {"httpStatus":200,"data":{"result":{"growthPoint":77079,"currentLv":"V5","diffNextLvGrowthPoint":222921,"currentLvExpireDate":"20270206","currentLvExpire":1801843200000,"nextLv":"V6","activeGames":["l36"],"last365LoginGames":["h55","l36"],"initDate":"20260206","lastLv":"V5"},"code":200,"errmsg":"OK"}}
============================================================
============================================================
[请求时间] 2026/8/7 11:36:33.271
[响应时间] 2026/8/7 11:36:33.506
[耗时] 235ms
[请求路径] https://inf.ds.163.com/v1/web/exp/week-coupon/showing-list-v2
[请求方式] POST
[请求参数] {"query":null,"body":{}}
[请求头] {"Accept":"application/json, text/plain, */*","Content-Type":"application/json;charset=UTF-8","GL-X-XSRF-TOKEN":"de572527-4602-4c9a-ab29-198987cc7f8e","User-Agent":"Mozilla/5.0 (Windows NT 10.0; Win64; x64) AppleWebKit/537.36 (KHTML, like Gecko) Chrome/122.0.0.0 Safari/537.36","Origin":"https://pay.ds.163.com","Referer":"https://pay.ds.163.com/","GL-ClientType":"60","GL-DeviceId":"d6968164-5417-46c1-bf38-bbc4aa112013","GL-Uid":"45b30b14b4974ff4938be28e807b73e9","GL-CheckSum":"fba13ebefdfd72493ec156a69864703b3272852d","Content-Length":"2","Accept-Encoding":"gzip, compress, deflate, br"}
[响应结果] {"httpStatus":200,"data":{"result":{"coupons":[{"couponId":"687076e69f3efd24cb2bed9c","name":"V1","amount":1,"xyLevel":"V1","seckillTime":"WEEKLY","periods":[{"weekDay":1,"seckillStartTime":1785729600000,"seckillEndTime":1785902399999,"status":"ENDED"},{"weekDay":3,"seckillStartTime":1785902400000,"seckillEndTime":1786075199999,"status":"PROGRESSING"},{"weekDay":5,"seckillStartTime":1786075200000,"seckillEndTime":1786334399999,"status":"NOT_STARTED"},{"weekDay":1,"seckillStartTime":1786334400000,"seckillEndTime":1786507199999,"status":"NOT_STARTED"},{"weekDay":3,"seckillStartTime":1786507200000,"seckillEndTime":1786679999999,"status":"NOT_STARTED"},{"weekDay":5,"seckillStartTime":1786680000000,"seckillEndTime":1785729599999,"status":"NOT_STARTED"}]},{"couponId":"68708657f56f912f57e063bf","name":"V2","amount":2,"xyLevel":"V2","seckillTime":"WEEKLY","periods":[{"weekDay":1,"seckillStartTime":1785729600000,"seckillEndTime":1785902399999,"status":"ENDED"},{"weekDay":3,"seckillStartTime":1785902400000,"seckillEndTime":1786075199999,"status":"PROGRESSING"},{"weekDay":5,"seckillStartTime":1786075200000,"seckillEndTime":1786334399999,"status":"NOT_STARTED"},{"weekDay":1,"seckillStartTime":1786334400000,"seckillEndTime":1786507199999,"status":"NOT_STARTED"},{"weekDay":3,"seckillStartTime":1786507200000,"seckillEndTime":1786679999999,"status":"NOT_STARTED"},{"weekDay":5,"seckillStartTime":1786680000000,"seckillEndTime":1785729599999,"status":"NOT_STARTED"}]},{"couponId":"6870867989fddd2bbdec96bc","name":"V3","amount":3,"xyLevel":"V3","seckillTime":"WEEKLY","periods":[{"weekDay":1,"seckillStartTime":1785729600000,"seckillEndTime":1785902399999,"status":"ENDED"},{"weekDay":3,"seckillStartTime":1785902400000,"seckillEndTime":1786075199999,"status":"PROGRESSING"},{"weekDay":5,"seckillStartTime":1786075200000,"seckillEndTime":1786334399999,"status":"NOT_STARTED"},{"weekDay":1,"seckillStartTime":1786334400000,"seckillEndTime":1786507199999,"status":"NOT_STARTED"},{"weekDay":3,"seckillStartTime":1786507200000,"seckillEndTime":1786679999999,"status":"NOT_STARTED"},{"weekDay":5,"seckillStartTime":1786680000000,"seckillEndTime":1785729599999,"status":"NOT_STARTED"}]},{"couponId":"6870869cf56f912f57e063c0","name":"V4","amount":8,"xyLevel":"V4","seckillTime":"WEEKLY","periods":[{"weekDay":1,"seckillStartTime":1785729600000,"seckillEndTime":1785902399999,"status":"ENDED"},{"weekDay":3,"seckillStartTime":1785902400000,"seckillEndTime":1786075199999,"status":"PROGRESSING"},{"weekDay":5,"seckillStartTime":1786075200000,"seckillEndTime":1786334399999,"status":"NOT_STARTED"},{"weekDay":1,"seckillStartTime":1786334400000,"seckillEndTime":1786507199999,"status":"NOT_STARTED"},{"weekDay":3,"seckillStartTime":1786507200000,"seckillEndTime":1786679999999,"status":"NOT_STARTED"},{"weekDay":5,"seckillStartTime":1786680000000,"seckillEndTime":1785729599999,"status":"NOT_STARTED"}]},{"couponId":"687086e33d0d02335c1804f4","name":"V5","amount":18,"xyLevel":"V5","seckillTime":"WEEKLY","periods":[{"weekDay":1,"seckillStartTime":1785729600000,"seckillEndTime":1785902399999,"status":"ENDED"},{"weekDay":3,"seckillStartTime":1785902400000,"seckillEndTime":1786075199999,"status":"PROGRESSING","acquiredStatus":"OUT_OF_STOCK","stockId":"687086e33d0d02335c1804f4_WEEKLY_1785902400000","stockRemain":0},{"weekDay":5,"seckillStartTime":1786075200000,"seckillEndTime":1786334399999,"status":"NOT_STARTED"},{"weekDay":1,"seckillStartTime":1786334400000,"seckillEndTime":1786507199999,"status":"NOT_STARTED"},{"weekDay":3,"seckillStartTime":1786507200000,"seckillEndTime":1786679999999,"status":"NOT_STARTED"},{"weekDay":5,"seckillStartTime":1786680000000,"seckillEndTime":1785729599999,"status":"NOT_STARTED"}]},{"couponId":"68708705f56f912f57e063c3","name":"V6","amount":30,"xyLevel":"V6","seckillTime":"WEEKLY","periods":[{"weekDay":1,"seckillStartTime":1785729600000,"seckillEndTime":1785902399999,"status":"ENDED"},{"weekDay":3,"seckillStartTime":1785902400000,"seckillEndTime":1786075199999,"status":"PROGRESSING"},{"weekDay":5,"seckillStartTime":1786075200000,"seckillEndTime":1786334399999,"status":"NOT_STARTED"},{"weekDay":1,"seckillStartTime":1786334400000,"seckillEndTime":1786507199999,"status":"NOT_STARTED"},{"weekDay":3,"seckillStartTime":1786507200000,"seckillEndTime":1786679999999,"status":"NOT_STARTED"},{"weekDay":5,"seckillStartTime":1786680000000,"seckillEndTime":1785729599999,"status":"NOT_STARTED"}]},{"couponId":"6870872e89fddd2bbdec96bd","name":"V7","amount":75,"xyLevel":"V7","seckillTime":"WEEKLY","periods":[{"weekDay":1,"seckillStartTime":1785729600000,"seckillEndTime":1785902399999,"status":"ENDED"},{"weekDay":3,"seckillStartTime":1785902400000,"seckillEndTime":1786075199999,"status":"PROGRESSING"},{"weekDay":5,"seckillStartTime":1786075200000,"seckillEndTime":1786334399999,"status":"NOT_STARTED"},{"weekDay":1,"seckillStartTime":1786334400000,"seckillEndTime":1786507199999,"status":"NOT_STARTED"},{"weekDay":3,"seckillStartTime":1786507200000,"seckillEndTime":1786679999999,"status":"NOT_STARTED"},{"weekDay":5,"seckillStartTime":1786680000000,"seckillEndTime":1785729599999,"status":"NOT_STARTED"}]}]},"code":200,"errmsg":"OK"}}
============================================================
============================================================
[请求时间] 2026/8/7 11:36:33.510
[响应时间] 2026/8/7 11:36:33.814
[耗时] 304ms
[请求路径] https://inf.ds.163.com/v1/web/exp/week-coupon/showing-list-v2
[请求方式] POST
[请求参数] {"query":null,"body":{}}
[请求头] {"Accept":"application/json, text/plain, */*","Content-Type":"application/json;charset=UTF-8","GL-X-XSRF-TOKEN":"de572527-4602-4c9a-ab29-198987cc7f8e","User-Agent":"Mozilla/5.0 (Windows NT 10.0; Win64; x64) AppleWebKit/537.36 (KHTML, like Gecko) Chrome/122.0.0.0 Safari/537.36","Origin":"https://pay.ds.163.com","Referer":"https://pay.ds.163.com/","GL-ClientType":"60","GL-DeviceId":"d6968164-5417-46c1-bf38-bbc4aa112013","GL-Uid":"45b30b14b4974ff4938be28e807b73e9","GL-CheckSum":"fba13ebefdfd72493ec156a69864703b3272852d","Content-Length":"2","Accept-Encoding":"gzip, compress, deflate, br"}
[响应结果] {"httpStatus":200,"data":{"result":{"coupons":[{"couponId":"687076e69f3efd24cb2bed9c","name":"V1","amount":1,"xyLevel":"V1","seckillTime":"WEEKLY","periods":[{"weekDay":1,"seckillStartTime":1785729600000,"seckillEndTime":1785902399999,"status":"ENDED"},{"weekDay":3,"seckillStartTime":1785902400000,"seckillEndTime":1786075199999,"status":"PROGRESSING"},{"weekDay":5,"seckillStartTime":1786075200000,"seckillEndTime":1786334399999,"status":"NOT_STARTED"},{"weekDay":1,"seckillStartTime":1786334400000,"seckillEndTime":1786507199999,"status":"NOT_STARTED"},{"weekDay":3,"seckillStartTime":1786507200000,"seckillEndTime":1786679999999,"status":"NOT_STARTED"},{"weekDay":5,"seckillStartTime":1786680000000,"seckillEndTime":1785729599999,"status":"NOT_STARTED"}]},{"couponId":"68708657f56f912f57e063bf","name":"V2","amount":2,"xyLevel":"V2","seckillTime":"WEEKLY","periods":[{"weekDay":1,"seckillStartTime":1785729600000,"seckillEndTime":1785902399999,"status":"ENDED"},{"weekDay":3,"seckillStartTime":1785902400000,"seckillEndTime":1786075199999,"status":"PROGRESSING"},{"weekDay":5,"seckillStartTime":1786075200000,"seckillEndTime":1786334399999,"status":"NOT_STARTED"},{"weekDay":1,"seckillStartTime":1786334400000,"seckillEndTime":1786507199999,"status":"NOT_STARTED"},{"weekDay":3,"seckillStartTime":1786507200000,"seckillEndTime":1786679999999,"status":"NOT_STARTED"},{"weekDay":5,"seckillStartTime":1786680000000,"seckillEndTime":1785729599999,"status":"NOT_STARTED"}]},{"couponId":"6870867989fddd2bbdec96bc","name":"V3","amount":3,"xyLevel":"V3","seckillTime":"WEEKLY","periods":[{"weekDay":1,"seckillStartTime":1785729600000,"seckillEndTime":1785902399999,"status":"ENDED"},{"weekDay":3,"seckillStartTime":1785902400000,"seckillEndTime":1786075199999,"status":"PROGRESSING"},{"weekDay":5,"seckillStartTime":1786075200000,"seckillEndTime":1786334399999,"status":"NOT_STARTED"},{"weekDay":1,"seckillStartTime":1786334400000,"seckillEndTime":1786507199999,"status":"NOT_STARTED"},{"weekDay":3,"seckillStartTime":1786507200000,"seckillEndTime":1786679999999,"status":"NOT_STARTED"},{"weekDay":5,"seckillStartTime":1786680000000,"seckillEndTime":1785729599999,"status":"NOT_STARTED"}]},{"couponId":"6870869cf56f912f57e063c0","name":"V4","amount":8,"xyLevel":"V4","seckillTime":"WEEKLY","periods":[{"weekDay":1,"seckillStartTime":1785729600000,"seckillEndTime":1785902399999,"status":"ENDED"},{"weekDay":3,"seckillStartTime":1785902400000,"seckillEndTime":1786075199999,"status":"PROGRESSING"},{"weekDay":5,"seckillStartTime":1786075200000,"seckillEndTime":1786334399999,"status":"NOT_STARTED"},{"weekDay":1,"seckillStartTime":1786334400000,"seckillEndTime":1786507199999,"status":"NOT_STARTED"},{"weekDay":3,"seckillStartTime":1786507200000,"seckillEndTime":1786679999999,"status":"NOT_STARTED"},{"weekDay":5,"seckillStartTime":1786680000000,"seckillEndTime":1785729599999,"status":"NOT_STARTED"}]},{"couponId":"687086e33d0d02335c1804f4","name":"V5","amount":18,"xyLevel":"V5","seckillTime":"WEEKLY","periods":[{"weekDay":1,"seckillStartTime":1785729600000,"seckillEndTime":1785902399999,"status":"ENDED"},{"weekDay":3,"seckillStartTime":1785902400000,"seckillEndTime":1786075199999,"status":"PROGRESSING","acquiredStatus":"OUT_OF_STOCK","stockId":"687086e33d0d02335c1804f4_WEEKLY_1785902400000","stockRemain":0},{"weekDay":5,"seckillStartTime":1786075200000,"seckillEndTime":1786334399999,"status":"NOT_STARTED"},{"weekDay":1,"seckillStartTime":1786334400000,"seckillEndTime":1786507199999,"status":"NOT_STARTED"},{"weekDay":3,"seckillStartTime":1786507200000,"seckillEndTime":1786679999999,"status":"NOT_STARTED"},{"weekDay":5,"seckillStartTime":1786680000000,"seckillEndTime":1785729599999,"status":"NOT_STARTED"}]},{"couponId":"68708705f56f912f57e063c3","name":"V6","amount":30,"xyLevel":"V6","seckillTime":"WEEKLY","periods":[{"weekDay":1,"seckillStartTime":1785729600000,"seckillEndTime":1785902399999,"status":"ENDED"},{"weekDay":3,"seckillStartTime":1785902400000,"seckillEndTime":1786075199999,"status":"PROGRESSING"},{"weekDay":5,"seckillStartTime":1786075200000,"seckillEndTime":1786334399999,"status":"NOT_STARTED"},{"weekDay":1,"seckillStartTime":1786334400000,"seckillEndTime":1786507199999,"status":"NOT_STARTED"},{"weekDay":3,"seckillStartTime":1786507200000,"seckillEndTime":1786679999999,"status":"NOT_STARTED"},{"weekDay":5,"seckillStartTime":1786680000000,"seckillEndTime":1785729599999,"status":"NOT_STARTED"}]},{"couponId":"6870872e89fddd2bbdec96bd","name":"V7","amount":75,"xyLevel":"V7","seckillTime":"WEEKLY","periods":[{"weekDay":1,"seckillStartTime":1785729600000,"seckillEndTime":1785902399999,"status":"ENDED"},{"weekDay":3,"seckillStartTime":1785902400000,"seckillEndTime":1786075199999,"status":"PROGRESSING"},{"weekDay":5,"seckillStartTime":1786075200000,"seckillEndTime":1786334399999,"status":"NOT_STARTED"},{"weekDay":1,"seckillStartTime":1786334400000,"seckillEndTime":1786507199999,"status":"NOT_STARTED"},{"weekDay":3,"seckillStartTime":1786507200000,"seckillEndTime":1786679999999,"status":"NOT_STARTED"},{"weekDay":5,"seckillStartTime":1786680000000,"seckillEndTime":1785729599999,"status":"NOT_STARTED"}]}]},"code":200,"errmsg":"OK"}}
============================================================
============================================================
[请求时间] 2026/8/7 11:36:33.804
[响应时间] 2026/8/7 11:36:33.912
[耗时] 108ms
[请求路径] https://pay-api.ds.163.com/v1/web/init/server/time
[请求方式] GET
[请求参数] {"query":null,"body":null}
[请求头] {"Accept":"application/json, text/plain, */*","Content-Type":"application/json;charset=UTF-8","GL-X-XSRF-TOKEN":"de572527-4602-4c9a-ab29-198987cc7f8e","User-Agent":"Mozilla/5.0 (Windows NT 10.0; Win64; x64) AppleWebKit/537.36 (KHTML, like Gecko) Chrome/122.0.0.0 Safari/537.36","Origin":"https://pay.ds.163.com","Referer":"https://pay.ds.163.com/","GL-ClientType":"60","GL-DeviceId":"d6968164-5417-46c1-bf38-bbc4aa112013","GL-Uid":"45b30b14b4974ff4938be28e807b73e9","Accept-Encoding":"gzip, compress, deflate, br"}
[响应结果] {"httpStatus":404,"data":"<!DOCTYPE HTML PUBLIC \"-//W3C//DTD HTML 3.2 Final//EN\">\n<title>404 Not Found</title>\n<h1>Not Found</h1>\n<p>The requested URL was not found on the server. If you entered the URL manually please check your spelling and try again.</p>\n"}
============================================================
============================================================
[请求时间] 2026/8/7 11:36:33.911
[响应时间] 2026/8/7 11:36:34.001
[耗时] 90ms
[请求路径] https://pay-api.ds.163.com/api/nlogin
[请求方式] GET
[请求参数] {"query":{},"body":null}
[请求头] {"Accept":"application/json, text/plain, */*","Content-Type":"application/json;charset=UTF-8","GL-X-XSRF-TOKEN":"de572527-4602-4c9a-ab29-198987cc7f8e","User-Agent":"Mozilla/5.0 (Windows NT 10.0; Win64; x64) AppleWebKit/537.36 (KHTML, like Gecko) Chrome/122.0.0.0 Safari/537.36","Origin":"https://pay.ds.163.com","Referer":"https://pay.ds.163.com/","GL-ClientType":"60","GL-DeviceId":"d6968164-5417-46c1-bf38-bbc4aa112013","GL-Uid":"45b30b14b4974ff4938be28e807b73e9","Accept-Encoding":"gzip, compress, deflate, br"}
[响应结果] {"httpStatus":200,"data":{"code":413,"msg":"登录失败"}}
============================================================
============================================================
[请求时间] 2026/8/7 11:57:25.026
[响应时间] 2026/8/7 11:57:25.275
[耗时] 249ms
[请求路径] https://pay-api.ds.163.com/v1/web/init/server/time
[请求方式] GET
[请求参数] {"query":null,"body":null}
[请求头] {"Accept":"application/json, text/plain, */*","Content-Type":"application/json;charset=UTF-8","User-Agent":"Mozilla/5.0 (Windows NT 10.0; Win64; x64) AppleWebKit/537.36 (KHTML, like Gecko) Chrome/122.0.0.0 Safari/537.36","Origin":"https://pay.ds.163.com","Referer":"https://pay.ds.163.com/","GL-ClientType":"60","GL-DeviceId":"d6968164-5417-46c1-bf38-bbc4aa112013","GL-Uid":"45b30b14b4974ff4938be28e807b73e9","GL-X-XSRF-TOKEN":"de572527-4602-4c9a-ab29-198987cc7f8e","Accept-Encoding":"gzip, compress, deflate, br"}
[响应结果] {"httpStatus":404,"data":"<!DOCTYPE HTML PUBLIC \"-//W3C//DTD HTML 3.2 Final//EN\">\n<title>404 Not Found</title>\n<h1>Not Found</h1>\n<p>The requested URL was not found on the server. If you entered the URL manually please check your spelling and try again.</p>\n"}
============================================================
============================================================
[请求时间] 2026/8/7 11:57:25.273
[响应时间] 2026/8/7 11:57:25.410
[耗时] 137ms
[请求路径] https://pay-api.ds.163.com/api/nlogin
[请求方式] GET
[请求参数] {"query":{},"body":null}
[请求头] {"Accept":"application/json, text/plain, */*","Content-Type":"application/json;charset=UTF-8","GL-X-XSRF-TOKEN":"de572527-4602-4c9a-ab29-198987cc7f8e","User-Agent":"Mozilla/5.0 (Windows NT 10.0; Win64; x64) AppleWebKit/537.36 (KHTML, like Gecko) Chrome/122.0.0.0 Safari/537.36","Origin":"https://pay.ds.163.com","Referer":"https://pay.ds.163.com/","GL-ClientType":"60","GL-DeviceId":"d6968164-5417-46c1-bf38-bbc4aa112013","GL-Uid":"45b30b14b4974ff4938be28e807b73e9","Accept-Encoding":"gzip, compress, deflate, br"}
[响应结果] {"httpStatus":200,"data":{"code":413,"msg":"登录失败"}}
============================================================
============================================================
[请求时间] 2026/8/7 11:57:25.407
[响应时间] 2026/8/7 11:57:25.795
[耗时] 388ms
[请求路径] https://inf.ds.163.com/v1/web/cooperate/plutus/cookie-exchange
[请求方式] GET
[请求参数] {"query":null,"body":null}
[请求头] {"Accept":"application/json, text/plain, */*","Content-Type":"application/json;charset=UTF-8","GL-X-XSRF-TOKEN":"de572527-4602-4c9a-ab29-198987cc7f8e","User-Agent":"Mozilla/5.0 (Windows NT 10.0; Win64; x64) AppleWebKit/537.36 (KHTML, like Gecko) Chrome/122.0.0.0 Safari/537.36","Origin":"https://pay.ds.163.com","Referer":"https://pay.ds.163.com/","GL-ClientType":"60","GL-DeviceId":"d6968164-5417-46c1-bf38-bbc4aa112013","GL-Uid":"45b30b14b4974ff4938be28e807b73e9","Accept-Encoding":"gzip, compress, deflate, br"}
[响应结果] {"httpStatus":200,"data":{"result":{"user":{"uid":"45b30b14b4974ff4938be28e807b73e9","nick":"Louomm","icon":"https://ok.166.net/reunionpub/3_20250222_19529c4b20b892681.jpeg","intro":"","gender":2,"updateTime":1766916445732,"userSourceType":"URS"},"newUser":false},"code":200,"errmsg":"OK"}}
============================================================
============================================================
[请求时间] 2026/8/7 11:57:25.794
[响应时间] 2026/8/7 11:57:25.924
[耗时] 130ms
[请求路径] https://pay-api.ds.163.com/v1/web/init/server/time
[请求方式] GET
[请求参数] {"query":null,"body":null}
[请求头] {"Accept":"application/json, text/plain, */*","Content-Type":"application/json;charset=UTF-8","GL-X-XSRF-TOKEN":"de572527-4602-4c9a-ab29-198987cc7f8e","User-Agent":"Mozilla/5.0 (Windows NT 10.0; Win64; x64) AppleWebKit/537.36 (KHTML, like Gecko) Chrome/122.0.0.0 Safari/537.36","Origin":"https://pay.ds.163.com","Referer":"https://pay.ds.163.com/","GL-ClientType":"60","GL-DeviceId":"d6968164-5417-46c1-bf38-bbc4aa112013","GL-Uid":"45b30b14b4974ff4938be28e807b73e9","Accept-Encoding":"gzip, compress, deflate, br"}
[响应结果] {"httpStatus":404,"data":"<!DOCTYPE HTML PUBLIC \"-//W3C//DTD HTML 3.2 Final//EN\">\n<title>404 Not Found</title>\n<h1>Not Found</h1>\n<p>The requested URL was not found on the server. If you entered the URL manually please check your spelling and try again.</p>\n"}
============================================================
============================================================
[请求时间] 2026/8/7 11:57:25.912
[响应时间] 2026/8/7 11:57:26.214
[耗时] 302ms
[请求路径] https://inf.ds.163.com/v1/web/exp/xy/user/get-info
[请求方式] POST
[请求参数] {"query":null,"body":{}}
[请求头] {"Accept":"application/json, text/plain, */*","Content-Type":"application/json;charset=UTF-8","GL-X-XSRF-TOKEN":"de572527-4602-4c9a-ab29-198987cc7f8e","User-Agent":"Mozilla/5.0 (Windows NT 10.0; Win64; x64) AppleWebKit/537.36 (KHTML, like Gecko) Chrome/122.0.0.0 Safari/537.36","Origin":"https://pay.ds.163.com","Referer":"https://pay.ds.163.com/","GL-ClientType":"60","GL-DeviceId":"d6968164-5417-46c1-bf38-bbc4aa112013","GL-Uid":"45b30b14b4974ff4938be28e807b73e9","GL-CheckSum":"fba13ebefdfd72493ec156a69864703b3272852d","Content-Length":"2","Accept-Encoding":"gzip, compress, deflate, br"}
[响应结果] {"httpStatus":200,"data":{"result":{"growthPoint":77079,"currentLv":"V5","diffNextLvGrowthPoint":222921,"currentLvExpireDate":"20270206","currentLvExpire":1801843200000,"nextLv":"V6","activeGames":["l36"],"last365LoginGames":["h55","l36"],"initDate":"20260206","lastLv":"V5"},"code":200,"errmsg":"OK"}}
============================================================
============================================================
[请求时间] 2026/8/7 11:57:26.213
[响应时间] 2026/8/7 11:57:26.451
[耗时] 238ms
[请求路径] https://inf.ds.163.com/v1/web/exp/week-coupon/showing-list-v2
[请求方式] POST
[请求参数] {"query":null,"body":{}}
[请求头] {"Accept":"application/json, text/plain, */*","Content-Type":"application/json;charset=UTF-8","GL-X-XSRF-TOKEN":"de572527-4602-4c9a-ab29-198987cc7f8e","User-Agent":"Mozilla/5.0 (Windows NT 10.0; Win64; x64) AppleWebKit/537.36 (KHTML, like Gecko) Chrome/122.0.0.0 Safari/537.36","Origin":"https://pay.ds.163.com","Referer":"https://pay.ds.163.com/","GL-ClientType":"60","GL-DeviceId":"d6968164-5417-46c1-bf38-bbc4aa112013","GL-Uid":"45b30b14b4974ff4938be28e807b73e9","GL-CheckSum":"fba13ebefdfd72493ec156a69864703b3272852d","Content-Length":"2","Accept-Encoding":"gzip, compress, deflate, br"}
[响应结果] {"httpStatus":200,"data":{"result":{"coupons":[{"couponId":"687076e69f3efd24cb2bed9c","name":"V1","amount":1,"xyLevel":"V1","seckillTime":"WEEKLY","periods":[{"weekDay":1,"seckillStartTime":1785729600000,"seckillEndTime":1785902399999,"status":"ENDED"},{"weekDay":3,"seckillStartTime":1785902400000,"seckillEndTime":1786075199999,"status":"PROGRESSING"},{"weekDay":5,"seckillStartTime":1786075200000,"seckillEndTime":1786334399999,"status":"NOT_STARTED"},{"weekDay":1,"seckillStartTime":1786334400000,"seckillEndTime":1786507199999,"status":"NOT_STARTED"},{"weekDay":3,"seckillStartTime":1786507200000,"seckillEndTime":1786679999999,"status":"NOT_STARTED"},{"weekDay":5,"seckillStartTime":1786680000000,"seckillEndTime":1785729599999,"status":"NOT_STARTED"}]},{"couponId":"68708657f56f912f57e063bf","name":"V2","amount":2,"xyLevel":"V2","seckillTime":"WEEKLY","periods":[{"weekDay":1,"seckillStartTime":1785729600000,"seckillEndTime":1785902399999,"status":"ENDED"},{"weekDay":3,"seckillStartTime":1785902400000,"seckillEndTime":1786075199999,"status":"PROGRESSING"},{"weekDay":5,"seckillStartTime":1786075200000,"seckillEndTime":1786334399999,"status":"NOT_STARTED"},{"weekDay":1,"seckillStartTime":1786334400000,"seckillEndTime":1786507199999,"status":"NOT_STARTED"},{"weekDay":3,"seckillStartTime":1786507200000,"seckillEndTime":1786679999999,"status":"NOT_STARTED"},{"weekDay":5,"seckillStartTime":1786680000000,"seckillEndTime":1785729599999,"status":"NOT_STARTED"}]},{"couponId":"6870867989fddd2bbdec96bc","name":"V3","amount":3,"xyLevel":"V3","seckillTime":"WEEKLY","periods":[{"weekDay":1,"seckillStartTime":1785729600000,"seckillEndTime":1785902399999,"status":"ENDED"},{"weekDay":3,"seckillStartTime":1785902400000,"seckillEndTime":1786075199999,"status":"PROGRESSING"},{"weekDay":5,"seckillStartTime":1786075200000,"seckillEndTime":1786334399999,"status":"NOT_STARTED"},{"weekDay":1,"seckillStartTime":1786334400000,"seckillEndTime":1786507199999,"status":"NOT_STARTED"},{"weekDay":3,"seckillStartTime":1786507200000,"seckillEndTime":1786679999999,"status":"NOT_STARTED"},{"weekDay":5,"seckillStartTime":1786680000000,"seckillEndTime":1785729599999,"status":"NOT_STARTED"}]},{"couponId":"6870869cf56f912f57e063c0","name":"V4","amount":8,"xyLevel":"V4","seckillTime":"WEEKLY","periods":[{"weekDay":1,"seckillStartTime":1785729600000,"seckillEndTime":1785902399999,"status":"ENDED"},{"weekDay":3,"seckillStartTime":1785902400000,"seckillEndTime":1786075199999,"status":"PROGRESSING"},{"weekDay":5,"seckillStartTime":1786075200000,"seckillEndTime":1786334399999,"status":"NOT_STARTED"},{"weekDay":1,"seckillStartTime":1786334400000,"seckillEndTime":1786507199999,"status":"NOT_STARTED"},{"weekDay":3,"seckillStartTime":1786507200000,"seckillEndTime":1786679999999,"status":"NOT_STARTED"},{"weekDay":5,"seckillStartTime":1786680000000,"seckillEndTime":1785729599999,"status":"NOT_STARTED"}]},{"couponId":"687086e33d0d02335c1804f4","name":"V5","amount":18,"xyLevel":"V5","seckillTime":"WEEKLY","periods":[{"weekDay":1,"seckillStartTime":1785729600000,"seckillEndTime":1785902399999,"status":"ENDED"},{"weekDay":3,"seckillStartTime":1785902400000,"seckillEndTime":1786075199999,"status":"PROGRESSING","acquiredStatus":"OUT_OF_STOCK","stockId":"687086e33d0d02335c1804f4_WEEKLY_1785902400000","stockRemain":0},{"weekDay":5,"seckillStartTime":1786075200000,"seckillEndTime":1786334399999,"status":"NOT_STARTED"},{"weekDay":1,"seckillStartTime":1786334400000,"seckillEndTime":1786507199999,"status":"NOT_STARTED"},{"weekDay":3,"seckillStartTime":1786507200000,"seckillEndTime":1786679999999,"status":"NOT_STARTED"},{"weekDay":5,"seckillStartTime":1786680000000,"seckillEndTime":1785729599999,"status":"NOT_STARTED"}]},{"couponId":"68708705f56f912f57e063c3","name":"V6","amount":30,"xyLevel":"V6","seckillTime":"WEEKLY","periods":[{"weekDay":1,"seckillStartTime":1785729600000,"seckillEndTime":1785902399999,"status":"ENDED"},{"weekDay":3,"seckillStartTime":1785902400000,"seckillEndTime":1786075199999,"status":"PROGRESSING"},{"weekDay":5,"seckillStartTime":1786075200000,"seckillEndTime":1786334399999,"status":"NOT_STARTED"},{"weekDay":1,"seckillStartTime":1786334400000,"seckillEndTime":1786507199999,"status":"NOT_STARTED"},{"weekDay":3,"seckillStartTime":1786507200000,"seckillEndTime":1786679999999,"status":"NOT_STARTED"},{"weekDay":5,"seckillStartTime":1786680000000,"seckillEndTime":1785729599999,"status":"NOT_STARTED"}]},{"couponId":"6870872e89fddd2bbdec96bd","name":"V7","amount":75,"xyLevel":"V7","seckillTime":"WEEKLY","periods":[{"weekDay":1,"seckillStartTime":1785729600000,"seckillEndTime":1785902399999,"status":"ENDED"},{"weekDay":3,"seckillStartTime":1785902400000,"seckillEndTime":1786075199999,"status":"PROGRESSING"},{"weekDay":5,"seckillStartTime":1786075200000,"seckillEndTime":1786334399999,"status":"NOT_STARTED"},{"weekDay":1,"seckillStartTime":1786334400000,"seckillEndTime":1786507199999,"status":"NOT_STARTED"},{"weekDay":3,"seckillStartTime":1786507200000,"seckillEndTime":1786679999999,"status":"NOT_STARTED"},{"weekDay":5,"seckillStartTime":1786680000000,"seckillEndTime":1785729599999,"status":"NOT_STARTED"}]}]},"code":200,"errmsg":"OK"}}
============================================================
============================================================
[请求时间] 2026/8/7 11:57:26.454
[响应时间] 2026/8/7 11:57:26.695
[耗时] 241ms
[请求路径] https://inf.ds.163.com/v1/web/exp/week-coupon/showing-list-v2
[请求方式] POST
[请求参数] {"query":null,"body":{}}
[请求头] {"Accept":"application/json, text/plain, */*","Content-Type":"application/json;charset=UTF-8","GL-X-XSRF-TOKEN":"de572527-4602-4c9a-ab29-198987cc7f8e","User-Agent":"Mozilla/5.0 (Windows NT 10.0; Win64; x64) AppleWebKit/537.36 (KHTML, like Gecko) Chrome/122.0.0.0 Safari/537.36","Origin":"https://pay.ds.163.com","Referer":"https://pay.ds.163.com/","GL-ClientType":"60","GL-DeviceId":"d6968164-5417-46c1-bf38-bbc4aa112013","GL-Uid":"45b30b14b4974ff4938be28e807b73e9","GL-CheckSum":"fba13ebefdfd72493ec156a69864703b3272852d","Content-Length":"2","Accept-Encoding":"gzip, compress, deflate, br"}
[响应结果] {"httpStatus":200,"data":{"result":{"coupons":[{"couponId":"687076e69f3efd24cb2bed9c","name":"V1","amount":1,"xyLevel":"V1","seckillTime":"WEEKLY","periods":[{"weekDay":1,"seckillStartTime":1785729600000,"seckillEndTime":1785902399999,"status":"ENDED"},{"weekDay":3,"seckillStartTime":1785902400000,"seckillEndTime":1786075199999,"status":"PROGRESSING"},{"weekDay":5,"seckillStartTime":1786075200000,"seckillEndTime":1786334399999,"status":"NOT_STARTED"},{"weekDay":1,"seckillStartTime":1786334400000,"seckillEndTime":1786507199999,"status":"NOT_STARTED"},{"weekDay":3,"seckillStartTime":1786507200000,"seckillEndTime":1786679999999,"status":"NOT_STARTED"},{"weekDay":5,"seckillStartTime":1786680000000,"seckillEndTime":1785729599999,"status":"NOT_STARTED"}]},{"couponId":"68708657f56f912f57e063bf","name":"V2","amount":2,"xyLevel":"V2","seckillTime":"WEEKLY","periods":[{"weekDay":1,"seckillStartTime":1785729600000,"seckillEndTime":1785902399999,"status":"ENDED"},{"weekDay":3,"seckillStartTime":1785902400000,"seckillEndTime":1786075199999,"status":"PROGRESSING"},{"weekDay":5,"seckillStartTime":1786075200000,"seckillEndTime":1786334399999,"status":"NOT_STARTED"},{"weekDay":1,"seckillStartTime":1786334400000,"seckillEndTime":1786507199999,"status":"NOT_STARTED"},{"weekDay":3,"seckillStartTime":1786507200000,"seckillEndTime":1786679999999,"status":"NOT_STARTED"},{"weekDay":5,"seckillStartTime":1786680000000,"seckillEndTime":1785729599999,"status":"NOT_STARTED"}]},{"couponId":"6870867989fddd2bbdec96bc","name":"V3","amount":3,"xyLevel":"V3","seckillTime":"WEEKLY","periods":[{"weekDay":1,"seckillStartTime":1785729600000,"seckillEndTime":1785902399999,"status":"ENDED"},{"weekDay":3,"seckillStartTime":1785902400000,"seckillEndTime":1786075199999,"status":"PROGRESSING"},{"weekDay":5,"seckillStartTime":1786075200000,"seckillEndTime":1786334399999,"status":"NOT_STARTED"},{"weekDay":1,"seckillStartTime":1786334400000,"seckillEndTime":1786507199999,"status":"NOT_STARTED"},{"weekDay":3,"seckillStartTime":1786507200000,"seckillEndTime":1786679999999,"status":"NOT_STARTED"},{"weekDay":5,"seckillStartTime":1786680000000,"seckillEndTime":1785729599999,"status":"NOT_STARTED"}]},{"couponId":"6870869cf56f912f57e063c0","name":"V4","amount":8,"xyLevel":"V4","seckillTime":"WEEKLY","periods":[{"weekDay":1,"seckillStartTime":1785729600000,"seckillEndTime":1785902399999,"status":"ENDED"},{"weekDay":3,"seckillStartTime":1785902400000,"seckillEndTime":1786075199999,"status":"PROGRESSING"},{"weekDay":5,"seckillStartTime":1786075200000,"seckillEndTime":1786334399999,"status":"NOT_STARTED"},{"weekDay":1,"seckillStartTime":1786334400000,"seckillEndTime":1786507199999,"status":"NOT_STARTED"},{"weekDay":3,"seckillStartTime":1786507200000,"seckillEndTime":1786679999999,"status":"NOT_STARTED"},{"weekDay":5,"seckillStartTime":1786680000000,"seckillEndTime":1785729599999,"status":"NOT_STARTED"}]},{"couponId":"687086e33d0d02335c1804f4","name":"V5","amount":18,"xyLevel":"V5","seckillTime":"WEEKLY","periods":[{"weekDay":1,"seckillStartTime":1785729600000,"seckillEndTime":1785902399999,"status":"ENDED"},{"weekDay":3,"seckillStartTime":1785902400000,"seckillEndTime":1786075199999,"status":"PROGRESSING","acquiredStatus":"OUT_OF_STOCK","stockId":"687086e33d0d02335c1804f4_WEEKLY_1785902400000","stockRemain":0},{"weekDay":5,"seckillStartTime":1786075200000,"seckillEndTime":1786334399999,"status":"NOT_STARTED"},{"weekDay":1,"seckillStartTime":1786334400000,"seckillEndTime":1786507199999,"status":"NOT_STARTED"},{"weekDay":3,"seckillStartTime":1786507200000,"seckillEndTime":1786679999999,"status":"NOT_STARTED"},{"weekDay":5,"seckillStartTime":1786680000000,"seckillEndTime":1785729599999,"status":"NOT_STARTED"}]},{"couponId":"68708705f56f912f57e063c3","name":"V6","amount":30,"xyLevel":"V6","seckillTime":"WEEKLY","periods":[{"weekDay":1,"seckillStartTime":1785729600000,"seckillEndTime":1785902399999,"status":"ENDED"},{"weekDay":3,"seckillStartTime":1785902400000,"seckillEndTime":1786075199999,"status":"PROGRESSING"},{"weekDay":5,"seckillStartTime":1786075200000,"seckillEndTime":1786334399999,"status":"NOT_STARTED"},{"weekDay":1,"seckillStartTime":1786334400000,"seckillEndTime":1786507199999,"status":"NOT_STARTED"},{"weekDay":3,"seckillStartTime":1786507200000,"seckillEndTime":1786679999999,"status":"NOT_STARTED"},{"weekDay":5,"seckillStartTime":1786680000000,"seckillEndTime":1785729599999,"status":"NOT_STARTED"}]},{"couponId":"6870872e89fddd2bbdec96bd","name":"V7","amount":75,"xyLevel":"V7","seckillTime":"WEEKLY","periods":[{"weekDay":1,"seckillStartTime":1785729600000,"seckillEndTime":1785902399999,"status":"ENDED"},{"weekDay":3,"seckillStartTime":1785902400000,"seckillEndTime":1786075199999,"status":"PROGRESSING"},{"weekDay":5,"seckillStartTime":1786075200000,"seckillEndTime":1786334399999,"status":"NOT_STARTED"},{"weekDay":1,"seckillStartTime":1786334400000,"seckillEndTime":1786507199999,"status":"NOT_STARTED"},{"weekDay":3,"seckillStartTime":1786507200000,"seckillEndTime":1786679999999,"status":"NOT_STARTED"},{"weekDay":5,"seckillStartTime":1786680000000,"seckillEndTime":1785729599999,"status":"NOT_STARTED"}]}]},"code":200,"errmsg":"OK"}}
============================================================
============================================================
[请求时间] 2026/8/7 11:57:26.694
[响应时间] 2026/8/7 11:57:26.826
[耗时] 132ms
[请求路径] https://pay-api.ds.163.com/v1/web/init/server/time
[请求方式] GET
[请求参数] {"query":null,"body":null}
[请求头] {"Accept":"application/json, text/plain, */*","Content-Type":"application/json;charset=UTF-8","GL-X-XSRF-TOKEN":"de572527-4602-4c9a-ab29-198987cc7f8e","User-Agent":"Mozilla/5.0 (Windows NT 10.0; Win64; x64) AppleWebKit/537.36 (KHTML, like Gecko) Chrome/122.0.0.0 Safari/537.36","Origin":"https://pay.ds.163.com","Referer":"https://pay.ds.163.com/","GL-ClientType":"60","GL-DeviceId":"d6968164-5417-46c1-bf38-bbc4aa112013","GL-Uid":"45b30b14b4974ff4938be28e807b73e9","Accept-Encoding":"gzip, compress, deflate, br"}
[响应结果] {"httpStatus":404,"data":"<!DOCTYPE HTML PUBLIC \"-//W3C//DTD HTML 3.2 Final//EN\">\n<title>404 Not Found</title>\n<h1>Not Found</h1>\n<p>The requested URL was not found on the server. If you entered the URL manually please check your spelling and try again.</p>\n"}
============================================================
============================================================
[请求时间] 2026/8/7 11:57:26.822
[响应时间] 2026/8/7 11:57:26.941
[耗时] 119ms
[请求路径] https://pay-api.ds.163.com/api/nlogin
[请求方式] GET
[请求参数] {"query":{},"body":null}
[请求头] {"Accept":"application/json, text/plain, */*","Content-Type":"application/json;charset=UTF-8","GL-X-XSRF-TOKEN":"de572527-4602-4c9a-ab29-198987cc7f8e","User-Agent":"Mozilla/5.0 (Windows NT 10.0; Win64; x64) AppleWebKit/537.36 (KHTML, like Gecko) Chrome/122.0.0.0 Safari/537.36","Origin":"https://pay.ds.163.com","Referer":"https://pay.ds.163.com/","GL-ClientType":"60","GL-DeviceId":"d6968164-5417-46c1-bf38-bbc4aa112013","GL-Uid":"45b30b14b4974ff4938be28e807b73e9","Accept-Encoding":"gzip, compress, deflate, br"}
[响应结果] {"httpStatus":200,"data":{"code":413,"msg":"登录失败"}}
============================================================
============================================================
[请求时间] 2026/8/7 11:59:45.004
[响应时间] 2026/8/7 11:59:45.194
[耗时] 190ms
[请求路径] https://pay-api.ds.163.com/v1/web/init/server/time
[请求方式] GET
[请求参数] {"query":null,"body":null}
[请求头] {"Accept":"application/json, text/plain, */*","Content-Type":"application/json;charset=UTF-8","GL-X-XSRF-TOKEN":"de572527-4602-4c9a-ab29-198987cc7f8e","User-Agent":"Mozilla/5.0 (Windows NT 10.0; Win64; x64) AppleWebKit/537.36 (KHTML, like Gecko) Chrome/122.0.0.0 Safari/537.36","Origin":"https://pay.ds.163.com","Referer":"https://pay.ds.163.com/","GL-ClientType":"60","GL-DeviceId":"d6968164-5417-46c1-bf38-bbc4aa112013","GL-Uid":"45b30b14b4974ff4938be28e807b73e9","Accept-Encoding":"gzip, compress, deflate, br"}
[响应结果] {"httpStatus":404,"data":"<!DOCTYPE HTML PUBLIC \"-//W3C//DTD HTML 3.2 Final//EN\">\n<title>404 Not Found</title>\n<h1>Not Found</h1>\n<p>The requested URL was not found on the server. If you entered the URL manually please check your spelling and try again.</p>\n"}
============================================================
============================================================
[请求时间] 2026/8/7 11:59:45.193
[响应时间] 2026/8/7 11:59:45.322
[耗时] 129ms
[请求路径] https://pay-api.ds.163.com/api/nlogin
[请求方式] GET
[请求参数] {"query":{},"body":null}
[请求头] {"Accept":"application/json, text/plain, */*","Content-Type":"application/json;charset=UTF-8","GL-X-XSRF-TOKEN":"de572527-4602-4c9a-ab29-198987cc7f8e","User-Agent":"Mozilla/5.0 (Windows NT 10.0; Win64; x64) AppleWebKit/537.36 (KHTML, like Gecko) Chrome/122.0.0.0 Safari/537.36","Origin":"https://pay.ds.163.com","Referer":"https://pay.ds.163.com/","GL-ClientType":"60","GL-DeviceId":"d6968164-5417-46c1-bf38-bbc4aa112013","GL-Uid":"45b30b14b4974ff4938be28e807b73e9","Accept-Encoding":"gzip, compress, deflate, br"}
[响应结果] {"httpStatus":200,"data":{"code":413,"msg":"登录失败"}}
============================================================
============================================================
[请求时间] 2026/8/7 11:59:45.317
[响应时间] 2026/8/7 11:59:45.635
[耗时] 318ms
[请求路径] https://inf.ds.163.com/v1/web/cooperate/plutus/cookie-exchange
[请求方式] GET
[请求参数] {"query":null,"body":null}
[请求头] {"Accept":"application/json, text/plain, */*","Content-Type":"application/json;charset=UTF-8","GL-X-XSRF-TOKEN":"de572527-4602-4c9a-ab29-198987cc7f8e","User-Agent":"Mozilla/5.0 (Windows NT 10.0; Win64; x64) AppleWebKit/537.36 (KHTML, like Gecko) Chrome/122.0.0.0 Safari/537.36","Origin":"https://pay.ds.163.com","Referer":"https://pay.ds.163.com/","GL-ClientType":"60","GL-DeviceId":"d6968164-5417-46c1-bf38-bbc4aa112013","GL-Uid":"45b30b14b4974ff4938be28e807b73e9","Accept-Encoding":"gzip, compress, deflate, br"}
[响应结果] {"httpStatus":200,"data":{"result":{"user":{"uid":"45b30b14b4974ff4938be28e807b73e9","nick":"Louomm","icon":"https://ok.166.net/reunionpub/3_20250222_19529c4b20b892681.jpeg","intro":"","gender":2,"updateTime":1766916445732,"userSourceType":"URS"},"newUser":false},"code":200,"errmsg":"OK"}}
============================================================
============================================================
[请求时间] 2026/8/7 11:59:45.633
[响应时间] 2026/8/7 11:59:45.748
[耗时] 115ms
[请求路径] https://pay-api.ds.163.com/v1/web/init/server/time
[请求方式] GET
[请求参数] {"query":null,"body":null}
[请求头] {"Accept":"application/json, text/plain, */*","Content-Type":"application/json;charset=UTF-8","GL-X-XSRF-TOKEN":"de572527-4602-4c9a-ab29-198987cc7f8e","User-Agent":"Mozilla/5.0 (Windows NT 10.0; Win64; x64) AppleWebKit/537.36 (KHTML, like Gecko) Chrome/122.0.0.0 Safari/537.36","Origin":"https://pay.ds.163.com","Referer":"https://pay.ds.163.com/","GL-ClientType":"60","GL-DeviceId":"d6968164-5417-46c1-bf38-bbc4aa112013","GL-Uid":"45b30b14b4974ff4938be28e807b73e9","Accept-Encoding":"gzip, compress, deflate, br"}
[响应结果] {"httpStatus":404,"data":"<!DOCTYPE HTML PUBLIC \"-//W3C//DTD HTML 3.2 Final//EN\">\n<title>404 Not Found</title>\n<h1>Not Found</h1>\n<p>The requested URL was not found on the server. If you entered the URL manually please check your spelling and try again.</p>\n"}
============================================================
============================================================
[请求时间] 2026/8/7 11:59:45.747
[响应时间] 2026/8/7 11:59:45.987
[耗时] 240ms
[请求路径] https://inf.ds.163.com/v1/web/exp/xy/user/get-info
[请求方式] POST
[请求参数] {"query":null,"body":{}}
[请求头] {"Accept":"application/json, text/plain, */*","Content-Type":"application/json;charset=UTF-8","GL-X-XSRF-TOKEN":"de572527-4602-4c9a-ab29-198987cc7f8e","User-Agent":"Mozilla/5.0 (Windows NT 10.0; Win64; x64) AppleWebKit/537.36 (KHTML, like Gecko) Chrome/122.0.0.0 Safari/537.36","Origin":"https://pay.ds.163.com","Referer":"https://pay.ds.163.com/","GL-ClientType":"60","GL-DeviceId":"d6968164-5417-46c1-bf38-bbc4aa112013","GL-Uid":"45b30b14b4974ff4938be28e807b73e9","GL-CheckSum":"fba13ebefdfd72493ec156a69864703b3272852d","Content-Length":"2","Accept-Encoding":"gzip, compress, deflate, br"}
[响应结果] {"httpStatus":200,"data":{"result":{"growthPoint":77079,"currentLv":"V5","diffNextLvGrowthPoint":222921,"currentLvExpireDate":"20270206","currentLvExpire":1801843200000,"nextLv":"V6","activeGames":["l36"],"last365LoginGames":["h55","l36"],"initDate":"20260206","lastLv":"V5"},"code":200,"errmsg":"OK"}}
============================================================
============================================================
[请求时间] 2026/8/7 11:59:45.986
[响应时间] 2026/8/7 11:59:46.230
[耗时] 244ms
[请求路径] https://inf.ds.163.com/v1/web/exp/week-coupon/showing-list-v2
[请求方式] POST
[请求参数] {"query":null,"body":{}}
[请求头] {"Accept":"application/json, text/plain, */*","Content-Type":"application/json;charset=UTF-8","GL-X-XSRF-TOKEN":"de572527-4602-4c9a-ab29-198987cc7f8e","User-Agent":"Mozilla/5.0 (Windows NT 10.0; Win64; x64) AppleWebKit/537.36 (KHTML, like Gecko) Chrome/122.0.0.0 Safari/537.36","Origin":"https://pay.ds.163.com","Referer":"https://pay.ds.163.com/","GL-ClientType":"60","GL-DeviceId":"d6968164-5417-46c1-bf38-bbc4aa112013","GL-Uid":"45b30b14b4974ff4938be28e807b73e9","GL-CheckSum":"fba13ebefdfd72493ec156a69864703b3272852d","Content-Length":"2","Accept-Encoding":"gzip, compress, deflate, br"}
[响应结果] {"httpStatus":200,"data":{"result":{"coupons":[{"couponId":"687076e69f3efd24cb2bed9c","name":"V1","amount":1,"xyLevel":"V1","seckillTime":"WEEKLY","periods":[{"weekDay":1,"seckillStartTime":1785729600000,"seckillEndTime":1785902399999,"status":"ENDED"},{"weekDay":3,"seckillStartTime":1785902400000,"seckillEndTime":1786075199999,"status":"PROGRESSING"},{"weekDay":5,"seckillStartTime":1786075200000,"seckillEndTime":1786334399999,"status":"NOT_STARTED"},{"weekDay":1,"seckillStartTime":1786334400000,"seckillEndTime":1786507199999,"status":"NOT_STARTED"},{"weekDay":3,"seckillStartTime":1786507200000,"seckillEndTime":1786679999999,"status":"NOT_STARTED"},{"weekDay":5,"seckillStartTime":1786680000000,"seckillEndTime":1785729599999,"status":"NOT_STARTED"}]},{"couponId":"68708657f56f912f57e063bf","name":"V2","amount":2,"xyLevel":"V2","seckillTime":"WEEKLY","periods":[{"weekDay":1,"seckillStartTime":1785729600000,"seckillEndTime":1785902399999,"status":"ENDED"},{"weekDay":3,"seckillStartTime":1785902400000,"seckillEndTime":1786075199999,"status":"PROGRESSING"},{"weekDay":5,"seckillStartTime":1786075200000,"seckillEndTime":1786334399999,"status":"NOT_STARTED"},{"weekDay":1,"seckillStartTime":1786334400000,"seckillEndTime":1786507199999,"status":"NOT_STARTED"},{"weekDay":3,"seckillStartTime":1786507200000,"seckillEndTime":1786679999999,"status":"NOT_STARTED"},{"weekDay":5,"seckillStartTime":1786680000000,"seckillEndTime":1785729599999,"status":"NOT_STARTED"}]},{"couponId":"6870867989fddd2bbdec96bc","name":"V3","amount":3,"xyLevel":"V3","seckillTime":"WEEKLY","periods":[{"weekDay":1,"seckillStartTime":1785729600000,"seckillEndTime":1785902399999,"status":"ENDED"},{"weekDay":3,"seckillStartTime":1785902400000,"seckillEndTime":1786075199999,"status":"PROGRESSING"},{"weekDay":5,"seckillStartTime":1786075200000,"seckillEndTime":1786334399999,"status":"NOT_STARTED"},{"weekDay":1,"seckillStartTime":1786334400000,"seckillEndTime":1786507199999,"status":"NOT_STARTED"},{"weekDay":3,"seckillStartTime":1786507200000,"seckillEndTime":1786679999999,"status":"NOT_STARTED"},{"weekDay":5,"seckillStartTime":1786680000000,"seckillEndTime":1785729599999,"status":"NOT_STARTED"}]},{"couponId":"6870869cf56f912f57e063c0","name":"V4","amount":8,"xyLevel":"V4","seckillTime":"WEEKLY","periods":[{"weekDay":1,"seckillStartTime":1785729600000,"seckillEndTime":1785902399999,"status":"ENDED"},{"weekDay":3,"seckillStartTime":1785902400000,"seckillEndTime":1786075199999,"status":"PROGRESSING"},{"weekDay":5,"seckillStartTime":1786075200000,"seckillEndTime":1786334399999,"status":"NOT_STARTED"},{"weekDay":1,"seckillStartTime":1786334400000,"seckillEndTime":1786507199999,"status":"NOT_STARTED"},{"weekDay":3,"seckillStartTime":1786507200000,"seckillEndTime":1786679999999,"status":"NOT_STARTED"},{"weekDay":5,"seckillStartTime":1786680000000,"seckillEndTime":1785729599999,"status":"NOT_STARTED"}]},{"couponId":"687086e33d0d02335c1804f4","name":"V5","amount":18,"xyLevel":"V5","seckillTime":"WEEKLY","periods":[{"weekDay":1,"seckillStartTime":1785729600000,"seckillEndTime":1785902399999,"status":"ENDED"},{"weekDay":3,"seckillStartTime":1785902400000,"seckillEndTime":1786075199999,"status":"PROGRESSING","acquiredStatus":"OUT_OF_STOCK","stockId":"687086e33d0d02335c1804f4_WEEKLY_1785902400000","stockRemain":0},{"weekDay":5,"seckillStartTime":1786075200000,"seckillEndTime":1786334399999,"status":"NOT_STARTED"},{"weekDay":1,"seckillStartTime":1786334400000,"seckillEndTime":1786507199999,"status":"NOT_STARTED"},{"weekDay":3,"seckillStartTime":1786507200000,"seckillEndTime":1786679999999,"status":"NOT_STARTED"},{"weekDay":5,"seckillStartTime":1786680000000,"seckillEndTime":1785729599999,"status":"NOT_STARTED"}]},{"couponId":"68708705f56f912f57e063c3","name":"V6","amount":30,"xyLevel":"V6","seckillTime":"WEEKLY","periods":[{"weekDay":1,"seckillStartTime":1785729600000,"seckillEndTime":1785902399999,"status":"ENDED"},{"weekDay":3,"seckillStartTime":1785902400000,"seckillEndTime":1786075199999,"status":"PROGRESSING"},{"weekDay":5,"seckillStartTime":1786075200000,"seckillEndTime":1786334399999,"status":"NOT_STARTED"},{"weekDay":1,"seckillStartTime":1786334400000,"seckillEndTime":1786507199999,"status":"NOT_STARTED"},{"weekDay":3,"seckillStartTime":1786507200000,"seckillEndTime":1786679999999,"status":"NOT_STARTED"},{"weekDay":5,"seckillStartTime":1786680000000,"seckillEndTime":1785729599999,"status":"NOT_STARTED"}]},{"couponId":"6870872e89fddd2bbdec96bd","name":"V7","amount":75,"xyLevel":"V7","seckillTime":"WEEKLY","periods":[{"weekDay":1,"seckillStartTime":1785729600000,"seckillEndTime":1785902399999,"status":"ENDED"},{"weekDay":3,"seckillStartTime":1785902400000,"seckillEndTime":1786075199999,"status":"PROGRESSING"},{"weekDay":5,"seckillStartTime":1786075200000,"seckillEndTime":1786334399999,"status":"NOT_STARTED"},{"weekDay":1,"seckillStartTime":1786334400000,"seckillEndTime":1786507199999,"status":"NOT_STARTED"},{"weekDay":3,"seckillStartTime":1786507200000,"seckillEndTime":1786679999999,"status":"NOT_STARTED"},{"weekDay":5,"seckillStartTime":1786680000000,"seckillEndTime":1785729599999,"status":"NOT_STARTED"}]}]},"code":200,"errmsg":"OK"}}
============================================================
============================================================
[请求时间] 2026/8/7 11:59:46.234
[响应时间] 2026/8/7 11:59:46.514
[耗时] 280ms
[请求路径] https://inf.ds.163.com/v1/web/exp/week-coupon/showing-list-v2
[请求方式] POST
[请求参数] {"query":null,"body":{}}
[请求头] {"Accept":"application/json, text/plain, */*","Content-Type":"application/json;charset=UTF-8","GL-X-XSRF-TOKEN":"de572527-4602-4c9a-ab29-198987cc7f8e","User-Agent":"Mozilla/5.0 (Windows NT 10.0; Win64; x64) AppleWebKit/537.36 (KHTML, like Gecko) Chrome/122.0.0.0 Safari/537.36","Origin":"https://pay.ds.163.com","Referer":"https://pay.ds.163.com/","GL-ClientType":"60","GL-DeviceId":"d6968164-5417-46c1-bf38-bbc4aa112013","GL-Uid":"45b30b14b4974ff4938be28e807b73e9","GL-CheckSum":"fba13ebefdfd72493ec156a69864703b3272852d","Content-Length":"2","Accept-Encoding":"gzip, compress, deflate, br"}
[响应结果] {"httpStatus":200,"data":{"result":{"coupons":[{"couponId":"687076e69f3efd24cb2bed9c","name":"V1","amount":1,"xyLevel":"V1","seckillTime":"WEEKLY","periods":[{"weekDay":1,"seckillStartTime":1785729600000,"seckillEndTime":1785902399999,"status":"ENDED"},{"weekDay":3,"seckillStartTime":1785902400000,"seckillEndTime":1786075199999,"status":"PROGRESSING"},{"weekDay":5,"seckillStartTime":1786075200000,"seckillEndTime":1786334399999,"status":"NOT_STARTED"},{"weekDay":1,"seckillStartTime":1786334400000,"seckillEndTime":1786507199999,"status":"NOT_STARTED"},{"weekDay":3,"seckillStartTime":1786507200000,"seckillEndTime":1786679999999,"status":"NOT_STARTED"},{"weekDay":5,"seckillStartTime":1786680000000,"seckillEndTime":1785729599999,"status":"NOT_STARTED"}]},{"couponId":"68708657f56f912f57e063bf","name":"V2","amount":2,"xyLevel":"V2","seckillTime":"WEEKLY","periods":[{"weekDay":1,"seckillStartTime":1785729600000,"seckillEndTime":1785902399999,"status":"ENDED"},{"weekDay":3,"seckillStartTime":1785902400000,"seckillEndTime":1786075199999,"status":"PROGRESSING"},{"weekDay":5,"seckillStartTime":1786075200000,"seckillEndTime":1786334399999,"status":"NOT_STARTED"},{"weekDay":1,"seckillStartTime":1786334400000,"seckillEndTime":1786507199999,"status":"NOT_STARTED"},{"weekDay":3,"seckillStartTime":1786507200000,"seckillEndTime":1786679999999,"status":"NOT_STARTED"},{"weekDay":5,"seckillStartTime":1786680000000,"seckillEndTime":1785729599999,"status":"NOT_STARTED"}]},{"couponId":"6870867989fddd2bbdec96bc","name":"V3","amount":3,"xyLevel":"V3","seckillTime":"WEEKLY","periods":[{"weekDay":1,"seckillStartTime":1785729600000,"seckillEndTime":1785902399999,"status":"ENDED"},{"weekDay":3,"seckillStartTime":1785902400000,"seckillEndTime":1786075199999,"status":"PROGRESSING"},{"weekDay":5,"seckillStartTime":1786075200000,"seckillEndTime":1786334399999,"status":"NOT_STARTED"},{"weekDay":1,"seckillStartTime":1786334400000,"seckillEndTime":1786507199999,"status":"NOT_STARTED"},{"weekDay":3,"seckillStartTime":1786507200000,"seckillEndTime":1786679999999,"status":"NOT_STARTED"},{"weekDay":5,"seckillStartTime":1786680000000,"seckillEndTime":1785729599999,"status":"NOT_STARTED"}]},{"couponId":"6870869cf56f912f57e063c0","name":"V4","amount":8,"xyLevel":"V4","seckillTime":"WEEKLY","periods":[{"weekDay":1,"seckillStartTime":1785729600000,"seckillEndTime":1785902399999,"status":"ENDED"},{"weekDay":3,"seckillStartTime":1785902400000,"seckillEndTime":1786075199999,"status":"PROGRESSING"},{"weekDay":5,"seckillStartTime":1786075200000,"seckillEndTime":1786334399999,"status":"NOT_STARTED"},{"weekDay":1,"seckillStartTime":1786334400000,"seckillEndTime":1786507199999,"status":"NOT_STARTED"},{"weekDay":3,"seckillStartTime":1786507200000,"seckillEndTime":1786679999999,"status":"NOT_STARTED"},{"weekDay":5,"seckillStartTime":1786680000000,"seckillEndTime":1785729599999,"status":"NOT_STARTED"}]},{"couponId":"687086e33d0d02335c1804f4","name":"V5","amount":18,"xyLevel":"V5","seckillTime":"WEEKLY","periods":[{"weekDay":1,"seckillStartTime":1785729600000,"seckillEndTime":1785902399999,"status":"ENDED"},{"weekDay":3,"seckillStartTime":1785902400000,"seckillEndTime":1786075199999,"status":"PROGRESSING","acquiredStatus":"OUT_OF_STOCK","stockId":"687086e33d0d02335c1804f4_WEEKLY_1785902400000","stockRemain":0},{"weekDay":5,"seckillStartTime":1786075200000,"seckillEndTime":1786334399999,"status":"NOT_STARTED"},{"weekDay":1,"seckillStartTime":1786334400000,"seckillEndTime":1786507199999,"status":"NOT_STARTED"},{"weekDay":3,"seckillStartTime":1786507200000,"seckillEndTime":1786679999999,"status":"NOT_STARTED"},{"weekDay":5,"seckillStartTime":1786680000000,"seckillEndTime":1785729599999,"status":"NOT_STARTED"}]},{"couponId":"68708705f56f912f57e063c3","name":"V6","amount":30,"xyLevel":"V6","seckillTime":"WEEKLY","periods":[{"weekDay":1,"seckillStartTime":1785729600000,"seckillEndTime":1785902399999,"status":"ENDED"},{"weekDay":3,"seckillStartTime":1785902400000,"seckillEndTime":1786075199999,"status":"PROGRESSING"},{"weekDay":5,"seckillStartTime":1786075200000,"seckillEndTime":1786334399999,"status":"NOT_STARTED"},{"weekDay":1,"seckillStartTime":1786334400000,"seckillEndTime":1786507199999,"status":"NOT_STARTED"},{"weekDay":3,"seckillStartTime":1786507200000,"seckillEndTime":1786679999999,"status":"NOT_STARTED"},{"weekDay":5,"seckillStartTime":1786680000000,"seckillEndTime":1785729599999,"status":"NOT_STARTED"}]},{"couponId":"6870872e89fddd2bbdec96bd","name":"V7","amount":75,"xyLevel":"V7","seckillTime":"WEEKLY","periods":[{"weekDay":1,"seckillStartTime":1785729600000,"seckillEndTime":1785902399999,"status":"ENDED"},{"weekDay":3,"seckillStartTime":1785902400000,"seckillEndTime":1786075199999,"status":"PROGRESSING"},{"weekDay":5,"seckillStartTime":1786075200000,"seckillEndTime":1786334399999,"status":"NOT_STARTED"},{"weekDay":1,"seckillStartTime":1786334400000,"seckillEndTime":1786507199999,"status":"NOT_STARTED"},{"weekDay":3,"seckillStartTime":1786507200000,"seckillEndTime":1786679999999,"status":"NOT_STARTED"},{"weekDay":5,"seckillStartTime":1786680000000,"seckillEndTime":1785729599999,"status":"NOT_STARTED"}]}]},"code":200,"errmsg":"OK"}}
============================================================
============================================================
[请求时间] 2026/8/7 11:59:46.509
[响应时间] 2026/8/7 11:59:46.603
[耗时] 94ms
[请求路径] https://pay-api.ds.163.com/v1/web/init/server/time
[请求方式] GET
[请求参数] {"query":null,"body":null}
[请求头] {"Accept":"application/json, text/plain, */*","Content-Type":"application/json;charset=UTF-8","GL-X-XSRF-TOKEN":"de572527-4602-4c9a-ab29-198987cc7f8e","User-Agent":"Mozilla/5.0 (Windows NT 10.0; Win64; x64) AppleWebKit/537.36 (KHTML, like Gecko) Chrome/122.0.0.0 Safari/537.36","Origin":"https://pay.ds.163.com","Referer":"https://pay.ds.163.com/","GL-ClientType":"60","GL-DeviceId":"d6968164-5417-46c1-bf38-bbc4aa112013","GL-Uid":"45b30b14b4974ff4938be28e807b73e9","Accept-Encoding":"gzip, compress, deflate, br"}
[响应结果] {"httpStatus":404,"data":"<!DOCTYPE HTML PUBLIC \"-//W3C//DTD HTML 3.2 Final//EN\">\n<title>404 Not Found</title>\n<h1>Not Found</h1>\n<p>The requested URL was not found on the server. If you entered the URL manually please check your spelling and try again.</p>\n"}
============================================================
============================================================
[请求时间] 2026/8/7 11:59:58.522
[响应时间] 2026/8/7 11:59:58.680
[耗时] 158ms
[请求路径] https://pay-api.ds.163.com/v1/web/init/server/time
[请求方式] GET
[请求参数] {"query":null,"body":null}
[请求头] {"Accept":"application/json, text/plain, */*","Content-Type":"application/json;charset=UTF-8","GL-X-XSRF-TOKEN":"de572527-4602-4c9a-ab29-198987cc7f8e","User-Agent":"Mozilla/5.0 (Windows NT 10.0; Win64; x64) AppleWebKit/537.36 (KHTML, like Gecko) Chrome/122.0.0.0 Safari/537.36","Origin":"https://pay.ds.163.com","Referer":"https://pay.ds.163.com/","GL-ClientType":"60","GL-DeviceId":"d6968164-5417-46c1-bf38-bbc4aa112013","GL-Uid":"45b30b14b4974ff4938be28e807b73e9","Accept-Encoding":"gzip, compress, deflate, br"}
[响应结果] {"httpStatus":404,"data":"<!DOCTYPE HTML PUBLIC \"-//W3C//DTD HTML 3.2 Final//EN\">\n<title>404 Not Found</title>\n<h1>Not Found</h1>\n<p>The requested URL was not found on the server. If you entered the URL manually please check your spelling and try again.</p>\n"}
============================================================
============================================================
[开火偏移] 延后 38ms（相对开抢 +38ms）
[目标开抢] 2026/8/7 12:00:00.000
[实际开火] 2026/8/7 12:00:00.038
[请求时间] 2026/8/7 12:00:00.041
[响应时间] 2026/8/7 12:00:01.454
[耗时] 1413ms
[请求路径] https://inf.ds.163.com/v1/web/exp/week-coupon/acquire
[请求方式] POST
[请求参数] {"query":null,"body":{"couponId":"687086e33d0d02335c1804f4","stockId":"687086e33d0d02335c1804f4_WEEKLY_1786075200000"}}
[请求头] {"Accept":"application/json, text/plain, */*","Content-Type":"application/json;charset=UTF-8","GL-X-XSRF-TOKEN":"de572527-4602-4c9a-ab29-198987cc7f8e","User-Agent":"Mozilla/5.0 (Windows NT 10.0; Win64; x64) AppleWebKit/537.36 (KHTML, like Gecko) Chrome/122.0.0.0 Safari/537.36","Origin":"https://pay.ds.163.com","Referer":"https://pay.ds.163.com/","GL-ClientType":"60","GL-DeviceId":"d6968164-5417-46c1-bf38-bbc4aa112013","GL-Uid":"45b30b14b4974ff4938be28e807b73e9","GL-CheckSum":"c5bafe83235e73794467b1a6101d016c5d7c1bee","Content-Length":"97","Accept-Encoding":"gzip, compress, deflate, br"}
[响应结果] {"httpStatus":200,"data":{"code":40008,"errmsg":"当前库存已不足，敬请参与下期活动噢"}}
============================================================
============================================================
[请求时间] 2026/8/7 12:00:02.456
[响应时间] 2026/8/7 12:00:03.162
[耗时] 706ms
[请求路径] https://inf.ds.163.com/v1/web/exp/week-coupon/acquire
[请求方式] POST
[请求参数] {"query":null,"body":{"couponId":"687086e33d0d02335c1804f4","stockId":"687086e33d0d02335c1804f4_WEEKLY_1786075200000"}}
[请求头] {"Accept":"application/json, text/plain, */*","Content-Type":"application/json;charset=UTF-8","GL-X-XSRF-TOKEN":"de572527-4602-4c9a-ab29-198987cc7f8e","User-Agent":"Mozilla/5.0 (Windows NT 10.0; Win64; x64) AppleWebKit/537.36 (KHTML, like Gecko) Chrome/122.0.0.0 Safari/537.36","Origin":"https://pay.ds.163.com","Referer":"https://pay.ds.163.com/","GL-ClientType":"60","GL-DeviceId":"d6968164-5417-46c1-bf38-bbc4aa112013","GL-Uid":"45b30b14b4974ff4938be28e807b73e9","GL-CheckSum":"c5bafe83235e73794467b1a6101d016c5d7c1bee","Content-Length":"97","Accept-Encoding":"gzip, compress, deflate, br"}
[响应结果] {"httpStatus":200,"data":{"code":40009,"errmsg":"活动太火爆了，请稍后再试"}}
============================================================
============================================================
[请求时间] 2026/8/7 12:00:04.162
[响应时间] 2026/8/7 12:00:05.651
[耗时] 1489ms
[请求路径] https://inf.ds.163.com/v1/web/exp/week-coupon/acquire
[请求方式] POST
[请求参数] {"query":null,"body":{"couponId":"687086e33d0d02335c1804f4","stockId":"687086e33d0d02335c1804f4_WEEKLY_1786075200000"}}
[请求头] {"Accept":"application/json, text/plain, */*","Content-Type":"application/json;charset=UTF-8","GL-X-XSRF-TOKEN":"de572527-4602-4c9a-ab29-198987cc7f8e","User-Agent":"Mozilla/5.0 (Windows NT 10.0; Win64; x64) AppleWebKit/537.36 (KHTML, like Gecko) Chrome/122.0.0.0 Safari/537.36","Origin":"https://pay.ds.163.com","Referer":"https://pay.ds.163.com/","GL-ClientType":"60","GL-DeviceId":"d6968164-5417-46c1-bf38-bbc4aa112013","GL-Uid":"45b30b14b4974ff4938be28e807b73e9","GL-CheckSum":"c5bafe83235e73794467b1a6101d016c5d7c1bee","Content-Length":"97","Accept-Encoding":"gzip, compress, deflate, br"}
[响应结果] {"httpStatus":200,"data":{"code":40008,"errmsg":"当前库存已不足，敬请参与下期活动噢"}}
============================================================
============================================================
[请求时间] 2026/8/7 12:00:06.652
[响应时间] 2026/8/7 12:00:06.944
[耗时] 292ms
[请求路径] https://inf.ds.163.com/v1/web/exp/week-coupon/acquire
[请求方式] POST
[请求参数] {"query":null,"body":{"couponId":"687086e33d0d02335c1804f4","stockId":"687086e33d0d02335c1804f4_WEEKLY_1786075200000"}}
[请求头] {"Accept":"application/json, text/plain, */*","Content-Type":"application/json;charset=UTF-8","GL-X-XSRF-TOKEN":"de572527-4602-4c9a-ab29-198987cc7f8e","User-Agent":"Mozilla/5.0 (Windows NT 10.0; Win64; x64) AppleWebKit/537.36 (KHTML, like Gecko) Chrome/122.0.0.0 Safari/537.36","Origin":"https://pay.ds.163.com","Referer":"https://pay.ds.163.com/","GL-ClientType":"60","GL-DeviceId":"d6968164-5417-46c1-bf38-bbc4aa112013","GL-Uid":"45b30b14b4974ff4938be28e807b73e9","GL-CheckSum":"c5bafe83235e73794467b1a6101d016c5d7c1bee","Content-Length":"97","Accept-Encoding":"gzip, compress, deflate, br"}
[响应结果] {"httpStatus":200,"data":{"code":40008,"errmsg":"当前库存已不足，敬请参与下期活动噢"}}
============================================================
============================================================
[请求时间] 2026/8/7 12:00:07.944
[响应时间] 2026/8/7 12:00:08.183
[耗时] 239ms
[请求路径] https://inf.ds.163.com/v1/web/exp/week-coupon/acquire
[请求方式] POST
[请求参数] {"query":null,"body":{"couponId":"687086e33d0d02335c1804f4","stockId":"687086e33d0d02335c1804f4_WEEKLY_1786075200000"}}
[请求头] {"Accept":"application/json, text/plain, */*","Content-Type":"application/json;charset=UTF-8","GL-X-XSRF-TOKEN":"de572527-4602-4c9a-ab29-198987cc7f8e","User-Agent":"Mozilla/5.0 (Windows NT 10.0; Win64; x64) AppleWebKit/537.36 (KHTML, like Gecko) Chrome/122.0.0.0 Safari/537.36","Origin":"https://pay.ds.163.com","Referer":"https://pay.ds.163.com/","GL-ClientType":"60","GL-DeviceId":"d6968164-5417-46c1-bf38-bbc4aa112013","GL-Uid":"45b30b14b4974ff4938be28e807b73e9","GL-CheckSum":"c5bafe83235e73794467b1a6101d016c5d7c1bee","Content-Length":"97","Accept-Encoding":"gzip, compress, deflate, br"}
[响应结果] {"httpStatus":200,"data":{"code":40008,"errmsg":"当前库存已不足，敬请参与下期活动噢"}}
============================================================
============================================================
[请求时间] 2026/8/7 12:00:09.183
[响应时间] 2026/8/7 12:00:09.412
[耗时] 229ms
[请求路径] https://inf.ds.163.com/v1/web/exp/week-coupon/acquire
[请求方式] POST
[请求参数] {"query":null,"body":{"couponId":"687086e33d0d02335c1804f4","stockId":"687086e33d0d02335c1804f4_WEEKLY_1786075200000"}}
[请求头] {"Accept":"application/json, text/plain, */*","Content-Type":"application/json;charset=UTF-8","GL-X-XSRF-TOKEN":"de572527-4602-4c9a-ab29-198987cc7f8e","User-Agent":"Mozilla/5.0 (Windows NT 10.0; Win64; x64) AppleWebKit/537.36 (KHTML, like Gecko) Chrome/122.0.0.0 Safari/537.36","Origin":"https://pay.ds.163.com","Referer":"https://pay.ds.163.com/","GL-ClientType":"60","GL-DeviceId":"d6968164-5417-46c1-bf38-bbc4aa112013","GL-Uid":"45b30b14b4974ff4938be28e807b73e9","GL-CheckSum":"c5bafe83235e73794467b1a6101d016c5d7c1bee","Content-Length":"97","Accept-Encoding":"gzip, compress, deflate, br"}
[响应结果] {"httpStatus":200,"data":{"code":40008,"errmsg":"当前库存已不足，敬请参与下期活动噢"}}
============================================================
============================================================
[请求时间] 2026/8/7 12:00:10.413
[响应时间] 2026/8/7 12:00:10.638
[耗时] 225ms
[请求路径] https://inf.ds.163.com/v1/web/exp/week-coupon/acquire
[请求方式] POST
[请求参数] {"query":null,"body":{"couponId":"687086e33d0d02335c1804f4","stockId":"687086e33d0d02335c1804f4_WEEKLY_1786075200000"}}
[请求头] {"Accept":"application/json, text/plain, */*","Content-Type":"application/json;charset=UTF-8","GL-X-XSRF-TOKEN":"de572527-4602-4c9a-ab29-198987cc7f8e","User-Agent":"Mozilla/5.0 (Windows NT 10.0; Win64; x64) AppleWebKit/537.36 (KHTML, like Gecko) Chrome/122.0.0.0 Safari/537.36","Origin":"https://pay.ds.163.com","Referer":"https://pay.ds.163.com/","GL-ClientType":"60","GL-DeviceId":"d6968164-5417-46c1-bf38-bbc4aa112013","GL-Uid":"45b30b14b4974ff4938be28e807b73e9","GL-CheckSum":"c5bafe83235e73794467b1a6101d016c5d7c1bee","Content-Length":"97","Accept-Encoding":"gzip, compress, deflate, br"}
[响应结果] {"httpStatus":200,"data":{"code":40008,"errmsg":"当前库存已不足，敬请参与下期活动噢"}}
============================================================
============================================================
[请求时间] 2026/8/7 12:00:11.639
[响应时间] 2026/8/7 12:00:11.878
[耗时] 239ms
[请求路径] https://inf.ds.163.com/v1/web/exp/week-coupon/acquire
[请求方式] POST
[请求参数] {"query":null,"body":{"couponId":"687086e33d0d02335c1804f4","stockId":"687086e33d0d02335c1804f4_WEEKLY_1786075200000"}}
[请求头] {"Accept":"application/json, text/plain, */*","Content-Type":"application/json;charset=UTF-8","GL-X-XSRF-TOKEN":"de572527-4602-4c9a-ab29-198987cc7f8e","User-Agent":"Mozilla/5.0 (Windows NT 10.0; Win64; x64) AppleWebKit/537.36 (KHTML, like Gecko) Chrome/122.0.0.0 Safari/537.36","Origin":"https://pay.ds.163.com","Referer":"https://pay.ds.163.com/","GL-ClientType":"60","GL-DeviceId":"d6968164-5417-46c1-bf38-bbc4aa112013","GL-Uid":"45b30b14b4974ff4938be28e807b73e9","GL-CheckSum":"c5bafe83235e73794467b1a6101d016c5d7c1bee","Content-Length":"97","Accept-Encoding":"gzip, compress, deflate, br"}
[响应结果] {"httpStatus":200,"data":{"code":40008,"errmsg":"当前库存已不足，敬请参与下期活动噢"}}
============================================================
============================================================
[请求时间] 2026/8/7 12:00:12.878
[响应时间] 2026/8/7 12:00:13.111
[耗时] 233ms
[请求路径] https://inf.ds.163.com/v1/web/exp/week-coupon/acquire
[请求方式] POST
[请求参数] {"query":null,"body":{"couponId":"687086e33d0d02335c1804f4","stockId":"687086e33d0d02335c1804f4_WEEKLY_1786075200000"}}
[请求头] {"Accept":"application/json, text/plain, */*","Content-Type":"application/json;charset=UTF-8","GL-X-XSRF-TOKEN":"de572527-4602-4c9a-ab29-198987cc7f8e","User-Agent":"Mozilla/5.0 (Windows NT 10.0; Win64; x64) AppleWebKit/537.36 (KHTML, like Gecko) Chrome/122.0.0.0 Safari/537.36","Origin":"https://pay.ds.163.com","Referer":"https://pay.ds.163.com/","GL-ClientType":"60","GL-DeviceId":"d6968164-5417-46c1-bf38-bbc4aa112013","GL-Uid":"45b30b14b4974ff4938be28e807b73e9","GL-CheckSum":"c5bafe83235e73794467b1a6101d016c5d7c1bee","Content-Length":"97","Accept-Encoding":"gzip, compress, deflate, br"}
[响应结果] {"httpStatus":200,"data":{"code":40008,"errmsg":"当前库存已不足，敬请参与下期活动噢"}}
============================================================
============================================================
[请求时间] 2026/8/7 12:00:14.111
[响应时间] 2026/8/7 12:00:14.345
[耗时] 234ms
[请求路径] https://inf.ds.163.com/v1/web/exp/week-coupon/acquire
[请求方式] POST
[请求参数] {"query":null,"body":{"couponId":"687086e33d0d02335c1804f4","stockId":"687086e33d0d02335c1804f4_WEEKLY_1786075200000"}}
[请求头] {"Accept":"application/json, text/plain, */*","Content-Type":"application/json;charset=UTF-8","GL-X-XSRF-TOKEN":"de572527-4602-4c9a-ab29-198987cc7f8e","User-Agent":"Mozilla/5.0 (Windows NT 10.0; Win64; x64) AppleWebKit/537.36 (KHTML, like Gecko) Chrome/122.0.0.0 Safari/537.36","Origin":"https://pay.ds.163.com","Referer":"https://pay.ds.163.com/","GL-ClientType":"60","GL-DeviceId":"d6968164-5417-46c1-bf38-bbc4aa112013","GL-Uid":"45b30b14b4974ff4938be28e807b73e9","GL-CheckSum":"c5bafe83235e73794467b1a6101d016c5d7c1bee","Content-Length":"97","Accept-Encoding":"gzip, compress, deflate, br"}
[响应结果] {"httpStatus":200,"data":{"code":40008,"errmsg":"当前库存已不足，敬请参与下期活动噢"}}
============================================================
