============================================================
[请求时间] 2026/8/3 09:17:34.844
[响应时间] 2026/8/3 09:17:35.023
[耗时] 179ms
[请求路径] https://pay-api.ds.163.com/v1/web/init/server/time
[请求方式] GET
[请求参数] {"query":null,"body":null}
[请求头] {"Accept":"application/json, text/plain, */*","Content-Type":"application/json;charset=UTF-8","User-Agent":"Mozilla/5.0 (Windows NT 10.0; Win64; x64) AppleWebKit/537.36 (KHTML, like Gecko) Chrome/122.0.0.0 Safari/537.36","Origin":"https://pay.ds.163.com","Referer":"https://pay.ds.163.com/","GL-ClientType":"60","GL-DeviceId":"b4533fdd-3462-4836-9dfe-2708c68eb52e","GL-Uid":"be10f7eff4c643c682d5a2322ec0dc7e","GL-X-XSRF-TOKEN":"4b090460-8fe1-41f7-a325-7f34b841865a","Accept-Encoding":"gzip, compress, deflate, br"}
[响应结果] {"httpStatus":404,"data":"<!DOCTYPE HTML PUBLIC \"-//W3C//DTD HTML 3.2 Final//EN\">\n<title>404 Not Found</title>\n<h1>Not Found</h1>\n<p>The requested URL was not found on the server. If you entered the URL manually please check your spelling and try again.</p>\n"}
============================================================
============================================================
[请求时间] 2026/8/3 09:17:35.018
[响应时间] 2026/8/3 09:17:35.156
[耗时] 138ms
[请求路径] https://pay-api.ds.163.com/api/nlogin
[请求方式] GET
[请求参数] {"query":{},"body":null}
[请求头] {"Accept":"application/json, text/plain, */*","Content-Type":"application/json;charset=UTF-8","GL-X-XSRF-TOKEN":"4b090460-8fe1-41f7-a325-7f34b841865a","User-Agent":"Mozilla/5.0 (Windows NT 10.0; Win64; x64) AppleWebKit/537.36 (KHTML, like Gecko) Chrome/122.0.0.0 Safari/537.36","Origin":"https://pay.ds.163.com","Referer":"https://pay.ds.163.com/","GL-ClientType":"60","GL-DeviceId":"b4533fdd-3462-4836-9dfe-2708c68eb52e","GL-Uid":"be10f7eff4c643c682d5a2322ec0dc7e","Accept-Encoding":"gzip, compress, deflate, br"}
[响应结果] {"httpStatus":200,"data":{"code":413,"msg":"登录失败"}}
============================================================
============================================================
[请求时间] 2026/8/3 09:17:35.155
[响应时间] 2026/8/3 09:17:35.287
[耗时] 132ms
[请求路径] https://inf.ds.163.com/v1/web/cooperate/plutus/cookie-exchange
[请求方式] GET
[请求参数] {"query":null,"body":null}
[请求头] {"Accept":"application/json, text/plain, */*","Content-Type":"application/json;charset=UTF-8","GL-X-XSRF-TOKEN":"4b090460-8fe1-41f7-a325-7f34b841865a","User-Agent":"Mozilla/5.0 (Windows NT 10.0; Win64; x64) AppleWebKit/537.36 (KHTML, like Gecko) Chrome/122.0.0.0 Safari/537.36","Origin":"https://pay.ds.163.com","Referer":"https://pay.ds.163.com/","GL-ClientType":"60","GL-DeviceId":"b4533fdd-3462-4836-9dfe-2708c68eb52e","GL-Uid":"be10f7eff4c643c682d5a2322ec0dc7e","Accept-Encoding":"gzip, compress, deflate, br"}
[响应结果] {"httpStatus":200,"data":{"result":{"user":{"uid":"be10f7eff4c643c682d5a2322ec0dc7e","nick":"ivy8","icon":"https://ok.166.net/reunionpub/3_20231022_18b5699a319275716.jpeg","intro":"","gender":1,"updateTime":1777822557963,"userSourceType":"URS"},"newUser":false},"code":200,"errmsg":"OK"}}
============================================================
============================================================
[请求时间] 2026/8/3 09:17:35.287
[响应时间] 2026/8/3 09:17:35.425
[耗时] 138ms
[请求路径] https://pay-api.ds.163.com/v1/web/init/server/time
[请求方式] GET
[请求参数] {"query":null,"body":null}
[请求头] {"Accept":"application/json, text/plain, */*","Content-Type":"application/json;charset=UTF-8","GL-X-XSRF-TOKEN":"4b090460-8fe1-41f7-a325-7f34b841865a","User-Agent":"Mozilla/5.0 (Windows NT 10.0; Win64; x64) AppleWebKit/537.36 (KHTML, like Gecko) Chrome/122.0.0.0 Safari/537.36","Origin":"https://pay.ds.163.com","Referer":"https://pay.ds.163.com/","GL-ClientType":"60","GL-DeviceId":"b4533fdd-3462-4836-9dfe-2708c68eb52e","GL-Uid":"be10f7eff4c643c682d5a2322ec0dc7e","Accept-Encoding":"gzip, compress, deflate, br"}
[响应结果] {"httpStatus":404,"data":"<!DOCTYPE HTML PUBLIC \"-//W3C//DTD HTML 3.2 Final//EN\">\n<title>404 Not Found</title>\n<h1>Not Found</h1>\n<p>The requested URL was not found on the server. If you entered the URL manually please check your spelling and try again.</p>\n"}
============================================================
============================================================
[请求时间] 2026/8/3 09:17:35.424
[响应时间] 2026/8/3 09:17:35.480
[耗时] 56ms
[请求路径] https://inf.ds.163.com/v1/web/exp/xy/user/get-info
[请求方式] POST
[请求参数] {"query":null,"body":{}}
[请求头] {"Accept":"application/json, text/plain, */*","Content-Type":"application/json;charset=UTF-8","GL-X-XSRF-TOKEN":"4b090460-8fe1-41f7-a325-7f34b841865a","User-Agent":"Mozilla/5.0 (Windows NT 10.0; Win64; x64) AppleWebKit/537.36 (KHTML, like Gecko) Chrome/122.0.0.0 Safari/537.36","Origin":"https://pay.ds.163.com","Referer":"https://pay.ds.163.com/","GL-ClientType":"60","GL-DeviceId":"b4533fdd-3462-4836-9dfe-2708c68eb52e","GL-Uid":"be10f7eff4c643c682d5a2322ec0dc7e","GL-CheckSum":"c49d8f58f3d1833463c9bbe871b8c50ba0b05aab","Content-Length":"2","Accept-Encoding":"gzip, compress, deflate, br"}
[响应结果] {"httpStatus":200,"data":{"result":{"growthPoint":113056,"currentLv":"V6","diffNextLvGrowthPoint":886944,"currentLvExpireDate":"20270108","currentLvExpire":1799337600000,"nextLv":"V7","activeGames":["l36","h74"],"last365LoginGames":["l36","h74"],"initDate":"20260108","lastLv":"V6"},"code":200,"errmsg":"OK"}}
============================================================
============================================================
[请求时间] 2026/8/3 09:17:35.479
[响应时间] 2026/8/3 09:17:35.553
[耗时] 74ms
[请求路径] https://inf.ds.163.com/v1/web/exp/week-coupon/showing-list-v2
[请求方式] POST
[请求参数] {"query":null,"body":{}}
[请求头] {"Accept":"application/json, text/plain, */*","Content-Type":"application/json;charset=UTF-8","GL-X-XSRF-TOKEN":"4b090460-8fe1-41f7-a325-7f34b841865a","User-Agent":"Mozilla/5.0 (Windows NT 10.0; Win64; x64) AppleWebKit/537.36 (KHTML, like Gecko) Chrome/122.0.0.0 Safari/537.36","Origin":"https://pay.ds.163.com","Referer":"https://pay.ds.163.com/","GL-ClientType":"60","GL-DeviceId":"b4533fdd-3462-4836-9dfe-2708c68eb52e","GL-Uid":"be10f7eff4c643c682d5a2322ec0dc7e","GL-CheckSum":"c49d8f58f3d1833463c9bbe871b8c50ba0b05aab","Content-Length":"2","Accept-Encoding":"gzip, compress, deflate, br"}
[响应结果] {"httpStatus":200,"data":{"result":{"coupons":[{"couponId":"687076e69f3efd24cb2bed9c","name":"V1","amount":1,"xyLevel":"V1","seckillTime":"WEEKLY","periods":[{"weekDay":3,"seckillStartTime":1785297600000,"seckillEndTime":1785470399999,"status":"ENDED"},{"weekDay":5,"seckillStartTime":1785470400000,"seckillEndTime":1785729599999,"status":"PROGRESSING"},{"weekDay":1,"seckillStartTime":1785729600000,"seckillEndTime":1785902399999,"status":"NOT_STARTED"},{"weekDay":3,"seckillStartTime":1785902400000,"seckillEndTime":1786075199999,"status":"NOT_STARTED"},{"weekDay":5,"seckillStartTime":1786075200000,"seckillEndTime":1786334399999,"status":"NOT_STARTED"},{"weekDay":1,"seckillStartTime":1786334400000,"seckillEndTime":1786507199999,"status":"NOT_STARTED"}]},{"couponId":"68708657f56f912f57e063bf","name":"V2","amount":2,"xyLevel":"V2","seckillTime":"WEEKLY","periods":[{"weekDay":3,"seckillStartTime":1785297600000,"seckillEndTime":1785470399999,"status":"ENDED"},{"weekDay":5,"seckillStartTime":1785470400000,"seckillEndTime":1785729599999,"status":"PROGRESSING"},{"weekDay":1,"seckillStartTime":1785729600000,"seckillEndTime":1785902399999,"status":"NOT_STARTED"},{"weekDay":3,"seckillStartTime":1785902400000,"seckillEndTime":1786075199999,"status":"NOT_STARTED"},{"weekDay":5,"seckillStartTime":1786075200000,"seckillEndTime":1786334399999,"status":"NOT_STARTED"},{"weekDay":1,"seckillStartTime":1786334400000,"seckillEndTime":1786507199999,"status":"NOT_STARTED"}]},{"couponId":"6870867989fddd2bbdec96bc","name":"V3","amount":3,"xyLevel":"V3","seckillTime":"WEEKLY","periods":[{"weekDay":3,"seckillStartTime":1785297600000,"seckillEndTime":1785470399999,"status":"ENDED"},{"weekDay":5,"seckillStartTime":1785470400000,"seckillEndTime":1785729599999,"status":"PROGRESSING"},{"weekDay":1,"seckillStartTime":1785729600000,"seckillEndTime":1785902399999,"status":"NOT_STARTED"},{"weekDay":3,"seckillStartTime":1785902400000,"seckillEndTime":1786075199999,"status":"NOT_STARTED"},{"weekDay":5,"seckillStartTime":1786075200000,"seckillEndTime":1786334399999,"status":"NOT_STARTED"},{"weekDay":1,"seckillStartTime":1786334400000,"seckillEndTime":1786507199999,"status":"NOT_STARTED"}]},{"couponId":"6870869cf56f912f57e063c0","name":"V4","amount":8,"xyLevel":"V4","seckillTime":"WEEKLY","periods":[{"weekDay":3,"seckillStartTime":1785297600000,"seckillEndTime":1785470399999,"status":"ENDED"},{"weekDay":5,"seckillStartTime":1785470400000,"seckillEndTime":1785729599999,"status":"PROGRESSING"},{"weekDay":1,"seckillStartTime":1785729600000,"seckillEndTime":1785902399999,"status":"NOT_STARTED"},{"weekDay":3,"seckillStartTime":1785902400000,"seckillEndTime":1786075199999,"status":"NOT_STARTED"},{"weekDay":5,"seckillStartTime":1786075200000,"seckillEndTime":1786334399999,"status":"NOT_STARTED"},{"weekDay":1,"seckillStartTime":1786334400000,"seckillEndTime":1786507199999,"status":"NOT_STARTED"}]},{"couponId":"687086e33d0d02335c1804f4","name":"V5","amount":18,"xyLevel":"V5","seckillTime":"WEEKLY","periods":[{"weekDay":3,"seckillStartTime":1785297600000,"seckillEndTime":1785470399999,"status":"ENDED"},{"weekDay":5,"seckillStartTime":1785470400000,"seckillEndTime":1785729599999,"status":"PROGRESSING"},{"weekDay":1,"seckillStartTime":1785729600000,"seckillEndTime":1785902399999,"status":"NOT_STARTED"},{"weekDay":3,"seckillStartTime":1785902400000,"seckillEndTime":1786075199999,"status":"NOT_STARTED"},{"weekDay":5,"seckillStartTime":1786075200000,"seckillEndTime":1786334399999,"status":"NOT_STARTED"},{"weekDay":1,"seckillStartTime":1786334400000,"seckillEndTime":1786507199999,"status":"NOT_STARTED"}]},{"couponId":"68708705f56f912f57e063c3","name":"V6","amount":30,"xyLevel":"V6","seckillTime":"WEEKLY","periods":[{"weekDay":3,"seckillStartTime":1785297600000,"seckillEndTime":1785470399999,"status":"ENDED"},{"weekDay":5,"seckillStartTime":1785470400000,"seckillEndTime":1785729599999,"status":"PROGRESSING","acquiredStatus":"OUT_OF_STOCK","stockId":"68708705f56f912f57e063c3_WEEKLY_1785470400000","stockRemain":0},{"weekDay":1,"seckillStartTime":1785729600000,"seckillEndTime":1785902399999,"status":"NOT_STARTED"},{"weekDay":3,"seckillStartTime":1785902400000,"seckillEndTime":1786075199999,"status":"NOT_STARTED"},{"weekDay":5,"seckillStartTime":1786075200000,"seckillEndTime":1786334399999,"status":"NOT_STARTED"},{"weekDay":1,"seckillStartTime":1786334400000,"seckillEndTime":1786507199999,"status":"NOT_STARTED"}]},{"couponId":"6870872e89fddd2bbdec96bd","name":"V7","amount":75,"xyLevel":"V7","seckillTime":"WEEKLY","periods":[{"weekDay":3,"seckillStartTime":1785297600000,"seckillEndTime":1785470399999,"status":"ENDED"},{"weekDay":5,"seckillStartTime":1785470400000,"seckillEndTime":1785729599999,"status":"PROGRESSING"},{"weekDay":1,"seckillStartTime":1785729600000,"seckillEndTime":1785902399999,"status":"NOT_STARTED"},{"weekDay":3,"seckillStartTime":1785902400000,"seckillEndTime":1786075199999,"status":"NOT_STARTED"},{"weekDay":5,"seckillStartTime":1786075200000,"seckillEndTime":1786334399999,"status":"NOT_STARTED"},{"weekDay":1,"seckillStartTime":1786334400000,"seckillEndTime":1786507199999,"status":"NOT_STARTED"}]}]},"code":200,"errmsg":"OK"}}
============================================================
============================================================
[请求时间] 2026/8/3 09:17:35.747
[响应时间] 2026/8/3 09:17:35.871
[耗时] 124ms
[请求路径] https://inf.ds.163.com/v1/web/exp/week-coupon/showing-list-v2
[请求方式] POST
[请求参数] {"query":null,"body":{}}
[请求头] {"Accept":"application/json, text/plain, */*","Content-Type":"application/json;charset=UTF-8","GL-X-XSRF-TOKEN":"4b090460-8fe1-41f7-a325-7f34b841865a","User-Agent":"Mozilla/5.0 (Windows NT 10.0; Win64; x64) AppleWebKit/537.36 (KHTML, like Gecko) Chrome/122.0.0.0 Safari/537.36","Origin":"https://pay.ds.163.com","Referer":"https://pay.ds.163.com/","GL-ClientType":"60","GL-DeviceId":"b4533fdd-3462-4836-9dfe-2708c68eb52e","GL-Uid":"be10f7eff4c643c682d5a2322ec0dc7e","GL-CheckSum":"c49d8f58f3d1833463c9bbe871b8c50ba0b05aab","Content-Length":"2","Accept-Encoding":"gzip, compress, deflate, br"}
[响应结果] {"httpStatus":200,"data":{"result":{"coupons":[{"couponId":"687076e69f3efd24cb2bed9c","name":"V1","amount":1,"xyLevel":"V1","seckillTime":"WEEKLY","periods":[{"weekDay":3,"seckillStartTime":1785297600000,"seckillEndTime":1785470399999,"status":"ENDED"},{"weekDay":5,"seckillStartTime":1785470400000,"seckillEndTime":1785729599999,"status":"PROGRESSING"},{"weekDay":1,"seckillStartTime":1785729600000,"seckillEndTime":1785902399999,"status":"NOT_STARTED"},{"weekDay":3,"seckillStartTime":1785902400000,"seckillEndTime":1786075199999,"status":"NOT_STARTED"},{"weekDay":5,"seckillStartTime":1786075200000,"seckillEndTime":1786334399999,"status":"NOT_STARTED"},{"weekDay":1,"seckillStartTime":1786334400000,"seckillEndTime":1786507199999,"status":"NOT_STARTED"}]},{"couponId":"68708657f56f912f57e063bf","name":"V2","amount":2,"xyLevel":"V2","seckillTime":"WEEKLY","periods":[{"weekDay":3,"seckillStartTime":1785297600000,"seckillEndTime":1785470399999,"status":"ENDED"},{"weekDay":5,"seckillStartTime":1785470400000,"seckillEndTime":1785729599999,"status":"PROGRESSING"},{"weekDay":1,"seckillStartTime":1785729600000,"seckillEndTime":1785902399999,"status":"NOT_STARTED"},{"weekDay":3,"seckillStartTime":1785902400000,"seckillEndTime":1786075199999,"status":"NOT_STARTED"},{"weekDay":5,"seckillStartTime":1786075200000,"seckillEndTime":1786334399999,"status":"NOT_STARTED"},{"weekDay":1,"seckillStartTime":1786334400000,"seckillEndTime":1786507199999,"status":"NOT_STARTED"}]},{"couponId":"6870867989fddd2bbdec96bc","name":"V3","amount":3,"xyLevel":"V3","seckillTime":"WEEKLY","periods":[{"weekDay":3,"seckillStartTime":1785297600000,"seckillEndTime":1785470399999,"status":"ENDED"},{"weekDay":5,"seckillStartTime":1785470400000,"seckillEndTime":1785729599999,"status":"PROGRESSING"},{"weekDay":1,"seckillStartTime":1785729600000,"seckillEndTime":1785902399999,"status":"NOT_STARTED"},{"weekDay":3,"seckillStartTime":1785902400000,"seckillEndTime":1786075199999,"status":"NOT_STARTED"},{"weekDay":5,"seckillStartTime":1786075200000,"seckillEndTime":1786334399999,"status":"NOT_STARTED"},{"weekDay":1,"seckillStartTime":1786334400000,"seckillEndTime":1786507199999,"status":"NOT_STARTED"}]},{"couponId":"6870869cf56f912f57e063c0","name":"V4","amount":8,"xyLevel":"V4","seckillTime":"WEEKLY","periods":[{"weekDay":3,"seckillStartTime":1785297600000,"seckillEndTime":1785470399999,"status":"ENDED"},{"weekDay":5,"seckillStartTime":1785470400000,"seckillEndTime":1785729599999,"status":"PROGRESSING"},{"weekDay":1,"seckillStartTime":1785729600000,"seckillEndTime":1785902399999,"status":"NOT_STARTED"},{"weekDay":3,"seckillStartTime":1785902400000,"seckillEndTime":1786075199999,"status":"NOT_STARTED"},{"weekDay":5,"seckillStartTime":1786075200000,"seckillEndTime":1786334399999,"status":"NOT_STARTED"},{"weekDay":1,"seckillStartTime":1786334400000,"seckillEndTime":1786507199999,"status":"NOT_STARTED"}]},{"couponId":"687086e33d0d02335c1804f4","name":"V5","amount":18,"xyLevel":"V5","seckillTime":"WEEKLY","periods":[{"weekDay":3,"seckillStartTime":1785297600000,"seckillEndTime":1785470399999,"status":"ENDED"},{"weekDay":5,"seckillStartTime":1785470400000,"seckillEndTime":1785729599999,"status":"PROGRESSING"},{"weekDay":1,"seckillStartTime":1785729600000,"seckillEndTime":1785902399999,"status":"NOT_STARTED"},{"weekDay":3,"seckillStartTime":1785902400000,"seckillEndTime":1786075199999,"status":"NOT_STARTED"},{"weekDay":5,"seckillStartTime":1786075200000,"seckillEndTime":1786334399999,"status":"NOT_STARTED"},{"weekDay":1,"seckillStartTime":1786334400000,"seckillEndTime":1786507199999,"status":"NOT_STARTED"}]},{"couponId":"68708705f56f912f57e063c3","name":"V6","amount":30,"xyLevel":"V6","seckillTime":"WEEKLY","periods":[{"weekDay":3,"seckillStartTime":1785297600000,"seckillEndTime":1785470399999,"status":"ENDED"},{"weekDay":5,"seckillStartTime":1785470400000,"seckillEndTime":1785729599999,"status":"PROGRESSING","acquiredStatus":"OUT_OF_STOCK","stockId":"68708705f56f912f57e063c3_WEEKLY_1785470400000","stockRemain":0},{"weekDay":1,"seckillStartTime":1785729600000,"seckillEndTime":1785902399999,"status":"NOT_STARTED"},{"weekDay":3,"seckillStartTime":1785902400000,"seckillEndTime":1786075199999,"status":"NOT_STARTED"},{"weekDay":5,"seckillStartTime":1786075200000,"seckillEndTime":1786334399999,"status":"NOT_STARTED"},{"weekDay":1,"seckillStartTime":1786334400000,"seckillEndTime":1786507199999,"status":"NOT_STARTED"}]},{"couponId":"6870872e89fddd2bbdec96bd","name":"V7","amount":75,"xyLevel":"V7","seckillTime":"WEEKLY","periods":[{"weekDay":3,"seckillStartTime":1785297600000,"seckillEndTime":1785470399999,"status":"ENDED"},{"weekDay":5,"seckillStartTime":1785470400000,"seckillEndTime":1785729599999,"status":"PROGRESSING"},{"weekDay":1,"seckillStartTime":1785729600000,"seckillEndTime":1785902399999,"status":"NOT_STARTED"},{"weekDay":3,"seckillStartTime":1785902400000,"seckillEndTime":1786075199999,"status":"NOT_STARTED"},{"weekDay":5,"seckillStartTime":1786075200000,"seckillEndTime":1786334399999,"status":"NOT_STARTED"},{"weekDay":1,"seckillStartTime":1786334400000,"seckillEndTime":1786507199999,"status":"NOT_STARTED"}]}]},"code":200,"errmsg":"OK"}}
============================================================
============================================================
[请求时间] 2026/8/3 09:17:35.870
[响应时间] 2026/8/3 09:17:36.018
[耗时] 148ms
[请求路径] https://pay-api.ds.163.com/v1/web/init/server/time
[请求方式] GET
[请求参数] {"query":null,"body":null}
[请求头] {"Accept":"application/json, text/plain, */*","Content-Type":"application/json;charset=UTF-8","GL-X-XSRF-TOKEN":"4b090460-8fe1-41f7-a325-7f34b841865a","User-Agent":"Mozilla/5.0 (Windows NT 10.0; Win64; x64) AppleWebKit/537.36 (KHTML, like Gecko) Chrome/122.0.0.0 Safari/537.36","Origin":"https://pay.ds.163.com","Referer":"https://pay.ds.163.com/","GL-ClientType":"60","GL-DeviceId":"b4533fdd-3462-4836-9dfe-2708c68eb52e","GL-Uid":"be10f7eff4c643c682d5a2322ec0dc7e","Accept-Encoding":"gzip, compress, deflate, br"}
[响应结果] {"httpStatus":404,"data":"<!DOCTYPE HTML PUBLIC \"-//W3C//DTD HTML 3.2 Final//EN\">\n<title>404 Not Found</title>\n<h1>Not Found</h1>\n<p>The requested URL was not found on the server. If you entered the URL manually please check your spelling and try again.</p>\n"}
============================================================
============================================================
[请求时间] 2026/8/3 09:17:36.017
[响应时间] 2026/8/3 09:17:36.296
[耗时] 279ms
[请求路径] https://pay-api.ds.163.com/api/nlogin
[请求方式] GET
[请求参数] {"query":{},"body":null}
[请求头] {"Accept":"application/json, text/plain, */*","Content-Type":"application/json;charset=UTF-8","GL-X-XSRF-TOKEN":"4b090460-8fe1-41f7-a325-7f34b841865a","User-Agent":"Mozilla/5.0 (Windows NT 10.0; Win64; x64) AppleWebKit/537.36 (KHTML, like Gecko) Chrome/122.0.0.0 Safari/537.36","Origin":"https://pay.ds.163.com","Referer":"https://pay.ds.163.com/","GL-ClientType":"60","GL-DeviceId":"b4533fdd-3462-4836-9dfe-2708c68eb52e","GL-Uid":"be10f7eff4c643c682d5a2322ec0dc7e","Accept-Encoding":"gzip, compress, deflate, br"}
[响应结果] {"httpStatus":200,"data":{"code":413,"msg":"登录失败"}}
============================================================
============================================================
[请求时间] 2026/8/3 09:23:09.110
[响应时间] 2026/8/3 09:23:09.298
[耗时] 188ms
[请求路径] https://pay-api.ds.163.com/v1/web/init/server/time
[请求方式] GET
[请求参数] {"query":null,"body":null}
[请求头] {"Accept":"application/json, text/plain, */*","Content-Type":"application/json;charset=UTF-8","User-Agent":"Mozilla/5.0 (Windows NT 10.0; Win64; x64) AppleWebKit/537.36 (KHTML, like Gecko) Chrome/122.0.0.0 Safari/537.36","Origin":"https://pay.ds.163.com","Referer":"https://pay.ds.163.com/","GL-ClientType":"60","GL-DeviceId":"b4533fdd-3462-4836-9dfe-2708c68eb52e","GL-Uid":"be10f7eff4c643c682d5a2322ec0dc7e","GL-X-XSRF-TOKEN":"4b090460-8fe1-41f7-a325-7f34b841865a","Accept-Encoding":"gzip, compress, deflate, br"}
[响应结果] {"httpStatus":404,"data":"<!DOCTYPE HTML PUBLIC \"-//W3C//DTD HTML 3.2 Final//EN\">\n<title>404 Not Found</title>\n<h1>Not Found</h1>\n<p>The requested URL was not found on the server. If you entered the URL manually please check your spelling and try again.</p>\n"}
============================================================
============================================================
[请求时间] 2026/8/3 09:23:09.297
[响应时间] 2026/8/3 09:23:09.437
[耗时] 140ms
[请求路径] https://pay-api.ds.163.com/api/nlogin
[请求方式] GET
[请求参数] {"query":{},"body":null}
[请求头] {"Accept":"application/json, text/plain, */*","Content-Type":"application/json;charset=UTF-8","GL-X-XSRF-TOKEN":"4b090460-8fe1-41f7-a325-7f34b841865a","User-Agent":"Mozilla/5.0 (Windows NT 10.0; Win64; x64) AppleWebKit/537.36 (KHTML, like Gecko) Chrome/122.0.0.0 Safari/537.36","Origin":"https://pay.ds.163.com","Referer":"https://pay.ds.163.com/","GL-ClientType":"60","GL-DeviceId":"b4533fdd-3462-4836-9dfe-2708c68eb52e","GL-Uid":"be10f7eff4c643c682d5a2322ec0dc7e","Accept-Encoding":"gzip, compress, deflate, br"}
[响应结果] {"httpStatus":200,"data":{"code":413,"msg":"登录失败"}}
============================================================
============================================================
[请求时间] 2026/8/3 09:23:09.436
[响应时间] 2026/8/3 09:23:09.584
[耗时] 148ms
[请求路径] https://inf.ds.163.com/v1/web/cooperate/plutus/cookie-exchange
[请求方式] GET
[请求参数] {"query":null,"body":null}
[请求头] {"Accept":"application/json, text/plain, */*","Content-Type":"application/json;charset=UTF-8","GL-X-XSRF-TOKEN":"4b090460-8fe1-41f7-a325-7f34b841865a","User-Agent":"Mozilla/5.0 (Windows NT 10.0; Win64; x64) AppleWebKit/537.36 (KHTML, like Gecko) Chrome/122.0.0.0 Safari/537.36","Origin":"https://pay.ds.163.com","Referer":"https://pay.ds.163.com/","GL-ClientType":"60","GL-DeviceId":"b4533fdd-3462-4836-9dfe-2708c68eb52e","GL-Uid":"be10f7eff4c643c682d5a2322ec0dc7e","Accept-Encoding":"gzip, compress, deflate, br"}
[响应结果] {"httpStatus":200,"data":{"result":{"user":{"uid":"be10f7eff4c643c682d5a2322ec0dc7e","nick":"ivy8","icon":"https://ok.166.net/reunionpub/3_20231022_18b5699a319275716.jpeg","intro":"","gender":1,"updateTime":1777822557963,"userSourceType":"URS"},"newUser":false},"code":200,"errmsg":"OK"}}
============================================================
============================================================
[请求时间] 2026/8/3 09:23:09.583
[响应时间] 2026/8/3 09:23:09.724
[耗时] 141ms
[请求路径] https://pay-api.ds.163.com/v1/web/init/server/time
[请求方式] GET
[请求参数] {"query":null,"body":null}
[请求头] {"Accept":"application/json, text/plain, */*","Content-Type":"application/json;charset=UTF-8","GL-X-XSRF-TOKEN":"4b090460-8fe1-41f7-a325-7f34b841865a","User-Agent":"Mozilla/5.0 (Windows NT 10.0; Win64; x64) AppleWebKit/537.36 (KHTML, like Gecko) Chrome/122.0.0.0 Safari/537.36","Origin":"https://pay.ds.163.com","Referer":"https://pay.ds.163.com/","GL-ClientType":"60","GL-DeviceId":"b4533fdd-3462-4836-9dfe-2708c68eb52e","GL-Uid":"be10f7eff4c643c682d5a2322ec0dc7e","Accept-Encoding":"gzip, compress, deflate, br"}
[响应结果] {"httpStatus":404,"data":"<!DOCTYPE HTML PUBLIC \"-//W3C//DTD HTML 3.2 Final//EN\">\n<title>404 Not Found</title>\n<h1>Not Found</h1>\n<p>The requested URL was not found on the server. If you entered the URL manually please check your spelling and try again.</p>\n"}
============================================================
============================================================
[请求时间] 2026/8/3 09:23:09.722
[响应时间] 2026/8/3 09:23:09.846
[耗时] 124ms
[请求路径] https://inf.ds.163.com/v1/web/exp/xy/user/get-info
[请求方式] POST
[请求参数] {"query":null,"body":{}}
[请求头] {"Accept":"application/json, text/plain, */*","Content-Type":"application/json;charset=UTF-8","GL-X-XSRF-TOKEN":"4b090460-8fe1-41f7-a325-7f34b841865a","User-Agent":"Mozilla/5.0 (Windows NT 10.0; Win64; x64) AppleWebKit/537.36 (KHTML, like Gecko) Chrome/122.0.0.0 Safari/537.36","Origin":"https://pay.ds.163.com","Referer":"https://pay.ds.163.com/","GL-ClientType":"60","GL-DeviceId":"b4533fdd-3462-4836-9dfe-2708c68eb52e","GL-Uid":"be10f7eff4c643c682d5a2322ec0dc7e","GL-CheckSum":"c49d8f58f3d1833463c9bbe871b8c50ba0b05aab","Content-Length":"2","Accept-Encoding":"gzip, compress, deflate, br"}
[响应结果] {"httpStatus":200,"data":{"result":{"growthPoint":113056,"currentLv":"V6","diffNextLvGrowthPoint":886944,"currentLvExpireDate":"20270108","currentLvExpire":1799337600000,"nextLv":"V7","activeGames":["l36","h74"],"last365LoginGames":["l36","h74"],"initDate":"20260108","lastLv":"V6"},"code":200,"errmsg":"OK"}}
============================================================
============================================================
[请求时间] 2026/8/3 09:23:09.844
[响应时间] 2026/8/3 09:23:09.911
[耗时] 67ms
[请求路径] https://inf.ds.163.com/v1/web/exp/week-coupon/showing-list-v2
[请求方式] POST
[请求参数] {"query":null,"body":{}}
[请求头] {"Accept":"application/json, text/plain, */*","Content-Type":"application/json;charset=UTF-8","GL-X-XSRF-TOKEN":"4b090460-8fe1-41f7-a325-7f34b841865a","User-Agent":"Mozilla/5.0 (Windows NT 10.0; Win64; x64) AppleWebKit/537.36 (KHTML, like Gecko) Chrome/122.0.0.0 Safari/537.36","Origin":"https://pay.ds.163.com","Referer":"https://pay.ds.163.com/","GL-ClientType":"60","GL-DeviceId":"b4533fdd-3462-4836-9dfe-2708c68eb52e","GL-Uid":"be10f7eff4c643c682d5a2322ec0dc7e","GL-CheckSum":"c49d8f58f3d1833463c9bbe871b8c50ba0b05aab","Content-Length":"2","Accept-Encoding":"gzip, compress, deflate, br"}
[响应结果] {"httpStatus":200,"data":{"result":{"coupons":[{"couponId":"687076e69f3efd24cb2bed9c","name":"V1","amount":1,"xyLevel":"V1","seckillTime":"WEEKLY","periods":[{"weekDay":3,"seckillStartTime":1785297600000,"seckillEndTime":1785470399999,"status":"ENDED"},{"weekDay":5,"seckillStartTime":1785470400000,"seckillEndTime":1785729599999,"status":"PROGRESSING"},{"weekDay":1,"seckillStartTime":1785729600000,"seckillEndTime":1785902399999,"status":"NOT_STARTED"},{"weekDay":3,"seckillStartTime":1785902400000,"seckillEndTime":1786075199999,"status":"NOT_STARTED"},{"weekDay":5,"seckillStartTime":1786075200000,"seckillEndTime":1786334399999,"status":"NOT_STARTED"},{"weekDay":1,"seckillStartTime":1786334400000,"seckillEndTime":1786507199999,"status":"NOT_STARTED"}]},{"couponId":"68708657f56f912f57e063bf","name":"V2","amount":2,"xyLevel":"V2","seckillTime":"WEEKLY","periods":[{"weekDay":3,"seckillStartTime":1785297600000,"seckillEndTime":1785470399999,"status":"ENDED"},{"weekDay":5,"seckillStartTime":1785470400000,"seckillEndTime":1785729599999,"status":"PROGRESSING"},{"weekDay":1,"seckillStartTime":1785729600000,"seckillEndTime":1785902399999,"status":"NOT_STARTED"},{"weekDay":3,"seckillStartTime":1785902400000,"seckillEndTime":1786075199999,"status":"NOT_STARTED"},{"weekDay":5,"seckillStartTime":1786075200000,"seckillEndTime":1786334399999,"status":"NOT_STARTED"},{"weekDay":1,"seckillStartTime":1786334400000,"seckillEndTime":1786507199999,"status":"NOT_STARTED"}]},{"couponId":"6870867989fddd2bbdec96bc","name":"V3","amount":3,"xyLevel":"V3","seckillTime":"WEEKLY","periods":[{"weekDay":3,"seckillStartTime":1785297600000,"seckillEndTime":1785470399999,"status":"ENDED"},{"weekDay":5,"seckillStartTime":1785470400000,"seckillEndTime":1785729599999,"status":"PROGRESSING"},{"weekDay":1,"seckillStartTime":1785729600000,"seckillEndTime":1785902399999,"status":"NOT_STARTED"},{"weekDay":3,"seckillStartTime":1785902400000,"seckillEndTime":1786075199999,"status":"NOT_STARTED"},{"weekDay":5,"seckillStartTime":1786075200000,"seckillEndTime":1786334399999,"status":"NOT_STARTED"},{"weekDay":1,"seckillStartTime":1786334400000,"seckillEndTime":1786507199999,"status":"NOT_STARTED"}]},{"couponId":"6870869cf56f912f57e063c0","name":"V4","amount":8,"xyLevel":"V4","seckillTime":"WEEKLY","periods":[{"weekDay":3,"seckillStartTime":1785297600000,"seckillEndTime":1785470399999,"status":"ENDED"},{"weekDay":5,"seckillStartTime":1785470400000,"seckillEndTime":1785729599999,"status":"PROGRESSING"},{"weekDay":1,"seckillStartTime":1785729600000,"seckillEndTime":1785902399999,"status":"NOT_STARTED"},{"weekDay":3,"seckillStartTime":1785902400000,"seckillEndTime":1786075199999,"status":"NOT_STARTED"},{"weekDay":5,"seckillStartTime":1786075200000,"seckillEndTime":1786334399999,"status":"NOT_STARTED"},{"weekDay":1,"seckillStartTime":1786334400000,"seckillEndTime":1786507199999,"status":"NOT_STARTED"}]},{"couponId":"687086e33d0d02335c1804f4","name":"V5","amount":18,"xyLevel":"V5","seckillTime":"WEEKLY","periods":[{"weekDay":3,"seckillStartTime":1785297600000,"seckillEndTime":1785470399999,"status":"ENDED"},{"weekDay":5,"seckillStartTime":1785470400000,"seckillEndTime":1785729599999,"status":"PROGRESSING"},{"weekDay":1,"seckillStartTime":1785729600000,"seckillEndTime":1785902399999,"status":"NOT_STARTED"},{"weekDay":3,"seckillStartTime":1785902400000,"seckillEndTime":1786075199999,"status":"NOT_STARTED"},{"weekDay":5,"seckillStartTime":1786075200000,"seckillEndTime":1786334399999,"status":"NOT_STARTED"},{"weekDay":1,"seckillStartTime":1786334400000,"seckillEndTime":1786507199999,"status":"NOT_STARTED"}]},{"couponId":"68708705f56f912f57e063c3","name":"V6","amount":30,"xyLevel":"V6","seckillTime":"WEEKLY","periods":[{"weekDay":3,"seckillStartTime":1785297600000,"seckillEndTime":1785470399999,"status":"ENDED"},{"weekDay":5,"seckillStartTime":1785470400000,"seckillEndTime":1785729599999,"status":"PROGRESSING","acquiredStatus":"OUT_OF_STOCK","stockId":"68708705f56f912f57e063c3_WEEKLY_1785470400000","stockRemain":0},{"weekDay":1,"seckillStartTime":1785729600000,"seckillEndTime":1785902399999,"status":"NOT_STARTED"},{"weekDay":3,"seckillStartTime":1785902400000,"seckillEndTime":1786075199999,"status":"NOT_STARTED"},{"weekDay":5,"seckillStartTime":1786075200000,"seckillEndTime":1786334399999,"status":"NOT_STARTED"},{"weekDay":1,"seckillStartTime":1786334400000,"seckillEndTime":1786507199999,"status":"NOT_STARTED"}]},{"couponId":"6870872e89fddd2bbdec96bd","name":"V7","amount":75,"xyLevel":"V7","seckillTime":"WEEKLY","periods":[{"weekDay":3,"seckillStartTime":1785297600000,"seckillEndTime":1785470399999,"status":"ENDED"},{"weekDay":5,"seckillStartTime":1785470400000,"seckillEndTime":1785729599999,"status":"PROGRESSING"},{"weekDay":1,"seckillStartTime":1785729600000,"seckillEndTime":1785902399999,"status":"NOT_STARTED"},{"weekDay":3,"seckillStartTime":1785902400000,"seckillEndTime":1786075199999,"status":"NOT_STARTED"},{"weekDay":5,"seckillStartTime":1786075200000,"seckillEndTime":1786334399999,"status":"NOT_STARTED"},{"weekDay":1,"seckillStartTime":1786334400000,"seckillEndTime":1786507199999,"status":"NOT_STARTED"}]}]},"code":200,"errmsg":"OK"}}
============================================================
============================================================
[请求时间] 2026/8/3 09:23:10.281
[响应时间] 2026/8/3 09:23:10.354
[耗时] 73ms
[请求路径] https://inf.ds.163.com/v1/web/exp/week-coupon/showing-list-v2
[请求方式] POST
[请求参数] {"query":null,"body":{}}
[请求头] {"Accept":"application/json, text/plain, */*","Content-Type":"application/json;charset=UTF-8","GL-X-XSRF-TOKEN":"4b090460-8fe1-41f7-a325-7f34b841865a","User-Agent":"Mozilla/5.0 (Windows NT 10.0; Win64; x64) AppleWebKit/537.36 (KHTML, like Gecko) Chrome/122.0.0.0 Safari/537.36","Origin":"https://pay.ds.163.com","Referer":"https://pay.ds.163.com/","GL-ClientType":"60","GL-DeviceId":"b4533fdd-3462-4836-9dfe-2708c68eb52e","GL-Uid":"be10f7eff4c643c682d5a2322ec0dc7e","GL-CheckSum":"c49d8f58f3d1833463c9bbe871b8c50ba0b05aab","Content-Length":"2","Accept-Encoding":"gzip, compress, deflate, br"}
[响应结果] {"httpStatus":200,"data":{"result":{"coupons":[{"couponId":"687076e69f3efd24cb2bed9c","name":"V1","amount":1,"xyLevel":"V1","seckillTime":"WEEKLY","periods":[{"weekDay":3,"seckillStartTime":1785297600000,"seckillEndTime":1785470399999,"status":"ENDED"},{"weekDay":5,"seckillStartTime":1785470400000,"seckillEndTime":1785729599999,"status":"PROGRESSING"},{"weekDay":1,"seckillStartTime":1785729600000,"seckillEndTime":1785902399999,"status":"NOT_STARTED"},{"weekDay":3,"seckillStartTime":1785902400000,"seckillEndTime":1786075199999,"status":"NOT_STARTED"},{"weekDay":5,"seckillStartTime":1786075200000,"seckillEndTime":1786334399999,"status":"NOT_STARTED"},{"weekDay":1,"seckillStartTime":1786334400000,"seckillEndTime":1786507199999,"status":"NOT_STARTED"}]},{"couponId":"68708657f56f912f57e063bf","name":"V2","amount":2,"xyLevel":"V2","seckillTime":"WEEKLY","periods":[{"weekDay":3,"seckillStartTime":1785297600000,"seckillEndTime":1785470399999,"status":"ENDED"},{"weekDay":5,"seckillStartTime":1785470400000,"seckillEndTime":1785729599999,"status":"PROGRESSING"},{"weekDay":1,"seckillStartTime":1785729600000,"seckillEndTime":1785902399999,"status":"NOT_STARTED"},{"weekDay":3,"seckillStartTime":1785902400000,"seckillEndTime":1786075199999,"status":"NOT_STARTED"},{"weekDay":5,"seckillStartTime":1786075200000,"seckillEndTime":1786334399999,"status":"NOT_STARTED"},{"weekDay":1,"seckillStartTime":1786334400000,"seckillEndTime":1786507199999,"status":"NOT_STARTED"}]},{"couponId":"6870867989fddd2bbdec96bc","name":"V3","amount":3,"xyLevel":"V3","seckillTime":"WEEKLY","periods":[{"weekDay":3,"seckillStartTime":1785297600000,"seckillEndTime":1785470399999,"status":"ENDED"},{"weekDay":5,"seckillStartTime":1785470400000,"seckillEndTime":1785729599999,"status":"PROGRESSING"},{"weekDay":1,"seckillStartTime":1785729600000,"seckillEndTime":1785902399999,"status":"NOT_STARTED"},{"weekDay":3,"seckillStartTime":1785902400000,"seckillEndTime":1786075199999,"status":"NOT_STARTED"},{"weekDay":5,"seckillStartTime":1786075200000,"seckillEndTime":1786334399999,"status":"NOT_STARTED"},{"weekDay":1,"seckillStartTime":1786334400000,"seckillEndTime":1786507199999,"status":"NOT_STARTED"}]},{"couponId":"6870869cf56f912f57e063c0","name":"V4","amount":8,"xyLevel":"V4","seckillTime":"WEEKLY","periods":[{"weekDay":3,"seckillStartTime":1785297600000,"seckillEndTime":1785470399999,"status":"ENDED"},{"weekDay":5,"seckillStartTime":1785470400000,"seckillEndTime":1785729599999,"status":"PROGRESSING"},{"weekDay":1,"seckillStartTime":1785729600000,"seckillEndTime":1785902399999,"status":"NOT_STARTED"},{"weekDay":3,"seckillStartTime":1785902400000,"seckillEndTime":1786075199999,"status":"NOT_STARTED"},{"weekDay":5,"seckillStartTime":1786075200000,"seckillEndTime":1786334399999,"status":"NOT_STARTED"},{"weekDay":1,"seckillStartTime":1786334400000,"seckillEndTime":1786507199999,"status":"NOT_STARTED"}]},{"couponId":"687086e33d0d02335c1804f4","name":"V5","amount":18,"xyLevel":"V5","seckillTime":"WEEKLY","periods":[{"weekDay":3,"seckillStartTime":1785297600000,"seckillEndTime":1785470399999,"status":"ENDED"},{"weekDay":5,"seckillStartTime":1785470400000,"seckillEndTime":1785729599999,"status":"PROGRESSING"},{"weekDay":1,"seckillStartTime":1785729600000,"seckillEndTime":1785902399999,"status":"NOT_STARTED"},{"weekDay":3,"seckillStartTime":1785902400000,"seckillEndTime":1786075199999,"status":"NOT_STARTED"},{"weekDay":5,"seckillStartTime":1786075200000,"seckillEndTime":1786334399999,"status":"NOT_STARTED"},{"weekDay":1,"seckillStartTime":1786334400000,"seckillEndTime":1786507199999,"status":"NOT_STARTED"}]},{"couponId":"68708705f56f912f57e063c3","name":"V6","amount":30,"xyLevel":"V6","seckillTime":"WEEKLY","periods":[{"weekDay":3,"seckillStartTime":1785297600000,"seckillEndTime":1785470399999,"status":"ENDED"},{"weekDay":5,"seckillStartTime":1785470400000,"seckillEndTime":1785729599999,"status":"PROGRESSING","acquiredStatus":"OUT_OF_STOCK","stockId":"68708705f56f912f57e063c3_WEEKLY_1785470400000","stockRemain":0},{"weekDay":1,"seckillStartTime":1785729600000,"seckillEndTime":1785902399999,"status":"NOT_STARTED"},{"weekDay":3,"seckillStartTime":1785902400000,"seckillEndTime":1786075199999,"status":"NOT_STARTED"},{"weekDay":5,"seckillStartTime":1786075200000,"seckillEndTime":1786334399999,"status":"NOT_STARTED"},{"weekDay":1,"seckillStartTime":1786334400000,"seckillEndTime":1786507199999,"status":"NOT_STARTED"}]},{"couponId":"6870872e89fddd2bbdec96bd","name":"V7","amount":75,"xyLevel":"V7","seckillTime":"WEEKLY","periods":[{"weekDay":3,"seckillStartTime":1785297600000,"seckillEndTime":1785470399999,"status":"ENDED"},{"weekDay":5,"seckillStartTime":1785470400000,"seckillEndTime":1785729599999,"status":"PROGRESSING"},{"weekDay":1,"seckillStartTime":1785729600000,"seckillEndTime":1785902399999,"status":"NOT_STARTED"},{"weekDay":3,"seckillStartTime":1785902400000,"seckillEndTime":1786075199999,"status":"NOT_STARTED"},{"weekDay":5,"seckillStartTime":1786075200000,"seckillEndTime":1786334399999,"status":"NOT_STARTED"},{"weekDay":1,"seckillStartTime":1786334400000,"seckillEndTime":1786507199999,"status":"NOT_STARTED"}]}]},"code":200,"errmsg":"OK"}}
============================================================
============================================================
[请求时间] 2026/8/3 09:23:10.353
[响应时间] 2026/8/3 09:23:10.491
[耗时] 138ms
[请求路径] https://pay-api.ds.163.com/v1/web/init/server/time
[请求方式] GET
[请求参数] {"query":null,"body":null}
[请求头] {"Accept":"application/json, text/plain, */*","Content-Type":"application/json;charset=UTF-8","GL-X-XSRF-TOKEN":"4b090460-8fe1-41f7-a325-7f34b841865a","User-Agent":"Mozilla/5.0 (Windows NT 10.0; Win64; x64) AppleWebKit/537.36 (KHTML, like Gecko) Chrome/122.0.0.0 Safari/537.36","Origin":"https://pay.ds.163.com","Referer":"https://pay.ds.163.com/","GL-ClientType":"60","GL-DeviceId":"b4533fdd-3462-4836-9dfe-2708c68eb52e","GL-Uid":"be10f7eff4c643c682d5a2322ec0dc7e","Accept-Encoding":"gzip, compress, deflate, br"}
[响应结果] {"httpStatus":404,"data":"<!DOCTYPE HTML PUBLIC \"-//W3C//DTD HTML 3.2 Final//EN\">\n<title>404 Not Found</title>\n<h1>Not Found</h1>\n<p>The requested URL was not found on the server. If you entered the URL manually please check your spelling and try again.</p>\n"}
============================================================
============================================================
[请求时间] 2026/8/3 09:23:10.489
[响应时间] 2026/8/3 09:23:10.627
[耗时] 138ms
[请求路径] https://pay-api.ds.163.com/api/nlogin
[请求方式] GET
[请求参数] {"query":{},"body":null}
[请求头] {"Accept":"application/json, text/plain, */*","Content-Type":"application/json;charset=UTF-8","GL-X-XSRF-TOKEN":"4b090460-8fe1-41f7-a325-7f34b841865a","User-Agent":"Mozilla/5.0 (Windows NT 10.0; Win64; x64) AppleWebKit/537.36 (KHTML, like Gecko) Chrome/122.0.0.0 Safari/537.36","Origin":"https://pay.ds.163.com","Referer":"https://pay.ds.163.com/","GL-ClientType":"60","GL-DeviceId":"b4533fdd-3462-4836-9dfe-2708c68eb52e","GL-Uid":"be10f7eff4c643c682d5a2322ec0dc7e","Accept-Encoding":"gzip, compress, deflate, br"}
[响应结果] {"httpStatus":200,"data":{"code":413,"msg":"登录失败"}}
============================================================
============================================================
[请求时间] 2026/8/3 09:25:51.374
[响应时间] 2026/8/3 09:25:51.564
[耗时] 190ms
[请求路径] https://pay-api.ds.163.com/v1/web/init/server/time
[请求方式] GET
[请求参数] {"query":null,"body":null}
[请求头] {"Accept":"application/json, text/plain, */*","Content-Type":"application/json;charset=UTF-8","User-Agent":"Mozilla/5.0 (Windows NT 10.0; Win64; x64) AppleWebKit/537.36 (KHTML, like Gecko) Chrome/122.0.0.0 Safari/537.36","Origin":"https://pay.ds.163.com","Referer":"https://pay.ds.163.com/","GL-ClientType":"60","GL-DeviceId":"b4533fdd-3462-4836-9dfe-2708c68eb52e","GL-Uid":"be10f7eff4c643c682d5a2322ec0dc7e","GL-X-XSRF-TOKEN":"4b090460-8fe1-41f7-a325-7f34b841865a","Accept-Encoding":"gzip, compress, deflate, br"}
[响应结果] {"httpStatus":404,"data":"<!DOCTYPE HTML PUBLIC \"-//W3C//DTD HTML 3.2 Final//EN\">\n<title>404 Not Found</title>\n<h1>Not Found</h1>\n<p>The requested URL was not found on the server. If you entered the URL manually please check your spelling and try again.</p>\n"}
============================================================
============================================================
[请求时间] 2026/8/3 09:25:51.562
[响应时间] 2026/8/3 09:25:51.700
[耗时] 138ms
[请求路径] https://pay-api.ds.163.com/api/nlogin
[请求方式] GET
[请求参数] {"query":{},"body":null}
[请求头] {"Accept":"application/json, text/plain, */*","Content-Type":"application/json;charset=UTF-8","GL-X-XSRF-TOKEN":"4b090460-8fe1-41f7-a325-7f34b841865a","User-Agent":"Mozilla/5.0 (Windows NT 10.0; Win64; x64) AppleWebKit/537.36 (KHTML, like Gecko) Chrome/122.0.0.0 Safari/537.36","Origin":"https://pay.ds.163.com","Referer":"https://pay.ds.163.com/","GL-ClientType":"60","GL-DeviceId":"b4533fdd-3462-4836-9dfe-2708c68eb52e","GL-Uid":"be10f7eff4c643c682d5a2322ec0dc7e","Accept-Encoding":"gzip, compress, deflate, br"}
[响应结果] {"httpStatus":200,"data":{"code":413,"msg":"登录失败"}}
============================================================
============================================================
[请求时间] 2026/8/3 09:25:51.699
[响应时间] 2026/8/3 09:25:51.830
[耗时] 131ms
[请求路径] https://inf.ds.163.com/v1/web/cooperate/plutus/cookie-exchange
[请求方式] GET
[请求参数] {"query":null,"body":null}
[请求头] {"Accept":"application/json, text/plain, */*","Content-Type":"application/json;charset=UTF-8","GL-X-XSRF-TOKEN":"4b090460-8fe1-41f7-a325-7f34b841865a","User-Agent":"Mozilla/5.0 (Windows NT 10.0; Win64; x64) AppleWebKit/537.36 (KHTML, like Gecko) Chrome/122.0.0.0 Safari/537.36","Origin":"https://pay.ds.163.com","Referer":"https://pay.ds.163.com/","GL-ClientType":"60","GL-DeviceId":"b4533fdd-3462-4836-9dfe-2708c68eb52e","GL-Uid":"be10f7eff4c643c682d5a2322ec0dc7e","Accept-Encoding":"gzip, compress, deflate, br"}
[响应结果] {"httpStatus":200,"data":{"result":{"user":{"uid":"be10f7eff4c643c682d5a2322ec0dc7e","nick":"ivy8","icon":"https://ok.166.net/reunionpub/3_20231022_18b5699a319275716.jpeg","intro":"","gender":1,"updateTime":1777822557963,"userSourceType":"URS"},"newUser":false},"code":200,"errmsg":"OK"}}
============================================================
============================================================
[请求时间] 2026/8/3 09:25:51.830
[响应时间] 2026/8/3 09:25:51.973
[耗时] 143ms
[请求路径] https://pay-api.ds.163.com/v1/web/init/server/time
[请求方式] GET
[请求参数] {"query":null,"body":null}
[请求头] {"Accept":"application/json, text/plain, */*","Content-Type":"application/json;charset=UTF-8","GL-X-XSRF-TOKEN":"4b090460-8fe1-41f7-a325-7f34b841865a","User-Agent":"Mozilla/5.0 (Windows NT 10.0; Win64; x64) AppleWebKit/537.36 (KHTML, like Gecko) Chrome/122.0.0.0 Safari/537.36","Origin":"https://pay.ds.163.com","Referer":"https://pay.ds.163.com/","GL-ClientType":"60","GL-DeviceId":"b4533fdd-3462-4836-9dfe-2708c68eb52e","GL-Uid":"be10f7eff4c643c682d5a2322ec0dc7e","Accept-Encoding":"gzip, compress, deflate, br"}
[响应结果] {"httpStatus":404,"data":"<!DOCTYPE HTML PUBLIC \"-//W3C//DTD HTML 3.2 Final//EN\">\n<title>404 Not Found</title>\n<h1>Not Found</h1>\n<p>The requested URL was not found on the server. If you entered the URL manually please check your spelling and try again.</p>\n"}
============================================================
============================================================
[请求时间] 2026/8/3 09:25:51.972
[响应时间] 2026/8/3 09:25:52.047
[耗时] 75ms
[请求路径] https://inf.ds.163.com/v1/web/exp/xy/user/get-info
[请求方式] POST
[请求参数] {"query":null,"body":{}}
[请求头] {"Accept":"application/json, text/plain, */*","Content-Type":"application/json;charset=UTF-8","GL-X-XSRF-TOKEN":"4b090460-8fe1-41f7-a325-7f34b841865a","User-Agent":"Mozilla/5.0 (Windows NT 10.0; Win64; x64) AppleWebKit/537.36 (KHTML, like Gecko) Chrome/122.0.0.0 Safari/537.36","Origin":"https://pay.ds.163.com","Referer":"https://pay.ds.163.com/","GL-ClientType":"60","GL-DeviceId":"b4533fdd-3462-4836-9dfe-2708c68eb52e","GL-Uid":"be10f7eff4c643c682d5a2322ec0dc7e","GL-CheckSum":"c49d8f58f3d1833463c9bbe871b8c50ba0b05aab","Content-Length":"2","Accept-Encoding":"gzip, compress, deflate, br"}
[响应结果] {"httpStatus":200,"data":{"result":{"growthPoint":113056,"currentLv":"V6","diffNextLvGrowthPoint":886944,"currentLvExpireDate":"20270108","currentLvExpire":1799337600000,"nextLv":"V7","activeGames":["l36","h74"],"last365LoginGames":["l36","h74"],"initDate":"20260108","lastLv":"V6"},"code":200,"errmsg":"OK"}}
============================================================
============================================================
[请求时间] 2026/8/3 09:25:52.045
[响应时间] 2026/8/3 09:25:52.126
[耗时] 81ms
[请求路径] https://inf.ds.163.com/v1/web/exp/week-coupon/showing-list-v2
[请求方式] POST
[请求参数] {"query":null,"body":{}}
[请求头] {"Accept":"application/json, text/plain, */*","Content-Type":"application/json;charset=UTF-8","GL-X-XSRF-TOKEN":"4b090460-8fe1-41f7-a325-7f34b841865a","User-Agent":"Mozilla/5.0 (Windows NT 10.0; Win64; x64) AppleWebKit/537.36 (KHTML, like Gecko) Chrome/122.0.0.0 Safari/537.36","Origin":"https://pay.ds.163.com","Referer":"https://pay.ds.163.com/","GL-ClientType":"60","GL-DeviceId":"b4533fdd-3462-4836-9dfe-2708c68eb52e","GL-Uid":"be10f7eff4c643c682d5a2322ec0dc7e","GL-CheckSum":"c49d8f58f3d1833463c9bbe871b8c50ba0b05aab","Content-Length":"2","Accept-Encoding":"gzip, compress, deflate, br"}
[响应结果] {"httpStatus":200,"data":{"result":{"coupons":[{"couponId":"687076e69f3efd24cb2bed9c","name":"V1","amount":1,"xyLevel":"V1","seckillTime":"WEEKLY","periods":[{"weekDay":3,"seckillStartTime":1785297600000,"seckillEndTime":1785470399999,"status":"ENDED"},{"weekDay":5,"seckillStartTime":1785470400000,"seckillEndTime":1785729599999,"status":"PROGRESSING"},{"weekDay":1,"seckillStartTime":1785729600000,"seckillEndTime":1785902399999,"status":"NOT_STARTED"},{"weekDay":3,"seckillStartTime":1785902400000,"seckillEndTime":1786075199999,"status":"NOT_STARTED"},{"weekDay":5,"seckillStartTime":1786075200000,"seckillEndTime":1786334399999,"status":"NOT_STARTED"},{"weekDay":1,"seckillStartTime":1786334400000,"seckillEndTime":1786507199999,"status":"NOT_STARTED"}]},{"couponId":"68708657f56f912f57e063bf","name":"V2","amount":2,"xyLevel":"V2","seckillTime":"WEEKLY","periods":[{"weekDay":3,"seckillStartTime":1785297600000,"seckillEndTime":1785470399999,"status":"ENDED"},{"weekDay":5,"seckillStartTime":1785470400000,"seckillEndTime":1785729599999,"status":"PROGRESSING"},{"weekDay":1,"seckillStartTime":1785729600000,"seckillEndTime":1785902399999,"status":"NOT_STARTED"},{"weekDay":3,"seckillStartTime":1785902400000,"seckillEndTime":1786075199999,"status":"NOT_STARTED"},{"weekDay":5,"seckillStartTime":1786075200000,"seckillEndTime":1786334399999,"status":"NOT_STARTED"},{"weekDay":1,"seckillStartTime":1786334400000,"seckillEndTime":1786507199999,"status":"NOT_STARTED"}]},{"couponId":"6870867989fddd2bbdec96bc","name":"V3","amount":3,"xyLevel":"V3","seckillTime":"WEEKLY","periods":[{"weekDay":3,"seckillStartTime":1785297600000,"seckillEndTime":1785470399999,"status":"ENDED"},{"weekDay":5,"seckillStartTime":1785470400000,"seckillEndTime":1785729599999,"status":"PROGRESSING"},{"weekDay":1,"seckillStartTime":1785729600000,"seckillEndTime":1785902399999,"status":"NOT_STARTED"},{"weekDay":3,"seckillStartTime":1785902400000,"seckillEndTime":1786075199999,"status":"NOT_STARTED"},{"weekDay":5,"seckillStartTime":1786075200000,"seckillEndTime":1786334399999,"status":"NOT_STARTED"},{"weekDay":1,"seckillStartTime":1786334400000,"seckillEndTime":1786507199999,"status":"NOT_STARTED"}]},{"couponId":"6870869cf56f912f57e063c0","name":"V4","amount":8,"xyLevel":"V4","seckillTime":"WEEKLY","periods":[{"weekDay":3,"seckillStartTime":1785297600000,"seckillEndTime":1785470399999,"status":"ENDED"},{"weekDay":5,"seckillStartTime":1785470400000,"seckillEndTime":1785729599999,"status":"PROGRESSING"},{"weekDay":1,"seckillStartTime":1785729600000,"seckillEndTime":1785902399999,"status":"NOT_STARTED"},{"weekDay":3,"seckillStartTime":1785902400000,"seckillEndTime":1786075199999,"status":"NOT_STARTED"},{"weekDay":5,"seckillStartTime":1786075200000,"seckillEndTime":1786334399999,"status":"NOT_STARTED"},{"weekDay":1,"seckillStartTime":1786334400000,"seckillEndTime":1786507199999,"status":"NOT_STARTED"}]},{"couponId":"687086e33d0d02335c1804f4","name":"V5","amount":18,"xyLevel":"V5","seckillTime":"WEEKLY","periods":[{"weekDay":3,"seckillStartTime":1785297600000,"seckillEndTime":1785470399999,"status":"ENDED"},{"weekDay":5,"seckillStartTime":1785470400000,"seckillEndTime":1785729599999,"status":"PROGRESSING"},{"weekDay":1,"seckillStartTime":1785729600000,"seckillEndTime":1785902399999,"status":"NOT_STARTED"},{"weekDay":3,"seckillStartTime":1785902400000,"seckillEndTime":1786075199999,"status":"NOT_STARTED"},{"weekDay":5,"seckillStartTime":1786075200000,"seckillEndTime":1786334399999,"status":"NOT_STARTED"},{"weekDay":1,"seckillStartTime":1786334400000,"seckillEndTime":1786507199999,"status":"NOT_STARTED"}]},{"couponId":"68708705f56f912f57e063c3","name":"V6","amount":30,"xyLevel":"V6","seckillTime":"WEEKLY","periods":[{"weekDay":3,"seckillStartTime":1785297600000,"seckillEndTime":1785470399999,"status":"ENDED"},{"weekDay":5,"seckillStartTime":1785470400000,"seckillEndTime":1785729599999,"status":"PROGRESSING","acquiredStatus":"OUT_OF_STOCK","stockId":"68708705f56f912f57e063c3_WEEKLY_1785470400000","stockRemain":0},{"weekDay":1,"seckillStartTime":1785729600000,"seckillEndTime":1785902399999,"status":"NOT_STARTED"},{"weekDay":3,"seckillStartTime":1785902400000,"seckillEndTime":1786075199999,"status":"NOT_STARTED"},{"weekDay":5,"seckillStartTime":1786075200000,"seckillEndTime":1786334399999,"status":"NOT_STARTED"},{"weekDay":1,"seckillStartTime":1786334400000,"seckillEndTime":1786507199999,"status":"NOT_STARTED"}]},{"couponId":"6870872e89fddd2bbdec96bd","name":"V7","amount":75,"xyLevel":"V7","seckillTime":"WEEKLY","periods":[{"weekDay":3,"seckillStartTime":1785297600000,"seckillEndTime":1785470399999,"status":"ENDED"},{"weekDay":5,"seckillStartTime":1785470400000,"seckillEndTime":1785729599999,"status":"PROGRESSING"},{"weekDay":1,"seckillStartTime":1785729600000,"seckillEndTime":1785902399999,"status":"NOT_STARTED"},{"weekDay":3,"seckillStartTime":1785902400000,"seckillEndTime":1786075199999,"status":"NOT_STARTED"},{"weekDay":5,"seckillStartTime":1786075200000,"seckillEndTime":1786334399999,"status":"NOT_STARTED"},{"weekDay":1,"seckillStartTime":1786334400000,"seckillEndTime":1786507199999,"status":"NOT_STARTED"}]}]},"code":200,"errmsg":"OK"}}
============================================================
============================================================
[请求时间] 2026/8/3 09:25:52.484
[响应时间] 2026/8/3 09:25:52.563
[耗时] 79ms
[请求路径] https://inf.ds.163.com/v1/web/exp/week-coupon/showing-list-v2
[请求方式] POST
[请求参数] {"query":null,"body":{}}
[请求头] {"Accept":"application/json, text/plain, */*","Content-Type":"application/json;charset=UTF-8","GL-X-XSRF-TOKEN":"4b090460-8fe1-41f7-a325-7f34b841865a","User-Agent":"Mozilla/5.0 (Windows NT 10.0; Win64; x64) AppleWebKit/537.36 (KHTML, like Gecko) Chrome/122.0.0.0 Safari/537.36","Origin":"https://pay.ds.163.com","Referer":"https://pay.ds.163.com/","GL-ClientType":"60","GL-DeviceId":"b4533fdd-3462-4836-9dfe-2708c68eb52e","GL-Uid":"be10f7eff4c643c682d5a2322ec0dc7e","GL-CheckSum":"c49d8f58f3d1833463c9bbe871b8c50ba0b05aab","Content-Length":"2","Accept-Encoding":"gzip, compress, deflate, br"}
[响应结果] {"httpStatus":200,"data":{"result":{"coupons":[{"couponId":"687076e69f3efd24cb2bed9c","name":"V1","amount":1,"xyLevel":"V1","seckillTime":"WEEKLY","periods":[{"weekDay":3,"seckillStartTime":1785297600000,"seckillEndTime":1785470399999,"status":"ENDED"},{"weekDay":5,"seckillStartTime":1785470400000,"seckillEndTime":1785729599999,"status":"PROGRESSING"},{"weekDay":1,"seckillStartTime":1785729600000,"seckillEndTime":1785902399999,"status":"NOT_STARTED"},{"weekDay":3,"seckillStartTime":1785902400000,"seckillEndTime":1786075199999,"status":"NOT_STARTED"},{"weekDay":5,"seckillStartTime":1786075200000,"seckillEndTime":1786334399999,"status":"NOT_STARTED"},{"weekDay":1,"seckillStartTime":1786334400000,"seckillEndTime":1786507199999,"status":"NOT_STARTED"}]},{"couponId":"68708657f56f912f57e063bf","name":"V2","amount":2,"xyLevel":"V2","seckillTime":"WEEKLY","periods":[{"weekDay":3,"seckillStartTime":1785297600000,"seckillEndTime":1785470399999,"status":"ENDED"},{"weekDay":5,"seckillStartTime":1785470400000,"seckillEndTime":1785729599999,"status":"PROGRESSING"},{"weekDay":1,"seckillStartTime":1785729600000,"seckillEndTime":1785902399999,"status":"NOT_STARTED"},{"weekDay":3,"seckillStartTime":1785902400000,"seckillEndTime":1786075199999,"status":"NOT_STARTED"},{"weekDay":5,"seckillStartTime":1786075200000,"seckillEndTime":1786334399999,"status":"NOT_STARTED"},{"weekDay":1,"seckillStartTime":1786334400000,"seckillEndTime":1786507199999,"status":"NOT_STARTED"}]},{"couponId":"6870867989fddd2bbdec96bc","name":"V3","amount":3,"xyLevel":"V3","seckillTime":"WEEKLY","periods":[{"weekDay":3,"seckillStartTime":1785297600000,"seckillEndTime":1785470399999,"status":"ENDED"},{"weekDay":5,"seckillStartTime":1785470400000,"seckillEndTime":1785729599999,"status":"PROGRESSING"},{"weekDay":1,"seckillStartTime":1785729600000,"seckillEndTime":1785902399999,"status":"NOT_STARTED"},{"weekDay":3,"seckillStartTime":1785902400000,"seckillEndTime":1786075199999,"status":"NOT_STARTED"},{"weekDay":5,"seckillStartTime":1786075200000,"seckillEndTime":1786334399999,"status":"NOT_STARTED"},{"weekDay":1,"seckillStartTime":1786334400000,"seckillEndTime":1786507199999,"status":"NOT_STARTED"}]},{"couponId":"6870869cf56f912f57e063c0","name":"V4","amount":8,"xyLevel":"V4","seckillTime":"WEEKLY","periods":[{"weekDay":3,"seckillStartTime":1785297600000,"seckillEndTime":1785470399999,"status":"ENDED"},{"weekDay":5,"seckillStartTime":1785470400000,"seckillEndTime":1785729599999,"status":"PROGRESSING"},{"weekDay":1,"seckillStartTime":1785729600000,"seckillEndTime":1785902399999,"status":"NOT_STARTED"},{"weekDay":3,"seckillStartTime":1785902400000,"seckillEndTime":1786075199999,"status":"NOT_STARTED"},{"weekDay":5,"seckillStartTime":1786075200000,"seckillEndTime":1786334399999,"status":"NOT_STARTED"},{"weekDay":1,"seckillStartTime":1786334400000,"seckillEndTime":1786507199999,"status":"NOT_STARTED"}]},{"couponId":"687086e33d0d02335c1804f4","name":"V5","amount":18,"xyLevel":"V5","seckillTime":"WEEKLY","periods":[{"weekDay":3,"seckillStartTime":1785297600000,"seckillEndTime":1785470399999,"status":"ENDED"},{"weekDay":5,"seckillStartTime":1785470400000,"seckillEndTime":1785729599999,"status":"PROGRESSING"},{"weekDay":1,"seckillStartTime":1785729600000,"seckillEndTime":1785902399999,"status":"NOT_STARTED"},{"weekDay":3,"seckillStartTime":1785902400000,"seckillEndTime":1786075199999,"status":"NOT_STARTED"},{"weekDay":5,"seckillStartTime":1786075200000,"seckillEndTime":1786334399999,"status":"NOT_STARTED"},{"weekDay":1,"seckillStartTime":1786334400000,"seckillEndTime":1786507199999,"status":"NOT_STARTED"}]},{"couponId":"68708705f56f912f57e063c3","name":"V6","amount":30,"xyLevel":"V6","seckillTime":"WEEKLY","periods":[{"weekDay":3,"seckillStartTime":1785297600000,"seckillEndTime":1785470399999,"status":"ENDED"},{"weekDay":5,"seckillStartTime":1785470400000,"seckillEndTime":1785729599999,"status":"PROGRESSING","acquiredStatus":"OUT_OF_STOCK","stockId":"68708705f56f912f57e063c3_WEEKLY_1785470400000","stockRemain":0},{"weekDay":1,"seckillStartTime":1785729600000,"seckillEndTime":1785902399999,"status":"NOT_STARTED"},{"weekDay":3,"seckillStartTime":1785902400000,"seckillEndTime":1786075199999,"status":"NOT_STARTED"},{"weekDay":5,"seckillStartTime":1786075200000,"seckillEndTime":1786334399999,"status":"NOT_STARTED"},{"weekDay":1,"seckillStartTime":1786334400000,"seckillEndTime":1786507199999,"status":"NOT_STARTED"}]},{"couponId":"6870872e89fddd2bbdec96bd","name":"V7","amount":75,"xyLevel":"V7","seckillTime":"WEEKLY","periods":[{"weekDay":3,"seckillStartTime":1785297600000,"seckillEndTime":1785470399999,"status":"ENDED"},{"weekDay":5,"seckillStartTime":1785470400000,"seckillEndTime":1785729599999,"status":"PROGRESSING"},{"weekDay":1,"seckillStartTime":1785729600000,"seckillEndTime":1785902399999,"status":"NOT_STARTED"},{"weekDay":3,"seckillStartTime":1785902400000,"seckillEndTime":1786075199999,"status":"NOT_STARTED"},{"weekDay":5,"seckillStartTime":1786075200000,"seckillEndTime":1786334399999,"status":"NOT_STARTED"},{"weekDay":1,"seckillStartTime":1786334400000,"seckillEndTime":1786507199999,"status":"NOT_STARTED"}]}]},"code":200,"errmsg":"OK"}}
============================================================
============================================================
[请求时间] 2026/8/3 09:25:52.562
[响应时间] 2026/8/3 09:25:52.705
[耗时] 143ms
[请求路径] https://pay-api.ds.163.com/v1/web/init/server/time
[请求方式] GET
[请求参数] {"query":null,"body":null}
[请求头] {"Accept":"application/json, text/plain, */*","Content-Type":"application/json;charset=UTF-8","GL-X-XSRF-TOKEN":"4b090460-8fe1-41f7-a325-7f34b841865a","User-Agent":"Mozilla/5.0 (Windows NT 10.0; Win64; x64) AppleWebKit/537.36 (KHTML, like Gecko) Chrome/122.0.0.0 Safari/537.36","Origin":"https://pay.ds.163.com","Referer":"https://pay.ds.163.com/","GL-ClientType":"60","GL-DeviceId":"b4533fdd-3462-4836-9dfe-2708c68eb52e","GL-Uid":"be10f7eff4c643c682d5a2322ec0dc7e","Accept-Encoding":"gzip, compress, deflate, br"}
[响应结果] {"httpStatus":404,"data":"<!DOCTYPE HTML PUBLIC \"-//W3C//DTD HTML 3.2 Final//EN\">\n<title>404 Not Found</title>\n<h1>Not Found</h1>\n<p>The requested URL was not found on the server. If you entered the URL manually please check your spelling and try again.</p>\n"}
============================================================
============================================================
[请求时间] 2026/8/3 09:25:52.704
[响应时间] 2026/8/3 09:25:52.848
[耗时] 144ms
[请求路径] https://pay-api.ds.163.com/api/nlogin
[请求方式] GET
[请求参数] {"query":{},"body":null}
[请求头] {"Accept":"application/json, text/plain, */*","Content-Type":"application/json;charset=UTF-8","GL-X-XSRF-TOKEN":"4b090460-8fe1-41f7-a325-7f34b841865a","User-Agent":"Mozilla/5.0 (Windows NT 10.0; Win64; x64) AppleWebKit/537.36 (KHTML, like Gecko) Chrome/122.0.0.0 Safari/537.36","Origin":"https://pay.ds.163.com","Referer":"https://pay.ds.163.com/","GL-ClientType":"60","GL-DeviceId":"b4533fdd-3462-4836-9dfe-2708c68eb52e","GL-Uid":"be10f7eff4c643c682d5a2322ec0dc7e","Accept-Encoding":"gzip, compress, deflate, br"}
[响应结果] {"httpStatus":200,"data":{"code":413,"msg":"登录失败"}}
============================================================
============================================================
[请求时间] 2026/8/3 09:33:31.314
[响应时间] 2026/8/3 09:33:31.503
[耗时] 189ms
[请求路径] https://pay-api.ds.163.com/v1/web/init/server/time
[请求方式] GET
[请求参数] {"query":null,"body":null}
[请求头] {"Accept":"application/json, text/plain, */*","Content-Type":"application/json;charset=UTF-8","User-Agent":"Mozilla/5.0 (Windows NT 10.0; Win64; x64) AppleWebKit/537.36 (KHTML, like Gecko) Chrome/122.0.0.0 Safari/537.36","Origin":"https://pay.ds.163.com","Referer":"https://pay.ds.163.com/","GL-ClientType":"60","GL-DeviceId":"b4533fdd-3462-4836-9dfe-2708c68eb52e","GL-Uid":"be10f7eff4c643c682d5a2322ec0dc7e","GL-X-XSRF-TOKEN":"4b090460-8fe1-41f7-a325-7f34b841865a","Accept-Encoding":"gzip, compress, deflate, br"}
[响应结果] {"httpStatus":404,"data":"<!DOCTYPE HTML PUBLIC \"-//W3C//DTD HTML 3.2 Final//EN\">\n<title>404 Not Found</title>\n<h1>Not Found</h1>\n<p>The requested URL was not found on the server. If you entered the URL manually please check your spelling and try again.</p>\n"}
============================================================
============================================================
[请求时间] 2026/8/3 09:33:31.501
[响应时间] 2026/8/3 09:33:31.636
[耗时] 135ms
[请求路径] https://pay-api.ds.163.com/api/nlogin
[请求方式] GET
[请求参数] {"query":{},"body":null}
[请求头] {"Accept":"application/json, text/plain, */*","Content-Type":"application/json;charset=UTF-8","GL-X-XSRF-TOKEN":"4b090460-8fe1-41f7-a325-7f34b841865a","User-Agent":"Mozilla/5.0 (Windows NT 10.0; Win64; x64) AppleWebKit/537.36 (KHTML, like Gecko) Chrome/122.0.0.0 Safari/537.36","Origin":"https://pay.ds.163.com","Referer":"https://pay.ds.163.com/","GL-ClientType":"60","GL-DeviceId":"b4533fdd-3462-4836-9dfe-2708c68eb52e","GL-Uid":"be10f7eff4c643c682d5a2322ec0dc7e","Accept-Encoding":"gzip, compress, deflate, br"}
[响应结果] {"httpStatus":200,"data":{"code":413,"msg":"登录失败"}}
============================================================
============================================================
[请求时间] 2026/8/3 09:33:31.634
[响应时间] 2026/8/3 09:33:31.794
[耗时] 160ms
[请求路径] https://inf.ds.163.com/v1/web/cooperate/plutus/cookie-exchange
[请求方式] GET
[请求参数] {"query":null,"body":null}
[请求头] {"Accept":"application/json, text/plain, */*","Content-Type":"application/json;charset=UTF-8","GL-X-XSRF-TOKEN":"4b090460-8fe1-41f7-a325-7f34b841865a","User-Agent":"Mozilla/5.0 (Windows NT 10.0; Win64; x64) AppleWebKit/537.36 (KHTML, like Gecko) Chrome/122.0.0.0 Safari/537.36","Origin":"https://pay.ds.163.com","Referer":"https://pay.ds.163.com/","GL-ClientType":"60","GL-DeviceId":"b4533fdd-3462-4836-9dfe-2708c68eb52e","GL-Uid":"be10f7eff4c643c682d5a2322ec0dc7e","Accept-Encoding":"gzip, compress, deflate, br"}
[响应结果] {"httpStatus":200,"data":{"result":{"user":{"uid":"be10f7eff4c643c682d5a2322ec0dc7e","nick":"ivy8","icon":"https://ok.166.net/reunionpub/3_20231022_18b5699a319275716.jpeg","intro":"","gender":1,"updateTime":1777822557963,"userSourceType":"URS"},"newUser":false},"code":200,"errmsg":"OK"}}
============================================================
============================================================
[请求时间] 2026/8/3 09:33:31.793
[响应时间] 2026/8/3 09:33:31.938
[耗时] 145ms
[请求路径] https://pay-api.ds.163.com/v1/web/init/server/time
[请求方式] GET
[请求参数] {"query":null,"body":null}
[请求头] {"Accept":"application/json, text/plain, */*","Content-Type":"application/json;charset=UTF-8","GL-X-XSRF-TOKEN":"4b090460-8fe1-41f7-a325-7f34b841865a","User-Agent":"Mozilla/5.0 (Windows NT 10.0; Win64; x64) AppleWebKit/537.36 (KHTML, like Gecko) Chrome/122.0.0.0 Safari/537.36","Origin":"https://pay.ds.163.com","Referer":"https://pay.ds.163.com/","GL-ClientType":"60","GL-DeviceId":"b4533fdd-3462-4836-9dfe-2708c68eb52e","GL-Uid":"be10f7eff4c643c682d5a2322ec0dc7e","Accept-Encoding":"gzip, compress, deflate, br"}
[响应结果] {"httpStatus":404,"data":"<!DOCTYPE HTML PUBLIC \"-//W3C//DTD HTML 3.2 Final//EN\">\n<title>404 Not Found</title>\n<h1>Not Found</h1>\n<p>The requested URL was not found on the server. If you entered the URL manually please check your spelling and try again.</p>\n"}
============================================================
============================================================
[请求时间] 2026/8/3 09:33:31.936
[响应时间] 2026/8/3 09:33:32.042
[耗时] 106ms
[请求路径] https://inf.ds.163.com/v1/web/exp/xy/user/get-info
[请求方式] POST
[请求参数] {"query":null,"body":{}}
[请求头] {"Accept":"application/json, text/plain, */*","Content-Type":"application/json;charset=UTF-8","GL-X-XSRF-TOKEN":"4b090460-8fe1-41f7-a325-7f34b841865a","User-Agent":"Mozilla/5.0 (Windows NT 10.0; Win64; x64) AppleWebKit/537.36 (KHTML, like Gecko) Chrome/122.0.0.0 Safari/537.36","Origin":"https://pay.ds.163.com","Referer":"https://pay.ds.163.com/","GL-ClientType":"60","GL-DeviceId":"b4533fdd-3462-4836-9dfe-2708c68eb52e","GL-Uid":"be10f7eff4c643c682d5a2322ec0dc7e","GL-CheckSum":"c49d8f58f3d1833463c9bbe871b8c50ba0b05aab","Content-Length":"2","Accept-Encoding":"gzip, compress, deflate, br"}
[响应结果] {"httpStatus":200,"data":{"result":{"growthPoint":113056,"currentLv":"V6","diffNextLvGrowthPoint":886944,"currentLvExpireDate":"20270108","currentLvExpire":1799337600000,"nextLv":"V7","activeGames":["l36","h74"],"last365LoginGames":["l36","h74"],"initDate":"20260108","lastLv":"V6"},"code":200,"errmsg":"OK"}}
============================================================
============================================================
[请求时间] 2026/8/3 09:33:32.041
[响应时间] 2026/8/3 09:33:32.096
[耗时] 55ms
[请求路径] https://inf.ds.163.com/v1/web/exp/week-coupon/showing-list-v2
[请求方式] POST
[请求参数] {"query":null,"body":{}}
[请求头] {"Accept":"application/json, text/plain, */*","Content-Type":"application/json;charset=UTF-8","GL-X-XSRF-TOKEN":"4b090460-8fe1-41f7-a325-7f34b841865a","User-Agent":"Mozilla/5.0 (Windows NT 10.0; Win64; x64) AppleWebKit/537.36 (KHTML, like Gecko) Chrome/122.0.0.0 Safari/537.36","Origin":"https://pay.ds.163.com","Referer":"https://pay.ds.163.com/","GL-ClientType":"60","GL-DeviceId":"b4533fdd-3462-4836-9dfe-2708c68eb52e","GL-Uid":"be10f7eff4c643c682d5a2322ec0dc7e","GL-CheckSum":"c49d8f58f3d1833463c9bbe871b8c50ba0b05aab","Content-Length":"2","Accept-Encoding":"gzip, compress, deflate, br"}
[响应结果] {"httpStatus":200,"data":{"result":{"coupons":[{"couponId":"687076e69f3efd24cb2bed9c","name":"V1","amount":1,"xyLevel":"V1","seckillTime":"WEEKLY","periods":[{"weekDay":3,"seckillStartTime":1785297600000,"seckillEndTime":1785470399999,"status":"ENDED"},{"weekDay":5,"seckillStartTime":1785470400000,"seckillEndTime":1785729599999,"status":"PROGRESSING"},{"weekDay":1,"seckillStartTime":1785729600000,"seckillEndTime":1785902399999,"status":"NOT_STARTED"},{"weekDay":3,"seckillStartTime":1785902400000,"seckillEndTime":1786075199999,"status":"NOT_STARTED"},{"weekDay":5,"seckillStartTime":1786075200000,"seckillEndTime":1786334399999,"status":"NOT_STARTED"},{"weekDay":1,"seckillStartTime":1786334400000,"seckillEndTime":1786507199999,"status":"NOT_STARTED"}]},{"couponId":"68708657f56f912f57e063bf","name":"V2","amount":2,"xyLevel":"V2","seckillTime":"WEEKLY","periods":[{"weekDay":3,"seckillStartTime":1785297600000,"seckillEndTime":1785470399999,"status":"ENDED"},{"weekDay":5,"seckillStartTime":1785470400000,"seckillEndTime":1785729599999,"status":"PROGRESSING"},{"weekDay":1,"seckillStartTime":1785729600000,"seckillEndTime":1785902399999,"status":"NOT_STARTED"},{"weekDay":3,"seckillStartTime":1785902400000,"seckillEndTime":1786075199999,"status":"NOT_STARTED"},{"weekDay":5,"seckillStartTime":1786075200000,"seckillEndTime":1786334399999,"status":"NOT_STARTED"},{"weekDay":1,"seckillStartTime":1786334400000,"seckillEndTime":1786507199999,"status":"NOT_STARTED"}]},{"couponId":"6870867989fddd2bbdec96bc","name":"V3","amount":3,"xyLevel":"V3","seckillTime":"WEEKLY","periods":[{"weekDay":3,"seckillStartTime":1785297600000,"seckillEndTime":1785470399999,"status":"ENDED"},{"weekDay":5,"seckillStartTime":1785470400000,"seckillEndTime":1785729599999,"status":"PROGRESSING"},{"weekDay":1,"seckillStartTime":1785729600000,"seckillEndTime":1785902399999,"status":"NOT_STARTED"},{"weekDay":3,"seckillStartTime":1785902400000,"seckillEndTime":1786075199999,"status":"NOT_STARTED"},{"weekDay":5,"seckillStartTime":1786075200000,"seckillEndTime":1786334399999,"status":"NOT_STARTED"},{"weekDay":1,"seckillStartTime":1786334400000,"seckillEndTime":1786507199999,"status":"NOT_STARTED"}]},{"couponId":"6870869cf56f912f57e063c0","name":"V4","amount":8,"xyLevel":"V4","seckillTime":"WEEKLY","periods":[{"weekDay":3,"seckillStartTime":1785297600000,"seckillEndTime":1785470399999,"status":"ENDED"},{"weekDay":5,"seckillStartTime":1785470400000,"seckillEndTime":1785729599999,"status":"PROGRESSING"},{"weekDay":1,"seckillStartTime":1785729600000,"seckillEndTime":1785902399999,"status":"NOT_STARTED"},{"weekDay":3,"seckillStartTime":1785902400000,"seckillEndTime":1786075199999,"status":"NOT_STARTED"},{"weekDay":5,"seckillStartTime":1786075200000,"seckillEndTime":1786334399999,"status":"NOT_STARTED"},{"weekDay":1,"seckillStartTime":1786334400000,"seckillEndTime":1786507199999,"status":"NOT_STARTED"}]},{"couponId":"687086e33d0d02335c1804f4","name":"V5","amount":18,"xyLevel":"V5","seckillTime":"WEEKLY","periods":[{"weekDay":3,"seckillStartTime":1785297600000,"seckillEndTime":1785470399999,"status":"ENDED"},{"weekDay":5,"seckillStartTime":1785470400000,"seckillEndTime":1785729599999,"status":"PROGRESSING"},{"weekDay":1,"seckillStartTime":1785729600000,"seckillEndTime":1785902399999,"status":"NOT_STARTED"},{"weekDay":3,"seckillStartTime":1785902400000,"seckillEndTime":1786075199999,"status":"NOT_STARTED"},{"weekDay":5,"seckillStartTime":1786075200000,"seckillEndTime":1786334399999,"status":"NOT_STARTED"},{"weekDay":1,"seckillStartTime":1786334400000,"seckillEndTime":1786507199999,"status":"NOT_STARTED"}]},{"couponId":"68708705f56f912f57e063c3","name":"V6","amount":30,"xyLevel":"V6","seckillTime":"WEEKLY","periods":[{"weekDay":3,"seckillStartTime":1785297600000,"seckillEndTime":1785470399999,"status":"ENDED"},{"weekDay":5,"seckillStartTime":1785470400000,"seckillEndTime":1785729599999,"status":"PROGRESSING","acquiredStatus":"OUT_OF_STOCK","stockId":"68708705f56f912f57e063c3_WEEKLY_1785470400000","stockRemain":0},{"weekDay":1,"seckillStartTime":1785729600000,"seckillEndTime":1785902399999,"status":"NOT_STARTED"},{"weekDay":3,"seckillStartTime":1785902400000,"seckillEndTime":1786075199999,"status":"NOT_STARTED"},{"weekDay":5,"seckillStartTime":1786075200000,"seckillEndTime":1786334399999,"status":"NOT_STARTED"},{"weekDay":1,"seckillStartTime":1786334400000,"seckillEndTime":1786507199999,"status":"NOT_STARTED"}]},{"couponId":"6870872e89fddd2bbdec96bd","name":"V7","amount":75,"xyLevel":"V7","seckillTime":"WEEKLY","periods":[{"weekDay":3,"seckillStartTime":1785297600000,"seckillEndTime":1785470399999,"status":"ENDED"},{"weekDay":5,"seckillStartTime":1785470400000,"seckillEndTime":1785729599999,"status":"PROGRESSING"},{"weekDay":1,"seckillStartTime":1785729600000,"seckillEndTime":1785902399999,"status":"NOT_STARTED"},{"weekDay":3,"seckillStartTime":1785902400000,"seckillEndTime":1786075199999,"status":"NOT_STARTED"},{"weekDay":5,"seckillStartTime":1786075200000,"seckillEndTime":1786334399999,"status":"NOT_STARTED"},{"weekDay":1,"seckillStartTime":1786334400000,"seckillEndTime":1786507199999,"status":"NOT_STARTED"}]}]},"code":200,"errmsg":"OK"}}
============================================================
============================================================
[请求时间] 2026/8/3 09:33:32.407
[响应时间] 2026/8/3 09:33:32.486
[耗时] 79ms
[请求路径] https://inf.ds.163.com/v1/web/exp/week-coupon/showing-list-v2
[请求方式] POST
[请求参数] {"query":null,"body":{}}
[请求头] {"Accept":"application/json, text/plain, */*","Content-Type":"application/json;charset=UTF-8","GL-X-XSRF-TOKEN":"4b090460-8fe1-41f7-a325-7f34b841865a","User-Agent":"Mozilla/5.0 (Windows NT 10.0; Win64; x64) AppleWebKit/537.36 (KHTML, like Gecko) Chrome/122.0.0.0 Safari/537.36","Origin":"https://pay.ds.163.com","Referer":"https://pay.ds.163.com/","GL-ClientType":"60","GL-DeviceId":"b4533fdd-3462-4836-9dfe-2708c68eb52e","GL-Uid":"be10f7eff4c643c682d5a2322ec0dc7e","GL-CheckSum":"c49d8f58f3d1833463c9bbe871b8c50ba0b05aab","Content-Length":"2","Accept-Encoding":"gzip, compress, deflate, br"}
[响应结果] {"httpStatus":200,"data":{"result":{"coupons":[{"couponId":"687076e69f3efd24cb2bed9c","name":"V1","amount":1,"xyLevel":"V1","seckillTime":"WEEKLY","periods":[{"weekDay":3,"seckillStartTime":1785297600000,"seckillEndTime":1785470399999,"status":"ENDED"},{"weekDay":5,"seckillStartTime":1785470400000,"seckillEndTime":1785729599999,"status":"PROGRESSING"},{"weekDay":1,"seckillStartTime":1785729600000,"seckillEndTime":1785902399999,"status":"NOT_STARTED"},{"weekDay":3,"seckillStartTime":1785902400000,"seckillEndTime":1786075199999,"status":"NOT_STARTED"},{"weekDay":5,"seckillStartTime":1786075200000,"seckillEndTime":1786334399999,"status":"NOT_STARTED"},{"weekDay":1,"seckillStartTime":1786334400000,"seckillEndTime":1786507199999,"status":"NOT_STARTED"}]},{"couponId":"68708657f56f912f57e063bf","name":"V2","amount":2,"xyLevel":"V2","seckillTime":"WEEKLY","periods":[{"weekDay":3,"seckillStartTime":1785297600000,"seckillEndTime":1785470399999,"status":"ENDED"},{"weekDay":5,"seckillStartTime":1785470400000,"seckillEndTime":1785729599999,"status":"PROGRESSING"},{"weekDay":1,"seckillStartTime":1785729600000,"seckillEndTime":1785902399999,"status":"NOT_STARTED"},{"weekDay":3,"seckillStartTime":1785902400000,"seckillEndTime":1786075199999,"status":"NOT_STARTED"},{"weekDay":5,"seckillStartTime":1786075200000,"seckillEndTime":1786334399999,"status":"NOT_STARTED"},{"weekDay":1,"seckillStartTime":1786334400000,"seckillEndTime":1786507199999,"status":"NOT_STARTED"}]},{"couponId":"6870867989fddd2bbdec96bc","name":"V3","amount":3,"xyLevel":"V3","seckillTime":"WEEKLY","periods":[{"weekDay":3,"seckillStartTime":1785297600000,"seckillEndTime":1785470399999,"status":"ENDED"},{"weekDay":5,"seckillStartTime":1785470400000,"seckillEndTime":1785729599999,"status":"PROGRESSING"},{"weekDay":1,"seckillStartTime":1785729600000,"seckillEndTime":1785902399999,"status":"NOT_STARTED"},{"weekDay":3,"seckillStartTime":1785902400000,"seckillEndTime":1786075199999,"status":"NOT_STARTED"},{"weekDay":5,"seckillStartTime":1786075200000,"seckillEndTime":1786334399999,"status":"NOT_STARTED"},{"weekDay":1,"seckillStartTime":1786334400000,"seckillEndTime":1786507199999,"status":"NOT_STARTED"}]},{"couponId":"6870869cf56f912f57e063c0","name":"V4","amount":8,"xyLevel":"V4","seckillTime":"WEEKLY","periods":[{"weekDay":3,"seckillStartTime":1785297600000,"seckillEndTime":1785470399999,"status":"ENDED"},{"weekDay":5,"seckillStartTime":1785470400000,"seckillEndTime":1785729599999,"status":"PROGRESSING"},{"weekDay":1,"seckillStartTime":1785729600000,"seckillEndTime":1785902399999,"status":"NOT_STARTED"},{"weekDay":3,"seckillStartTime":1785902400000,"seckillEndTime":1786075199999,"status":"NOT_STARTED"},{"weekDay":5,"seckillStartTime":1786075200000,"seckillEndTime":1786334399999,"status":"NOT_STARTED"},{"weekDay":1,"seckillStartTime":1786334400000,"seckillEndTime":1786507199999,"status":"NOT_STARTED"}]},{"couponId":"687086e33d0d02335c1804f4","name":"V5","amount":18,"xyLevel":"V5","seckillTime":"WEEKLY","periods":[{"weekDay":3,"seckillStartTime":1785297600000,"seckillEndTime":1785470399999,"status":"ENDED"},{"weekDay":5,"seckillStartTime":1785470400000,"seckillEndTime":1785729599999,"status":"PROGRESSING"},{"weekDay":1,"seckillStartTime":1785729600000,"seckillEndTime":1785902399999,"status":"NOT_STARTED"},{"weekDay":3,"seckillStartTime":1785902400000,"seckillEndTime":1786075199999,"status":"NOT_STARTED"},{"weekDay":5,"seckillStartTime":1786075200000,"seckillEndTime":1786334399999,"status":"NOT_STARTED"},{"weekDay":1,"seckillStartTime":1786334400000,"seckillEndTime":1786507199999,"status":"NOT_STARTED"}]},{"couponId":"68708705f56f912f57e063c3","name":"V6","amount":30,"xyLevel":"V6","seckillTime":"WEEKLY","periods":[{"weekDay":3,"seckillStartTime":1785297600000,"seckillEndTime":1785470399999,"status":"ENDED"},{"weekDay":5,"seckillStartTime":1785470400000,"seckillEndTime":1785729599999,"status":"PROGRESSING","acquiredStatus":"OUT_OF_STOCK","stockId":"68708705f56f912f57e063c3_WEEKLY_1785470400000","stockRemain":0},{"weekDay":1,"seckillStartTime":1785729600000,"seckillEndTime":1785902399999,"status":"NOT_STARTED"},{"weekDay":3,"seckillStartTime":1785902400000,"seckillEndTime":1786075199999,"status":"NOT_STARTED"},{"weekDay":5,"seckillStartTime":1786075200000,"seckillEndTime":1786334399999,"status":"NOT_STARTED"},{"weekDay":1,"seckillStartTime":1786334400000,"seckillEndTime":1786507199999,"status":"NOT_STARTED"}]},{"couponId":"6870872e89fddd2bbdec96bd","name":"V7","amount":75,"xyLevel":"V7","seckillTime":"WEEKLY","periods":[{"weekDay":3,"seckillStartTime":1785297600000,"seckillEndTime":1785470399999,"status":"ENDED"},{"weekDay":5,"seckillStartTime":1785470400000,"seckillEndTime":1785729599999,"status":"PROGRESSING"},{"weekDay":1,"seckillStartTime":1785729600000,"seckillEndTime":1785902399999,"status":"NOT_STARTED"},{"weekDay":3,"seckillStartTime":1785902400000,"seckillEndTime":1786075199999,"status":"NOT_STARTED"},{"weekDay":5,"seckillStartTime":1786075200000,"seckillEndTime":1786334399999,"status":"NOT_STARTED"},{"weekDay":1,"seckillStartTime":1786334400000,"seckillEndTime":1786507199999,"status":"NOT_STARTED"}]}]},"code":200,"errmsg":"OK"}}
============================================================
============================================================
[请求时间] 2026/8/3 09:33:32.484
[响应时间] 2026/8/3 09:33:32.616
[耗时] 132ms
[请求路径] https://pay-api.ds.163.com/v1/web/init/server/time
[请求方式] GET
[请求参数] {"query":null,"body":null}
[请求头] {"Accept":"application/json, text/plain, */*","Content-Type":"application/json;charset=UTF-8","GL-X-XSRF-TOKEN":"4b090460-8fe1-41f7-a325-7f34b841865a","User-Agent":"Mozilla/5.0 (Windows NT 10.0; Win64; x64) AppleWebKit/537.36 (KHTML, like Gecko) Chrome/122.0.0.0 Safari/537.36","Origin":"https://pay.ds.163.com","Referer":"https://pay.ds.163.com/","GL-ClientType":"60","GL-DeviceId":"b4533fdd-3462-4836-9dfe-2708c68eb52e","GL-Uid":"be10f7eff4c643c682d5a2322ec0dc7e","Accept-Encoding":"gzip, compress, deflate, br"}
[响应结果] {"httpStatus":404,"data":"<!DOCTYPE HTML PUBLIC \"-//W3C//DTD HTML 3.2 Final//EN\">\n<title>404 Not Found</title>\n<h1>Not Found</h1>\n<p>The requested URL was not found on the server. If you entered the URL manually please check your spelling and try again.</p>\n"}
============================================================
============================================================
[请求时间] 2026/8/3 09:33:32.615
[响应时间] 2026/8/3 09:33:32.756
[耗时] 141ms
[请求路径] https://pay-api.ds.163.com/api/nlogin
[请求方式] GET
[请求参数] {"query":{},"body":null}
[请求头] {"Accept":"application/json, text/plain, */*","Content-Type":"application/json;charset=UTF-8","GL-X-XSRF-TOKEN":"4b090460-8fe1-41f7-a325-7f34b841865a","User-Agent":"Mozilla/5.0 (Windows NT 10.0; Win64; x64) AppleWebKit/537.36 (KHTML, like Gecko) Chrome/122.0.0.0 Safari/537.36","Origin":"https://pay.ds.163.com","Referer":"https://pay.ds.163.com/","GL-ClientType":"60","GL-DeviceId":"b4533fdd-3462-4836-9dfe-2708c68eb52e","GL-Uid":"be10f7eff4c643c682d5a2322ec0dc7e","Accept-Encoding":"gzip, compress, deflate, br"}
[响应结果] {"httpStatus":200,"data":{"code":413,"msg":"登录失败"}}
============================================================
============================================================
[请求时间] 2026/8/3 09:39:28.284
[响应时间] 2026/8/3 09:39:28.476
[耗时] 192ms
[请求路径] https://pay-api.ds.163.com/v1/web/init/server/time
[请求方式] GET
[请求参数] {"query":null,"body":null}
[请求头] {"Accept":"application/json, text/plain, */*","Content-Type":"application/json;charset=UTF-8","User-Agent":"Mozilla/5.0 (Windows NT 10.0; Win64; x64) AppleWebKit/537.36 (KHTML, like Gecko) Chrome/122.0.0.0 Safari/537.36","Origin":"https://pay.ds.163.com","Referer":"https://pay.ds.163.com/","GL-ClientType":"60","GL-DeviceId":"b4533fdd-3462-4836-9dfe-2708c68eb52e","GL-Uid":"be10f7eff4c643c682d5a2322ec0dc7e","GL-X-XSRF-TOKEN":"4b090460-8fe1-41f7-a325-7f34b841865a","Accept-Encoding":"gzip, compress, deflate, br"}
[响应结果] {"httpStatus":404,"data":"<!DOCTYPE HTML PUBLIC \"-//W3C//DTD HTML 3.2 Final//EN\">\n<title>404 Not Found</title>\n<h1>Not Found</h1>\n<p>The requested URL was not found on the server. If you entered the URL manually please check your spelling and try again.</p>\n"}
============================================================
============================================================
[请求时间] 2026/8/3 09:39:28.475
[响应时间] 2026/8/3 09:39:28.624
[耗时] 149ms
[请求路径] https://pay-api.ds.163.com/api/nlogin
[请求方式] GET
[请求参数] {"query":{},"body":null}
[请求头] {"Accept":"application/json, text/plain, */*","Content-Type":"application/json;charset=UTF-8","GL-X-XSRF-TOKEN":"4b090460-8fe1-41f7-a325-7f34b841865a","User-Agent":"Mozilla/5.0 (Windows NT 10.0; Win64; x64) AppleWebKit/537.36 (KHTML, like Gecko) Chrome/122.0.0.0 Safari/537.36","Origin":"https://pay.ds.163.com","Referer":"https://pay.ds.163.com/","GL-ClientType":"60","GL-DeviceId":"b4533fdd-3462-4836-9dfe-2708c68eb52e","GL-Uid":"be10f7eff4c643c682d5a2322ec0dc7e","Accept-Encoding":"gzip, compress, deflate, br"}
[响应结果] {"httpStatus":200,"data":{"code":413,"msg":"登录失败"}}
============================================================
============================================================
[请求时间] 2026/8/3 09:39:28.623
[响应时间] 2026/8/3 09:39:28.769
[耗时] 146ms
[请求路径] https://inf.ds.163.com/v1/web/cooperate/plutus/cookie-exchange
[请求方式] GET
[请求参数] {"query":null,"body":null}
[请求头] {"Accept":"application/json, text/plain, */*","Content-Type":"application/json;charset=UTF-8","GL-X-XSRF-TOKEN":"4b090460-8fe1-41f7-a325-7f34b841865a","User-Agent":"Mozilla/5.0 (Windows NT 10.0; Win64; x64) AppleWebKit/537.36 (KHTML, like Gecko) Chrome/122.0.0.0 Safari/537.36","Origin":"https://pay.ds.163.com","Referer":"https://pay.ds.163.com/","GL-ClientType":"60","GL-DeviceId":"b4533fdd-3462-4836-9dfe-2708c68eb52e","GL-Uid":"be10f7eff4c643c682d5a2322ec0dc7e","Accept-Encoding":"gzip, compress, deflate, br"}
[响应结果] {"httpStatus":200,"data":{"result":{"user":{"uid":"be10f7eff4c643c682d5a2322ec0dc7e","nick":"ivy8","icon":"https://ok.166.net/reunionpub/3_20231022_18b5699a319275716.jpeg","intro":"","gender":1,"updateTime":1777822557963,"userSourceType":"URS"},"newUser":false},"code":200,"errmsg":"OK"}}
============================================================
============================================================
[请求时间] 2026/8/3 09:39:28.768
[响应时间] 2026/8/3 09:39:28.909
[耗时] 141ms
[请求路径] https://pay-api.ds.163.com/v1/web/init/server/time
[请求方式] GET
[请求参数] {"query":null,"body":null}
[请求头] {"Accept":"application/json, text/plain, */*","Content-Type":"application/json;charset=UTF-8","GL-X-XSRF-TOKEN":"4b090460-8fe1-41f7-a325-7f34b841865a","User-Agent":"Mozilla/5.0 (Windows NT 10.0; Win64; x64) AppleWebKit/537.36 (KHTML, like Gecko) Chrome/122.0.0.0 Safari/537.36","Origin":"https://pay.ds.163.com","Referer":"https://pay.ds.163.com/","GL-ClientType":"60","GL-DeviceId":"b4533fdd-3462-4836-9dfe-2708c68eb52e","GL-Uid":"be10f7eff4c643c682d5a2322ec0dc7e","Accept-Encoding":"gzip, compress, deflate, br"}
[响应结果] {"httpStatus":404,"data":"<!DOCTYPE HTML PUBLIC \"-//W3C//DTD HTML 3.2 Final//EN\">\n<title>404 Not Found</title>\n<h1>Not Found</h1>\n<p>The requested URL was not found on the server. If you entered the URL manually please check your spelling and try again.</p>\n"}
============================================================
============================================================
[请求时间] 2026/8/3 09:39:28.908
[响应时间] 2026/8/3 09:39:29.025
[耗时] 117ms
[请求路径] https://inf.ds.163.com/v1/web/exp/xy/user/get-info
[请求方式] POST
[请求参数] {"query":null,"body":{}}
[请求头] {"Accept":"application/json, text/plain, */*","Content-Type":"application/json;charset=UTF-8","GL-X-XSRF-TOKEN":"4b090460-8fe1-41f7-a325-7f34b841865a","User-Agent":"Mozilla/5.0 (Windows NT 10.0; Win64; x64) AppleWebKit/537.36 (KHTML, like Gecko) Chrome/122.0.0.0 Safari/537.36","Origin":"https://pay.ds.163.com","Referer":"https://pay.ds.163.com/","GL-ClientType":"60","GL-DeviceId":"b4533fdd-3462-4836-9dfe-2708c68eb52e","GL-Uid":"be10f7eff4c643c682d5a2322ec0dc7e","GL-CheckSum":"c49d8f58f3d1833463c9bbe871b8c50ba0b05aab","Content-Length":"2","Accept-Encoding":"gzip, compress, deflate, br"}
[响应结果] {"httpStatus":200,"data":{"result":{"growthPoint":113056,"currentLv":"V6","diffNextLvGrowthPoint":886944,"currentLvExpireDate":"20270108","currentLvExpire":1799337600000,"nextLv":"V7","activeGames":["l36","h74"],"last365LoginGames":["l36","h74"],"initDate":"20260108","lastLv":"V6"},"code":200,"errmsg":"OK"}}
============================================================
============================================================
[请求时间] 2026/8/3 09:39:29.025
[响应时间] 2026/8/3 09:39:29.087
[耗时] 62ms
[请求路径] https://inf.ds.163.com/v1/web/exp/week-coupon/showing-list-v2
[请求方式] POST
[请求参数] {"query":null,"body":{}}
[请求头] {"Accept":"application/json, text/plain, */*","Content-Type":"application/json;charset=UTF-8","GL-X-XSRF-TOKEN":"4b090460-8fe1-41f7-a325-7f34b841865a","User-Agent":"Mozilla/5.0 (Windows NT 10.0; Win64; x64) AppleWebKit/537.36 (KHTML, like Gecko) Chrome/122.0.0.0 Safari/537.36","Origin":"https://pay.ds.163.com","Referer":"https://pay.ds.163.com/","GL-ClientType":"60","GL-DeviceId":"b4533fdd-3462-4836-9dfe-2708c68eb52e","GL-Uid":"be10f7eff4c643c682d5a2322ec0dc7e","GL-CheckSum":"c49d8f58f3d1833463c9bbe871b8c50ba0b05aab","Content-Length":"2","Accept-Encoding":"gzip, compress, deflate, br"}
[响应结果] {"httpStatus":200,"data":{"result":{"coupons":[{"couponId":"687076e69f3efd24cb2bed9c","name":"V1","amount":1,"xyLevel":"V1","seckillTime":"WEEKLY","periods":[{"weekDay":3,"seckillStartTime":1785297600000,"seckillEndTime":1785470399999,"status":"ENDED"},{"weekDay":5,"seckillStartTime":1785470400000,"seckillEndTime":1785729599999,"status":"PROGRESSING"},{"weekDay":1,"seckillStartTime":1785729600000,"seckillEndTime":1785902399999,"status":"NOT_STARTED"},{"weekDay":3,"seckillStartTime":1785902400000,"seckillEndTime":1786075199999,"status":"NOT_STARTED"},{"weekDay":5,"seckillStartTime":1786075200000,"seckillEndTime":1786334399999,"status":"NOT_STARTED"},{"weekDay":1,"seckillStartTime":1786334400000,"seckillEndTime":1786507199999,"status":"NOT_STARTED"}]},{"couponId":"68708657f56f912f57e063bf","name":"V2","amount":2,"xyLevel":"V2","seckillTime":"WEEKLY","periods":[{"weekDay":3,"seckillStartTime":1785297600000,"seckillEndTime":1785470399999,"status":"ENDED"},{"weekDay":5,"seckillStartTime":1785470400000,"seckillEndTime":1785729599999,"status":"PROGRESSING"},{"weekDay":1,"seckillStartTime":1785729600000,"seckillEndTime":1785902399999,"status":"NOT_STARTED"},{"weekDay":3,"seckillStartTime":1785902400000,"seckillEndTime":1786075199999,"status":"NOT_STARTED"},{"weekDay":5,"seckillStartTime":1786075200000,"seckillEndTime":1786334399999,"status":"NOT_STARTED"},{"weekDay":1,"seckillStartTime":1786334400000,"seckillEndTime":1786507199999,"status":"NOT_STARTED"}]},{"couponId":"6870867989fddd2bbdec96bc","name":"V3","amount":3,"xyLevel":"V3","seckillTime":"WEEKLY","periods":[{"weekDay":3,"seckillStartTime":1785297600000,"seckillEndTime":1785470399999,"status":"ENDED"},{"weekDay":5,"seckillStartTime":1785470400000,"seckillEndTime":1785729599999,"status":"PROGRESSING"},{"weekDay":1,"seckillStartTime":1785729600000,"seckillEndTime":1785902399999,"status":"NOT_STARTED"},{"weekDay":3,"seckillStartTime":1785902400000,"seckillEndTime":1786075199999,"status":"NOT_STARTED"},{"weekDay":5,"seckillStartTime":1786075200000,"seckillEndTime":1786334399999,"status":"NOT_STARTED"},{"weekDay":1,"seckillStartTime":1786334400000,"seckillEndTime":1786507199999,"status":"NOT_STARTED"}]},{"couponId":"6870869cf56f912f57e063c0","name":"V4","amount":8,"xyLevel":"V4","seckillTime":"WEEKLY","periods":[{"weekDay":3,"seckillStartTime":1785297600000,"seckillEndTime":1785470399999,"status":"ENDED"},{"weekDay":5,"seckillStartTime":1785470400000,"seckillEndTime":1785729599999,"status":"PROGRESSING"},{"weekDay":1,"seckillStartTime":1785729600000,"seckillEndTime":1785902399999,"status":"NOT_STARTED"},{"weekDay":3,"seckillStartTime":1785902400000,"seckillEndTime":1786075199999,"status":"NOT_STARTED"},{"weekDay":5,"seckillStartTime":1786075200000,"seckillEndTime":1786334399999,"status":"NOT_STARTED"},{"weekDay":1,"seckillStartTime":1786334400000,"seckillEndTime":1786507199999,"status":"NOT_STARTED"}]},{"couponId":"687086e33d0d02335c1804f4","name":"V5","amount":18,"xyLevel":"V5","seckillTime":"WEEKLY","periods":[{"weekDay":3,"seckillStartTime":1785297600000,"seckillEndTime":1785470399999,"status":"ENDED"},{"weekDay":5,"seckillStartTime":1785470400000,"seckillEndTime":1785729599999,"status":"PROGRESSING"},{"weekDay":1,"seckillStartTime":1785729600000,"seckillEndTime":1785902399999,"status":"NOT_STARTED"},{"weekDay":3,"seckillStartTime":1785902400000,"seckillEndTime":1786075199999,"status":"NOT_STARTED"},{"weekDay":5,"seckillStartTime":1786075200000,"seckillEndTime":1786334399999,"status":"NOT_STARTED"},{"weekDay":1,"seckillStartTime":1786334400000,"seckillEndTime":1786507199999,"status":"NOT_STARTED"}]},{"couponId":"68708705f56f912f57e063c3","name":"V6","amount":30,"xyLevel":"V6","seckillTime":"WEEKLY","periods":[{"weekDay":3,"seckillStartTime":1785297600000,"seckillEndTime":1785470399999,"status":"ENDED"},{"weekDay":5,"seckillStartTime":1785470400000,"seckillEndTime":1785729599999,"status":"PROGRESSING","acquiredStatus":"OUT_OF_STOCK","stockId":"68708705f56f912f57e063c3_WEEKLY_1785470400000","stockRemain":0},{"weekDay":1,"seckillStartTime":1785729600000,"seckillEndTime":1785902399999,"status":"NOT_STARTED"},{"weekDay":3,"seckillStartTime":1785902400000,"seckillEndTime":1786075199999,"status":"NOT_STARTED"},{"weekDay":5,"seckillStartTime":1786075200000,"seckillEndTime":1786334399999,"status":"NOT_STARTED"},{"weekDay":1,"seckillStartTime":1786334400000,"seckillEndTime":1786507199999,"status":"NOT_STARTED"}]},{"couponId":"6870872e89fddd2bbdec96bd","name":"V7","amount":75,"xyLevel":"V7","seckillTime":"WEEKLY","periods":[{"weekDay":3,"seckillStartTime":1785297600000,"seckillEndTime":1785470399999,"status":"ENDED"},{"weekDay":5,"seckillStartTime":1785470400000,"seckillEndTime":1785729599999,"status":"PROGRESSING"},{"weekDay":1,"seckillStartTime":1785729600000,"seckillEndTime":1785902399999,"status":"NOT_STARTED"},{"weekDay":3,"seckillStartTime":1785902400000,"seckillEndTime":1786075199999,"status":"NOT_STARTED"},{"weekDay":5,"seckillStartTime":1786075200000,"seckillEndTime":1786334399999,"status":"NOT_STARTED"},{"weekDay":1,"seckillStartTime":1786334400000,"seckillEndTime":1786507199999,"status":"NOT_STARTED"}]}]},"code":200,"errmsg":"OK"}}
============================================================
============================================================
[请求时间] 2026/8/3 09:39:29.449
[响应时间] 2026/8/3 09:39:29.526
[耗时] 77ms
[请求路径] https://inf.ds.163.com/v1/web/exp/week-coupon/showing-list-v2
[请求方式] POST
[请求参数] {"query":null,"body":{}}
[请求头] {"Accept":"application/json, text/plain, */*","Content-Type":"application/json;charset=UTF-8","GL-X-XSRF-TOKEN":"4b090460-8fe1-41f7-a325-7f34b841865a","User-Agent":"Mozilla/5.0 (Windows NT 10.0; Win64; x64) AppleWebKit/537.36 (KHTML, like Gecko) Chrome/122.0.0.0 Safari/537.36","Origin":"https://pay.ds.163.com","Referer":"https://pay.ds.163.com/","GL-ClientType":"60","GL-DeviceId":"b4533fdd-3462-4836-9dfe-2708c68eb52e","GL-Uid":"be10f7eff4c643c682d5a2322ec0dc7e","GL-CheckSum":"c49d8f58f3d1833463c9bbe871b8c50ba0b05aab","Content-Length":"2","Accept-Encoding":"gzip, compress, deflate, br"}
[响应结果] {"httpStatus":200,"data":{"result":{"coupons":[{"couponId":"687076e69f3efd24cb2bed9c","name":"V1","amount":1,"xyLevel":"V1","seckillTime":"WEEKLY","periods":[{"weekDay":3,"seckillStartTime":1785297600000,"seckillEndTime":1785470399999,"status":"ENDED"},{"weekDay":5,"seckillStartTime":1785470400000,"seckillEndTime":1785729599999,"status":"PROGRESSING"},{"weekDay":1,"seckillStartTime":1785729600000,"seckillEndTime":1785902399999,"status":"NOT_STARTED"},{"weekDay":3,"seckillStartTime":1785902400000,"seckillEndTime":1786075199999,"status":"NOT_STARTED"},{"weekDay":5,"seckillStartTime":1786075200000,"seckillEndTime":1786334399999,"status":"NOT_STARTED"},{"weekDay":1,"seckillStartTime":1786334400000,"seckillEndTime":1786507199999,"status":"NOT_STARTED"}]},{"couponId":"68708657f56f912f57e063bf","name":"V2","amount":2,"xyLevel":"V2","seckillTime":"WEEKLY","periods":[{"weekDay":3,"seckillStartTime":1785297600000,"seckillEndTime":1785470399999,"status":"ENDED"},{"weekDay":5,"seckillStartTime":1785470400000,"seckillEndTime":1785729599999,"status":"PROGRESSING"},{"weekDay":1,"seckillStartTime":1785729600000,"seckillEndTime":1785902399999,"status":"NOT_STARTED"},{"weekDay":3,"seckillStartTime":1785902400000,"seckillEndTime":1786075199999,"status":"NOT_STARTED"},{"weekDay":5,"seckillStartTime":1786075200000,"seckillEndTime":1786334399999,"status":"NOT_STARTED"},{"weekDay":1,"seckillStartTime":1786334400000,"seckillEndTime":1786507199999,"status":"NOT_STARTED"}]},{"couponId":"6870867989fddd2bbdec96bc","name":"V3","amount":3,"xyLevel":"V3","seckillTime":"WEEKLY","periods":[{"weekDay":3,"seckillStartTime":1785297600000,"seckillEndTime":1785470399999,"status":"ENDED"},{"weekDay":5,"seckillStartTime":1785470400000,"seckillEndTime":1785729599999,"status":"PROGRESSING"},{"weekDay":1,"seckillStartTime":1785729600000,"seckillEndTime":1785902399999,"status":"NOT_STARTED"},{"weekDay":3,"seckillStartTime":1785902400000,"seckillEndTime":1786075199999,"status":"NOT_STARTED"},{"weekDay":5,"seckillStartTime":1786075200000,"seckillEndTime":1786334399999,"status":"NOT_STARTED"},{"weekDay":1,"seckillStartTime":1786334400000,"seckillEndTime":1786507199999,"status":"NOT_STARTED"}]},{"couponId":"6870869cf56f912f57e063c0","name":"V4","amount":8,"xyLevel":"V4","seckillTime":"WEEKLY","periods":[{"weekDay":3,"seckillStartTime":1785297600000,"seckillEndTime":1785470399999,"status":"ENDED"},{"weekDay":5,"seckillStartTime":1785470400000,"seckillEndTime":1785729599999,"status":"PROGRESSING"},{"weekDay":1,"seckillStartTime":1785729600000,"seckillEndTime":1785902399999,"status":"NOT_STARTED"},{"weekDay":3,"seckillStartTime":1785902400000,"seckillEndTime":1786075199999,"status":"NOT_STARTED"},{"weekDay":5,"seckillStartTime":1786075200000,"seckillEndTime":1786334399999,"status":"NOT_STARTED"},{"weekDay":1,"seckillStartTime":1786334400000,"seckillEndTime":1786507199999,"status":"NOT_STARTED"}]},{"couponId":"687086e33d0d02335c1804f4","name":"V5","amount":18,"xyLevel":"V5","seckillTime":"WEEKLY","periods":[{"weekDay":3,"seckillStartTime":1785297600000,"seckillEndTime":1785470399999,"status":"ENDED"},{"weekDay":5,"seckillStartTime":1785470400000,"seckillEndTime":1785729599999,"status":"PROGRESSING"},{"weekDay":1,"seckillStartTime":1785729600000,"seckillEndTime":1785902399999,"status":"NOT_STARTED"},{"weekDay":3,"seckillStartTime":1785902400000,"seckillEndTime":1786075199999,"status":"NOT_STARTED"},{"weekDay":5,"seckillStartTime":1786075200000,"seckillEndTime":1786334399999,"status":"NOT_STARTED"},{"weekDay":1,"seckillStartTime":1786334400000,"seckillEndTime":1786507199999,"status":"NOT_STARTED"}]},{"couponId":"68708705f56f912f57e063c3","name":"V6","amount":30,"xyLevel":"V6","seckillTime":"WEEKLY","periods":[{"weekDay":3,"seckillStartTime":1785297600000,"seckillEndTime":1785470399999,"status":"ENDED"},{"weekDay":5,"seckillStartTime":1785470400000,"seckillEndTime":1785729599999,"status":"PROGRESSING","acquiredStatus":"OUT_OF_STOCK","stockId":"68708705f56f912f57e063c3_WEEKLY_1785470400000","stockRemain":0},{"weekDay":1,"seckillStartTime":1785729600000,"seckillEndTime":1785902399999,"status":"NOT_STARTED"},{"weekDay":3,"seckillStartTime":1785902400000,"seckillEndTime":1786075199999,"status":"NOT_STARTED"},{"weekDay":5,"seckillStartTime":1786075200000,"seckillEndTime":1786334399999,"status":"NOT_STARTED"},{"weekDay":1,"seckillStartTime":1786334400000,"seckillEndTime":1786507199999,"status":"NOT_STARTED"}]},{"couponId":"6870872e89fddd2bbdec96bd","name":"V7","amount":75,"xyLevel":"V7","seckillTime":"WEEKLY","periods":[{"weekDay":3,"seckillStartTime":1785297600000,"seckillEndTime":1785470399999,"status":"ENDED"},{"weekDay":5,"seckillStartTime":1785470400000,"seckillEndTime":1785729599999,"status":"PROGRESSING"},{"weekDay":1,"seckillStartTime":1785729600000,"seckillEndTime":1785902399999,"status":"NOT_STARTED"},{"weekDay":3,"seckillStartTime":1785902400000,"seckillEndTime":1786075199999,"status":"NOT_STARTED"},{"weekDay":5,"seckillStartTime":1786075200000,"seckillEndTime":1786334399999,"status":"NOT_STARTED"},{"weekDay":1,"seckillStartTime":1786334400000,"seckillEndTime":1786507199999,"status":"NOT_STARTED"}]}]},"code":200,"errmsg":"OK"}}
============================================================
============================================================
[请求时间] 2026/8/3 09:39:29.525
[响应时间] 2026/8/3 09:39:29.662
[耗时] 137ms
[请求路径] https://pay-api.ds.163.com/v1/web/init/server/time
[请求方式] GET
[请求参数] {"query":null,"body":null}
[请求头] {"Accept":"application/json, text/plain, */*","Content-Type":"application/json;charset=UTF-8","GL-X-XSRF-TOKEN":"4b090460-8fe1-41f7-a325-7f34b841865a","User-Agent":"Mozilla/5.0 (Windows NT 10.0; Win64; x64) AppleWebKit/537.36 (KHTML, like Gecko) Chrome/122.0.0.0 Safari/537.36","Origin":"https://pay.ds.163.com","Referer":"https://pay.ds.163.com/","GL-ClientType":"60","GL-DeviceId":"b4533fdd-3462-4836-9dfe-2708c68eb52e","GL-Uid":"be10f7eff4c643c682d5a2322ec0dc7e","Accept-Encoding":"gzip, compress, deflate, br"}
[响应结果] {"httpStatus":404,"data":"<!DOCTYPE HTML PUBLIC \"-//W3C//DTD HTML 3.2 Final//EN\">\n<title>404 Not Found</title>\n<h1>Not Found</h1>\n<p>The requested URL was not found on the server. If you entered the URL manually please check your spelling and try again.</p>\n"}
============================================================
============================================================
[请求时间] 2026/8/3 09:39:29.661
[响应时间] 2026/8/3 09:39:29.797
[耗时] 136ms
[请求路径] https://pay-api.ds.163.com/api/nlogin
[请求方式] GET
[请求参数] {"query":{},"body":null}
[请求头] {"Accept":"application/json, text/plain, */*","Content-Type":"application/json;charset=UTF-8","GL-X-XSRF-TOKEN":"4b090460-8fe1-41f7-a325-7f34b841865a","User-Agent":"Mozilla/5.0 (Windows NT 10.0; Win64; x64) AppleWebKit/537.36 (KHTML, like Gecko) Chrome/122.0.0.0 Safari/537.36","Origin":"https://pay.ds.163.com","Referer":"https://pay.ds.163.com/","GL-ClientType":"60","GL-DeviceId":"b4533fdd-3462-4836-9dfe-2708c68eb52e","GL-Uid":"be10f7eff4c643c682d5a2322ec0dc7e","Accept-Encoding":"gzip, compress, deflate, br"}
[响应结果] {"httpStatus":200,"data":{"code":413,"msg":"登录失败"}}
============================================================
============================================================
[请求时间] 2026/8/3 11:00:26.207
[响应时间] 2026/8/3 11:00:26.403
[耗时] 196ms
[请求路径] https://pay-api.ds.163.com/v1/web/init/server/time
[请求方式] GET
[请求参数] {"query":null,"body":null}
[请求头] {"Accept":"application/json, text/plain, */*","Content-Type":"application/json;charset=UTF-8","User-Agent":"Mozilla/5.0 (Windows NT 10.0; Win64; x64) AppleWebKit/537.36 (KHTML, like Gecko) Chrome/122.0.0.0 Safari/537.36","Origin":"https://pay.ds.163.com","Referer":"https://pay.ds.163.com/","GL-ClientType":"60","GL-DeviceId":"b4533fdd-3462-4836-9dfe-2708c68eb52e","GL-Uid":"be10f7eff4c643c682d5a2322ec0dc7e","GL-X-XSRF-TOKEN":"4b090460-8fe1-41f7-a325-7f34b841865a","Accept-Encoding":"gzip, compress, deflate, br"}
[响应结果] {"httpStatus":404,"data":"<!DOCTYPE HTML PUBLIC \"-//W3C//DTD HTML 3.2 Final//EN\">\n<title>404 Not Found</title>\n<h1>Not Found</h1>\n<p>The requested URL was not found on the server. If you entered the URL manually please check your spelling and try again.</p>\n"}
============================================================
============================================================
[请求时间] 2026/8/3 11:00:26.402
[响应时间] 2026/8/3 11:00:27.543
[耗时] 1141ms
[请求路径] https://pay-api.ds.163.com/api/nlogin
[请求方式] GET
[请求参数] {"query":{},"body":null}
[请求头] {"Accept":"application/json, text/plain, */*","Content-Type":"application/json;charset=UTF-8","GL-X-XSRF-TOKEN":"4b090460-8fe1-41f7-a325-7f34b841865a","User-Agent":"Mozilla/5.0 (Windows NT 10.0; Win64; x64) AppleWebKit/537.36 (KHTML, like Gecko) Chrome/122.0.0.0 Safari/537.36","Origin":"https://pay.ds.163.com","Referer":"https://pay.ds.163.com/","GL-ClientType":"60","GL-DeviceId":"b4533fdd-3462-4836-9dfe-2708c68eb52e","GL-Uid":"be10f7eff4c643c682d5a2322ec0dc7e","Accept-Encoding":"gzip, compress, deflate, br"}
[响应结果] {"httpStatus":200,"data":{"code":413,"msg":"登录失败"}}
============================================================
============================================================
[请求时间] 2026/8/3 11:00:27.542
[响应时间] 2026/8/3 11:00:27.682
[耗时] 140ms
[请求路径] https://inf.ds.163.com/v1/web/cooperate/plutus/cookie-exchange
[请求方式] GET
[请求参数] {"query":null,"body":null}
[请求头] {"Accept":"application/json, text/plain, */*","Content-Type":"application/json;charset=UTF-8","GL-X-XSRF-TOKEN":"4b090460-8fe1-41f7-a325-7f34b841865a","User-Agent":"Mozilla/5.0 (Windows NT 10.0; Win64; x64) AppleWebKit/537.36 (KHTML, like Gecko) Chrome/122.0.0.0 Safari/537.36","Origin":"https://pay.ds.163.com","Referer":"https://pay.ds.163.com/","GL-ClientType":"60","GL-DeviceId":"b4533fdd-3462-4836-9dfe-2708c68eb52e","GL-Uid":"be10f7eff4c643c682d5a2322ec0dc7e","Accept-Encoding":"gzip, compress, deflate, br"}
[响应结果] {"httpStatus":200,"data":{"result":{"user":{"uid":"be10f7eff4c643c682d5a2322ec0dc7e","nick":"ivy8","icon":"https://ok.166.net/reunionpub/3_20231022_18b5699a319275716.jpeg","intro":"","gender":1,"updateTime":1777822557963,"userSourceType":"URS"},"newUser":false},"code":200,"errmsg":"OK"}}
============================================================
============================================================
[请求时间] 2026/8/3 11:00:27.682
[响应时间] 2026/8/3 11:00:27.822
[耗时] 140ms
[请求路径] https://pay-api.ds.163.com/v1/web/init/server/time
[请求方式] GET
[请求参数] {"query":null,"body":null}
[请求头] {"Accept":"application/json, text/plain, */*","Content-Type":"application/json;charset=UTF-8","GL-X-XSRF-TOKEN":"4b090460-8fe1-41f7-a325-7f34b841865a","User-Agent":"Mozilla/5.0 (Windows NT 10.0; Win64; x64) AppleWebKit/537.36 (KHTML, like Gecko) Chrome/122.0.0.0 Safari/537.36","Origin":"https://pay.ds.163.com","Referer":"https://pay.ds.163.com/","GL-ClientType":"60","GL-DeviceId":"b4533fdd-3462-4836-9dfe-2708c68eb52e","GL-Uid":"be10f7eff4c643c682d5a2322ec0dc7e","Accept-Encoding":"gzip, compress, deflate, br"}
[响应结果] {"httpStatus":404,"data":"<!DOCTYPE HTML PUBLIC \"-//W3C//DTD HTML 3.2 Final//EN\">\n<title>404 Not Found</title>\n<h1>Not Found</h1>\n<p>The requested URL was not found on the server. If you entered the URL manually please check your spelling and try again.</p>\n"}
============================================================
============================================================
[请求时间] 2026/8/3 11:00:27.822
[响应时间] 2026/8/3 11:00:27.918
[耗时] 96ms
[请求路径] https://inf.ds.163.com/v1/web/exp/xy/user/get-info
[请求方式] POST
[请求参数] {"query":null,"body":{}}
[请求头] {"Accept":"application/json, text/plain, */*","Content-Type":"application/json;charset=UTF-8","GL-X-XSRF-TOKEN":"4b090460-8fe1-41f7-a325-7f34b841865a","User-Agent":"Mozilla/5.0 (Windows NT 10.0; Win64; x64) AppleWebKit/537.36 (KHTML, like Gecko) Chrome/122.0.0.0 Safari/537.36","Origin":"https://pay.ds.163.com","Referer":"https://pay.ds.163.com/","GL-ClientType":"60","GL-DeviceId":"b4533fdd-3462-4836-9dfe-2708c68eb52e","GL-Uid":"be10f7eff4c643c682d5a2322ec0dc7e","GL-CheckSum":"c49d8f58f3d1833463c9bbe871b8c50ba0b05aab","Content-Length":"2","Accept-Encoding":"gzip, compress, deflate, br"}
[响应结果] {"httpStatus":200,"data":{"result":{"growthPoint":113056,"currentLv":"V6","diffNextLvGrowthPoint":886944,"currentLvExpireDate":"20270108","currentLvExpire":1799337600000,"nextLv":"V7","activeGames":["l36","h74"],"last365LoginGames":["l36","h74"],"initDate":"20260108","lastLv":"V6"},"code":200,"errmsg":"OK"}}
============================================================
============================================================
[请求时间] 2026/8/3 11:00:27.917
[响应时间] 2026/8/3 11:00:27.995
[耗时] 78ms
[请求路径] https://inf.ds.163.com/v1/web/exp/week-coupon/showing-list-v2
[请求方式] POST
[请求参数] {"query":null,"body":{}}
[请求头] {"Accept":"application/json, text/plain, */*","Content-Type":"application/json;charset=UTF-8","GL-X-XSRF-TOKEN":"4b090460-8fe1-41f7-a325-7f34b841865a","User-Agent":"Mozilla/5.0 (Windows NT 10.0; Win64; x64) AppleWebKit/537.36 (KHTML, like Gecko) Chrome/122.0.0.0 Safari/537.36","Origin":"https://pay.ds.163.com","Referer":"https://pay.ds.163.com/","GL-ClientType":"60","GL-DeviceId":"b4533fdd-3462-4836-9dfe-2708c68eb52e","GL-Uid":"be10f7eff4c643c682d5a2322ec0dc7e","GL-CheckSum":"c49d8f58f3d1833463c9bbe871b8c50ba0b05aab","Content-Length":"2","Accept-Encoding":"gzip, compress, deflate, br"}
[响应结果] {"httpStatus":200,"data":{"result":{"coupons":[{"couponId":"687076e69f3efd24cb2bed9c","name":"V1","amount":1,"xyLevel":"V1","seckillTime":"WEEKLY","periods":[{"weekDay":3,"seckillStartTime":1785297600000,"seckillEndTime":1785470399999,"status":"ENDED"},{"weekDay":5,"seckillStartTime":1785470400000,"seckillEndTime":1785729599999,"status":"PROGRESSING"},{"weekDay":1,"seckillStartTime":1785729600000,"seckillEndTime":1785902399999,"status":"NOT_STARTED"},{"weekDay":3,"seckillStartTime":1785902400000,"seckillEndTime":1786075199999,"status":"NOT_STARTED"},{"weekDay":5,"seckillStartTime":1786075200000,"seckillEndTime":1786334399999,"status":"NOT_STARTED"},{"weekDay":1,"seckillStartTime":1786334400000,"seckillEndTime":1786507199999,"status":"NOT_STARTED"}]},{"couponId":"68708657f56f912f57e063bf","name":"V2","amount":2,"xyLevel":"V2","seckillTime":"WEEKLY","periods":[{"weekDay":3,"seckillStartTime":1785297600000,"seckillEndTime":1785470399999,"status":"ENDED"},{"weekDay":5,"seckillStartTime":1785470400000,"seckillEndTime":1785729599999,"status":"PROGRESSING"},{"weekDay":1,"seckillStartTime":1785729600000,"seckillEndTime":1785902399999,"status":"NOT_STARTED"},{"weekDay":3,"seckillStartTime":1785902400000,"seckillEndTime":1786075199999,"status":"NOT_STARTED"},{"weekDay":5,"seckillStartTime":1786075200000,"seckillEndTime":1786334399999,"status":"NOT_STARTED"},{"weekDay":1,"seckillStartTime":1786334400000,"seckillEndTime":1786507199999,"status":"NOT_STARTED"}]},{"couponId":"6870867989fddd2bbdec96bc","name":"V3","amount":3,"xyLevel":"V3","seckillTime":"WEEKLY","periods":[{"weekDay":3,"seckillStartTime":1785297600000,"seckillEndTime":1785470399999,"status":"ENDED"},{"weekDay":5,"seckillStartTime":1785470400000,"seckillEndTime":1785729599999,"status":"PROGRESSING"},{"weekDay":1,"seckillStartTime":1785729600000,"seckillEndTime":1785902399999,"status":"NOT_STARTED"},{"weekDay":3,"seckillStartTime":1785902400000,"seckillEndTime":1786075199999,"status":"NOT_STARTED"},{"weekDay":5,"seckillStartTime":1786075200000,"seckillEndTime":1786334399999,"status":"NOT_STARTED"},{"weekDay":1,"seckillStartTime":1786334400000,"seckillEndTime":1786507199999,"status":"NOT_STARTED"}]},{"couponId":"6870869cf56f912f57e063c0","name":"V4","amount":8,"xyLevel":"V4","seckillTime":"WEEKLY","periods":[{"weekDay":3,"seckillStartTime":1785297600000,"seckillEndTime":1785470399999,"status":"ENDED"},{"weekDay":5,"seckillStartTime":1785470400000,"seckillEndTime":1785729599999,"status":"PROGRESSING"},{"weekDay":1,"seckillStartTime":1785729600000,"seckillEndTime":1785902399999,"status":"NOT_STARTED"},{"weekDay":3,"seckillStartTime":1785902400000,"seckillEndTime":1786075199999,"status":"NOT_STARTED"},{"weekDay":5,"seckillStartTime":1786075200000,"seckillEndTime":1786334399999,"status":"NOT_STARTED"},{"weekDay":1,"seckillStartTime":1786334400000,"seckillEndTime":1786507199999,"status":"NOT_STARTED"}]},{"couponId":"687086e33d0d02335c1804f4","name":"V5","amount":18,"xyLevel":"V5","seckillTime":"WEEKLY","periods":[{"weekDay":3,"seckillStartTime":1785297600000,"seckillEndTime":1785470399999,"status":"ENDED"},{"weekDay":5,"seckillStartTime":1785470400000,"seckillEndTime":1785729599999,"status":"PROGRESSING"},{"weekDay":1,"seckillStartTime":1785729600000,"seckillEndTime":1785902399999,"status":"NOT_STARTED"},{"weekDay":3,"seckillStartTime":1785902400000,"seckillEndTime":1786075199999,"status":"NOT_STARTED"},{"weekDay":5,"seckillStartTime":1786075200000,"seckillEndTime":1786334399999,"status":"NOT_STARTED"},{"weekDay":1,"seckillStartTime":1786334400000,"seckillEndTime":1786507199999,"status":"NOT_STARTED"}]},{"couponId":"68708705f56f912f57e063c3","name":"V6","amount":30,"xyLevel":"V6","seckillTime":"WEEKLY","periods":[{"weekDay":3,"seckillStartTime":1785297600000,"seckillEndTime":1785470399999,"status":"ENDED"},{"weekDay":5,"seckillStartTime":1785470400000,"seckillEndTime":1785729599999,"status":"PROGRESSING","acquiredStatus":"OUT_OF_STOCK","stockId":"68708705f56f912f57e063c3_WEEKLY_1785470400000","stockRemain":0},{"weekDay":1,"seckillStartTime":1785729600000,"seckillEndTime":1785902399999,"status":"NOT_STARTED"},{"weekDay":3,"seckillStartTime":1785902400000,"seckillEndTime":1786075199999,"status":"NOT_STARTED"},{"weekDay":5,"seckillStartTime":1786075200000,"seckillEndTime":1786334399999,"status":"NOT_STARTED"},{"weekDay":1,"seckillStartTime":1786334400000,"seckillEndTime":1786507199999,"status":"NOT_STARTED"}]},{"couponId":"6870872e89fddd2bbdec96bd","name":"V7","amount":75,"xyLevel":"V7","seckillTime":"WEEKLY","periods":[{"weekDay":3,"seckillStartTime":1785297600000,"seckillEndTime":1785470399999,"status":"ENDED"},{"weekDay":5,"seckillStartTime":1785470400000,"seckillEndTime":1785729599999,"status":"PROGRESSING"},{"weekDay":1,"seckillStartTime":1785729600000,"seckillEndTime":1785902399999,"status":"NOT_STARTED"},{"weekDay":3,"seckillStartTime":1785902400000,"seckillEndTime":1786075199999,"status":"NOT_STARTED"},{"weekDay":5,"seckillStartTime":1786075200000,"seckillEndTime":1786334399999,"status":"NOT_STARTED"},{"weekDay":1,"seckillStartTime":1786334400000,"seckillEndTime":1786507199999,"status":"NOT_STARTED"}]}]},"code":200,"errmsg":"OK"}}
============================================================
============================================================
[请求时间] 2026/8/3 11:00:28.090
[响应时间] 2026/8/3 11:00:28.144
[耗时] 54ms
[请求路径] https://inf.ds.163.com/v1/web/exp/week-coupon/showing-list-v2
[请求方式] POST
[请求参数] {"query":null,"body":{}}
[请求头] {"Accept":"application/json, text/plain, */*","Content-Type":"application/json;charset=UTF-8","GL-X-XSRF-TOKEN":"4b090460-8fe1-41f7-a325-7f34b841865a","User-Agent":"Mozilla/5.0 (Windows NT 10.0; Win64; x64) AppleWebKit/537.36 (KHTML, like Gecko) Chrome/122.0.0.0 Safari/537.36","Origin":"https://pay.ds.163.com","Referer":"https://pay.ds.163.com/","GL-ClientType":"60","GL-DeviceId":"b4533fdd-3462-4836-9dfe-2708c68eb52e","GL-Uid":"be10f7eff4c643c682d5a2322ec0dc7e","GL-CheckSum":"c49d8f58f3d1833463c9bbe871b8c50ba0b05aab","Content-Length":"2","Accept-Encoding":"gzip, compress, deflate, br"}
[响应结果] {"httpStatus":200,"data":{"result":{"coupons":[{"couponId":"687076e69f3efd24cb2bed9c","name":"V1","amount":1,"xyLevel":"V1","seckillTime":"WEEKLY","periods":[{"weekDay":3,"seckillStartTime":1785297600000,"seckillEndTime":1785470399999,"status":"ENDED"},{"weekDay":5,"seckillStartTime":1785470400000,"seckillEndTime":1785729599999,"status":"PROGRESSING"},{"weekDay":1,"seckillStartTime":1785729600000,"seckillEndTime":1785902399999,"status":"NOT_STARTED"},{"weekDay":3,"seckillStartTime":1785902400000,"seckillEndTime":1786075199999,"status":"NOT_STARTED"},{"weekDay":5,"seckillStartTime":1786075200000,"seckillEndTime":1786334399999,"status":"NOT_STARTED"},{"weekDay":1,"seckillStartTime":1786334400000,"seckillEndTime":1786507199999,"status":"NOT_STARTED"}]},{"couponId":"68708657f56f912f57e063bf","name":"V2","amount":2,"xyLevel":"V2","seckillTime":"WEEKLY","periods":[{"weekDay":3,"seckillStartTime":1785297600000,"seckillEndTime":1785470399999,"status":"ENDED"},{"weekDay":5,"seckillStartTime":1785470400000,"seckillEndTime":1785729599999,"status":"PROGRESSING"},{"weekDay":1,"seckillStartTime":1785729600000,"seckillEndTime":1785902399999,"status":"NOT_STARTED"},{"weekDay":3,"seckillStartTime":1785902400000,"seckillEndTime":1786075199999,"status":"NOT_STARTED"},{"weekDay":5,"seckillStartTime":1786075200000,"seckillEndTime":1786334399999,"status":"NOT_STARTED"},{"weekDay":1,"seckillStartTime":1786334400000,"seckillEndTime":1786507199999,"status":"NOT_STARTED"}]},{"couponId":"6870867989fddd2bbdec96bc","name":"V3","amount":3,"xyLevel":"V3","seckillTime":"WEEKLY","periods":[{"weekDay":3,"seckillStartTime":1785297600000,"seckillEndTime":1785470399999,"status":"ENDED"},{"weekDay":5,"seckillStartTime":1785470400000,"seckillEndTime":1785729599999,"status":"PROGRESSING"},{"weekDay":1,"seckillStartTime":1785729600000,"seckillEndTime":1785902399999,"status":"NOT_STARTED"},{"weekDay":3,"seckillStartTime":1785902400000,"seckillEndTime":1786075199999,"status":"NOT_STARTED"},{"weekDay":5,"seckillStartTime":1786075200000,"seckillEndTime":1786334399999,"status":"NOT_STARTED"},{"weekDay":1,"seckillStartTime":1786334400000,"seckillEndTime":1786507199999,"status":"NOT_STARTED"}]},{"couponId":"6870869cf56f912f57e063c0","name":"V4","amount":8,"xyLevel":"V4","seckillTime":"WEEKLY","periods":[{"weekDay":3,"seckillStartTime":1785297600000,"seckillEndTime":1785470399999,"status":"ENDED"},{"weekDay":5,"seckillStartTime":1785470400000,"seckillEndTime":1785729599999,"status":"PROGRESSING"},{"weekDay":1,"seckillStartTime":1785729600000,"seckillEndTime":1785902399999,"status":"NOT_STARTED"},{"weekDay":3,"seckillStartTime":1785902400000,"seckillEndTime":1786075199999,"status":"NOT_STARTED"},{"weekDay":5,"seckillStartTime":1786075200000,"seckillEndTime":1786334399999,"status":"NOT_STARTED"},{"weekDay":1,"seckillStartTime":1786334400000,"seckillEndTime":1786507199999,"status":"NOT_STARTED"}]},{"couponId":"687086e33d0d02335c1804f4","name":"V5","amount":18,"xyLevel":"V5","seckillTime":"WEEKLY","periods":[{"weekDay":3,"seckillStartTime":1785297600000,"seckillEndTime":1785470399999,"status":"ENDED"},{"weekDay":5,"seckillStartTime":1785470400000,"seckillEndTime":1785729599999,"status":"PROGRESSING"},{"weekDay":1,"seckillStartTime":1785729600000,"seckillEndTime":1785902399999,"status":"NOT_STARTED"},{"weekDay":3,"seckillStartTime":1785902400000,"seckillEndTime":1786075199999,"status":"NOT_STARTED"},{"weekDay":5,"seckillStartTime":1786075200000,"seckillEndTime":1786334399999,"status":"NOT_STARTED"},{"weekDay":1,"seckillStartTime":1786334400000,"seckillEndTime":1786507199999,"status":"NOT_STARTED"}]},{"couponId":"68708705f56f912f57e063c3","name":"V6","amount":30,"xyLevel":"V6","seckillTime":"WEEKLY","periods":[{"weekDay":3,"seckillStartTime":1785297600000,"seckillEndTime":1785470399999,"status":"ENDED"},{"weekDay":5,"seckillStartTime":1785470400000,"seckillEndTime":1785729599999,"status":"PROGRESSING","acquiredStatus":"OUT_OF_STOCK","stockId":"68708705f56f912f57e063c3_WEEKLY_1785470400000","stockRemain":0},{"weekDay":1,"seckillStartTime":1785729600000,"seckillEndTime":1785902399999,"status":"NOT_STARTED"},{"weekDay":3,"seckillStartTime":1785902400000,"seckillEndTime":1786075199999,"status":"NOT_STARTED"},{"weekDay":5,"seckillStartTime":1786075200000,"seckillEndTime":1786334399999,"status":"NOT_STARTED"},{"weekDay":1,"seckillStartTime":1786334400000,"seckillEndTime":1786507199999,"status":"NOT_STARTED"}]},{"couponId":"6870872e89fddd2bbdec96bd","name":"V7","amount":75,"xyLevel":"V7","seckillTime":"WEEKLY","periods":[{"weekDay":3,"seckillStartTime":1785297600000,"seckillEndTime":1785470399999,"status":"ENDED"},{"weekDay":5,"seckillStartTime":1785470400000,"seckillEndTime":1785729599999,"status":"PROGRESSING"},{"weekDay":1,"seckillStartTime":1785729600000,"seckillEndTime":1785902399999,"status":"NOT_STARTED"},{"weekDay":3,"seckillStartTime":1785902400000,"seckillEndTime":1786075199999,"status":"NOT_STARTED"},{"weekDay":5,"seckillStartTime":1786075200000,"seckillEndTime":1786334399999,"status":"NOT_STARTED"},{"weekDay":1,"seckillStartTime":1786334400000,"seckillEndTime":1786507199999,"status":"NOT_STARTED"}]}]},"code":200,"errmsg":"OK"}}
============================================================
============================================================
[请求时间] 2026/8/3 11:00:28.143
[响应时间] 2026/8/3 11:00:28.280
[耗时] 137ms
[请求路径] https://pay-api.ds.163.com/v1/web/init/server/time
[请求方式] GET
[请求参数] {"query":null,"body":null}
[请求头] {"Accept":"application/json, text/plain, */*","Content-Type":"application/json;charset=UTF-8","GL-X-XSRF-TOKEN":"4b090460-8fe1-41f7-a325-7f34b841865a","User-Agent":"Mozilla/5.0 (Windows NT 10.0; Win64; x64) AppleWebKit/537.36 (KHTML, like Gecko) Chrome/122.0.0.0 Safari/537.36","Origin":"https://pay.ds.163.com","Referer":"https://pay.ds.163.com/","GL-ClientType":"60","GL-DeviceId":"b4533fdd-3462-4836-9dfe-2708c68eb52e","GL-Uid":"be10f7eff4c643c682d5a2322ec0dc7e","Accept-Encoding":"gzip, compress, deflate, br"}
[响应结果] {"httpStatus":404,"data":"<!DOCTYPE HTML PUBLIC \"-//W3C//DTD HTML 3.2 Final//EN\">\n<title>404 Not Found</title>\n<h1>Not Found</h1>\n<p>The requested URL was not found on the server. If you entered the URL manually please check your spelling and try again.</p>\n"}
============================================================
============================================================
[请求时间] 2026/8/3 11:00:28.279
[响应时间] 2026/8/3 11:00:28.415
[耗时] 136ms
[请求路径] https://pay-api.ds.163.com/api/nlogin
[请求方式] GET
[请求参数] {"query":{},"body":null}
[请求头] {"Accept":"application/json, text/plain, */*","Content-Type":"application/json;charset=UTF-8","GL-X-XSRF-TOKEN":"4b090460-8fe1-41f7-a325-7f34b841865a","User-Agent":"Mozilla/5.0 (Windows NT 10.0; Win64; x64) AppleWebKit/537.36 (KHTML, like Gecko) Chrome/122.0.0.0 Safari/537.36","Origin":"https://pay.ds.163.com","Referer":"https://pay.ds.163.com/","GL-ClientType":"60","GL-DeviceId":"b4533fdd-3462-4836-9dfe-2708c68eb52e","GL-Uid":"be10f7eff4c643c682d5a2322ec0dc7e","Accept-Encoding":"gzip, compress, deflate, br"}
[响应结果] {"httpStatus":200,"data":{"code":413,"msg":"登录失败"}}
============================================================
============================================================
[请求时间] 2026/8/3 11:32:12.531
[响应时间] 2026/8/3 11:32:12.720
[耗时] 189ms
[请求路径] https://pay-api.ds.163.com/v1/web/init/server/time
[请求方式] GET
[请求参数] {"query":null,"body":null}
[请求头] {"Accept":"application/json, text/plain, */*","Content-Type":"application/json;charset=UTF-8","User-Agent":"Mozilla/5.0 (Windows NT 10.0; Win64; x64) AppleWebKit/537.36 (KHTML, like Gecko) Chrome/122.0.0.0 Safari/537.36","Origin":"https://pay.ds.163.com","Referer":"https://pay.ds.163.com/","GL-ClientType":"60","GL-DeviceId":"b4533fdd-3462-4836-9dfe-2708c68eb52e","GL-Uid":"be10f7eff4c643c682d5a2322ec0dc7e","GL-X-XSRF-TOKEN":"4b090460-8fe1-41f7-a325-7f34b841865a","Accept-Encoding":"gzip, compress, deflate, br"}
[响应结果] {"httpStatus":404,"data":"<!DOCTYPE HTML PUBLIC \"-//W3C//DTD HTML 3.2 Final//EN\">\n<title>404 Not Found</title>\n<h1>Not Found</h1>\n<p>The requested URL was not found on the server. If you entered the URL manually please check your spelling and try again.</p>\n"}
============================================================
============================================================
[请求时间] 2026/8/3 11:32:12.719
[响应时间] 2026/8/3 11:32:12.857
[耗时] 138ms
[请求路径] https://pay-api.ds.163.com/api/nlogin
[请求方式] GET
[请求参数] {"query":{},"body":null}
[请求头] {"Accept":"application/json, text/plain, */*","Content-Type":"application/json;charset=UTF-8","GL-X-XSRF-TOKEN":"4b090460-8fe1-41f7-a325-7f34b841865a","User-Agent":"Mozilla/5.0 (Windows NT 10.0; Win64; x64) AppleWebKit/537.36 (KHTML, like Gecko) Chrome/122.0.0.0 Safari/537.36","Origin":"https://pay.ds.163.com","Referer":"https://pay.ds.163.com/","GL-ClientType":"60","GL-DeviceId":"b4533fdd-3462-4836-9dfe-2708c68eb52e","GL-Uid":"be10f7eff4c643c682d5a2322ec0dc7e","Accept-Encoding":"gzip, compress, deflate, br"}
[响应结果] {"httpStatus":200,"data":{"code":413,"msg":"登录失败"}}
============================================================
============================================================
[请求时间] 2026/8/3 11:32:12.857
[响应时间] 2026/8/3 11:32:13.002
[耗时] 145ms
[请求路径] https://inf.ds.163.com/v1/web/cooperate/plutus/cookie-exchange
[请求方式] GET
[请求参数] {"query":null,"body":null}
[请求头] {"Accept":"application/json, text/plain, */*","Content-Type":"application/json;charset=UTF-8","GL-X-XSRF-TOKEN":"4b090460-8fe1-41f7-a325-7f34b841865a","User-Agent":"Mozilla/5.0 (Windows NT 10.0; Win64; x64) AppleWebKit/537.36 (KHTML, like Gecko) Chrome/122.0.0.0 Safari/537.36","Origin":"https://pay.ds.163.com","Referer":"https://pay.ds.163.com/","GL-ClientType":"60","GL-DeviceId":"b4533fdd-3462-4836-9dfe-2708c68eb52e","GL-Uid":"be10f7eff4c643c682d5a2322ec0dc7e","Accept-Encoding":"gzip, compress, deflate, br"}
[响应结果] {"httpStatus":200,"data":{"result":{"user":{"uid":"be10f7eff4c643c682d5a2322ec0dc7e","nick":"ivy8","icon":"https://ok.166.net/reunionpub/3_20231022_18b5699a319275716.jpeg","intro":"","gender":1,"updateTime":1777822557963,"userSourceType":"URS"},"newUser":false},"code":200,"errmsg":"OK"}}
============================================================
============================================================
[请求时间] 2026/8/3 11:32:13.000
[响应时间] 2026/8/3 11:32:13.146
[耗时] 146ms
[请求路径] https://pay-api.ds.163.com/v1/web/init/server/time
[请求方式] GET
[请求参数] {"query":null,"body":null}
[请求头] {"Accept":"application/json, text/plain, */*","Content-Type":"application/json;charset=UTF-8","GL-X-XSRF-TOKEN":"4b090460-8fe1-41f7-a325-7f34b841865a","User-Agent":"Mozilla/5.0 (Windows NT 10.0; Win64; x64) AppleWebKit/537.36 (KHTML, like Gecko) Chrome/122.0.0.0 Safari/537.36","Origin":"https://pay.ds.163.com","Referer":"https://pay.ds.163.com/","GL-ClientType":"60","GL-DeviceId":"b4533fdd-3462-4836-9dfe-2708c68eb52e","GL-Uid":"be10f7eff4c643c682d5a2322ec0dc7e","Accept-Encoding":"gzip, compress, deflate, br"}
[响应结果] {"httpStatus":404,"data":"<!DOCTYPE HTML PUBLIC \"-//W3C//DTD HTML 3.2 Final//EN\">\n<title>404 Not Found</title>\n<h1>Not Found</h1>\n<p>The requested URL was not found on the server. If you entered the URL manually please check your spelling and try again.</p>\n"}
============================================================
============================================================
[请求时间] 2026/8/3 11:32:13.144
[响应时间] 2026/8/3 11:32:13.262
[耗时] 118ms
[请求路径] https://inf.ds.163.com/v1/web/exp/xy/user/get-info
[请求方式] POST
[请求参数] {"query":null,"body":{}}
[请求头] {"Accept":"application/json, text/plain, */*","Content-Type":"application/json;charset=UTF-8","GL-X-XSRF-TOKEN":"4b090460-8fe1-41f7-a325-7f34b841865a","User-Agent":"Mozilla/5.0 (Windows NT 10.0; Win64; x64) AppleWebKit/537.36 (KHTML, like Gecko) Chrome/122.0.0.0 Safari/537.36","Origin":"https://pay.ds.163.com","Referer":"https://pay.ds.163.com/","GL-ClientType":"60","GL-DeviceId":"b4533fdd-3462-4836-9dfe-2708c68eb52e","GL-Uid":"be10f7eff4c643c682d5a2322ec0dc7e","GL-CheckSum":"c49d8f58f3d1833463c9bbe871b8c50ba0b05aab","Content-Length":"2","Accept-Encoding":"gzip, compress, deflate, br"}
[响应结果] {"httpStatus":200,"data":{"result":{"growthPoint":113056,"currentLv":"V6","diffNextLvGrowthPoint":886944,"currentLvExpireDate":"20270108","currentLvExpire":1799337600000,"nextLv":"V7","activeGames":["l36","h74"],"last365LoginGames":["l36","h74"],"initDate":"20260108","lastLv":"V6"},"code":200,"errmsg":"OK"}}
============================================================
============================================================
[请求时间] 2026/8/3 11:32:13.261
[响应时间] 2026/8/3 11:32:13.325
[耗时] 64ms
[请求路径] https://inf.ds.163.com/v1/web/exp/week-coupon/showing-list-v2
[请求方式] POST
[请求参数] {"query":null,"body":{}}
[请求头] {"Accept":"application/json, text/plain, */*","Content-Type":"application/json;charset=UTF-8","GL-X-XSRF-TOKEN":"4b090460-8fe1-41f7-a325-7f34b841865a","User-Agent":"Mozilla/5.0 (Windows NT 10.0; Win64; x64) AppleWebKit/537.36 (KHTML, like Gecko) Chrome/122.0.0.0 Safari/537.36","Origin":"https://pay.ds.163.com","Referer":"https://pay.ds.163.com/","GL-ClientType":"60","GL-DeviceId":"b4533fdd-3462-4836-9dfe-2708c68eb52e","GL-Uid":"be10f7eff4c643c682d5a2322ec0dc7e","GL-CheckSum":"c49d8f58f3d1833463c9bbe871b8c50ba0b05aab","Content-Length":"2","Accept-Encoding":"gzip, compress, deflate, br"}
[响应结果] {"httpStatus":200,"data":{"result":{"coupons":[{"couponId":"687076e69f3efd24cb2bed9c","name":"V1","amount":1,"xyLevel":"V1","seckillTime":"WEEKLY","periods":[{"weekDay":3,"seckillStartTime":1785297600000,"seckillEndTime":1785470399999,"status":"ENDED"},{"weekDay":5,"seckillStartTime":1785470400000,"seckillEndTime":1785729599999,"status":"PROGRESSING"},{"weekDay":1,"seckillStartTime":1785729600000,"seckillEndTime":1785902399999,"status":"NOT_STARTED"},{"weekDay":3,"seckillStartTime":1785902400000,"seckillEndTime":1786075199999,"status":"NOT_STARTED"},{"weekDay":5,"seckillStartTime":1786075200000,"seckillEndTime":1786334399999,"status":"NOT_STARTED"},{"weekDay":1,"seckillStartTime":1786334400000,"seckillEndTime":1786507199999,"status":"NOT_STARTED"}]},{"couponId":"68708657f56f912f57e063bf","name":"V2","amount":2,"xyLevel":"V2","seckillTime":"WEEKLY","periods":[{"weekDay":3,"seckillStartTime":1785297600000,"seckillEndTime":1785470399999,"status":"ENDED"},{"weekDay":5,"seckillStartTime":1785470400000,"seckillEndTime":1785729599999,"status":"PROGRESSING"},{"weekDay":1,"seckillStartTime":1785729600000,"seckillEndTime":1785902399999,"status":"NOT_STARTED"},{"weekDay":3,"seckillStartTime":1785902400000,"seckillEndTime":1786075199999,"status":"NOT_STARTED"},{"weekDay":5,"seckillStartTime":1786075200000,"seckillEndTime":1786334399999,"status":"NOT_STARTED"},{"weekDay":1,"seckillStartTime":1786334400000,"seckillEndTime":1786507199999,"status":"NOT_STARTED"}]},{"couponId":"6870867989fddd2bbdec96bc","name":"V3","amount":3,"xyLevel":"V3","seckillTime":"WEEKLY","periods":[{"weekDay":3,"seckillStartTime":1785297600000,"seckillEndTime":1785470399999,"status":"ENDED"},{"weekDay":5,"seckillStartTime":1785470400000,"seckillEndTime":1785729599999,"status":"PROGRESSING"},{"weekDay":1,"seckillStartTime":1785729600000,"seckillEndTime":1785902399999,"status":"NOT_STARTED"},{"weekDay":3,"seckillStartTime":1785902400000,"seckillEndTime":1786075199999,"status":"NOT_STARTED"},{"weekDay":5,"seckillStartTime":1786075200000,"seckillEndTime":1786334399999,"status":"NOT_STARTED"},{"weekDay":1,"seckillStartTime":1786334400000,"seckillEndTime":1786507199999,"status":"NOT_STARTED"}]},{"couponId":"6870869cf56f912f57e063c0","name":"V4","amount":8,"xyLevel":"V4","seckillTime":"WEEKLY","periods":[{"weekDay":3,"seckillStartTime":1785297600000,"seckillEndTime":1785470399999,"status":"ENDED"},{"weekDay":5,"seckillStartTime":1785470400000,"seckillEndTime":1785729599999,"status":"PROGRESSING"},{"weekDay":1,"seckillStartTime":1785729600000,"seckillEndTime":1785902399999,"status":"NOT_STARTED"},{"weekDay":3,"seckillStartTime":1785902400000,"seckillEndTime":1786075199999,"status":"NOT_STARTED"},{"weekDay":5,"seckillStartTime":1786075200000,"seckillEndTime":1786334399999,"status":"NOT_STARTED"},{"weekDay":1,"seckillStartTime":1786334400000,"seckillEndTime":1786507199999,"status":"NOT_STARTED"}]},{"couponId":"687086e33d0d02335c1804f4","name":"V5","amount":18,"xyLevel":"V5","seckillTime":"WEEKLY","periods":[{"weekDay":3,"seckillStartTime":1785297600000,"seckillEndTime":1785470399999,"status":"ENDED"},{"weekDay":5,"seckillStartTime":1785470400000,"seckillEndTime":1785729599999,"status":"PROGRESSING"},{"weekDay":1,"seckillStartTime":1785729600000,"seckillEndTime":1785902399999,"status":"NOT_STARTED"},{"weekDay":3,"seckillStartTime":1785902400000,"seckillEndTime":1786075199999,"status":"NOT_STARTED"},{"weekDay":5,"seckillStartTime":1786075200000,"seckillEndTime":1786334399999,"status":"NOT_STARTED"},{"weekDay":1,"seckillStartTime":1786334400000,"seckillEndTime":1786507199999,"status":"NOT_STARTED"}]},{"couponId":"68708705f56f912f57e063c3","name":"V6","amount":30,"xyLevel":"V6","seckillTime":"WEEKLY","periods":[{"weekDay":3,"seckillStartTime":1785297600000,"seckillEndTime":1785470399999,"status":"ENDED"},{"weekDay":5,"seckillStartTime":1785470400000,"seckillEndTime":1785729599999,"status":"PROGRESSING","acquiredStatus":"OUT_OF_STOCK","stockId":"68708705f56f912f57e063c3_WEEKLY_1785470400000","stockRemain":0},{"weekDay":1,"seckillStartTime":1785729600000,"seckillEndTime":1785902399999,"status":"NOT_STARTED"},{"weekDay":3,"seckillStartTime":1785902400000,"seckillEndTime":1786075199999,"status":"NOT_STARTED"},{"weekDay":5,"seckillStartTime":1786075200000,"seckillEndTime":1786334399999,"status":"NOT_STARTED"},{"weekDay":1,"seckillStartTime":1786334400000,"seckillEndTime":1786507199999,"status":"NOT_STARTED"}]},{"couponId":"6870872e89fddd2bbdec96bd","name":"V7","amount":75,"xyLevel":"V7","seckillTime":"WEEKLY","periods":[{"weekDay":3,"seckillStartTime":1785297600000,"seckillEndTime":1785470399999,"status":"ENDED"},{"weekDay":5,"seckillStartTime":1785470400000,"seckillEndTime":1785729599999,"status":"PROGRESSING"},{"weekDay":1,"seckillStartTime":1785729600000,"seckillEndTime":1785902399999,"status":"NOT_STARTED"},{"weekDay":3,"seckillStartTime":1785902400000,"seckillEndTime":1786075199999,"status":"NOT_STARTED"},{"weekDay":5,"seckillStartTime":1786075200000,"seckillEndTime":1786334399999,"status":"NOT_STARTED"},{"weekDay":1,"seckillStartTime":1786334400000,"seckillEndTime":1786507199999,"status":"NOT_STARTED"}]}]},"code":200,"errmsg":"OK"}}
============================================================
============================================================
[请求时间] 2026/8/3 11:32:13.713
[响应时间] 2026/8/3 11:32:13.770
[耗时] 57ms
[请求路径] https://inf.ds.163.com/v1/web/exp/week-coupon/showing-list-v2
[请求方式] POST
[请求参数] {"query":null,"body":{}}
[请求头] {"Accept":"application/json, text/plain, */*","Content-Type":"application/json;charset=UTF-8","GL-X-XSRF-TOKEN":"4b090460-8fe1-41f7-a325-7f34b841865a","User-Agent":"Mozilla/5.0 (Windows NT 10.0; Win64; x64) AppleWebKit/537.36 (KHTML, like Gecko) Chrome/122.0.0.0 Safari/537.36","Origin":"https://pay.ds.163.com","Referer":"https://pay.ds.163.com/","GL-ClientType":"60","GL-DeviceId":"b4533fdd-3462-4836-9dfe-2708c68eb52e","GL-Uid":"be10f7eff4c643c682d5a2322ec0dc7e","GL-CheckSum":"c49d8f58f3d1833463c9bbe871b8c50ba0b05aab","Content-Length":"2","Accept-Encoding":"gzip, compress, deflate, br"}
[响应结果] {"httpStatus":200,"data":{"result":{"coupons":[{"couponId":"687076e69f3efd24cb2bed9c","name":"V1","amount":1,"xyLevel":"V1","seckillTime":"WEEKLY","periods":[{"weekDay":3,"seckillStartTime":1785297600000,"seckillEndTime":1785470399999,"status":"ENDED"},{"weekDay":5,"seckillStartTime":1785470400000,"seckillEndTime":1785729599999,"status":"PROGRESSING"},{"weekDay":1,"seckillStartTime":1785729600000,"seckillEndTime":1785902399999,"status":"NOT_STARTED"},{"weekDay":3,"seckillStartTime":1785902400000,"seckillEndTime":1786075199999,"status":"NOT_STARTED"},{"weekDay":5,"seckillStartTime":1786075200000,"seckillEndTime":1786334399999,"status":"NOT_STARTED"},{"weekDay":1,"seckillStartTime":1786334400000,"seckillEndTime":1786507199999,"status":"NOT_STARTED"}]},{"couponId":"68708657f56f912f57e063bf","name":"V2","amount":2,"xyLevel":"V2","seckillTime":"WEEKLY","periods":[{"weekDay":3,"seckillStartTime":1785297600000,"seckillEndTime":1785470399999,"status":"ENDED"},{"weekDay":5,"seckillStartTime":1785470400000,"seckillEndTime":1785729599999,"status":"PROGRESSING"},{"weekDay":1,"seckillStartTime":1785729600000,"seckillEndTime":1785902399999,"status":"NOT_STARTED"},{"weekDay":3,"seckillStartTime":1785902400000,"seckillEndTime":1786075199999,"status":"NOT_STARTED"},{"weekDay":5,"seckillStartTime":1786075200000,"seckillEndTime":1786334399999,"status":"NOT_STARTED"},{"weekDay":1,"seckillStartTime":1786334400000,"seckillEndTime":1786507199999,"status":"NOT_STARTED"}]},{"couponId":"6870867989fddd2bbdec96bc","name":"V3","amount":3,"xyLevel":"V3","seckillTime":"WEEKLY","periods":[{"weekDay":3,"seckillStartTime":1785297600000,"seckillEndTime":1785470399999,"status":"ENDED"},{"weekDay":5,"seckillStartTime":1785470400000,"seckillEndTime":1785729599999,"status":"PROGRESSING"},{"weekDay":1,"seckillStartTime":1785729600000,"seckillEndTime":1785902399999,"status":"NOT_STARTED"},{"weekDay":3,"seckillStartTime":1785902400000,"seckillEndTime":1786075199999,"status":"NOT_STARTED"},{"weekDay":5,"seckillStartTime":1786075200000,"seckillEndTime":1786334399999,"status":"NOT_STARTED"},{"weekDay":1,"seckillStartTime":1786334400000,"seckillEndTime":1786507199999,"status":"NOT_STARTED"}]},{"couponId":"6870869cf56f912f57e063c0","name":"V4","amount":8,"xyLevel":"V4","seckillTime":"WEEKLY","periods":[{"weekDay":3,"seckillStartTime":1785297600000,"seckillEndTime":1785470399999,"status":"ENDED"},{"weekDay":5,"seckillStartTime":1785470400000,"seckillEndTime":1785729599999,"status":"PROGRESSING"},{"weekDay":1,"seckillStartTime":1785729600000,"seckillEndTime":1785902399999,"status":"NOT_STARTED"},{"weekDay":3,"seckillStartTime":1785902400000,"seckillEndTime":1786075199999,"status":"NOT_STARTED"},{"weekDay":5,"seckillStartTime":1786075200000,"seckillEndTime":1786334399999,"status":"NOT_STARTED"},{"weekDay":1,"seckillStartTime":1786334400000,"seckillEndTime":1786507199999,"status":"NOT_STARTED"}]},{"couponId":"687086e33d0d02335c1804f4","name":"V5","amount":18,"xyLevel":"V5","seckillTime":"WEEKLY","periods":[{"weekDay":3,"seckillStartTime":1785297600000,"seckillEndTime":1785470399999,"status":"ENDED"},{"weekDay":5,"seckillStartTime":1785470400000,"seckillEndTime":1785729599999,"status":"PROGRESSING"},{"weekDay":1,"seckillStartTime":1785729600000,"seckillEndTime":1785902399999,"status":"NOT_STARTED"},{"weekDay":3,"seckillStartTime":1785902400000,"seckillEndTime":1786075199999,"status":"NOT_STARTED"},{"weekDay":5,"seckillStartTime":1786075200000,"seckillEndTime":1786334399999,"status":"NOT_STARTED"},{"weekDay":1,"seckillStartTime":1786334400000,"seckillEndTime":1786507199999,"status":"NOT_STARTED"}]},{"couponId":"68708705f56f912f57e063c3","name":"V6","amount":30,"xyLevel":"V6","seckillTime":"WEEKLY","periods":[{"weekDay":3,"seckillStartTime":1785297600000,"seckillEndTime":1785470399999,"status":"ENDED"},{"weekDay":5,"seckillStartTime":1785470400000,"seckillEndTime":1785729599999,"status":"PROGRESSING","acquiredStatus":"OUT_OF_STOCK","stockId":"68708705f56f912f57e063c3_WEEKLY_1785470400000","stockRemain":0},{"weekDay":1,"seckillStartTime":1785729600000,"seckillEndTime":1785902399999,"status":"NOT_STARTED"},{"weekDay":3,"seckillStartTime":1785902400000,"seckillEndTime":1786075199999,"status":"NOT_STARTED"},{"weekDay":5,"seckillStartTime":1786075200000,"seckillEndTime":1786334399999,"status":"NOT_STARTED"},{"weekDay":1,"seckillStartTime":1786334400000,"seckillEndTime":1786507199999,"status":"NOT_STARTED"}]},{"couponId":"6870872e89fddd2bbdec96bd","name":"V7","amount":75,"xyLevel":"V7","seckillTime":"WEEKLY","periods":[{"weekDay":3,"seckillStartTime":1785297600000,"seckillEndTime":1785470399999,"status":"ENDED"},{"weekDay":5,"seckillStartTime":1785470400000,"seckillEndTime":1785729599999,"status":"PROGRESSING"},{"weekDay":1,"seckillStartTime":1785729600000,"seckillEndTime":1785902399999,"status":"NOT_STARTED"},{"weekDay":3,"seckillStartTime":1785902400000,"seckillEndTime":1786075199999,"status":"NOT_STARTED"},{"weekDay":5,"seckillStartTime":1786075200000,"seckillEndTime":1786334399999,"status":"NOT_STARTED"},{"weekDay":1,"seckillStartTime":1786334400000,"seckillEndTime":1786507199999,"status":"NOT_STARTED"}]}]},"code":200,"errmsg":"OK"}}
============================================================
============================================================
[请求时间] 2026/8/3 11:32:13.769
[响应时间] 2026/8/3 11:32:13.908
[耗时] 139ms
[请求路径] https://pay-api.ds.163.com/v1/web/init/server/time
[请求方式] GET
[请求参数] {"query":null,"body":null}
[请求头] {"Accept":"application/json, text/plain, */*","Content-Type":"application/json;charset=UTF-8","GL-X-XSRF-TOKEN":"4b090460-8fe1-41f7-a325-7f34b841865a","User-Agent":"Mozilla/5.0 (Windows NT 10.0; Win64; x64) AppleWebKit/537.36 (KHTML, like Gecko) Chrome/122.0.0.0 Safari/537.36","Origin":"https://pay.ds.163.com","Referer":"https://pay.ds.163.com/","GL-ClientType":"60","GL-DeviceId":"b4533fdd-3462-4836-9dfe-2708c68eb52e","GL-Uid":"be10f7eff4c643c682d5a2322ec0dc7e","Accept-Encoding":"gzip, compress, deflate, br"}
[响应结果] {"httpStatus":404,"data":"<!DOCTYPE HTML PUBLIC \"-//W3C//DTD HTML 3.2 Final//EN\">\n<title>404 Not Found</title>\n<h1>Not Found</h1>\n<p>The requested URL was not found on the server. If you entered the URL manually please check your spelling and try again.</p>\n"}
============================================================
============================================================
[请求时间] 2026/8/3 11:32:13.907
[响应时间] 2026/8/3 11:32:14.046
[耗时] 139ms
[请求路径] https://pay-api.ds.163.com/api/nlogin
[请求方式] GET
[请求参数] {"query":{},"body":null}
[请求头] {"Accept":"application/json, text/plain, */*","Content-Type":"application/json;charset=UTF-8","GL-X-XSRF-TOKEN":"4b090460-8fe1-41f7-a325-7f34b841865a","User-Agent":"Mozilla/5.0 (Windows NT 10.0; Win64; x64) AppleWebKit/537.36 (KHTML, like Gecko) Chrome/122.0.0.0 Safari/537.36","Origin":"https://pay.ds.163.com","Referer":"https://pay.ds.163.com/","GL-ClientType":"60","GL-DeviceId":"b4533fdd-3462-4836-9dfe-2708c68eb52e","GL-Uid":"be10f7eff4c643c682d5a2322ec0dc7e","Accept-Encoding":"gzip, compress, deflate, br"}
[响应结果] {"httpStatus":200,"data":{"code":413,"msg":"登录失败"}}
============================================================
============================================================
[请求时间] 2026/8/3 11:47:51.645
[响应时间] 2026/8/3 11:47:51.837
[耗时] 192ms
[请求路径] https://pay-api.ds.163.com/v1/web/init/server/time
[请求方式] GET
[请求参数] {"query":null,"body":null}
[请求头] {"Accept":"application/json, text/plain, */*","Content-Type":"application/json;charset=UTF-8","User-Agent":"Mozilla/5.0 (Windows NT 10.0; Win64; x64) AppleWebKit/537.36 (KHTML, like Gecko) Chrome/122.0.0.0 Safari/537.36","Origin":"https://pay.ds.163.com","Referer":"https://pay.ds.163.com/","GL-ClientType":"60","GL-DeviceId":"b4533fdd-3462-4836-9dfe-2708c68eb52e","GL-Uid":"be10f7eff4c643c682d5a2322ec0dc7e","GL-X-XSRF-TOKEN":"4b090460-8fe1-41f7-a325-7f34b841865a","Accept-Encoding":"gzip, compress, deflate, br"}
[响应结果] {"httpStatus":404,"data":"<!DOCTYPE HTML PUBLIC \"-//W3C//DTD HTML 3.2 Final//EN\">\n<title>404 Not Found</title>\n<h1>Not Found</h1>\n<p>The requested URL was not found on the server. If you entered the URL manually please check your spelling and try again.</p>\n"}
============================================================
============================================================
[请求时间] 2026/8/3 11:47:51.835
[响应时间] 2026/8/3 11:47:51.983
[耗时] 148ms
[请求路径] https://pay-api.ds.163.com/api/nlogin
[请求方式] GET
[请求参数] {"query":{},"body":null}
[请求头] {"Accept":"application/json, text/plain, */*","Content-Type":"application/json;charset=UTF-8","GL-X-XSRF-TOKEN":"4b090460-8fe1-41f7-a325-7f34b841865a","User-Agent":"Mozilla/5.0 (Windows NT 10.0; Win64; x64) AppleWebKit/537.36 (KHTML, like Gecko) Chrome/122.0.0.0 Safari/537.36","Origin":"https://pay.ds.163.com","Referer":"https://pay.ds.163.com/","GL-ClientType":"60","GL-DeviceId":"b4533fdd-3462-4836-9dfe-2708c68eb52e","GL-Uid":"be10f7eff4c643c682d5a2322ec0dc7e","Accept-Encoding":"gzip, compress, deflate, br"}
[响应结果] {"httpStatus":200,"data":{"code":413,"msg":"登录失败"}}
============================================================
============================================================
[请求时间] 2026/8/3 11:47:51.982
[响应时间] 2026/8/3 11:47:52.134
[耗时] 152ms
[请求路径] https://inf.ds.163.com/v1/web/cooperate/plutus/cookie-exchange
[请求方式] GET
[请求参数] {"query":null,"body":null}
[请求头] {"Accept":"application/json, text/plain, */*","Content-Type":"application/json;charset=UTF-8","GL-X-XSRF-TOKEN":"4b090460-8fe1-41f7-a325-7f34b841865a","User-Agent":"Mozilla/5.0 (Windows NT 10.0; Win64; x64) AppleWebKit/537.36 (KHTML, like Gecko) Chrome/122.0.0.0 Safari/537.36","Origin":"https://pay.ds.163.com","Referer":"https://pay.ds.163.com/","GL-ClientType":"60","GL-DeviceId":"b4533fdd-3462-4836-9dfe-2708c68eb52e","GL-Uid":"be10f7eff4c643c682d5a2322ec0dc7e","Accept-Encoding":"gzip, compress, deflate, br"}
[响应结果] {"httpStatus":200,"data":{"result":{"user":{"uid":"be10f7eff4c643c682d5a2322ec0dc7e","nick":"ivy8","icon":"https://ok.166.net/reunionpub/3_20231022_18b5699a319275716.jpeg","intro":"","gender":1,"updateTime":1777822557963,"userSourceType":"URS"},"newUser":false},"code":200,"errmsg":"OK"}}
============================================================
============================================================
[请求时间] 2026/8/3 11:47:52.133
[响应时间] 2026/8/3 11:47:52.269
[耗时] 136ms
[请求路径] https://pay-api.ds.163.com/v1/web/init/server/time
[请求方式] GET
[请求参数] {"query":null,"body":null}
[请求头] {"Accept":"application/json, text/plain, */*","Content-Type":"application/json;charset=UTF-8","GL-X-XSRF-TOKEN":"4b090460-8fe1-41f7-a325-7f34b841865a","User-Agent":"Mozilla/5.0 (Windows NT 10.0; Win64; x64) AppleWebKit/537.36 (KHTML, like Gecko) Chrome/122.0.0.0 Safari/537.36","Origin":"https://pay.ds.163.com","Referer":"https://pay.ds.163.com/","GL-ClientType":"60","GL-DeviceId":"b4533fdd-3462-4836-9dfe-2708c68eb52e","GL-Uid":"be10f7eff4c643c682d5a2322ec0dc7e","Accept-Encoding":"gzip, compress, deflate, br"}
[响应结果] {"httpStatus":404,"data":"<!DOCTYPE HTML PUBLIC \"-//W3C//DTD HTML 3.2 Final//EN\">\n<title>404 Not Found</title>\n<h1>Not Found</h1>\n<p>The requested URL was not found on the server. If you entered the URL manually please check your spelling and try again.</p>\n"}
============================================================
============================================================
[请求时间] 2026/8/3 11:47:52.268
[响应时间] 2026/8/3 11:47:52.379
[耗时] 111ms
[请求路径] https://inf.ds.163.com/v1/web/exp/xy/user/get-info
[请求方式] POST
[请求参数] {"query":null,"body":{}}
[请求头] {"Accept":"application/json, text/plain, */*","Content-Type":"application/json;charset=UTF-8","GL-X-XSRF-TOKEN":"4b090460-8fe1-41f7-a325-7f34b841865a","User-Agent":"Mozilla/5.0 (Windows NT 10.0; Win64; x64) AppleWebKit/537.36 (KHTML, like Gecko) Chrome/122.0.0.0 Safari/537.36","Origin":"https://pay.ds.163.com","Referer":"https://pay.ds.163.com/","GL-ClientType":"60","GL-DeviceId":"b4533fdd-3462-4836-9dfe-2708c68eb52e","GL-Uid":"be10f7eff4c643c682d5a2322ec0dc7e","GL-CheckSum":"c49d8f58f3d1833463c9bbe871b8c50ba0b05aab","Content-Length":"2","Accept-Encoding":"gzip, compress, deflate, br"}
[响应结果] {"httpStatus":200,"data":{"result":{"growthPoint":113056,"currentLv":"V6","diffNextLvGrowthPoint":886944,"currentLvExpireDate":"20270108","currentLvExpire":1799337600000,"nextLv":"V7","activeGames":["l36","h74"],"last365LoginGames":["l36","h74"],"initDate":"20260108","lastLv":"V6"},"code":200,"errmsg":"OK"}}
============================================================
============================================================
[请求时间] 2026/8/3 11:47:52.376
[响应时间] 2026/8/3 11:47:52.458
[耗时] 82ms
[请求路径] https://inf.ds.163.com/v1/web/exp/week-coupon/showing-list-v2
[请求方式] POST
[请求参数] {"query":null,"body":{}}
[请求头] {"Accept":"application/json, text/plain, */*","Content-Type":"application/json;charset=UTF-8","GL-X-XSRF-TOKEN":"4b090460-8fe1-41f7-a325-7f34b841865a","User-Agent":"Mozilla/5.0 (Windows NT 10.0; Win64; x64) AppleWebKit/537.36 (KHTML, like Gecko) Chrome/122.0.0.0 Safari/537.36","Origin":"https://pay.ds.163.com","Referer":"https://pay.ds.163.com/","GL-ClientType":"60","GL-DeviceId":"b4533fdd-3462-4836-9dfe-2708c68eb52e","GL-Uid":"be10f7eff4c643c682d5a2322ec0dc7e","GL-CheckSum":"c49d8f58f3d1833463c9bbe871b8c50ba0b05aab","Content-Length":"2","Accept-Encoding":"gzip, compress, deflate, br"}
[响应结果] {"httpStatus":200,"data":{"result":{"coupons":[{"couponId":"687076e69f3efd24cb2bed9c","name":"V1","amount":1,"xyLevel":"V1","seckillTime":"WEEKLY","periods":[{"weekDay":3,"seckillStartTime":1785297600000,"seckillEndTime":1785470399999,"status":"ENDED"},{"weekDay":5,"seckillStartTime":1785470400000,"seckillEndTime":1785729599999,"status":"PROGRESSING"},{"weekDay":1,"seckillStartTime":1785729600000,"seckillEndTime":1785902399999,"status":"NOT_STARTED"},{"weekDay":3,"seckillStartTime":1785902400000,"seckillEndTime":1786075199999,"status":"NOT_STARTED"},{"weekDay":5,"seckillStartTime":1786075200000,"seckillEndTime":1786334399999,"status":"NOT_STARTED"},{"weekDay":1,"seckillStartTime":1786334400000,"seckillEndTime":1786507199999,"status":"NOT_STARTED"}]},{"couponId":"68708657f56f912f57e063bf","name":"V2","amount":2,"xyLevel":"V2","seckillTime":"WEEKLY","periods":[{"weekDay":3,"seckillStartTime":1785297600000,"seckillEndTime":1785470399999,"status":"ENDED"},{"weekDay":5,"seckillStartTime":1785470400000,"seckillEndTime":1785729599999,"status":"PROGRESSING"},{"weekDay":1,"seckillStartTime":1785729600000,"seckillEndTime":1785902399999,"status":"NOT_STARTED"},{"weekDay":3,"seckillStartTime":1785902400000,"seckillEndTime":1786075199999,"status":"NOT_STARTED"},{"weekDay":5,"seckillStartTime":1786075200000,"seckillEndTime":1786334399999,"status":"NOT_STARTED"},{"weekDay":1,"seckillStartTime":1786334400000,"seckillEndTime":1786507199999,"status":"NOT_STARTED"}]},{"couponId":"6870867989fddd2bbdec96bc","name":"V3","amount":3,"xyLevel":"V3","seckillTime":"WEEKLY","periods":[{"weekDay":3,"seckillStartTime":1785297600000,"seckillEndTime":1785470399999,"status":"ENDED"},{"weekDay":5,"seckillStartTime":1785470400000,"seckillEndTime":1785729599999,"status":"PROGRESSING"},{"weekDay":1,"seckillStartTime":1785729600000,"seckillEndTime":1785902399999,"status":"NOT_STARTED"},{"weekDay":3,"seckillStartTime":1785902400000,"seckillEndTime":1786075199999,"status":"NOT_STARTED"},{"weekDay":5,"seckillStartTime":1786075200000,"seckillEndTime":1786334399999,"status":"NOT_STARTED"},{"weekDay":1,"seckillStartTime":1786334400000,"seckillEndTime":1786507199999,"status":"NOT_STARTED"}]},{"couponId":"6870869cf56f912f57e063c0","name":"V4","amount":8,"xyLevel":"V4","seckillTime":"WEEKLY","periods":[{"weekDay":3,"seckillStartTime":1785297600000,"seckillEndTime":1785470399999,"status":"ENDED"},{"weekDay":5,"seckillStartTime":1785470400000,"seckillEndTime":1785729599999,"status":"PROGRESSING"},{"weekDay":1,"seckillStartTime":1785729600000,"seckillEndTime":1785902399999,"status":"NOT_STARTED"},{"weekDay":3,"seckillStartTime":1785902400000,"seckillEndTime":1786075199999,"status":"NOT_STARTED"},{"weekDay":5,"seckillStartTime":1786075200000,"seckillEndTime":1786334399999,"status":"NOT_STARTED"},{"weekDay":1,"seckillStartTime":1786334400000,"seckillEndTime":1786507199999,"status":"NOT_STARTED"}]},{"couponId":"687086e33d0d02335c1804f4","name":"V5","amount":18,"xyLevel":"V5","seckillTime":"WEEKLY","periods":[{"weekDay":3,"seckillStartTime":1785297600000,"seckillEndTime":1785470399999,"status":"ENDED"},{"weekDay":5,"seckillStartTime":1785470400000,"seckillEndTime":1785729599999,"status":"PROGRESSING"},{"weekDay":1,"seckillStartTime":1785729600000,"seckillEndTime":1785902399999,"status":"NOT_STARTED"},{"weekDay":3,"seckillStartTime":1785902400000,"seckillEndTime":1786075199999,"status":"NOT_STARTED"},{"weekDay":5,"seckillStartTime":1786075200000,"seckillEndTime":1786334399999,"status":"NOT_STARTED"},{"weekDay":1,"seckillStartTime":1786334400000,"seckillEndTime":1786507199999,"status":"NOT_STARTED"}]},{"couponId":"68708705f56f912f57e063c3","name":"V6","amount":30,"xyLevel":"V6","seckillTime":"WEEKLY","periods":[{"weekDay":3,"seckillStartTime":1785297600000,"seckillEndTime":1785470399999,"status":"ENDED"},{"weekDay":5,"seckillStartTime":1785470400000,"seckillEndTime":1785729599999,"status":"PROGRESSING","acquiredStatus":"OUT_OF_STOCK","stockId":"68708705f56f912f57e063c3_WEEKLY_1785470400000","stockRemain":0},{"weekDay":1,"seckillStartTime":1785729600000,"seckillEndTime":1785902399999,"status":"NOT_STARTED"},{"weekDay":3,"seckillStartTime":1785902400000,"seckillEndTime":1786075199999,"status":"NOT_STARTED"},{"weekDay":5,"seckillStartTime":1786075200000,"seckillEndTime":1786334399999,"status":"NOT_STARTED"},{"weekDay":1,"seckillStartTime":1786334400000,"seckillEndTime":1786507199999,"status":"NOT_STARTED"}]},{"couponId":"6870872e89fddd2bbdec96bd","name":"V7","amount":75,"xyLevel":"V7","seckillTime":"WEEKLY","periods":[{"weekDay":3,"seckillStartTime":1785297600000,"seckillEndTime":1785470399999,"status":"ENDED"},{"weekDay":5,"seckillStartTime":1785470400000,"seckillEndTime":1785729599999,"status":"PROGRESSING"},{"weekDay":1,"seckillStartTime":1785729600000,"seckillEndTime":1785902399999,"status":"NOT_STARTED"},{"weekDay":3,"seckillStartTime":1785902400000,"seckillEndTime":1786075199999,"status":"NOT_STARTED"},{"weekDay":5,"seckillStartTime":1786075200000,"seckillEndTime":1786334399999,"status":"NOT_STARTED"},{"weekDay":1,"seckillStartTime":1786334400000,"seckillEndTime":1786507199999,"status":"NOT_STARTED"}]}]},"code":200,"errmsg":"OK"}}
============================================================
============================================================
[请求时间] 2026/8/3 11:47:52.798
[响应时间] 2026/8/3 11:47:52.874
[耗时] 76ms
[请求路径] https://inf.ds.163.com/v1/web/exp/week-coupon/showing-list-v2
[请求方式] POST
[请求参数] {"query":null,"body":{}}
[请求头] {"Accept":"application/json, text/plain, */*","Content-Type":"application/json;charset=UTF-8","GL-X-XSRF-TOKEN":"4b090460-8fe1-41f7-a325-7f34b841865a","User-Agent":"Mozilla/5.0 (Windows NT 10.0; Win64; x64) AppleWebKit/537.36 (KHTML, like Gecko) Chrome/122.0.0.0 Safari/537.36","Origin":"https://pay.ds.163.com","Referer":"https://pay.ds.163.com/","GL-ClientType":"60","GL-DeviceId":"b4533fdd-3462-4836-9dfe-2708c68eb52e","GL-Uid":"be10f7eff4c643c682d5a2322ec0dc7e","GL-CheckSum":"c49d8f58f3d1833463c9bbe871b8c50ba0b05aab","Content-Length":"2","Accept-Encoding":"gzip, compress, deflate, br"}
[响应结果] {"httpStatus":200,"data":{"result":{"coupons":[{"couponId":"687076e69f3efd24cb2bed9c","name":"V1","amount":1,"xyLevel":"V1","seckillTime":"WEEKLY","periods":[{"weekDay":3,"seckillStartTime":1785297600000,"seckillEndTime":1785470399999,"status":"ENDED"},{"weekDay":5,"seckillStartTime":1785470400000,"seckillEndTime":1785729599999,"status":"PROGRESSING"},{"weekDay":1,"seckillStartTime":1785729600000,"seckillEndTime":1785902399999,"status":"NOT_STARTED"},{"weekDay":3,"seckillStartTime":1785902400000,"seckillEndTime":1786075199999,"status":"NOT_STARTED"},{"weekDay":5,"seckillStartTime":1786075200000,"seckillEndTime":1786334399999,"status":"NOT_STARTED"},{"weekDay":1,"seckillStartTime":1786334400000,"seckillEndTime":1786507199999,"status":"NOT_STARTED"}]},{"couponId":"68708657f56f912f57e063bf","name":"V2","amount":2,"xyLevel":"V2","seckillTime":"WEEKLY","periods":[{"weekDay":3,"seckillStartTime":1785297600000,"seckillEndTime":1785470399999,"status":"ENDED"},{"weekDay":5,"seckillStartTime":1785470400000,"seckillEndTime":1785729599999,"status":"PROGRESSING"},{"weekDay":1,"seckillStartTime":1785729600000,"seckillEndTime":1785902399999,"status":"NOT_STARTED"},{"weekDay":3,"seckillStartTime":1785902400000,"seckillEndTime":1786075199999,"status":"NOT_STARTED"},{"weekDay":5,"seckillStartTime":1786075200000,"seckillEndTime":1786334399999,"status":"NOT_STARTED"},{"weekDay":1,"seckillStartTime":1786334400000,"seckillEndTime":1786507199999,"status":"NOT_STARTED"}]},{"couponId":"6870867989fddd2bbdec96bc","name":"V3","amount":3,"xyLevel":"V3","seckillTime":"WEEKLY","periods":[{"weekDay":3,"seckillStartTime":1785297600000,"seckillEndTime":1785470399999,"status":"ENDED"},{"weekDay":5,"seckillStartTime":1785470400000,"seckillEndTime":1785729599999,"status":"PROGRESSING"},{"weekDay":1,"seckillStartTime":1785729600000,"seckillEndTime":1785902399999,"status":"NOT_STARTED"},{"weekDay":3,"seckillStartTime":1785902400000,"seckillEndTime":1786075199999,"status":"NOT_STARTED"},{"weekDay":5,"seckillStartTime":1786075200000,"seckillEndTime":1786334399999,"status":"NOT_STARTED"},{"weekDay":1,"seckillStartTime":1786334400000,"seckillEndTime":1786507199999,"status":"NOT_STARTED"}]},{"couponId":"6870869cf56f912f57e063c0","name":"V4","amount":8,"xyLevel":"V4","seckillTime":"WEEKLY","periods":[{"weekDay":3,"seckillStartTime":1785297600000,"seckillEndTime":1785470399999,"status":"ENDED"},{"weekDay":5,"seckillStartTime":1785470400000,"seckillEndTime":1785729599999,"status":"PROGRESSING"},{"weekDay":1,"seckillStartTime":1785729600000,"seckillEndTime":1785902399999,"status":"NOT_STARTED"},{"weekDay":3,"seckillStartTime":1785902400000,"seckillEndTime":1786075199999,"status":"NOT_STARTED"},{"weekDay":5,"seckillStartTime":1786075200000,"seckillEndTime":1786334399999,"status":"NOT_STARTED"},{"weekDay":1,"seckillStartTime":1786334400000,"seckillEndTime":1786507199999,"status":"NOT_STARTED"}]},{"couponId":"687086e33d0d02335c1804f4","name":"V5","amount":18,"xyLevel":"V5","seckillTime":"WEEKLY","periods":[{"weekDay":3,"seckillStartTime":1785297600000,"seckillEndTime":1785470399999,"status":"ENDED"},{"weekDay":5,"seckillStartTime":1785470400000,"seckillEndTime":1785729599999,"status":"PROGRESSING"},{"weekDay":1,"seckillStartTime":1785729600000,"seckillEndTime":1785902399999,"status":"NOT_STARTED"},{"weekDay":3,"seckillStartTime":1785902400000,"seckillEndTime":1786075199999,"status":"NOT_STARTED"},{"weekDay":5,"seckillStartTime":1786075200000,"seckillEndTime":1786334399999,"status":"NOT_STARTED"},{"weekDay":1,"seckillStartTime":1786334400000,"seckillEndTime":1786507199999,"status":"NOT_STARTED"}]},{"couponId":"68708705f56f912f57e063c3","name":"V6","amount":30,"xyLevel":"V6","seckillTime":"WEEKLY","periods":[{"weekDay":3,"seckillStartTime":1785297600000,"seckillEndTime":1785470399999,"status":"ENDED"},{"weekDay":5,"seckillStartTime":1785470400000,"seckillEndTime":1785729599999,"status":"PROGRESSING","acquiredStatus":"OUT_OF_STOCK","stockId":"68708705f56f912f57e063c3_WEEKLY_1785470400000","stockRemain":0},{"weekDay":1,"seckillStartTime":1785729600000,"seckillEndTime":1785902399999,"status":"NOT_STARTED"},{"weekDay":3,"seckillStartTime":1785902400000,"seckillEndTime":1786075199999,"status":"NOT_STARTED"},{"weekDay":5,"seckillStartTime":1786075200000,"seckillEndTime":1786334399999,"status":"NOT_STARTED"},{"weekDay":1,"seckillStartTime":1786334400000,"seckillEndTime":1786507199999,"status":"NOT_STARTED"}]},{"couponId":"6870872e89fddd2bbdec96bd","name":"V7","amount":75,"xyLevel":"V7","seckillTime":"WEEKLY","periods":[{"weekDay":3,"seckillStartTime":1785297600000,"seckillEndTime":1785470399999,"status":"ENDED"},{"weekDay":5,"seckillStartTime":1785470400000,"seckillEndTime":1785729599999,"status":"PROGRESSING"},{"weekDay":1,"seckillStartTime":1785729600000,"seckillEndTime":1785902399999,"status":"NOT_STARTED"},{"weekDay":3,"seckillStartTime":1785902400000,"seckillEndTime":1786075199999,"status":"NOT_STARTED"},{"weekDay":5,"seckillStartTime":1786075200000,"seckillEndTime":1786334399999,"status":"NOT_STARTED"},{"weekDay":1,"seckillStartTime":1786334400000,"seckillEndTime":1786507199999,"status":"NOT_STARTED"}]}]},"code":200,"errmsg":"OK"}}
============================================================
============================================================
[请求时间] 2026/8/3 11:47:52.872
[响应时间] 2026/8/3 11:47:53.022
[耗时] 150ms
[请求路径] https://pay-api.ds.163.com/v1/web/init/server/time
[请求方式] GET
[请求参数] {"query":null,"body":null}
[请求头] {"Accept":"application/json, text/plain, */*","Content-Type":"application/json;charset=UTF-8","GL-X-XSRF-TOKEN":"4b090460-8fe1-41f7-a325-7f34b841865a","User-Agent":"Mozilla/5.0 (Windows NT 10.0; Win64; x64) AppleWebKit/537.36 (KHTML, like Gecko) Chrome/122.0.0.0 Safari/537.36","Origin":"https://pay.ds.163.com","Referer":"https://pay.ds.163.com/","GL-ClientType":"60","GL-DeviceId":"b4533fdd-3462-4836-9dfe-2708c68eb52e","GL-Uid":"be10f7eff4c643c682d5a2322ec0dc7e","Accept-Encoding":"gzip, compress, deflate, br"}
[响应结果] {"httpStatus":404,"data":"<!DOCTYPE HTML PUBLIC \"-//W3C//DTD HTML 3.2 Final//EN\">\n<title>404 Not Found</title>\n<h1>Not Found</h1>\n<p>The requested URL was not found on the server. If you entered the URL manually please check your spelling and try again.</p>\n"}
============================================================
============================================================
[请求时间] 2026/8/3 11:47:53.021
[响应时间] 2026/8/3 11:47:53.166
[耗时] 145ms
[请求路径] https://pay-api.ds.163.com/api/nlogin
[请求方式] GET
[请求参数] {"query":{},"body":null}
[请求头] {"Accept":"application/json, text/plain, */*","Content-Type":"application/json;charset=UTF-8","GL-X-XSRF-TOKEN":"4b090460-8fe1-41f7-a325-7f34b841865a","User-Agent":"Mozilla/5.0 (Windows NT 10.0; Win64; x64) AppleWebKit/537.36 (KHTML, like Gecko) Chrome/122.0.0.0 Safari/537.36","Origin":"https://pay.ds.163.com","Referer":"https://pay.ds.163.com/","GL-ClientType":"60","GL-DeviceId":"b4533fdd-3462-4836-9dfe-2708c68eb52e","GL-Uid":"be10f7eff4c643c682d5a2322ec0dc7e","Accept-Encoding":"gzip, compress, deflate, br"}
[响应结果] {"httpStatus":200,"data":{"code":413,"msg":"登录失败"}}
============================================================
============================================================
[请求时间] 2026/8/3 11:57:55.602
[响应时间] 2026/8/3 11:57:55.798
[耗时] 196ms
[请求路径] https://pay-api.ds.163.com/v1/web/init/server/time
[请求方式] GET
[请求参数] {"query":null,"body":null}
[请求头] {"Accept":"application/json, text/plain, */*","Content-Type":"application/json;charset=UTF-8","User-Agent":"Mozilla/5.0 (Windows NT 10.0; Win64; x64) AppleWebKit/537.36 (KHTML, like Gecko) Chrome/122.0.0.0 Safari/537.36","Origin":"https://pay.ds.163.com","Referer":"https://pay.ds.163.com/","GL-ClientType":"60","GL-DeviceId":"b4533fdd-3462-4836-9dfe-2708c68eb52e","GL-Uid":"be10f7eff4c643c682d5a2322ec0dc7e","GL-X-XSRF-TOKEN":"4b090460-8fe1-41f7-a325-7f34b841865a","Accept-Encoding":"gzip, compress, deflate, br"}
[响应结果] {"httpStatus":404,"data":"<!DOCTYPE HTML PUBLIC \"-//W3C//DTD HTML 3.2 Final//EN\">\n<title>404 Not Found</title>\n<h1>Not Found</h1>\n<p>The requested URL was not found on the server. If you entered the URL manually please check your spelling and try again.</p>\n"}
============================================================
============================================================
[请求时间] 2026/8/3 11:57:55.796
[响应时间] 2026/8/3 11:57:55.930
[耗时] 134ms
[请求路径] https://pay-api.ds.163.com/api/nlogin
[请求方式] GET
[请求参数] {"query":{},"body":null}
[请求头] {"Accept":"application/json, text/plain, */*","Content-Type":"application/json;charset=UTF-8","GL-X-XSRF-TOKEN":"4b090460-8fe1-41f7-a325-7f34b841865a","User-Agent":"Mozilla/5.0 (Windows NT 10.0; Win64; x64) AppleWebKit/537.36 (KHTML, like Gecko) Chrome/122.0.0.0 Safari/537.36","Origin":"https://pay.ds.163.com","Referer":"https://pay.ds.163.com/","GL-ClientType":"60","GL-DeviceId":"b4533fdd-3462-4836-9dfe-2708c68eb52e","GL-Uid":"be10f7eff4c643c682d5a2322ec0dc7e","Accept-Encoding":"gzip, compress, deflate, br"}
[响应结果] {"httpStatus":200,"data":{"code":413,"msg":"登录失败"}}
============================================================
============================================================
[请求时间] 2026/8/3 11:57:55.929
[响应时间] 2026/8/3 11:57:56.069
[耗时] 140ms
[请求路径] https://inf.ds.163.com/v1/web/cooperate/plutus/cookie-exchange
[请求方式] GET
[请求参数] {"query":null,"body":null}
[请求头] {"Accept":"application/json, text/plain, */*","Content-Type":"application/json;charset=UTF-8","GL-X-XSRF-TOKEN":"4b090460-8fe1-41f7-a325-7f34b841865a","User-Agent":"Mozilla/5.0 (Windows NT 10.0; Win64; x64) AppleWebKit/537.36 (KHTML, like Gecko) Chrome/122.0.0.0 Safari/537.36","Origin":"https://pay.ds.163.com","Referer":"https://pay.ds.163.com/","GL-ClientType":"60","GL-DeviceId":"b4533fdd-3462-4836-9dfe-2708c68eb52e","GL-Uid":"be10f7eff4c643c682d5a2322ec0dc7e","Accept-Encoding":"gzip, compress, deflate, br"}
[响应结果] {"httpStatus":200,"data":{"result":{"user":{"uid":"be10f7eff4c643c682d5a2322ec0dc7e","nick":"ivy8","icon":"https://ok.166.net/reunionpub/3_20231022_18b5699a319275716.jpeg","intro":"","gender":1,"updateTime":1777822557963,"userSourceType":"URS"},"newUser":false},"code":200,"errmsg":"OK"}}
============================================================
============================================================
[请求时间] 2026/8/3 11:57:56.069
[响应时间] 2026/8/3 11:57:56.207
[耗时] 138ms
[请求路径] https://pay-api.ds.163.com/v1/web/init/server/time
[请求方式] GET
[请求参数] {"query":null,"body":null}
[请求头] {"Accept":"application/json, text/plain, */*","Content-Type":"application/json;charset=UTF-8","GL-X-XSRF-TOKEN":"4b090460-8fe1-41f7-a325-7f34b841865a","User-Agent":"Mozilla/5.0 (Windows NT 10.0; Win64; x64) AppleWebKit/537.36 (KHTML, like Gecko) Chrome/122.0.0.0 Safari/537.36","Origin":"https://pay.ds.163.com","Referer":"https://pay.ds.163.com/","GL-ClientType":"60","GL-DeviceId":"b4533fdd-3462-4836-9dfe-2708c68eb52e","GL-Uid":"be10f7eff4c643c682d5a2322ec0dc7e","Accept-Encoding":"gzip, compress, deflate, br"}
[响应结果] {"httpStatus":404,"data":"<!DOCTYPE HTML PUBLIC \"-//W3C//DTD HTML 3.2 Final//EN\">\n<title>404 Not Found</title>\n<h1>Not Found</h1>\n<p>The requested URL was not found on the server. If you entered the URL manually please check your spelling and try again.</p>\n"}
============================================================
============================================================
[请求时间] 2026/8/3 11:57:56.207
[响应时间] 2026/8/3 11:57:56.394
[耗时] 187ms
[请求路径] https://inf.ds.163.com/v1/web/exp/xy/user/get-info
[请求方式] POST
[请求参数] {"query":null,"body":{}}
[请求头] {"Accept":"application/json, text/plain, */*","Content-Type":"application/json;charset=UTF-8","GL-X-XSRF-TOKEN":"4b090460-8fe1-41f7-a325-7f34b841865a","User-Agent":"Mozilla/5.0 (Windows NT 10.0; Win64; x64) AppleWebKit/537.36 (KHTML, like Gecko) Chrome/122.0.0.0 Safari/537.36","Origin":"https://pay.ds.163.com","Referer":"https://pay.ds.163.com/","GL-ClientType":"60","GL-DeviceId":"b4533fdd-3462-4836-9dfe-2708c68eb52e","GL-Uid":"be10f7eff4c643c682d5a2322ec0dc7e","GL-CheckSum":"c49d8f58f3d1833463c9bbe871b8c50ba0b05aab","Content-Length":"2","Accept-Encoding":"gzip, compress, deflate, br"}
[响应结果] {"httpStatus":200,"data":{"result":{"growthPoint":113056,"currentLv":"V6","diffNextLvGrowthPoint":886944,"currentLvExpireDate":"20270108","currentLvExpire":1799337600000,"nextLv":"V7","activeGames":["l36","h74"],"last365LoginGames":["l36","h74"],"initDate":"20260108","lastLv":"V6"},"code":200,"errmsg":"OK"}}
============================================================
============================================================
[请求时间] 2026/8/3 11:57:56.391
[响应时间] 2026/8/3 11:57:56.448
[耗时] 57ms
[请求路径] https://inf.ds.163.com/v1/web/exp/week-coupon/showing-list-v2
[请求方式] POST
[请求参数] {"query":null,"body":{}}
[请求头] {"Accept":"application/json, text/plain, */*","Content-Type":"application/json;charset=UTF-8","GL-X-XSRF-TOKEN":"4b090460-8fe1-41f7-a325-7f34b841865a","User-Agent":"Mozilla/5.0 (Windows NT 10.0; Win64; x64) AppleWebKit/537.36 (KHTML, like Gecko) Chrome/122.0.0.0 Safari/537.36","Origin":"https://pay.ds.163.com","Referer":"https://pay.ds.163.com/","GL-ClientType":"60","GL-DeviceId":"b4533fdd-3462-4836-9dfe-2708c68eb52e","GL-Uid":"be10f7eff4c643c682d5a2322ec0dc7e","GL-CheckSum":"c49d8f58f3d1833463c9bbe871b8c50ba0b05aab","Content-Length":"2","Accept-Encoding":"gzip, compress, deflate, br"}
[响应结果] {"httpStatus":200,"data":{"result":{"coupons":[{"couponId":"687076e69f3efd24cb2bed9c","name":"V1","amount":1,"xyLevel":"V1","seckillTime":"WEEKLY","periods":[{"weekDay":3,"seckillStartTime":1785297600000,"seckillEndTime":1785470399999,"status":"ENDED"},{"weekDay":5,"seckillStartTime":1785470400000,"seckillEndTime":1785729599999,"status":"PROGRESSING"},{"weekDay":1,"seckillStartTime":1785729600000,"seckillEndTime":1785902399999,"status":"NOT_STARTED"},{"weekDay":3,"seckillStartTime":1785902400000,"seckillEndTime":1786075199999,"status":"NOT_STARTED"},{"weekDay":5,"seckillStartTime":1786075200000,"seckillEndTime":1786334399999,"status":"NOT_STARTED"},{"weekDay":1,"seckillStartTime":1786334400000,"seckillEndTime":1786507199999,"status":"NOT_STARTED"}]},{"couponId":"68708657f56f912f57e063bf","name":"V2","amount":2,"xyLevel":"V2","seckillTime":"WEEKLY","periods":[{"weekDay":3,"seckillStartTime":1785297600000,"seckillEndTime":1785470399999,"status":"ENDED"},{"weekDay":5,"seckillStartTime":1785470400000,"seckillEndTime":1785729599999,"status":"PROGRESSING"},{"weekDay":1,"seckillStartTime":1785729600000,"seckillEndTime":1785902399999,"status":"NOT_STARTED"},{"weekDay":3,"seckillStartTime":1785902400000,"seckillEndTime":1786075199999,"status":"NOT_STARTED"},{"weekDay":5,"seckillStartTime":1786075200000,"seckillEndTime":1786334399999,"status":"NOT_STARTED"},{"weekDay":1,"seckillStartTime":1786334400000,"seckillEndTime":1786507199999,"status":"NOT_STARTED"}]},{"couponId":"6870867989fddd2bbdec96bc","name":"V3","amount":3,"xyLevel":"V3","seckillTime":"WEEKLY","periods":[{"weekDay":3,"seckillStartTime":1785297600000,"seckillEndTime":1785470399999,"status":"ENDED"},{"weekDay":5,"seckillStartTime":1785470400000,"seckillEndTime":1785729599999,"status":"PROGRESSING"},{"weekDay":1,"seckillStartTime":1785729600000,"seckillEndTime":1785902399999,"status":"NOT_STARTED"},{"weekDay":3,"seckillStartTime":1785902400000,"seckillEndTime":1786075199999,"status":"NOT_STARTED"},{"weekDay":5,"seckillStartTime":1786075200000,"seckillEndTime":1786334399999,"status":"NOT_STARTED"},{"weekDay":1,"seckillStartTime":1786334400000,"seckillEndTime":1786507199999,"status":"NOT_STARTED"}]},{"couponId":"6870869cf56f912f57e063c0","name":"V4","amount":8,"xyLevel":"V4","seckillTime":"WEEKLY","periods":[{"weekDay":3,"seckillStartTime":1785297600000,"seckillEndTime":1785470399999,"status":"ENDED"},{"weekDay":5,"seckillStartTime":1785470400000,"seckillEndTime":1785729599999,"status":"PROGRESSING"},{"weekDay":1,"seckillStartTime":1785729600000,"seckillEndTime":1785902399999,"status":"NOT_STARTED"},{"weekDay":3,"seckillStartTime":1785902400000,"seckillEndTime":1786075199999,"status":"NOT_STARTED"},{"weekDay":5,"seckillStartTime":1786075200000,"seckillEndTime":1786334399999,"status":"NOT_STARTED"},{"weekDay":1,"seckillStartTime":1786334400000,"seckillEndTime":1786507199999,"status":"NOT_STARTED"}]},{"couponId":"687086e33d0d02335c1804f4","name":"V5","amount":18,"xyLevel":"V5","seckillTime":"WEEKLY","periods":[{"weekDay":3,"seckillStartTime":1785297600000,"seckillEndTime":1785470399999,"status":"ENDED"},{"weekDay":5,"seckillStartTime":1785470400000,"seckillEndTime":1785729599999,"status":"PROGRESSING"},{"weekDay":1,"seckillStartTime":1785729600000,"seckillEndTime":1785902399999,"status":"NOT_STARTED"},{"weekDay":3,"seckillStartTime":1785902400000,"seckillEndTime":1786075199999,"status":"NOT_STARTED"},{"weekDay":5,"seckillStartTime":1786075200000,"seckillEndTime":1786334399999,"status":"NOT_STARTED"},{"weekDay":1,"seckillStartTime":1786334400000,"seckillEndTime":1786507199999,"status":"NOT_STARTED"}]},{"couponId":"68708705f56f912f57e063c3","name":"V6","amount":30,"xyLevel":"V6","seckillTime":"WEEKLY","periods":[{"weekDay":3,"seckillStartTime":1785297600000,"seckillEndTime":1785470399999,"status":"ENDED"},{"weekDay":5,"seckillStartTime":1785470400000,"seckillEndTime":1785729599999,"status":"PROGRESSING","acquiredStatus":"OUT_OF_STOCK","stockId":"68708705f56f912f57e063c3_WEEKLY_1785470400000","stockRemain":0},{"weekDay":1,"seckillStartTime":1785729600000,"seckillEndTime":1785902399999,"status":"NOT_STARTED"},{"weekDay":3,"seckillStartTime":1785902400000,"seckillEndTime":1786075199999,"status":"NOT_STARTED"},{"weekDay":5,"seckillStartTime":1786075200000,"seckillEndTime":1786334399999,"status":"NOT_STARTED"},{"weekDay":1,"seckillStartTime":1786334400000,"seckillEndTime":1786507199999,"status":"NOT_STARTED"}]},{"couponId":"6870872e89fddd2bbdec96bd","name":"V7","amount":75,"xyLevel":"V7","seckillTime":"WEEKLY","periods":[{"weekDay":3,"seckillStartTime":1785297600000,"seckillEndTime":1785470399999,"status":"ENDED"},{"weekDay":5,"seckillStartTime":1785470400000,"seckillEndTime":1785729599999,"status":"PROGRESSING"},{"weekDay":1,"seckillStartTime":1785729600000,"seckillEndTime":1785902399999,"status":"NOT_STARTED"},{"weekDay":3,"seckillStartTime":1785902400000,"seckillEndTime":1786075199999,"status":"NOT_STARTED"},{"weekDay":5,"seckillStartTime":1786075200000,"seckillEndTime":1786334399999,"status":"NOT_STARTED"},{"weekDay":1,"seckillStartTime":1786334400000,"seckillEndTime":1786507199999,"status":"NOT_STARTED"}]}]},"code":200,"errmsg":"OK"}}
============================================================
============================================================
[请求时间] 2026/8/3 11:57:56.853
[响应时间] 2026/8/3 11:57:56.940
[耗时] 87ms
[请求路径] https://inf.ds.163.com/v1/web/exp/week-coupon/showing-list-v2
[请求方式] POST
[请求参数] {"query":null,"body":{}}
[请求头] {"Accept":"application/json, text/plain, */*","Content-Type":"application/json;charset=UTF-8","GL-X-XSRF-TOKEN":"4b090460-8fe1-41f7-a325-7f34b841865a","User-Agent":"Mozilla/5.0 (Windows NT 10.0; Win64; x64) AppleWebKit/537.36 (KHTML, like Gecko) Chrome/122.0.0.0 Safari/537.36","Origin":"https://pay.ds.163.com","Referer":"https://pay.ds.163.com/","GL-ClientType":"60","GL-DeviceId":"b4533fdd-3462-4836-9dfe-2708c68eb52e","GL-Uid":"be10f7eff4c643c682d5a2322ec0dc7e","GL-CheckSum":"c49d8f58f3d1833463c9bbe871b8c50ba0b05aab","Content-Length":"2","Accept-Encoding":"gzip, compress, deflate, br"}
[响应结果] {"httpStatus":200,"data":{"result":{"coupons":[{"couponId":"687076e69f3efd24cb2bed9c","name":"V1","amount":1,"xyLevel":"V1","seckillTime":"WEEKLY","periods":[{"weekDay":3,"seckillStartTime":1785297600000,"seckillEndTime":1785470399999,"status":"ENDED"},{"weekDay":5,"seckillStartTime":1785470400000,"seckillEndTime":1785729599999,"status":"PROGRESSING"},{"weekDay":1,"seckillStartTime":1785729600000,"seckillEndTime":1785902399999,"status":"NOT_STARTED"},{"weekDay":3,"seckillStartTime":1785902400000,"seckillEndTime":1786075199999,"status":"NOT_STARTED"},{"weekDay":5,"seckillStartTime":1786075200000,"seckillEndTime":1786334399999,"status":"NOT_STARTED"},{"weekDay":1,"seckillStartTime":1786334400000,"seckillEndTime":1786507199999,"status":"NOT_STARTED"}]},{"couponId":"68708657f56f912f57e063bf","name":"V2","amount":2,"xyLevel":"V2","seckillTime":"WEEKLY","periods":[{"weekDay":3,"seckillStartTime":1785297600000,"seckillEndTime":1785470399999,"status":"ENDED"},{"weekDay":5,"seckillStartTime":1785470400000,"seckillEndTime":1785729599999,"status":"PROGRESSING"},{"weekDay":1,"seckillStartTime":1785729600000,"seckillEndTime":1785902399999,"status":"NOT_STARTED"},{"weekDay":3,"seckillStartTime":1785902400000,"seckillEndTime":1786075199999,"status":"NOT_STARTED"},{"weekDay":5,"seckillStartTime":1786075200000,"seckillEndTime":1786334399999,"status":"NOT_STARTED"},{"weekDay":1,"seckillStartTime":1786334400000,"seckillEndTime":1786507199999,"status":"NOT_STARTED"}]},{"couponId":"6870867989fddd2bbdec96bc","name":"V3","amount":3,"xyLevel":"V3","seckillTime":"WEEKLY","periods":[{"weekDay":3,"seckillStartTime":1785297600000,"seckillEndTime":1785470399999,"status":"ENDED"},{"weekDay":5,"seckillStartTime":1785470400000,"seckillEndTime":1785729599999,"status":"PROGRESSING"},{"weekDay":1,"seckillStartTime":1785729600000,"seckillEndTime":1785902399999,"status":"NOT_STARTED"},{"weekDay":3,"seckillStartTime":1785902400000,"seckillEndTime":1786075199999,"status":"NOT_STARTED"},{"weekDay":5,"seckillStartTime":1786075200000,"seckillEndTime":1786334399999,"status":"NOT_STARTED"},{"weekDay":1,"seckillStartTime":1786334400000,"seckillEndTime":1786507199999,"status":"NOT_STARTED"}]},{"couponId":"6870869cf56f912f57e063c0","name":"V4","amount":8,"xyLevel":"V4","seckillTime":"WEEKLY","periods":[{"weekDay":3,"seckillStartTime":1785297600000,"seckillEndTime":1785470399999,"status":"ENDED"},{"weekDay":5,"seckillStartTime":1785470400000,"seckillEndTime":1785729599999,"status":"PROGRESSING"},{"weekDay":1,"seckillStartTime":1785729600000,"seckillEndTime":1785902399999,"status":"NOT_STARTED"},{"weekDay":3,"seckillStartTime":1785902400000,"seckillEndTime":1786075199999,"status":"NOT_STARTED"},{"weekDay":5,"seckillStartTime":1786075200000,"seckillEndTime":1786334399999,"status":"NOT_STARTED"},{"weekDay":1,"seckillStartTime":1786334400000,"seckillEndTime":1786507199999,"status":"NOT_STARTED"}]},{"couponId":"687086e33d0d02335c1804f4","name":"V5","amount":18,"xyLevel":"V5","seckillTime":"WEEKLY","periods":[{"weekDay":3,"seckillStartTime":1785297600000,"seckillEndTime":1785470399999,"status":"ENDED"},{"weekDay":5,"seckillStartTime":1785470400000,"seckillEndTime":1785729599999,"status":"PROGRESSING"},{"weekDay":1,"seckillStartTime":1785729600000,"seckillEndTime":1785902399999,"status":"NOT_STARTED"},{"weekDay":3,"seckillStartTime":1785902400000,"seckillEndTime":1786075199999,"status":"NOT_STARTED"},{"weekDay":5,"seckillStartTime":1786075200000,"seckillEndTime":1786334399999,"status":"NOT_STARTED"},{"weekDay":1,"seckillStartTime":1786334400000,"seckillEndTime":1786507199999,"status":"NOT_STARTED"}]},{"couponId":"68708705f56f912f57e063c3","name":"V6","amount":30,"xyLevel":"V6","seckillTime":"WEEKLY","periods":[{"weekDay":3,"seckillStartTime":1785297600000,"seckillEndTime":1785470399999,"status":"ENDED"},{"weekDay":5,"seckillStartTime":1785470400000,"seckillEndTime":1785729599999,"status":"PROGRESSING","acquiredStatus":"OUT_OF_STOCK","stockId":"68708705f56f912f57e063c3_WEEKLY_1785470400000","stockRemain":0},{"weekDay":1,"seckillStartTime":1785729600000,"seckillEndTime":1785902399999,"status":"NOT_STARTED"},{"weekDay":3,"seckillStartTime":1785902400000,"seckillEndTime":1786075199999,"status":"NOT_STARTED"},{"weekDay":5,"seckillStartTime":1786075200000,"seckillEndTime":1786334399999,"status":"NOT_STARTED"},{"weekDay":1,"seckillStartTime":1786334400000,"seckillEndTime":1786507199999,"status":"NOT_STARTED"}]},{"couponId":"6870872e89fddd2bbdec96bd","name":"V7","amount":75,"xyLevel":"V7","seckillTime":"WEEKLY","periods":[{"weekDay":3,"seckillStartTime":1785297600000,"seckillEndTime":1785470399999,"status":"ENDED"},{"weekDay":5,"seckillStartTime":1785470400000,"seckillEndTime":1785729599999,"status":"PROGRESSING"},{"weekDay":1,"seckillStartTime":1785729600000,"seckillEndTime":1785902399999,"status":"NOT_STARTED"},{"weekDay":3,"seckillStartTime":1785902400000,"seckillEndTime":1786075199999,"status":"NOT_STARTED"},{"weekDay":5,"seckillStartTime":1786075200000,"seckillEndTime":1786334399999,"status":"NOT_STARTED"},{"weekDay":1,"seckillStartTime":1786334400000,"seckillEndTime":1786507199999,"status":"NOT_STARTED"}]}]},"code":200,"errmsg":"OK"}}
============================================================
============================================================
[请求时间] 2026/8/3 11:57:56.940
[响应时间] 2026/8/3 11:57:57.088
[耗时] 148ms
[请求路径] https://pay-api.ds.163.com/v1/web/init/server/time
[请求方式] GET
[请求参数] {"query":null,"body":null}
[请求头] {"Accept":"application/json, text/plain, */*","Content-Type":"application/json;charset=UTF-8","GL-X-XSRF-TOKEN":"4b090460-8fe1-41f7-a325-7f34b841865a","User-Agent":"Mozilla/5.0 (Windows NT 10.0; Win64; x64) AppleWebKit/537.36 (KHTML, like Gecko) Chrome/122.0.0.0 Safari/537.36","Origin":"https://pay.ds.163.com","Referer":"https://pay.ds.163.com/","GL-ClientType":"60","GL-DeviceId":"b4533fdd-3462-4836-9dfe-2708c68eb52e","GL-Uid":"be10f7eff4c643c682d5a2322ec0dc7e","Accept-Encoding":"gzip, compress, deflate, br"}
[响应结果] {"httpStatus":404,"data":"<!DOCTYPE HTML PUBLIC \"-//W3C//DTD HTML 3.2 Final//EN\">\n<title>404 Not Found</title>\n<h1>Not Found</h1>\n<p>The requested URL was not found on the server. If you entered the URL manually please check your spelling and try again.</p>\n"}
============================================================
============================================================
[请求时间] 2026/8/3 11:57:57.088
[响应时间] 2026/8/3 11:57:58.945
[耗时] 1857ms
[请求路径] https://pay-api.ds.163.com/api/nlogin
[请求方式] GET
[请求参数] {"query":{},"body":null}
[请求头] {"Accept":"application/json, text/plain, */*","Content-Type":"application/json;charset=UTF-8","GL-X-XSRF-TOKEN":"4b090460-8fe1-41f7-a325-7f34b841865a","User-Agent":"Mozilla/5.0 (Windows NT 10.0; Win64; x64) AppleWebKit/537.36 (KHTML, like Gecko) Chrome/122.0.0.0 Safari/537.36","Origin":"https://pay.ds.163.com","Referer":"https://pay.ds.163.com/","GL-ClientType":"60","GL-DeviceId":"b4533fdd-3462-4836-9dfe-2708c68eb52e","GL-Uid":"be10f7eff4c643c682d5a2322ec0dc7e","Accept-Encoding":"gzip, compress, deflate, br"}
[响应结果] {"httpStatus":200,"data":{"code":413,"msg":"登录失败"}}
============================================================
============================================================
[请求时间] 2026/8/3 11:59:45.016
[响应时间] 2026/8/3 11:59:45.192
[耗时] 176ms
[请求路径] https://pay-api.ds.163.com/v1/web/init/server/time
[请求方式] GET
[请求参数] {"query":null,"body":null}
[请求头] {"Accept":"application/json, text/plain, */*","Content-Type":"application/json;charset=UTF-8","GL-X-XSRF-TOKEN":"4b090460-8fe1-41f7-a325-7f34b841865a","User-Agent":"Mozilla/5.0 (Windows NT 10.0; Win64; x64) AppleWebKit/537.36 (KHTML, like Gecko) Chrome/122.0.0.0 Safari/537.36","Origin":"https://pay.ds.163.com","Referer":"https://pay.ds.163.com/","GL-ClientType":"60","GL-DeviceId":"b4533fdd-3462-4836-9dfe-2708c68eb52e","GL-Uid":"be10f7eff4c643c682d5a2322ec0dc7e","Accept-Encoding":"gzip, compress, deflate, br"}
[响应结果] {"httpStatus":404,"data":"<!DOCTYPE HTML PUBLIC \"-//W3C//DTD HTML 3.2 Final//EN\">\n<title>404 Not Found</title>\n<h1>Not Found</h1>\n<p>The requested URL was not found on the server. If you entered the URL manually please check your spelling and try again.</p>\n"}
============================================================
============================================================
[请求时间] 2026/8/3 11:59:45.191
[响应时间] 2026/8/3 11:59:45.323
[耗时] 132ms
[请求路径] https://pay-api.ds.163.com/api/nlogin
[请求方式] GET
[请求参数] {"query":{},"body":null}
[请求头] {"Accept":"application/json, text/plain, */*","Content-Type":"application/json;charset=UTF-8","GL-X-XSRF-TOKEN":"4b090460-8fe1-41f7-a325-7f34b841865a","User-Agent":"Mozilla/5.0 (Windows NT 10.0; Win64; x64) AppleWebKit/537.36 (KHTML, like Gecko) Chrome/122.0.0.0 Safari/537.36","Origin":"https://pay.ds.163.com","Referer":"https://pay.ds.163.com/","GL-ClientType":"60","GL-DeviceId":"b4533fdd-3462-4836-9dfe-2708c68eb52e","GL-Uid":"be10f7eff4c643c682d5a2322ec0dc7e","Accept-Encoding":"gzip, compress, deflate, br"}
[响应结果] {"httpStatus":200,"data":{"code":413,"msg":"登录失败"}}
============================================================
============================================================
[请求时间] 2026/8/3 11:59:45.322
[响应时间] 2026/8/3 11:59:45.478
[耗时] 156ms
[请求路径] https://inf.ds.163.com/v1/web/cooperate/plutus/cookie-exchange
[请求方式] GET
[请求参数] {"query":null,"body":null}
[请求头] {"Accept":"application/json, text/plain, */*","Content-Type":"application/json;charset=UTF-8","GL-X-XSRF-TOKEN":"4b090460-8fe1-41f7-a325-7f34b841865a","User-Agent":"Mozilla/5.0 (Windows NT 10.0; Win64; x64) AppleWebKit/537.36 (KHTML, like Gecko) Chrome/122.0.0.0 Safari/537.36","Origin":"https://pay.ds.163.com","Referer":"https://pay.ds.163.com/","GL-ClientType":"60","GL-DeviceId":"b4533fdd-3462-4836-9dfe-2708c68eb52e","GL-Uid":"be10f7eff4c643c682d5a2322ec0dc7e","Accept-Encoding":"gzip, compress, deflate, br"}
[响应结果] {"httpStatus":200,"data":{"result":{"user":{"uid":"be10f7eff4c643c682d5a2322ec0dc7e","nick":"ivy8","icon":"https://ok.166.net/reunionpub/3_20231022_18b5699a319275716.jpeg","intro":"","gender":1,"updateTime":1777822557963,"userSourceType":"URS"},"newUser":false},"code":200,"errmsg":"OK"}}
============================================================
============================================================
[请求时间] 2026/8/3 11:59:45.477
[响应时间] 2026/8/3 11:59:45.612
[耗时] 135ms
[请求路径] https://pay-api.ds.163.com/v1/web/init/server/time
[请求方式] GET
[请求参数] {"query":null,"body":null}
[请求头] {"Accept":"application/json, text/plain, */*","Content-Type":"application/json;charset=UTF-8","GL-X-XSRF-TOKEN":"4b090460-8fe1-41f7-a325-7f34b841865a","User-Agent":"Mozilla/5.0 (Windows NT 10.0; Win64; x64) AppleWebKit/537.36 (KHTML, like Gecko) Chrome/122.0.0.0 Safari/537.36","Origin":"https://pay.ds.163.com","Referer":"https://pay.ds.163.com/","GL-ClientType":"60","GL-DeviceId":"b4533fdd-3462-4836-9dfe-2708c68eb52e","GL-Uid":"be10f7eff4c643c682d5a2322ec0dc7e","Accept-Encoding":"gzip, compress, deflate, br"}
[响应结果] {"httpStatus":404,"data":"<!DOCTYPE HTML PUBLIC \"-//W3C//DTD HTML 3.2 Final//EN\">\n<title>404 Not Found</title>\n<h1>Not Found</h1>\n<p>The requested URL was not found on the server. If you entered the URL manually please check your spelling and try again.</p>\n"}
============================================================
============================================================
[请求时间] 2026/8/3 11:59:45.611
[响应时间] 2026/8/3 11:59:45.689
[耗时] 78ms
[请求路径] https://inf.ds.163.com/v1/web/exp/xy/user/get-info
[请求方式] POST
[请求参数] {"query":null,"body":{}}
[请求头] {"Accept":"application/json, text/plain, */*","Content-Type":"application/json;charset=UTF-8","GL-X-XSRF-TOKEN":"4b090460-8fe1-41f7-a325-7f34b841865a","User-Agent":"Mozilla/5.0 (Windows NT 10.0; Win64; x64) AppleWebKit/537.36 (KHTML, like Gecko) Chrome/122.0.0.0 Safari/537.36","Origin":"https://pay.ds.163.com","Referer":"https://pay.ds.163.com/","GL-ClientType":"60","GL-DeviceId":"b4533fdd-3462-4836-9dfe-2708c68eb52e","GL-Uid":"be10f7eff4c643c682d5a2322ec0dc7e","GL-CheckSum":"c49d8f58f3d1833463c9bbe871b8c50ba0b05aab","Content-Length":"2","Accept-Encoding":"gzip, compress, deflate, br"}
[响应结果] {"httpStatus":200,"data":{"result":{"growthPoint":113056,"currentLv":"V6","diffNextLvGrowthPoint":886944,"currentLvExpireDate":"20270108","currentLvExpire":1799337600000,"nextLv":"V7","activeGames":["l36","h74"],"last365LoginGames":["l36","h74"],"initDate":"20260108","lastLv":"V6"},"code":200,"errmsg":"OK"}}
============================================================
============================================================
[请求时间] 2026/8/3 11:59:45.688
[响应时间] 2026/8/3 11:59:45.747
[耗时] 59ms
[请求路径] https://inf.ds.163.com/v1/web/exp/week-coupon/showing-list-v2
[请求方式] POST
[请求参数] {"query":null,"body":{}}
[请求头] {"Accept":"application/json, text/plain, */*","Content-Type":"application/json;charset=UTF-8","GL-X-XSRF-TOKEN":"4b090460-8fe1-41f7-a325-7f34b841865a","User-Agent":"Mozilla/5.0 (Windows NT 10.0; Win64; x64) AppleWebKit/537.36 (KHTML, like Gecko) Chrome/122.0.0.0 Safari/537.36","Origin":"https://pay.ds.163.com","Referer":"https://pay.ds.163.com/","GL-ClientType":"60","GL-DeviceId":"b4533fdd-3462-4836-9dfe-2708c68eb52e","GL-Uid":"be10f7eff4c643c682d5a2322ec0dc7e","GL-CheckSum":"c49d8f58f3d1833463c9bbe871b8c50ba0b05aab","Content-Length":"2","Accept-Encoding":"gzip, compress, deflate, br"}
[响应结果] {"httpStatus":200,"data":{"result":{"coupons":[{"couponId":"687076e69f3efd24cb2bed9c","name":"V1","amount":1,"xyLevel":"V1","seckillTime":"WEEKLY","periods":[{"weekDay":3,"seckillStartTime":1785297600000,"seckillEndTime":1785470399999,"status":"ENDED"},{"weekDay":5,"seckillStartTime":1785470400000,"seckillEndTime":1785729599999,"status":"PROGRESSING"},{"weekDay":1,"seckillStartTime":1785729600000,"seckillEndTime":1785902399999,"status":"NOT_STARTED"},{"weekDay":3,"seckillStartTime":1785902400000,"seckillEndTime":1786075199999,"status":"NOT_STARTED"},{"weekDay":5,"seckillStartTime":1786075200000,"seckillEndTime":1786334399999,"status":"NOT_STARTED"},{"weekDay":1,"seckillStartTime":1786334400000,"seckillEndTime":1786507199999,"status":"NOT_STARTED"}]},{"couponId":"68708657f56f912f57e063bf","name":"V2","amount":2,"xyLevel":"V2","seckillTime":"WEEKLY","periods":[{"weekDay":3,"seckillStartTime":1785297600000,"seckillEndTime":1785470399999,"status":"ENDED"},{"weekDay":5,"seckillStartTime":1785470400000,"seckillEndTime":1785729599999,"status":"PROGRESSING"},{"weekDay":1,"seckillStartTime":1785729600000,"seckillEndTime":1785902399999,"status":"NOT_STARTED"},{"weekDay":3,"seckillStartTime":1785902400000,"seckillEndTime":1786075199999,"status":"NOT_STARTED"},{"weekDay":5,"seckillStartTime":1786075200000,"seckillEndTime":1786334399999,"status":"NOT_STARTED"},{"weekDay":1,"seckillStartTime":1786334400000,"seckillEndTime":1786507199999,"status":"NOT_STARTED"}]},{"couponId":"6870867989fddd2bbdec96bc","name":"V3","amount":3,"xyLevel":"V3","seckillTime":"WEEKLY","periods":[{"weekDay":3,"seckillStartTime":1785297600000,"seckillEndTime":1785470399999,"status":"ENDED"},{"weekDay":5,"seckillStartTime":1785470400000,"seckillEndTime":1785729599999,"status":"PROGRESSING"},{"weekDay":1,"seckillStartTime":1785729600000,"seckillEndTime":1785902399999,"status":"NOT_STARTED"},{"weekDay":3,"seckillStartTime":1785902400000,"seckillEndTime":1786075199999,"status":"NOT_STARTED"},{"weekDay":5,"seckillStartTime":1786075200000,"seckillEndTime":1786334399999,"status":"NOT_STARTED"},{"weekDay":1,"seckillStartTime":1786334400000,"seckillEndTime":1786507199999,"status":"NOT_STARTED"}]},{"couponId":"6870869cf56f912f57e063c0","name":"V4","amount":8,"xyLevel":"V4","seckillTime":"WEEKLY","periods":[{"weekDay":3,"seckillStartTime":1785297600000,"seckillEndTime":1785470399999,"status":"ENDED"},{"weekDay":5,"seckillStartTime":1785470400000,"seckillEndTime":1785729599999,"status":"PROGRESSING"},{"weekDay":1,"seckillStartTime":1785729600000,"seckillEndTime":1785902399999,"status":"NOT_STARTED"},{"weekDay":3,"seckillStartTime":1785902400000,"seckillEndTime":1786075199999,"status":"NOT_STARTED"},{"weekDay":5,"seckillStartTime":1786075200000,"seckillEndTime":1786334399999,"status":"NOT_STARTED"},{"weekDay":1,"seckillStartTime":1786334400000,"seckillEndTime":1786507199999,"status":"NOT_STARTED"}]},{"couponId":"687086e33d0d02335c1804f4","name":"V5","amount":18,"xyLevel":"V5","seckillTime":"WEEKLY","periods":[{"weekDay":3,"seckillStartTime":1785297600000,"seckillEndTime":1785470399999,"status":"ENDED"},{"weekDay":5,"seckillStartTime":1785470400000,"seckillEndTime":1785729599999,"status":"PROGRESSING"},{"weekDay":1,"seckillStartTime":1785729600000,"seckillEndTime":1785902399999,"status":"NOT_STARTED"},{"weekDay":3,"seckillStartTime":1785902400000,"seckillEndTime":1786075199999,"status":"NOT_STARTED"},{"weekDay":5,"seckillStartTime":1786075200000,"seckillEndTime":1786334399999,"status":"NOT_STARTED"},{"weekDay":1,"seckillStartTime":1786334400000,"seckillEndTime":1786507199999,"status":"NOT_STARTED"}]},{"couponId":"68708705f56f912f57e063c3","name":"V6","amount":30,"xyLevel":"V6","seckillTime":"WEEKLY","periods":[{"weekDay":3,"seckillStartTime":1785297600000,"seckillEndTime":1785470399999,"status":"ENDED"},{"weekDay":5,"seckillStartTime":1785470400000,"seckillEndTime":1785729599999,"status":"PROGRESSING","acquiredStatus":"OUT_OF_STOCK","stockId":"68708705f56f912f57e063c3_WEEKLY_1785470400000","stockRemain":0},{"weekDay":1,"seckillStartTime":1785729600000,"seckillEndTime":1785902399999,"status":"NOT_STARTED"},{"weekDay":3,"seckillStartTime":1785902400000,"seckillEndTime":1786075199999,"status":"NOT_STARTED"},{"weekDay":5,"seckillStartTime":1786075200000,"seckillEndTime":1786334399999,"status":"NOT_STARTED"},{"weekDay":1,"seckillStartTime":1786334400000,"seckillEndTime":1786507199999,"status":"NOT_STARTED"}]},{"couponId":"6870872e89fddd2bbdec96bd","name":"V7","amount":75,"xyLevel":"V7","seckillTime":"WEEKLY","periods":[{"weekDay":3,"seckillStartTime":1785297600000,"seckillEndTime":1785470399999,"status":"ENDED"},{"weekDay":5,"seckillStartTime":1785470400000,"seckillEndTime":1785729599999,"status":"PROGRESSING"},{"weekDay":1,"seckillStartTime":1785729600000,"seckillEndTime":1785902399999,"status":"NOT_STARTED"},{"weekDay":3,"seckillStartTime":1785902400000,"seckillEndTime":1786075199999,"status":"NOT_STARTED"},{"weekDay":5,"seckillStartTime":1786075200000,"seckillEndTime":1786334399999,"status":"NOT_STARTED"},{"weekDay":1,"seckillStartTime":1786334400000,"seckillEndTime":1786507199999,"status":"NOT_STARTED"}]}]},"code":200,"errmsg":"OK"}}
============================================================
============================================================
[请求时间] 2026/8/3 11:59:45.882
[响应时间] 2026/8/3 11:59:45.966
[耗时] 84ms
[请求路径] https://inf.ds.163.com/v1/web/exp/week-coupon/showing-list-v2
[请求方式] POST
[请求参数] {"query":null,"body":{}}
[请求头] {"Accept":"application/json, text/plain, */*","Content-Type":"application/json;charset=UTF-8","GL-X-XSRF-TOKEN":"4b090460-8fe1-41f7-a325-7f34b841865a","User-Agent":"Mozilla/5.0 (Windows NT 10.0; Win64; x64) AppleWebKit/537.36 (KHTML, like Gecko) Chrome/122.0.0.0 Safari/537.36","Origin":"https://pay.ds.163.com","Referer":"https://pay.ds.163.com/","GL-ClientType":"60","GL-DeviceId":"b4533fdd-3462-4836-9dfe-2708c68eb52e","GL-Uid":"be10f7eff4c643c682d5a2322ec0dc7e","GL-CheckSum":"c49d8f58f3d1833463c9bbe871b8c50ba0b05aab","Content-Length":"2","Accept-Encoding":"gzip, compress, deflate, br"}
[响应结果] {"httpStatus":200,"data":{"result":{"coupons":[{"couponId":"687076e69f3efd24cb2bed9c","name":"V1","amount":1,"xyLevel":"V1","seckillTime":"WEEKLY","periods":[{"weekDay":3,"seckillStartTime":1785297600000,"seckillEndTime":1785470399999,"status":"ENDED"},{"weekDay":5,"seckillStartTime":1785470400000,"seckillEndTime":1785729599999,"status":"PROGRESSING"},{"weekDay":1,"seckillStartTime":1785729600000,"seckillEndTime":1785902399999,"status":"NOT_STARTED"},{"weekDay":3,"seckillStartTime":1785902400000,"seckillEndTime":1786075199999,"status":"NOT_STARTED"},{"weekDay":5,"seckillStartTime":1786075200000,"seckillEndTime":1786334399999,"status":"NOT_STARTED"},{"weekDay":1,"seckillStartTime":1786334400000,"seckillEndTime":1786507199999,"status":"NOT_STARTED"}]},{"couponId":"68708657f56f912f57e063bf","name":"V2","amount":2,"xyLevel":"V2","seckillTime":"WEEKLY","periods":[{"weekDay":3,"seckillStartTime":1785297600000,"seckillEndTime":1785470399999,"status":"ENDED"},{"weekDay":5,"seckillStartTime":1785470400000,"seckillEndTime":1785729599999,"status":"PROGRESSING"},{"weekDay":1,"seckillStartTime":1785729600000,"seckillEndTime":1785902399999,"status":"NOT_STARTED"},{"weekDay":3,"seckillStartTime":1785902400000,"seckillEndTime":1786075199999,"status":"NOT_STARTED"},{"weekDay":5,"seckillStartTime":1786075200000,"seckillEndTime":1786334399999,"status":"NOT_STARTED"},{"weekDay":1,"seckillStartTime":1786334400000,"seckillEndTime":1786507199999,"status":"NOT_STARTED"}]},{"couponId":"6870867989fddd2bbdec96bc","name":"V3","amount":3,"xyLevel":"V3","seckillTime":"WEEKLY","periods":[{"weekDay":3,"seckillStartTime":1785297600000,"seckillEndTime":1785470399999,"status":"ENDED"},{"weekDay":5,"seckillStartTime":1785470400000,"seckillEndTime":1785729599999,"status":"PROGRESSING"},{"weekDay":1,"seckillStartTime":1785729600000,"seckillEndTime":1785902399999,"status":"NOT_STARTED"},{"weekDay":3,"seckillStartTime":1785902400000,"seckillEndTime":1786075199999,"status":"NOT_STARTED"},{"weekDay":5,"seckillStartTime":1786075200000,"seckillEndTime":1786334399999,"status":"NOT_STARTED"},{"weekDay":1,"seckillStartTime":1786334400000,"seckillEndTime":1786507199999,"status":"NOT_STARTED"}]},{"couponId":"6870869cf56f912f57e063c0","name":"V4","amount":8,"xyLevel":"V4","seckillTime":"WEEKLY","periods":[{"weekDay":3,"seckillStartTime":1785297600000,"seckillEndTime":1785470399999,"status":"ENDED"},{"weekDay":5,"seckillStartTime":1785470400000,"seckillEndTime":1785729599999,"status":"PROGRESSING"},{"weekDay":1,"seckillStartTime":1785729600000,"seckillEndTime":1785902399999,"status":"NOT_STARTED"},{"weekDay":3,"seckillStartTime":1785902400000,"seckillEndTime":1786075199999,"status":"NOT_STARTED"},{"weekDay":5,"seckillStartTime":1786075200000,"seckillEndTime":1786334399999,"status":"NOT_STARTED"},{"weekDay":1,"seckillStartTime":1786334400000,"seckillEndTime":1786507199999,"status":"NOT_STARTED"}]},{"couponId":"687086e33d0d02335c1804f4","name":"V5","amount":18,"xyLevel":"V5","seckillTime":"WEEKLY","periods":[{"weekDay":3,"seckillStartTime":1785297600000,"seckillEndTime":1785470399999,"status":"ENDED"},{"weekDay":5,"seckillStartTime":1785470400000,"seckillEndTime":1785729599999,"status":"PROGRESSING"},{"weekDay":1,"seckillStartTime":1785729600000,"seckillEndTime":1785902399999,"status":"NOT_STARTED"},{"weekDay":3,"seckillStartTime":1785902400000,"seckillEndTime":1786075199999,"status":"NOT_STARTED"},{"weekDay":5,"seckillStartTime":1786075200000,"seckillEndTime":1786334399999,"status":"NOT_STARTED"},{"weekDay":1,"seckillStartTime":1786334400000,"seckillEndTime":1786507199999,"status":"NOT_STARTED"}]},{"couponId":"68708705f56f912f57e063c3","name":"V6","amount":30,"xyLevel":"V6","seckillTime":"WEEKLY","periods":[{"weekDay":3,"seckillStartTime":1785297600000,"seckillEndTime":1785470399999,"status":"ENDED"},{"weekDay":5,"seckillStartTime":1785470400000,"seckillEndTime":1785729599999,"status":"PROGRESSING","acquiredStatus":"OUT_OF_STOCK","stockId":"68708705f56f912f57e063c3_WEEKLY_1785470400000","stockRemain":0},{"weekDay":1,"seckillStartTime":1785729600000,"seckillEndTime":1785902399999,"status":"NOT_STARTED"},{"weekDay":3,"seckillStartTime":1785902400000,"seckillEndTime":1786075199999,"status":"NOT_STARTED"},{"weekDay":5,"seckillStartTime":1786075200000,"seckillEndTime":1786334399999,"status":"NOT_STARTED"},{"weekDay":1,"seckillStartTime":1786334400000,"seckillEndTime":1786507199999,"status":"NOT_STARTED"}]},{"couponId":"6870872e89fddd2bbdec96bd","name":"V7","amount":75,"xyLevel":"V7","seckillTime":"WEEKLY","periods":[{"weekDay":3,"seckillStartTime":1785297600000,"seckillEndTime":1785470399999,"status":"ENDED"},{"weekDay":5,"seckillStartTime":1785470400000,"seckillEndTime":1785729599999,"status":"PROGRESSING"},{"weekDay":1,"seckillStartTime":1785729600000,"seckillEndTime":1785902399999,"status":"NOT_STARTED"},{"weekDay":3,"seckillStartTime":1785902400000,"seckillEndTime":1786075199999,"status":"NOT_STARTED"},{"weekDay":5,"seckillStartTime":1786075200000,"seckillEndTime":1786334399999,"status":"NOT_STARTED"},{"weekDay":1,"seckillStartTime":1786334400000,"seckillEndTime":1786507199999,"status":"NOT_STARTED"}]}]},"code":200,"errmsg":"OK"}}
============================================================
============================================================
[请求时间] 2026/8/3 11:59:45.965
[响应时间] 2026/8/3 11:59:46.101
[耗时] 136ms
[请求路径] https://pay-api.ds.163.com/v1/web/init/server/time
[请求方式] GET
[请求参数] {"query":null,"body":null}
[请求头] {"Accept":"application/json, text/plain, */*","Content-Type":"application/json;charset=UTF-8","GL-X-XSRF-TOKEN":"4b090460-8fe1-41f7-a325-7f34b841865a","User-Agent":"Mozilla/5.0 (Windows NT 10.0; Win64; x64) AppleWebKit/537.36 (KHTML, like Gecko) Chrome/122.0.0.0 Safari/537.36","Origin":"https://pay.ds.163.com","Referer":"https://pay.ds.163.com/","GL-ClientType":"60","GL-DeviceId":"b4533fdd-3462-4836-9dfe-2708c68eb52e","GL-Uid":"be10f7eff4c643c682d5a2322ec0dc7e","Accept-Encoding":"gzip, compress, deflate, br"}
[响应结果] {"httpStatus":404,"data":"<!DOCTYPE HTML PUBLIC \"-//W3C//DTD HTML 3.2 Final//EN\">\n<title>404 Not Found</title>\n<h1>Not Found</h1>\n<p>The requested URL was not found on the server. If you entered the URL manually please check your spelling and try again.</p>\n"}
============================================================
============================================================
[请求时间] 2026/8/3 11:59:58.417
[响应时间] 2026/8/3 11:59:58.590
[耗时] 173ms
[请求路径] https://pay-api.ds.163.com/v1/web/init/server/time
[请求方式] GET
[请求参数] {"query":null,"body":null}
[请求头] {"Accept":"application/json, text/plain, */*","Content-Type":"application/json;charset=UTF-8","GL-X-XSRF-TOKEN":"4b090460-8fe1-41f7-a325-7f34b841865a","User-Agent":"Mozilla/5.0 (Windows NT 10.0; Win64; x64) AppleWebKit/537.36 (KHTML, like Gecko) Chrome/122.0.0.0 Safari/537.36","Origin":"https://pay.ds.163.com","Referer":"https://pay.ds.163.com/","GL-ClientType":"60","GL-DeviceId":"b4533fdd-3462-4836-9dfe-2708c68eb52e","GL-Uid":"be10f7eff4c643c682d5a2322ec0dc7e","Accept-Encoding":"gzip, compress, deflate, br"}
[响应结果] {"httpStatus":404,"data":"<!DOCTYPE HTML PUBLIC \"-//W3C//DTD HTML 3.2 Final//EN\">\n<title>404 Not Found</title>\n<h1>Not Found</h1>\n<p>The requested URL was not found on the server. If you entered the URL manually please check your spelling and try again.</p>\n"}
============================================================
============================================================
[请求时间] 2026/8/3 11:59:59.918
[响应时间] 2026/8/3 12:00:00.039
[耗时] 121ms
[请求路径] https://inf.ds.163.com/v1/web/exp/week-coupon/acquire
[请求方式] POST
[请求参数] {"query":null,"body":{"couponId":"68708705f56f912f57e063c3","stockId":"68708705f56f912f57e063c3_WEEKLY_1785729600000"}}
[请求头] {"Accept":"application/json, text/plain, */*","Content-Type":"application/json;charset=UTF-8","GL-X-XSRF-TOKEN":"4b090460-8fe1-41f7-a325-7f34b841865a","User-Agent":"Mozilla/5.0 (Windows NT 10.0; Win64; x64) AppleWebKit/537.36 (KHTML, like Gecko) Chrome/122.0.0.0 Safari/537.36","Origin":"https://pay.ds.163.com","Referer":"https://pay.ds.163.com/","GL-ClientType":"60","GL-DeviceId":"b4533fdd-3462-4836-9dfe-2708c68eb52e","GL-Uid":"be10f7eff4c643c682d5a2322ec0dc7e","GL-CheckSum":"f66e1dcde4b43bc63baddf45b1c4b5379a13590a","Content-Length":"97","Accept-Encoding":"gzip, compress, deflate, br"}
[响应结果] {"httpStatus":200,"data":{"code":803,"errmsg":"库存已失效"}}
============================================================
============================================================
[请求时间] 2026/8/3 12:00:00.036
[响应时间] 2026/8/3 12:00:00.484
[耗时] 448ms
[请求路径] https://inf.ds.163.com/v1/web/exp/week-coupon/showing-list-v2
[请求方式] POST
[请求参数] {"query":null,"body":{}}
[请求头] {"Accept":"application/json, text/plain, */*","Content-Type":"application/json;charset=UTF-8","GL-X-XSRF-TOKEN":"4b090460-8fe1-41f7-a325-7f34b841865a","User-Agent":"Mozilla/5.0 (Windows NT 10.0; Win64; x64) AppleWebKit/537.36 (KHTML, like Gecko) Chrome/122.0.0.0 Safari/537.36","Origin":"https://pay.ds.163.com","Referer":"https://pay.ds.163.com/","GL-ClientType":"60","GL-DeviceId":"b4533fdd-3462-4836-9dfe-2708c68eb52e","GL-Uid":"be10f7eff4c643c682d5a2322ec0dc7e","GL-CheckSum":"c49d8f58f3d1833463c9bbe871b8c50ba0b05aab","Content-Length":"2","Accept-Encoding":"gzip, compress, deflate, br"}
[响应结果] {"httpStatus":200,"data":{"result":{"coupons":[{"couponId":"687076e69f3efd24cb2bed9c","name":"V1","amount":1,"xyLevel":"V1","seckillTime":"WEEKLY","periods":[{"weekDay":5,"seckillStartTime":1785470400000,"seckillEndTime":1785729599999,"status":"ENDED"},{"weekDay":1,"seckillStartTime":1785729600000,"seckillEndTime":1785902399999,"status":"PROGRESSING"},{"weekDay":3,"seckillStartTime":1785902400000,"seckillEndTime":1786075199999,"status":"NOT_STARTED"},{"weekDay":5,"seckillStartTime":1786075200000,"seckillEndTime":1786334399999,"status":"NOT_STARTED"},{"weekDay":1,"seckillStartTime":1786334400000,"seckillEndTime":1786507199999,"status":"NOT_STARTED"},{"weekDay":3,"seckillStartTime":1786507200000,"seckillEndTime":1786679999999,"status":"NOT_STARTED"}]},{"couponId":"68708657f56f912f57e063bf","name":"V2","amount":2,"xyLevel":"V2","seckillTime":"WEEKLY","periods":[{"weekDay":5,"seckillStartTime":1785470400000,"seckillEndTime":1785729599999,"status":"ENDED"},{"weekDay":1,"seckillStartTime":1785729600000,"seckillEndTime":1785902399999,"status":"PROGRESSING"},{"weekDay":3,"seckillStartTime":1785902400000,"seckillEndTime":1786075199999,"status":"NOT_STARTED"},{"weekDay":5,"seckillStartTime":1786075200000,"seckillEndTime":1786334399999,"status":"NOT_STARTED"},{"weekDay":1,"seckillStartTime":1786334400000,"seckillEndTime":1786507199999,"status":"NOT_STARTED"},{"weekDay":3,"seckillStartTime":1786507200000,"seckillEndTime":1786679999999,"status":"NOT_STARTED"}]},{"couponId":"6870867989fddd2bbdec96bc","name":"V3","amount":3,"xyLevel":"V3","seckillTime":"WEEKLY","periods":[{"weekDay":5,"seckillStartTime":1785470400000,"seckillEndTime":1785729599999,"status":"ENDED"},{"weekDay":1,"seckillStartTime":1785729600000,"seckillEndTime":1785902399999,"status":"PROGRESSING"},{"weekDay":3,"seckillStartTime":1785902400000,"seckillEndTime":1786075199999,"status":"NOT_STARTED"},{"weekDay":5,"seckillStartTime":1786075200000,"seckillEndTime":1786334399999,"status":"NOT_STARTED"},{"weekDay":1,"seckillStartTime":1786334400000,"seckillEndTime":1786507199999,"status":"NOT_STARTED"},{"weekDay":3,"seckillStartTime":1786507200000,"seckillEndTime":1786679999999,"status":"NOT_STARTED"}]},{"couponId":"6870869cf56f912f57e063c0","name":"V4","amount":8,"xyLevel":"V4","seckillTime":"WEEKLY","periods":[{"weekDay":5,"seckillStartTime":1785470400000,"seckillEndTime":1785729599999,"status":"ENDED"},{"weekDay":1,"seckillStartTime":1785729600000,"seckillEndTime":1785902399999,"status":"PROGRESSING"},{"weekDay":3,"seckillStartTime":1785902400000,"seckillEndTime":1786075199999,"status":"NOT_STARTED"},{"weekDay":5,"seckillStartTime":1786075200000,"seckillEndTime":1786334399999,"status":"NOT_STARTED"},{"weekDay":1,"seckillStartTime":1786334400000,"seckillEndTime":1786507199999,"status":"NOT_STARTED"},{"weekDay":3,"seckillStartTime":1786507200000,"seckillEndTime":1786679999999,"status":"NOT_STARTED"}]},{"couponId":"687086e33d0d02335c1804f4","name":"V5","amount":18,"xyLevel":"V5","seckillTime":"WEEKLY","periods":[{"weekDay":5,"seckillStartTime":1785470400000,"seckillEndTime":1785729599999,"status":"ENDED"},{"weekDay":1,"seckillStartTime":1785729600000,"seckillEndTime":1785902399999,"status":"PROGRESSING"},{"weekDay":3,"seckillStartTime":1785902400000,"seckillEndTime":1786075199999,"status":"NOT_STARTED"},{"weekDay":5,"seckillStartTime":1786075200000,"seckillEndTime":1786334399999,"status":"NOT_STARTED"},{"weekDay":1,"seckillStartTime":1786334400000,"seckillEndTime":1786507199999,"status":"NOT_STARTED"},{"weekDay":3,"seckillStartTime":1786507200000,"seckillEndTime":1786679999999,"status":"NOT_STARTED"}]},{"couponId":"68708705f56f912f57e063c3","name":"V6","amount":30,"xyLevel":"V6","seckillTime":"WEEKLY","periods":[{"weekDay":5,"seckillStartTime":1785470400000,"seckillEndTime":1785729599999,"status":"ENDED"},{"weekDay":1,"seckillStartTime":1785729600000,"seckillEndTime":1785902399999,"status":"PROGRESSING","acquiredStatus":"UN_ACQUIRED","stockId":"68708705f56f912f57e063c3_WEEKLY_1785729600000","stockRemain":184},{"weekDay":3,"seckillStartTime":1785902400000,"seckillEndTime":1786075199999,"status":"NOT_STARTED"},{"weekDay":5,"seckillStartTime":1786075200000,"seckillEndTime":1786334399999,"status":"NOT_STARTED"},{"weekDay":1,"seckillStartTime":1786334400000,"seckillEndTime":1786507199999,"status":"NOT_STARTED"},{"weekDay":3,"seckillStartTime":1786507200000,"seckillEndTime":1786679999999,"status":"NOT_STARTED"}]},{"couponId":"6870872e89fddd2bbdec96bd","name":"V7","amount":75,"xyLevel":"V7","seckillTime":"WEEKLY","periods":[{"weekDay":5,"seckillStartTime":1785470400000,"seckillEndTime":1785729599999,"status":"ENDED"},{"weekDay":1,"seckillStartTime":1785729600000,"seckillEndTime":1785902399999,"status":"PROGRESSING"},{"weekDay":3,"seckillStartTime":1785902400000,"seckillEndTime":1786075199999,"status":"NOT_STARTED"},{"weekDay":5,"seckillStartTime":1786075200000,"seckillEndTime":1786334399999,"status":"NOT_STARTED"},{"weekDay":1,"seckillStartTime":1786334400000,"seckillEndTime":1786507199999,"status":"NOT_STARTED"},{"weekDay":3,"seckillStartTime":1786507200000,"seckillEndTime":1786679999999,"status":"NOT_STARTED"}]}]},"code":200,"errmsg":"OK"}}
============================================================
============================================================
[请求时间] 2026/8/3 12:00:01.487
[响应时间] 2026/8/3 12:00:03.470
[耗时] 1983ms
[请求路径] https://inf.ds.163.com/v1/web/exp/week-coupon/acquire
[请求方式] POST
[请求参数] {"query":null,"body":{"couponId":"68708705f56f912f57e063c3","stockId":"68708705f56f912f57e063c3_WEEKLY_1785729600000"}}
[请求头] {"Accept":"application/json, text/plain, */*","Content-Type":"application/json;charset=UTF-8","GL-X-XSRF-TOKEN":"4b090460-8fe1-41f7-a325-7f34b841865a","User-Agent":"Mozilla/5.0 (Windows NT 10.0; Win64; x64) AppleWebKit/537.36 (KHTML, like Gecko) Chrome/122.0.0.0 Safari/537.36","Origin":"https://pay.ds.163.com","Referer":"https://pay.ds.163.com/","GL-ClientType":"60","GL-DeviceId":"b4533fdd-3462-4836-9dfe-2708c68eb52e","GL-Uid":"be10f7eff4c643c682d5a2322ec0dc7e","GL-CheckSum":"f66e1dcde4b43bc63baddf45b1c4b5379a13590a","Content-Length":"97","Accept-Encoding":"gzip, compress, deflate, br"}
[响应结果] {"httpStatus":200,"data":{"code":40008,"errmsg":"当前库存已不足，敬请参与下期活动噢"}}
============================================================
============================================================
[请求时间] 2026/8/3 12:00:04.480
[响应时间] 2026/8/3 12:00:06.574
[耗时] 2094ms
[请求路径] https://inf.ds.163.com/v1/web/exp/week-coupon/acquire
[请求方式] POST
[请求参数] {"query":null,"body":{"couponId":"68708705f56f912f57e063c3","stockId":"68708705f56f912f57e063c3_WEEKLY_1785729600000"}}
[请求头] {"Accept":"application/json, text/plain, */*","Content-Type":"application/json;charset=UTF-8","GL-X-XSRF-TOKEN":"4b090460-8fe1-41f7-a325-7f34b841865a","User-Agent":"Mozilla/5.0 (Windows NT 10.0; Win64; x64) AppleWebKit/537.36 (KHTML, like Gecko) Chrome/122.0.0.0 Safari/537.36","Origin":"https://pay.ds.163.com","Referer":"https://pay.ds.163.com/","GL-ClientType":"60","GL-DeviceId":"b4533fdd-3462-4836-9dfe-2708c68eb52e","GL-Uid":"be10f7eff4c643c682d5a2322ec0dc7e","GL-CheckSum":"f66e1dcde4b43bc63baddf45b1c4b5379a13590a","Content-Length":"97","Accept-Encoding":"gzip, compress, deflate, br"}
[响应结果] {"httpStatus":200,"data":{"code":40008,"errmsg":"当前库存已不足，敬请参与下期活动噢"}}
============================================================
============================================================
[请求时间] 2026/8/3 12:00:07.580
[响应时间] 2026/8/3 12:00:07.648
[耗时] 68ms
[请求路径] https://inf.ds.163.com/v1/web/exp/week-coupon/acquire
[请求方式] POST
[请求参数] {"query":null,"body":{"couponId":"68708705f56f912f57e063c3","stockId":"68708705f56f912f57e063c3_WEEKLY_1785729600000"}}
[请求头] {"Accept":"application/json, text/plain, */*","Content-Type":"application/json;charset=UTF-8","GL-X-XSRF-TOKEN":"4b090460-8fe1-41f7-a325-7f34b841865a","User-Agent":"Mozilla/5.0 (Windows NT 10.0; Win64; x64) AppleWebKit/537.36 (KHTML, like Gecko) Chrome/122.0.0.0 Safari/537.36","Origin":"https://pay.ds.163.com","Referer":"https://pay.ds.163.com/","GL-ClientType":"60","GL-DeviceId":"b4533fdd-3462-4836-9dfe-2708c68eb52e","GL-Uid":"be10f7eff4c643c682d5a2322ec0dc7e","GL-CheckSum":"f66e1dcde4b43bc63baddf45b1c4b5379a13590a","Content-Length":"97","Accept-Encoding":"gzip, compress, deflate, br"}
[响应结果] {"httpStatus":200,"data":{"code":40008,"errmsg":"当前库存已不足，敬请参与下期活动噢"}}
============================================================
============================================================
[请求时间] 2026/8/3 12:00:08.655
[响应时间] 2026/8/3 12:00:08.732
[耗时] 77ms
[请求路径] https://inf.ds.163.com/v1/web/exp/week-coupon/acquire
[请求方式] POST
[请求参数] {"query":null,"body":{"couponId":"68708705f56f912f57e063c3","stockId":"68708705f56f912f57e063c3_WEEKLY_1785729600000"}}
[请求头] {"Accept":"application/json, text/plain, */*","Content-Type":"application/json;charset=UTF-8","GL-X-XSRF-TOKEN":"4b090460-8fe1-41f7-a325-7f34b841865a","User-Agent":"Mozilla/5.0 (Windows NT 10.0; Win64; x64) AppleWebKit/537.36 (KHTML, like Gecko) Chrome/122.0.0.0 Safari/537.36","Origin":"https://pay.ds.163.com","Referer":"https://pay.ds.163.com/","GL-ClientType":"60","GL-DeviceId":"b4533fdd-3462-4836-9dfe-2708c68eb52e","GL-Uid":"be10f7eff4c643c682d5a2322ec0dc7e","GL-CheckSum":"f66e1dcde4b43bc63baddf45b1c4b5379a13590a","Content-Length":"97","Accept-Encoding":"gzip, compress, deflate, br"}
[响应结果] {"httpStatus":200,"data":{"code":40008,"errmsg":"当前库存已不足，敬请参与下期活动噢"}}
============================================================
============================================================
[请求时间] 2026/8/3 12:00:09.744
[响应时间] 2026/8/3 12:00:09.805
[耗时] 61ms
[请求路径] https://inf.ds.163.com/v1/web/exp/week-coupon/acquire
[请求方式] POST
[请求参数] {"query":null,"body":{"couponId":"68708705f56f912f57e063c3","stockId":"68708705f56f912f57e063c3_WEEKLY_1785729600000"}}
[请求头] {"Accept":"application/json, text/plain, */*","Content-Type":"application/json;charset=UTF-8","GL-X-XSRF-TOKEN":"4b090460-8fe1-41f7-a325-7f34b841865a","User-Agent":"Mozilla/5.0 (Windows NT 10.0; Win64; x64) AppleWebKit/537.36 (KHTML, like Gecko) Chrome/122.0.0.0 Safari/537.36","Origin":"https://pay.ds.163.com","Referer":"https://pay.ds.163.com/","GL-ClientType":"60","GL-DeviceId":"b4533fdd-3462-4836-9dfe-2708c68eb52e","GL-Uid":"be10f7eff4c643c682d5a2322ec0dc7e","GL-CheckSum":"f66e1dcde4b43bc63baddf45b1c4b5379a13590a","Content-Length":"97","Accept-Encoding":"gzip, compress, deflate, br"}
[响应结果] {"httpStatus":200,"data":{"code":40008,"errmsg":"当前库存已不足，敬请参与下期活动噢"}}
============================================================
============================================================
[请求时间] 2026/8/3 12:00:10.813
[响应时间] 2026/8/3 12:00:10.877
[耗时] 64ms
[请求路径] https://inf.ds.163.com/v1/web/exp/week-coupon/acquire
[请求方式] POST
[请求参数] {"query":null,"body":{"couponId":"68708705f56f912f57e063c3","stockId":"68708705f56f912f57e063c3_WEEKLY_1785729600000"}}
[请求头] {"Accept":"application/json, text/plain, */*","Content-Type":"application/json;charset=UTF-8","GL-X-XSRF-TOKEN":"4b090460-8fe1-41f7-a325-7f34b841865a","User-Agent":"Mozilla/5.0 (Windows NT 10.0; Win64; x64) AppleWebKit/537.36 (KHTML, like Gecko) Chrome/122.0.0.0 Safari/537.36","Origin":"https://pay.ds.163.com","Referer":"https://pay.ds.163.com/","GL-ClientType":"60","GL-DeviceId":"b4533fdd-3462-4836-9dfe-2708c68eb52e","GL-Uid":"be10f7eff4c643c682d5a2322ec0dc7e","GL-CheckSum":"f66e1dcde4b43bc63baddf45b1c4b5379a13590a","Content-Length":"97","Accept-Encoding":"gzip, compress, deflate, br"}
[响应结果] {"httpStatus":200,"data":{"code":40008,"errmsg":"当前库存已不足，敬请参与下期活动噢"}}
============================================================
============================================================
[请求时间] 2026/8/3 12:00:11.882
[响应时间] 2026/8/3 12:00:11.969
[耗时] 87ms
[请求路径] https://inf.ds.163.com/v1/web/exp/week-coupon/acquire
[请求方式] POST
[请求参数] {"query":null,"body":{"couponId":"68708705f56f912f57e063c3","stockId":"68708705f56f912f57e063c3_WEEKLY_1785729600000"}}
[请求头] {"Accept":"application/json, text/plain, */*","Content-Type":"application/json;charset=UTF-8","GL-X-XSRF-TOKEN":"4b090460-8fe1-41f7-a325-7f34b841865a","User-Agent":"Mozilla/5.0 (Windows NT 10.0; Win64; x64) AppleWebKit/537.36 (KHTML, like Gecko) Chrome/122.0.0.0 Safari/537.36","Origin":"https://pay.ds.163.com","Referer":"https://pay.ds.163.com/","GL-ClientType":"60","GL-DeviceId":"b4533fdd-3462-4836-9dfe-2708c68eb52e","GL-Uid":"be10f7eff4c643c682d5a2322ec0dc7e","GL-CheckSum":"f66e1dcde4b43bc63baddf45b1c4b5379a13590a","Content-Length":"97","Accept-Encoding":"gzip, compress, deflate, br"}
[响应结果] {"httpStatus":200,"data":{"code":40008,"errmsg":"当前库存已不足，敬请参与下期活动噢"}}
============================================================
============================================================
[请求时间] 2026/8/3 12:00:12.981
[响应时间] 2026/8/3 12:00:13.055
[耗时] 74ms
[请求路径] https://inf.ds.163.com/v1/web/exp/week-coupon/acquire
[请求方式] POST
[请求参数] {"query":null,"body":{"couponId":"68708705f56f912f57e063c3","stockId":"68708705f56f912f57e063c3_WEEKLY_1785729600000"}}
[请求头] {"Accept":"application/json, text/plain, */*","Content-Type":"application/json;charset=UTF-8","GL-X-XSRF-TOKEN":"4b090460-8fe1-41f7-a325-7f34b841865a","User-Agent":"Mozilla/5.0 (Windows NT 10.0; Win64; x64) AppleWebKit/537.36 (KHTML, like Gecko) Chrome/122.0.0.0 Safari/537.36","Origin":"https://pay.ds.163.com","Referer":"https://pay.ds.163.com/","GL-ClientType":"60","GL-DeviceId":"b4533fdd-3462-4836-9dfe-2708c68eb52e","GL-Uid":"be10f7eff4c643c682d5a2322ec0dc7e","GL-CheckSum":"f66e1dcde4b43bc63baddf45b1c4b5379a13590a","Content-Length":"97","Accept-Encoding":"gzip, compress, deflate, br"}
[响应结果] {"httpStatus":200,"data":{"code":40008,"errmsg":"当前库存已不足，敬请参与下期活动噢"}}
============================================================
============================================================
[请求时间] 2026/8/3 12:00:14.063
[响应时间] 2026/8/3 12:00:14.133
[耗时] 70ms
[请求路径] https://inf.ds.163.com/v1/web/exp/week-coupon/acquire
[请求方式] POST
[请求参数] {"query":null,"body":{"couponId":"68708705f56f912f57e063c3","stockId":"68708705f56f912f57e063c3_WEEKLY_1785729600000"}}
[请求头] {"Accept":"application/json, text/plain, */*","Content-Type":"application/json;charset=UTF-8","GL-X-XSRF-TOKEN":"4b090460-8fe1-41f7-a325-7f34b841865a","User-Agent":"Mozilla/5.0 (Windows NT 10.0; Win64; x64) AppleWebKit/537.36 (KHTML, like Gecko) Chrome/122.0.0.0 Safari/537.36","Origin":"https://pay.ds.163.com","Referer":"https://pay.ds.163.com/","GL-ClientType":"60","GL-DeviceId":"b4533fdd-3462-4836-9dfe-2708c68eb52e","GL-Uid":"be10f7eff4c643c682d5a2322ec0dc7e","GL-CheckSum":"f66e1dcde4b43bc63baddf45b1c4b5379a13590a","Content-Length":"97","Accept-Encoding":"gzip, compress, deflate, br"}
[响应结果] {"httpStatus":200,"data":{"code":40008,"errmsg":"当前库存已不足，敬请参与下期活动噢"}}
============================================================
============================================================
[请求时间] 2026/8/3 12:00:15.146
[响应时间] 2026/8/3 12:00:15.233
[耗时] 87ms
[请求路径] https://inf.ds.163.com/v1/web/exp/week-coupon/acquire
[请求方式] POST
[请求参数] {"query":null,"body":{"couponId":"68708705f56f912f57e063c3","stockId":"68708705f56f912f57e063c3_WEEKLY_1785729600000"}}
[请求头] {"Accept":"application/json, text/plain, */*","Content-Type":"application/json;charset=UTF-8","GL-X-XSRF-TOKEN":"4b090460-8fe1-41f7-a325-7f34b841865a","User-Agent":"Mozilla/5.0 (Windows NT 10.0; Win64; x64) AppleWebKit/537.36 (KHTML, like Gecko) Chrome/122.0.0.0 Safari/537.36","Origin":"https://pay.ds.163.com","Referer":"https://pay.ds.163.com/","GL-ClientType":"60","GL-DeviceId":"b4533fdd-3462-4836-9dfe-2708c68eb52e","GL-Uid":"be10f7eff4c643c682d5a2322ec0dc7e","GL-CheckSum":"f66e1dcde4b43bc63baddf45b1c4b5379a13590a","Content-Length":"97","Accept-Encoding":"gzip, compress, deflate, br"}
[响应结果] {"httpStatus":200,"data":{"code":40008,"errmsg":"当前库存已不足，敬请参与下期活动噢"}}
============================================================
============================================================
[请求时间] 2026/8/3 12:00:16.247
[响应时间] 2026/8/3 12:00:16.323
[耗时] 76ms
[请求路径] https://inf.ds.163.com/v1/web/exp/week-coupon/acquire
[请求方式] POST
[请求参数] {"query":null,"body":{"couponId":"68708705f56f912f57e063c3","stockId":"68708705f56f912f57e063c3_WEEKLY_1785729600000"}}
[请求头] {"Accept":"application/json, text/plain, */*","Content-Type":"application/json;charset=UTF-8","GL-X-XSRF-TOKEN":"4b090460-8fe1-41f7-a325-7f34b841865a","User-Agent":"Mozilla/5.0 (Windows NT 10.0; Win64; x64) AppleWebKit/537.36 (KHTML, like Gecko) Chrome/122.0.0.0 Safari/537.36","Origin":"https://pay.ds.163.com","Referer":"https://pay.ds.163.com/","GL-ClientType":"60","GL-DeviceId":"b4533fdd-3462-4836-9dfe-2708c68eb52e","GL-Uid":"be10f7eff4c643c682d5a2322ec0dc7e","GL-CheckSum":"f66e1dcde4b43bc63baddf45b1c4b5379a13590a","Content-Length":"97","Accept-Encoding":"gzip, compress, deflate, br"}
[响应结果] {"httpStatus":200,"data":{"code":40008,"errmsg":"当前库存已不足，敬请参与下期活动噢"}}
============================================================
============================================================
[请求时间] 2026/8/3 12:00:17.331
[响应时间] 2026/8/3 12:00:17.415
[耗时] 84ms
[请求路径] https://inf.ds.163.com/v1/web/exp/week-coupon/acquire
[请求方式] POST
[请求参数] {"query":null,"body":{"couponId":"68708705f56f912f57e063c3","stockId":"68708705f56f912f57e063c3_WEEKLY_1785729600000"}}
[请求头] {"Accept":"application/json, text/plain, */*","Content-Type":"application/json;charset=UTF-8","GL-X-XSRF-TOKEN":"4b090460-8fe1-41f7-a325-7f34b841865a","User-Agent":"Mozilla/5.0 (Windows NT 10.0; Win64; x64) AppleWebKit/537.36 (KHTML, like Gecko) Chrome/122.0.0.0 Safari/537.36","Origin":"https://pay.ds.163.com","Referer":"https://pay.ds.163.com/","GL-ClientType":"60","GL-DeviceId":"b4533fdd-3462-4836-9dfe-2708c68eb52e","GL-Uid":"be10f7eff4c643c682d5a2322ec0dc7e","GL-CheckSum":"f66e1dcde4b43bc63baddf45b1c4b5379a13590a","Content-Length":"97","Accept-Encoding":"gzip, compress, deflate, br"}
[响应结果] {"httpStatus":200,"data":{"code":40008,"errmsg":"当前库存已不足，敬请参与下期活动噢"}}
============================================================
============================================================
[请求时间] 2026/8/3 12:00:18.428
[响应时间] 2026/8/3 12:00:18.500
[耗时] 72ms
[请求路径] https://inf.ds.163.com/v1/web/exp/week-coupon/acquire
[请求方式] POST
[请求参数] {"query":null,"body":{"couponId":"68708705f56f912f57e063c3","stockId":"68708705f56f912f57e063c3_WEEKLY_1785729600000"}}
[请求头] {"Accept":"application/json, text/plain, */*","Content-Type":"application/json;charset=UTF-8","GL-X-XSRF-TOKEN":"4b090460-8fe1-41f7-a325-7f34b841865a","User-Agent":"Mozilla/5.0 (Windows NT 10.0; Win64; x64) AppleWebKit/537.36 (KHTML, like Gecko) Chrome/122.0.0.0 Safari/537.36","Origin":"https://pay.ds.163.com","Referer":"https://pay.ds.163.com/","GL-ClientType":"60","GL-DeviceId":"b4533fdd-3462-4836-9dfe-2708c68eb52e","GL-Uid":"be10f7eff4c643c682d5a2322ec0dc7e","GL-CheckSum":"f66e1dcde4b43bc63baddf45b1c4b5379a13590a","Content-Length":"97","Accept-Encoding":"gzip, compress, deflate, br"}
[响应结果] {"httpStatus":200,"data":{"code":40008,"errmsg":"当前库存已不足，敬请参与下期活动噢"}}
============================================================
============================================================
[请求时间] 2026/8/3 12:00:19.511
[响应时间] 2026/8/3 12:00:19.581
[耗时] 70ms
[请求路径] https://inf.ds.163.com/v1/web/exp/week-coupon/acquire
[请求方式] POST
[请求参数] {"query":null,"body":{"couponId":"68708705f56f912f57e063c3","stockId":"68708705f56f912f57e063c3_WEEKLY_1785729600000"}}
[请求头] {"Accept":"application/json, text/plain, */*","Content-Type":"application/json;charset=UTF-8","GL-X-XSRF-TOKEN":"4b090460-8fe1-41f7-a325-7f34b841865a","User-Agent":"Mozilla/5.0 (Windows NT 10.0; Win64; x64) AppleWebKit/537.36 (KHTML, like Gecko) Chrome/122.0.0.0 Safari/537.36","Origin":"https://pay.ds.163.com","Referer":"https://pay.ds.163.com/","GL-ClientType":"60","GL-DeviceId":"b4533fdd-3462-4836-9dfe-2708c68eb52e","GL-Uid":"be10f7eff4c643c682d5a2322ec0dc7e","GL-CheckSum":"f66e1dcde4b43bc63baddf45b1c4b5379a13590a","Content-Length":"97","Accept-Encoding":"gzip, compress, deflate, br"}
[响应结果] {"httpStatus":200,"data":{"code":40008,"errmsg":"当前库存已不足，敬请参与下期活动噢"}}
============================================================
============================================================
[请求时间] 2026/8/3 12:00:20.582
[响应时间] 2026/8/3 12:00:20.646
[耗时] 64ms
[请求路径] https://inf.ds.163.com/v1/web/exp/week-coupon/acquire
[请求方式] POST
[请求参数] {"query":null,"body":{"couponId":"68708705f56f912f57e063c3","stockId":"68708705f56f912f57e063c3_WEEKLY_1785729600000"}}
[请求头] {"Accept":"application/json, text/plain, */*","Content-Type":"application/json;charset=UTF-8","GL-X-XSRF-TOKEN":"4b090460-8fe1-41f7-a325-7f34b841865a","User-Agent":"Mozilla/5.0 (Windows NT 10.0; Win64; x64) AppleWebKit/537.36 (KHTML, like Gecko) Chrome/122.0.0.0 Safari/537.36","Origin":"https://pay.ds.163.com","Referer":"https://pay.ds.163.com/","GL-ClientType":"60","GL-DeviceId":"b4533fdd-3462-4836-9dfe-2708c68eb52e","GL-Uid":"be10f7eff4c643c682d5a2322ec0dc7e","GL-CheckSum":"f66e1dcde4b43bc63baddf45b1c4b5379a13590a","Content-Length":"97","Accept-Encoding":"gzip, compress, deflate, br"}
[响应结果] {"httpStatus":200,"data":{"code":40008,"errmsg":"当前库存已不足，敬请参与下期活动噢"}}
============================================================
============================================================
[请求时间] 2026/8/3 12:00:21.647
[响应时间] 2026/8/3 12:00:21.703
[耗时] 56ms
[请求路径] https://inf.ds.163.com/v1/web/exp/week-coupon/acquire
[请求方式] POST
[请求参数] {"query":null,"body":{"couponId":"68708705f56f912f57e063c3","stockId":"68708705f56f912f57e063c3_WEEKLY_1785729600000"}}
[请求头] {"Accept":"application/json, text/plain, */*","Content-Type":"application/json;charset=UTF-8","GL-X-XSRF-TOKEN":"4b090460-8fe1-41f7-a325-7f34b841865a","User-Agent":"Mozilla/5.0 (Windows NT 10.0; Win64; x64) AppleWebKit/537.36 (KHTML, like Gecko) Chrome/122.0.0.0 Safari/537.36","Origin":"https://pay.ds.163.com","Referer":"https://pay.ds.163.com/","GL-ClientType":"60","GL-DeviceId":"b4533fdd-3462-4836-9dfe-2708c68eb52e","GL-Uid":"be10f7eff4c643c682d5a2322ec0dc7e","GL-CheckSum":"f66e1dcde4b43bc63baddf45b1c4b5379a13590a","Content-Length":"97","Accept-Encoding":"gzip, compress, deflate, br"}
[响应结果] {"httpStatus":200,"data":{"code":40008,"errmsg":"当前库存已不足，敬请参与下期活动噢"}}
============================================================
============================================================
[请求时间] 2026/8/3 12:00:22.711
[响应时间] 2026/8/3 12:00:22.792
[耗时] 81ms
[请求路径] https://inf.ds.163.com/v1/web/exp/week-coupon/acquire
[请求方式] POST
[请求参数] {"query":null,"body":{"couponId":"68708705f56f912f57e063c3","stockId":"68708705f56f912f57e063c3_WEEKLY_1785729600000"}}
[请求头] {"Accept":"application/json, text/plain, */*","Content-Type":"application/json;charset=UTF-8","GL-X-XSRF-TOKEN":"4b090460-8fe1-41f7-a325-7f34b841865a","User-Agent":"Mozilla/5.0 (Windows NT 10.0; Win64; x64) AppleWebKit/537.36 (KHTML, like Gecko) Chrome/122.0.0.0 Safari/537.36","Origin":"https://pay.ds.163.com","Referer":"https://pay.ds.163.com/","GL-ClientType":"60","GL-DeviceId":"b4533fdd-3462-4836-9dfe-2708c68eb52e","GL-Uid":"be10f7eff4c643c682d5a2322ec0dc7e","GL-CheckSum":"f66e1dcde4b43bc63baddf45b1c4b5379a13590a","Content-Length":"97","Accept-Encoding":"gzip, compress, deflate, br"}
[响应结果] {"httpStatus":200,"data":{"code":40008,"errmsg":"当前库存已不足，敬请参与下期活动噢"}}
============================================================
============================================================
[请求时间] 2026/8/3 12:00:23.796
[响应时间] 2026/8/3 12:00:23.884
[耗时] 88ms
[请求路径] https://inf.ds.163.com/v1/web/exp/week-coupon/acquire
[请求方式] POST
[请求参数] {"query":null,"body":{"couponId":"68708705f56f912f57e063c3","stockId":"68708705f56f912f57e063c3_WEEKLY_1785729600000"}}
[请求头] {"Accept":"application/json, text/plain, */*","Content-Type":"application/json;charset=UTF-8","GL-X-XSRF-TOKEN":"4b090460-8fe1-41f7-a325-7f34b841865a","User-Agent":"Mozilla/5.0 (Windows NT 10.0; Win64; x64) AppleWebKit/537.36 (KHTML, like Gecko) Chrome/122.0.0.0 Safari/537.36","Origin":"https://pay.ds.163.com","Referer":"https://pay.ds.163.com/","GL-ClientType":"60","GL-DeviceId":"b4533fdd-3462-4836-9dfe-2708c68eb52e","GL-Uid":"be10f7eff4c643c682d5a2322ec0dc7e","GL-CheckSum":"f66e1dcde4b43bc63baddf45b1c4b5379a13590a","Content-Length":"97","Accept-Encoding":"gzip, compress, deflate, br"}
[响应结果] {"httpStatus":200,"data":{"code":40008,"errmsg":"当前库存已不足，敬请参与下期活动噢"}}
============================================================
============================================================
[请求时间] 2026/8/3 12:00:24.894
[响应时间] 2026/8/3 12:00:24.962
[耗时] 68ms
[请求路径] https://inf.ds.163.com/v1/web/exp/week-coupon/acquire
[请求方式] POST
[请求参数] {"query":null,"body":{"couponId":"68708705f56f912f57e063c3","stockId":"68708705f56f912f57e063c3_WEEKLY_1785729600000"}}
[请求头] {"Accept":"application/json, text/plain, */*","Content-Type":"application/json;charset=UTF-8","GL-X-XSRF-TOKEN":"4b090460-8fe1-41f7-a325-7f34b841865a","User-Agent":"Mozilla/5.0 (Windows NT 10.0; Win64; x64) AppleWebKit/537.36 (KHTML, like Gecko) Chrome/122.0.0.0 Safari/537.36","Origin":"https://pay.ds.163.com","Referer":"https://pay.ds.163.com/","GL-ClientType":"60","GL-DeviceId":"b4533fdd-3462-4836-9dfe-2708c68eb52e","GL-Uid":"be10f7eff4c643c682d5a2322ec0dc7e","GL-CheckSum":"f66e1dcde4b43bc63baddf45b1c4b5379a13590a","Content-Length":"97","Accept-Encoding":"gzip, compress, deflate, br"}
[响应结果] {"httpStatus":200,"data":{"code":40008,"errmsg":"当前库存已不足，敬请参与下期活动噢"}}
============================================================
============================================================
[请求时间] 2026/8/3 12:01:09.156
[响应时间] 2026/8/3 12:01:09.349
[耗时] 193ms
[请求路径] https://pay-api.ds.163.com/v1/web/init/server/time
[请求方式] GET
[请求参数] {"query":null,"body":null}
[请求头] {"Accept":"application/json, text/plain, */*","Content-Type":"application/json;charset=UTF-8","User-Agent":"Mozilla/5.0 (Windows NT 10.0; Win64; x64) AppleWebKit/537.36 (KHTML, like Gecko) Chrome/122.0.0.0 Safari/537.36","Origin":"https://pay.ds.163.com","Referer":"https://pay.ds.163.com/","GL-ClientType":"60","GL-DeviceId":"b4533fdd-3462-4836-9dfe-2708c68eb52e","GL-Uid":"be10f7eff4c643c682d5a2322ec0dc7e","GL-X-XSRF-TOKEN":"4b090460-8fe1-41f7-a325-7f34b841865a","Accept-Encoding":"gzip, compress, deflate, br"}
[响应结果] {"httpStatus":404,"data":"<!DOCTYPE HTML PUBLIC \"-//W3C//DTD HTML 3.2 Final//EN\">\n<title>404 Not Found</title>\n<h1>Not Found</h1>\n<p>The requested URL was not found on the server. If you entered the URL manually please check your spelling and try again.</p>\n"}
============================================================
============================================================
[请求时间] 2026/8/3 12:01:09.343
[响应时间] 2026/8/3 12:01:09.490
[耗时] 147ms
[请求路径] https://pay-api.ds.163.com/api/nlogin
[请求方式] GET
[请求参数] {"query":{},"body":null}
[请求头] {"Accept":"application/json, text/plain, */*","Content-Type":"application/json;charset=UTF-8","GL-X-XSRF-TOKEN":"4b090460-8fe1-41f7-a325-7f34b841865a","User-Agent":"Mozilla/5.0 (Windows NT 10.0; Win64; x64) AppleWebKit/537.36 (KHTML, like Gecko) Chrome/122.0.0.0 Safari/537.36","Origin":"https://pay.ds.163.com","Referer":"https://pay.ds.163.com/","GL-ClientType":"60","GL-DeviceId":"b4533fdd-3462-4836-9dfe-2708c68eb52e","GL-Uid":"be10f7eff4c643c682d5a2322ec0dc7e","Accept-Encoding":"gzip, compress, deflate, br"}
[响应结果] {"httpStatus":200,"data":{"code":413,"msg":"登录失败"}}
============================================================
============================================================
[请求时间] 2026/8/3 12:01:09.488
[响应时间] 2026/8/3 12:01:09.661
[耗时] 173ms
[请求路径] https://inf.ds.163.com/v1/web/cooperate/plutus/cookie-exchange
[请求方式] GET
[请求参数] {"query":null,"body":null}
[请求头] {"Accept":"application/json, text/plain, */*","Content-Type":"application/json;charset=UTF-8","GL-X-XSRF-TOKEN":"4b090460-8fe1-41f7-a325-7f34b841865a","User-Agent":"Mozilla/5.0 (Windows NT 10.0; Win64; x64) AppleWebKit/537.36 (KHTML, like Gecko) Chrome/122.0.0.0 Safari/537.36","Origin":"https://pay.ds.163.com","Referer":"https://pay.ds.163.com/","GL-ClientType":"60","GL-DeviceId":"b4533fdd-3462-4836-9dfe-2708c68eb52e","GL-Uid":"be10f7eff4c643c682d5a2322ec0dc7e","Accept-Encoding":"gzip, compress, deflate, br"}
[响应结果] {"httpStatus":200,"data":{"result":{"user":{"uid":"be10f7eff4c643c682d5a2322ec0dc7e","nick":"ivy8","icon":"https://ok.166.net/reunionpub/3_20231022_18b5699a319275716.jpeg","intro":"","gender":1,"updateTime":1777822557963,"userSourceType":"URS"},"newUser":false},"code":200,"errmsg":"OK"}}
============================================================
============================================================
[请求时间] 2026/8/3 12:01:09.660
[响应时间] 2026/8/3 12:01:09.795
[耗时] 135ms
[请求路径] https://pay-api.ds.163.com/v1/web/init/server/time
[请求方式] GET
[请求参数] {"query":null,"body":null}
[请求头] {"Accept":"application/json, text/plain, */*","Content-Type":"application/json;charset=UTF-8","GL-X-XSRF-TOKEN":"4b090460-8fe1-41f7-a325-7f34b841865a","User-Agent":"Mozilla/5.0 (Windows NT 10.0; Win64; x64) AppleWebKit/537.36 (KHTML, like Gecko) Chrome/122.0.0.0 Safari/537.36","Origin":"https://pay.ds.163.com","Referer":"https://pay.ds.163.com/","GL-ClientType":"60","GL-DeviceId":"b4533fdd-3462-4836-9dfe-2708c68eb52e","GL-Uid":"be10f7eff4c643c682d5a2322ec0dc7e","Accept-Encoding":"gzip, compress, deflate, br"}
[响应结果] {"httpStatus":404,"data":"<!DOCTYPE HTML PUBLIC \"-//W3C//DTD HTML 3.2 Final//EN\">\n<title>404 Not Found</title>\n<h1>Not Found</h1>\n<p>The requested URL was not found on the server. If you entered the URL manually please check your spelling and try again.</p>\n"}
============================================================
============================================================
[请求时间] 2026/8/3 12:01:09.794
[响应时间] 2026/8/3 12:01:09.913
[耗时] 119ms
[请求路径] https://inf.ds.163.com/v1/web/exp/xy/user/get-info
[请求方式] POST
[请求参数] {"query":null,"body":{}}
[请求头] {"Accept":"application/json, text/plain, */*","Content-Type":"application/json;charset=UTF-8","GL-X-XSRF-TOKEN":"4b090460-8fe1-41f7-a325-7f34b841865a","User-Agent":"Mozilla/5.0 (Windows NT 10.0; Win64; x64) AppleWebKit/537.36 (KHTML, like Gecko) Chrome/122.0.0.0 Safari/537.36","Origin":"https://pay.ds.163.com","Referer":"https://pay.ds.163.com/","GL-ClientType":"60","GL-DeviceId":"b4533fdd-3462-4836-9dfe-2708c68eb52e","GL-Uid":"be10f7eff4c643c682d5a2322ec0dc7e","GL-CheckSum":"c49d8f58f3d1833463c9bbe871b8c50ba0b05aab","Content-Length":"2","Accept-Encoding":"gzip, compress, deflate, br"}
[响应结果] {"httpStatus":200,"data":{"result":{"growthPoint":113056,"currentLv":"V6","diffNextLvGrowthPoint":886944,"currentLvExpireDate":"20270108","currentLvExpire":1799337600000,"nextLv":"V7","activeGames":["l36","h74"],"last365LoginGames":["l36","h74"],"initDate":"20260108","lastLv":"V6"},"code":200,"errmsg":"OK"}}
============================================================
============================================================
[请求时间] 2026/8/3 12:01:09.912
[响应时间] 2026/8/3 12:01:09.974
[耗时] 62ms
[请求路径] https://inf.ds.163.com/v1/web/exp/week-coupon/showing-list-v2
[请求方式] POST
[请求参数] {"query":null,"body":{}}
[请求头] {"Accept":"application/json, text/plain, */*","Content-Type":"application/json;charset=UTF-8","GL-X-XSRF-TOKEN":"4b090460-8fe1-41f7-a325-7f34b841865a","User-Agent":"Mozilla/5.0 (Windows NT 10.0; Win64; x64) AppleWebKit/537.36 (KHTML, like Gecko) Chrome/122.0.0.0 Safari/537.36","Origin":"https://pay.ds.163.com","Referer":"https://pay.ds.163.com/","GL-ClientType":"60","GL-DeviceId":"b4533fdd-3462-4836-9dfe-2708c68eb52e","GL-Uid":"be10f7eff4c643c682d5a2322ec0dc7e","GL-CheckSum":"c49d8f58f3d1833463c9bbe871b8c50ba0b05aab","Content-Length":"2","Accept-Encoding":"gzip, compress, deflate, br"}
[响应结果] {"httpStatus":200,"data":{"result":{"coupons":[{"couponId":"687076e69f3efd24cb2bed9c","name":"V1","amount":1,"xyLevel":"V1","seckillTime":"WEEKLY","periods":[{"weekDay":5,"seckillStartTime":1785470400000,"seckillEndTime":1785729599999,"status":"ENDED"},{"weekDay":1,"seckillStartTime":1785729600000,"seckillEndTime":1785902399999,"status":"PROGRESSING"},{"weekDay":3,"seckillStartTime":1785902400000,"seckillEndTime":1786075199999,"status":"NOT_STARTED"},{"weekDay":5,"seckillStartTime":1786075200000,"seckillEndTime":1786334399999,"status":"NOT_STARTED"},{"weekDay":1,"seckillStartTime":1786334400000,"seckillEndTime":1786507199999,"status":"NOT_STARTED"},{"weekDay":3,"seckillStartTime":1786507200000,"seckillEndTime":1786679999999,"status":"NOT_STARTED"}]},{"couponId":"68708657f56f912f57e063bf","name":"V2","amount":2,"xyLevel":"V2","seckillTime":"WEEKLY","periods":[{"weekDay":5,"seckillStartTime":1785470400000,"seckillEndTime":1785729599999,"status":"ENDED"},{"weekDay":1,"seckillStartTime":1785729600000,"seckillEndTime":1785902399999,"status":"PROGRESSING"},{"weekDay":3,"seckillStartTime":1785902400000,"seckillEndTime":1786075199999,"status":"NOT_STARTED"},{"weekDay":5,"seckillStartTime":1786075200000,"seckillEndTime":1786334399999,"status":"NOT_STARTED"},{"weekDay":1,"seckillStartTime":1786334400000,"seckillEndTime":1786507199999,"status":"NOT_STARTED"},{"weekDay":3,"seckillStartTime":1786507200000,"seckillEndTime":1786679999999,"status":"NOT_STARTED"}]},{"couponId":"6870867989fddd2bbdec96bc","name":"V3","amount":3,"xyLevel":"V3","seckillTime":"WEEKLY","periods":[{"weekDay":5,"seckillStartTime":1785470400000,"seckillEndTime":1785729599999,"status":"ENDED"},{"weekDay":1,"seckillStartTime":1785729600000,"seckillEndTime":1785902399999,"status":"PROGRESSING"},{"weekDay":3,"seckillStartTime":1785902400000,"seckillEndTime":1786075199999,"status":"NOT_STARTED"},{"weekDay":5,"seckillStartTime":1786075200000,"seckillEndTime":1786334399999,"status":"NOT_STARTED"},{"weekDay":1,"seckillStartTime":1786334400000,"seckillEndTime":1786507199999,"status":"NOT_STARTED"},{"weekDay":3,"seckillStartTime":1786507200000,"seckillEndTime":1786679999999,"status":"NOT_STARTED"}]},{"couponId":"6870869cf56f912f57e063c0","name":"V4","amount":8,"xyLevel":"V4","seckillTime":"WEEKLY","periods":[{"weekDay":5,"seckillStartTime":1785470400000,"seckillEndTime":1785729599999,"status":"ENDED"},{"weekDay":1,"seckillStartTime":1785729600000,"seckillEndTime":1785902399999,"status":"PROGRESSING"},{"weekDay":3,"seckillStartTime":1785902400000,"seckillEndTime":1786075199999,"status":"NOT_STARTED"},{"weekDay":5,"seckillStartTime":1786075200000,"seckillEndTime":1786334399999,"status":"NOT_STARTED"},{"weekDay":1,"seckillStartTime":1786334400000,"seckillEndTime":1786507199999,"status":"NOT_STARTED"},{"weekDay":3,"seckillStartTime":1786507200000,"seckillEndTime":1786679999999,"status":"NOT_STARTED"}]},{"couponId":"687086e33d0d02335c1804f4","name":"V5","amount":18,"xyLevel":"V5","seckillTime":"WEEKLY","periods":[{"weekDay":5,"seckillStartTime":1785470400000,"seckillEndTime":1785729599999,"status":"ENDED"},{"weekDay":1,"seckillStartTime":1785729600000,"seckillEndTime":1785902399999,"status":"PROGRESSING"},{"weekDay":3,"seckillStartTime":1785902400000,"seckillEndTime":1786075199999,"status":"NOT_STARTED"},{"weekDay":5,"seckillStartTime":1786075200000,"seckillEndTime":1786334399999,"status":"NOT_STARTED"},{"weekDay":1,"seckillStartTime":1786334400000,"seckillEndTime":1786507199999,"status":"NOT_STARTED"},{"weekDay":3,"seckillStartTime":1786507200000,"seckillEndTime":1786679999999,"status":"NOT_STARTED"}]},{"couponId":"68708705f56f912f57e063c3","name":"V6","amount":30,"xyLevel":"V6","seckillTime":"WEEKLY","periods":[{"weekDay":5,"seckillStartTime":1785470400000,"seckillEndTime":1785729599999,"status":"ENDED"},{"weekDay":1,"seckillStartTime":1785729600000,"seckillEndTime":1785902399999,"status":"PROGRESSING","acquiredStatus":"OUT_OF_STOCK","stockId":"68708705f56f912f57e063c3_WEEKLY_1785729600000","stockRemain":0},{"weekDay":3,"seckillStartTime":1785902400000,"seckillEndTime":1786075199999,"status":"NOT_STARTED"},{"weekDay":5,"seckillStartTime":1786075200000,"seckillEndTime":1786334399999,"status":"NOT_STARTED"},{"weekDay":1,"seckillStartTime":1786334400000,"seckillEndTime":1786507199999,"status":"NOT_STARTED"},{"weekDay":3,"seckillStartTime":1786507200000,"seckillEndTime":1786679999999,"status":"NOT_STARTED"}]},{"couponId":"6870872e89fddd2bbdec96bd","name":"V7","amount":75,"xyLevel":"V7","seckillTime":"WEEKLY","periods":[{"weekDay":5,"seckillStartTime":1785470400000,"seckillEndTime":1785729599999,"status":"ENDED"},{"weekDay":1,"seckillStartTime":1785729600000,"seckillEndTime":1785902399999,"status":"PROGRESSING"},{"weekDay":3,"seckillStartTime":1785902400000,"seckillEndTime":1786075199999,"status":"NOT_STARTED"},{"weekDay":5,"seckillStartTime":1786075200000,"seckillEndTime":1786334399999,"status":"NOT_STARTED"},{"weekDay":1,"seckillStartTime":1786334400000,"seckillEndTime":1786507199999,"status":"NOT_STARTED"},{"weekDay":3,"seckillStartTime":1786507200000,"seckillEndTime":1786679999999,"status":"NOT_STARTED"}]}]},"code":200,"errmsg":"OK"}}
============================================================
============================================================
[请求时间] 2026/8/3 12:01:10.274
[响应时间] 2026/8/3 12:01:10.338
[耗时] 64ms
[请求路径] https://inf.ds.163.com/v1/web/exp/week-coupon/showing-list-v2
[请求方式] POST
[请求参数] {"query":null,"body":{}}
[请求头] {"Accept":"application/json, text/plain, */*","Content-Type":"application/json;charset=UTF-8","GL-X-XSRF-TOKEN":"4b090460-8fe1-41f7-a325-7f34b841865a","User-Agent":"Mozilla/5.0 (Windows NT 10.0; Win64; x64) AppleWebKit/537.36 (KHTML, like Gecko) Chrome/122.0.0.0 Safari/537.36","Origin":"https://pay.ds.163.com","Referer":"https://pay.ds.163.com/","GL-ClientType":"60","GL-DeviceId":"b4533fdd-3462-4836-9dfe-2708c68eb52e","GL-Uid":"be10f7eff4c643c682d5a2322ec0dc7e","GL-CheckSum":"c49d8f58f3d1833463c9bbe871b8c50ba0b05aab","Content-Length":"2","Accept-Encoding":"gzip, compress, deflate, br"}
[响应结果] {"httpStatus":200,"data":{"result":{"coupons":[{"couponId":"687076e69f3efd24cb2bed9c","name":"V1","amount":1,"xyLevel":"V1","seckillTime":"WEEKLY","periods":[{"weekDay":5,"seckillStartTime":1785470400000,"seckillEndTime":1785729599999,"status":"ENDED"},{"weekDay":1,"seckillStartTime":1785729600000,"seckillEndTime":1785902399999,"status":"PROGRESSING"},{"weekDay":3,"seckillStartTime":1785902400000,"seckillEndTime":1786075199999,"status":"NOT_STARTED"},{"weekDay":5,"seckillStartTime":1786075200000,"seckillEndTime":1786334399999,"status":"NOT_STARTED"},{"weekDay":1,"seckillStartTime":1786334400000,"seckillEndTime":1786507199999,"status":"NOT_STARTED"},{"weekDay":3,"seckillStartTime":1786507200000,"seckillEndTime":1786679999999,"status":"NOT_STARTED"}]},{"couponId":"68708657f56f912f57e063bf","name":"V2","amount":2,"xyLevel":"V2","seckillTime":"WEEKLY","periods":[{"weekDay":5,"seckillStartTime":1785470400000,"seckillEndTime":1785729599999,"status":"ENDED"},{"weekDay":1,"seckillStartTime":1785729600000,"seckillEndTime":1785902399999,"status":"PROGRESSING"},{"weekDay":3,"seckillStartTime":1785902400000,"seckillEndTime":1786075199999,"status":"NOT_STARTED"},{"weekDay":5,"seckillStartTime":1786075200000,"seckillEndTime":1786334399999,"status":"NOT_STARTED"},{"weekDay":1,"seckillStartTime":1786334400000,"seckillEndTime":1786507199999,"status":"NOT_STARTED"},{"weekDay":3,"seckillStartTime":1786507200000,"seckillEndTime":1786679999999,"status":"NOT_STARTED"}]},{"couponId":"6870867989fddd2bbdec96bc","name":"V3","amount":3,"xyLevel":"V3","seckillTime":"WEEKLY","periods":[{"weekDay":5,"seckillStartTime":1785470400000,"seckillEndTime":1785729599999,"status":"ENDED"},{"weekDay":1,"seckillStartTime":1785729600000,"seckillEndTime":1785902399999,"status":"PROGRESSING"},{"weekDay":3,"seckillStartTime":1785902400000,"seckillEndTime":1786075199999,"status":"NOT_STARTED"},{"weekDay":5,"seckillStartTime":1786075200000,"seckillEndTime":1786334399999,"status":"NOT_STARTED"},{"weekDay":1,"seckillStartTime":1786334400000,"seckillEndTime":1786507199999,"status":"NOT_STARTED"},{"weekDay":3,"seckillStartTime":1786507200000,"seckillEndTime":1786679999999,"status":"NOT_STARTED"}]},{"couponId":"6870869cf56f912f57e063c0","name":"V4","amount":8,"xyLevel":"V4","seckillTime":"WEEKLY","periods":[{"weekDay":5,"seckillStartTime":1785470400000,"seckillEndTime":1785729599999,"status":"ENDED"},{"weekDay":1,"seckillStartTime":1785729600000,"seckillEndTime":1785902399999,"status":"PROGRESSING"},{"weekDay":3,"seckillStartTime":1785902400000,"seckillEndTime":1786075199999,"status":"NOT_STARTED"},{"weekDay":5,"seckillStartTime":1786075200000,"seckillEndTime":1786334399999,"status":"NOT_STARTED"},{"weekDay":1,"seckillStartTime":1786334400000,"seckillEndTime":1786507199999,"status":"NOT_STARTED"},{"weekDay":3,"seckillStartTime":1786507200000,"seckillEndTime":1786679999999,"status":"NOT_STARTED"}]},{"couponId":"687086e33d0d02335c1804f4","name":"V5","amount":18,"xyLevel":"V5","seckillTime":"WEEKLY","periods":[{"weekDay":5,"seckillStartTime":1785470400000,"seckillEndTime":1785729599999,"status":"ENDED"},{"weekDay":1,"seckillStartTime":1785729600000,"seckillEndTime":1785902399999,"status":"PROGRESSING"},{"weekDay":3,"seckillStartTime":1785902400000,"seckillEndTime":1786075199999,"status":"NOT_STARTED"},{"weekDay":5,"seckillStartTime":1786075200000,"seckillEndTime":1786334399999,"status":"NOT_STARTED"},{"weekDay":1,"seckillStartTime":1786334400000,"seckillEndTime":1786507199999,"status":"NOT_STARTED"},{"weekDay":3,"seckillStartTime":1786507200000,"seckillEndTime":1786679999999,"status":"NOT_STARTED"}]},{"couponId":"68708705f56f912f57e063c3","name":"V6","amount":30,"xyLevel":"V6","seckillTime":"WEEKLY","periods":[{"weekDay":5,"seckillStartTime":1785470400000,"seckillEndTime":1785729599999,"status":"ENDED"},{"weekDay":1,"seckillStartTime":1785729600000,"seckillEndTime":1785902399999,"status":"PROGRESSING","acquiredStatus":"OUT_OF_STOCK","stockId":"68708705f56f912f57e063c3_WEEKLY_1785729600000","stockRemain":0},{"weekDay":3,"seckillStartTime":1785902400000,"seckillEndTime":1786075199999,"status":"NOT_STARTED"},{"weekDay":5,"seckillStartTime":1786075200000,"seckillEndTime":1786334399999,"status":"NOT_STARTED"},{"weekDay":1,"seckillStartTime":1786334400000,"seckillEndTime":1786507199999,"status":"NOT_STARTED"},{"weekDay":3,"seckillStartTime":1786507200000,"seckillEndTime":1786679999999,"status":"NOT_STARTED"}]},{"couponId":"6870872e89fddd2bbdec96bd","name":"V7","amount":75,"xyLevel":"V7","seckillTime":"WEEKLY","periods":[{"weekDay":5,"seckillStartTime":1785470400000,"seckillEndTime":1785729599999,"status":"ENDED"},{"weekDay":1,"seckillStartTime":1785729600000,"seckillEndTime":1785902399999,"status":"PROGRESSING"},{"weekDay":3,"seckillStartTime":1785902400000,"seckillEndTime":1786075199999,"status":"NOT_STARTED"},{"weekDay":5,"seckillStartTime":1786075200000,"seckillEndTime":1786334399999,"status":"NOT_STARTED"},{"weekDay":1,"seckillStartTime":1786334400000,"seckillEndTime":1786507199999,"status":"NOT_STARTED"},{"weekDay":3,"seckillStartTime":1786507200000,"seckillEndTime":1786679999999,"status":"NOT_STARTED"}]}]},"code":200,"errmsg":"OK"}}
============================================================
============================================================
[请求时间] 2026/8/3 12:01:10.338
[响应时间] 2026/8/3 12:01:10.488
[耗时] 150ms
[请求路径] https://pay-api.ds.163.com/v1/web/init/server/time
[请求方式] GET
[请求参数] {"query":null,"body":null}
[请求头] {"Accept":"application/json, text/plain, */*","Content-Type":"application/json;charset=UTF-8","GL-X-XSRF-TOKEN":"4b090460-8fe1-41f7-a325-7f34b841865a","User-Agent":"Mozilla/5.0 (Windows NT 10.0; Win64; x64) AppleWebKit/537.36 (KHTML, like Gecko) Chrome/122.0.0.0 Safari/537.36","Origin":"https://pay.ds.163.com","Referer":"https://pay.ds.163.com/","GL-ClientType":"60","GL-DeviceId":"b4533fdd-3462-4836-9dfe-2708c68eb52e","GL-Uid":"be10f7eff4c643c682d5a2322ec0dc7e","Accept-Encoding":"gzip, compress, deflate, br"}
[响应结果] {"httpStatus":404,"data":"<!DOCTYPE HTML PUBLIC \"-//W3C//DTD HTML 3.2 Final//EN\">\n<title>404 Not Found</title>\n<h1>Not Found</h1>\n<p>The requested URL was not found on the server. If you entered the URL manually please check your spelling and try again.</p>\n"}
============================================================
============================================================
[请求时间] 2026/8/3 12:01:10.487
[响应时间] 2026/8/3 12:01:10.618
[耗时] 131ms
[请求路径] https://pay-api.ds.163.com/api/nlogin
[请求方式] GET
[请求参数] {"query":{},"body":null}
[请求头] {"Accept":"application/json, text/plain, */*","Content-Type":"application/json;charset=UTF-8","GL-X-XSRF-TOKEN":"4b090460-8fe1-41f7-a325-7f34b841865a","User-Agent":"Mozilla/5.0 (Windows NT 10.0; Win64; x64) AppleWebKit/537.36 (KHTML, like Gecko) Chrome/122.0.0.0 Safari/537.36","Origin":"https://pay.ds.163.com","Referer":"https://pay.ds.163.com/","GL-ClientType":"60","GL-DeviceId":"b4533fdd-3462-4836-9dfe-2708c68eb52e","GL-Uid":"be10f7eff4c643c682d5a2322ec0dc7e","Accept-Encoding":"gzip, compress, deflate, br"}
[响应结果] {"httpStatus":200,"data":{"code":413,"msg":"登录失败"}}
============================================================
============================================================
[请求时间] 2026/8/3 12:01:22.627
[响应时间] 2026/8/3 12:01:22.835
[耗时] 208ms
[请求路径] https://pay-api.ds.163.com/v1/web/init/server/time
[请求方式] GET
[请求参数] {"query":null,"body":null}
[请求头] {"Accept":"application/json, text/plain, */*","Content-Type":"application/json;charset=UTF-8","User-Agent":"Mozilla/5.0 (Windows NT 10.0; Win64; x64) AppleWebKit/537.36 (KHTML, like Gecko) Chrome/122.0.0.0 Safari/537.36","Origin":"https://pay.ds.163.com","Referer":"https://pay.ds.163.com/","GL-ClientType":"60","GL-DeviceId":"b4533fdd-3462-4836-9dfe-2708c68eb52e","GL-Uid":"be10f7eff4c643c682d5a2322ec0dc7e","GL-X-XSRF-TOKEN":"4b090460-8fe1-41f7-a325-7f34b841865a","Accept-Encoding":"gzip, compress, deflate, br"}
[响应结果] {"httpStatus":404,"data":"<!DOCTYPE HTML PUBLIC \"-//W3C//DTD HTML 3.2 Final//EN\">\n<title>404 Not Found</title>\n<h1>Not Found</h1>\n<p>The requested URL was not found on the server. If you entered the URL manually please check your spelling and try again.</p>\n"}
============================================================
============================================================
[请求时间] 2026/8/3 12:01:22.834
[响应时间] 2026/8/3 12:01:22.976
[耗时] 142ms
[请求路径] https://pay-api.ds.163.com/api/nlogin
[请求方式] GET
[请求参数] {"query":{},"body":null}
[请求头] {"Accept":"application/json, text/plain, */*","Content-Type":"application/json;charset=UTF-8","GL-X-XSRF-TOKEN":"4b090460-8fe1-41f7-a325-7f34b841865a","User-Agent":"Mozilla/5.0 (Windows NT 10.0; Win64; x64) AppleWebKit/537.36 (KHTML, like Gecko) Chrome/122.0.0.0 Safari/537.36","Origin":"https://pay.ds.163.com","Referer":"https://pay.ds.163.com/","GL-ClientType":"60","GL-DeviceId":"b4533fdd-3462-4836-9dfe-2708c68eb52e","GL-Uid":"be10f7eff4c643c682d5a2322ec0dc7e","Accept-Encoding":"gzip, compress, deflate, br"}
[响应结果] {"httpStatus":200,"data":{"code":413,"msg":"登录失败"}}
============================================================
============================================================
[请求时间] 2026/8/3 12:01:22.976
[响应时间] 2026/8/3 12:01:23.101
[耗时] 125ms
[请求路径] https://inf.ds.163.com/v1/web/cooperate/plutus/cookie-exchange
[请求方式] GET
[请求参数] {"query":null,"body":null}
[请求头] {"Accept":"application/json, text/plain, */*","Content-Type":"application/json;charset=UTF-8","GL-X-XSRF-TOKEN":"4b090460-8fe1-41f7-a325-7f34b841865a","User-Agent":"Mozilla/5.0 (Windows NT 10.0; Win64; x64) AppleWebKit/537.36 (KHTML, like Gecko) Chrome/122.0.0.0 Safari/537.36","Origin":"https://pay.ds.163.com","Referer":"https://pay.ds.163.com/","GL-ClientType":"60","GL-DeviceId":"b4533fdd-3462-4836-9dfe-2708c68eb52e","GL-Uid":"be10f7eff4c643c682d5a2322ec0dc7e","Accept-Encoding":"gzip, compress, deflate, br"}
[响应结果] {"httpStatus":200,"data":{"result":{"user":{"uid":"be10f7eff4c643c682d5a2322ec0dc7e","nick":"ivy8","icon":"https://ok.166.net/reunionpub/3_20231022_18b5699a319275716.jpeg","intro":"","gender":1,"updateTime":1777822557963,"userSourceType":"URS"},"newUser":false},"code":200,"errmsg":"OK"}}
============================================================
============================================================
[请求时间] 2026/8/3 12:01:23.099
[响应时间] 2026/8/3 12:01:23.246
[耗时] 147ms
[请求路径] https://pay-api.ds.163.com/v1/web/init/server/time
[请求方式] GET
[请求参数] {"query":null,"body":null}
[请求头] {"Accept":"application/json, text/plain, */*","Content-Type":"application/json;charset=UTF-8","GL-X-XSRF-TOKEN":"4b090460-8fe1-41f7-a325-7f34b841865a","User-Agent":"Mozilla/5.0 (Windows NT 10.0; Win64; x64) AppleWebKit/537.36 (KHTML, like Gecko) Chrome/122.0.0.0 Safari/537.36","Origin":"https://pay.ds.163.com","Referer":"https://pay.ds.163.com/","GL-ClientType":"60","GL-DeviceId":"b4533fdd-3462-4836-9dfe-2708c68eb52e","GL-Uid":"be10f7eff4c643c682d5a2322ec0dc7e","Accept-Encoding":"gzip, compress, deflate, br"}
[响应结果] {"httpStatus":404,"data":"<!DOCTYPE HTML PUBLIC \"-//W3C//DTD HTML 3.2 Final//EN\">\n<title>404 Not Found</title>\n<h1>Not Found</h1>\n<p>The requested URL was not found on the server. If you entered the URL manually please check your spelling and try again.</p>\n"}
============================================================
============================================================
[请求时间] 2026/8/3 12:01:23.245
[响应时间] 2026/8/3 12:01:23.317
[耗时] 72ms
[请求路径] https://inf.ds.163.com/v1/web/exp/xy/user/get-info
[请求方式] POST
[请求参数] {"query":null,"body":{}}
[请求头] {"Accept":"application/json, text/plain, */*","Content-Type":"application/json;charset=UTF-8","GL-X-XSRF-TOKEN":"4b090460-8fe1-41f7-a325-7f34b841865a","User-Agent":"Mozilla/5.0 (Windows NT 10.0; Win64; x64) AppleWebKit/537.36 (KHTML, like Gecko) Chrome/122.0.0.0 Safari/537.36","Origin":"https://pay.ds.163.com","Referer":"https://pay.ds.163.com/","GL-ClientType":"60","GL-DeviceId":"b4533fdd-3462-4836-9dfe-2708c68eb52e","GL-Uid":"be10f7eff4c643c682d5a2322ec0dc7e","GL-CheckSum":"c49d8f58f3d1833463c9bbe871b8c50ba0b05aab","Content-Length":"2","Accept-Encoding":"gzip, compress, deflate, br"}
[响应结果] {"httpStatus":200,"data":{"result":{"growthPoint":113056,"currentLv":"V6","diffNextLvGrowthPoint":886944,"currentLvExpireDate":"20270108","currentLvExpire":1799337600000,"nextLv":"V7","activeGames":["l36","h74"],"last365LoginGames":["l36","h74"],"initDate":"20260108","lastLv":"V6"},"code":200,"errmsg":"OK"}}
============================================================
============================================================
[请求时间] 2026/8/3 12:01:23.314
[响应时间] 2026/8/3 12:01:23.388
[耗时] 74ms
[请求路径] https://inf.ds.163.com/v1/web/exp/week-coupon/showing-list-v2
[请求方式] POST
[请求参数] {"query":null,"body":{}}
[请求头] {"Accept":"application/json, text/plain, */*","Content-Type":"application/json;charset=UTF-8","GL-X-XSRF-TOKEN":"4b090460-8fe1-41f7-a325-7f34b841865a","User-Agent":"Mozilla/5.0 (Windows NT 10.0; Win64; x64) AppleWebKit/537.36 (KHTML, like Gecko) Chrome/122.0.0.0 Safari/537.36","Origin":"https://pay.ds.163.com","Referer":"https://pay.ds.163.com/","GL-ClientType":"60","GL-DeviceId":"b4533fdd-3462-4836-9dfe-2708c68eb52e","GL-Uid":"be10f7eff4c643c682d5a2322ec0dc7e","GL-CheckSum":"c49d8f58f3d1833463c9bbe871b8c50ba0b05aab","Content-Length":"2","Accept-Encoding":"gzip, compress, deflate, br"}
[响应结果] {"httpStatus":200,"data":{"result":{"coupons":[{"couponId":"687076e69f3efd24cb2bed9c","name":"V1","amount":1,"xyLevel":"V1","seckillTime":"WEEKLY","periods":[{"weekDay":5,"seckillStartTime":1785470400000,"seckillEndTime":1785729599999,"status":"ENDED"},{"weekDay":1,"seckillStartTime":1785729600000,"seckillEndTime":1785902399999,"status":"PROGRESSING"},{"weekDay":3,"seckillStartTime":1785902400000,"seckillEndTime":1786075199999,"status":"NOT_STARTED"},{"weekDay":5,"seckillStartTime":1786075200000,"seckillEndTime":1786334399999,"status":"NOT_STARTED"},{"weekDay":1,"seckillStartTime":1786334400000,"seckillEndTime":1786507199999,"status":"NOT_STARTED"},{"weekDay":3,"seckillStartTime":1786507200000,"seckillEndTime":1786679999999,"status":"NOT_STARTED"}]},{"couponId":"68708657f56f912f57e063bf","name":"V2","amount":2,"xyLevel":"V2","seckillTime":"WEEKLY","periods":[{"weekDay":5,"seckillStartTime":1785470400000,"seckillEndTime":1785729599999,"status":"ENDED"},{"weekDay":1,"seckillStartTime":1785729600000,"seckillEndTime":1785902399999,"status":"PROGRESSING"},{"weekDay":3,"seckillStartTime":1785902400000,"seckillEndTime":1786075199999,"status":"NOT_STARTED"},{"weekDay":5,"seckillStartTime":1786075200000,"seckillEndTime":1786334399999,"status":"NOT_STARTED"},{"weekDay":1,"seckillStartTime":1786334400000,"seckillEndTime":1786507199999,"status":"NOT_STARTED"},{"weekDay":3,"seckillStartTime":1786507200000,"seckillEndTime":1786679999999,"status":"NOT_STARTED"}]},{"couponId":"6870867989fddd2bbdec96bc","name":"V3","amount":3,"xyLevel":"V3","seckillTime":"WEEKLY","periods":[{"weekDay":5,"seckillStartTime":1785470400000,"seckillEndTime":1785729599999,"status":"ENDED"},{"weekDay":1,"seckillStartTime":1785729600000,"seckillEndTime":1785902399999,"status":"PROGRESSING"},{"weekDay":3,"seckillStartTime":1785902400000,"seckillEndTime":1786075199999,"status":"NOT_STARTED"},{"weekDay":5,"seckillStartTime":1786075200000,"seckillEndTime":1786334399999,"status":"NOT_STARTED"},{"weekDay":1,"seckillStartTime":1786334400000,"seckillEndTime":1786507199999,"status":"NOT_STARTED"},{"weekDay":3,"seckillStartTime":1786507200000,"seckillEndTime":1786679999999,"status":"NOT_STARTED"}]},{"couponId":"6870869cf56f912f57e063c0","name":"V4","amount":8,"xyLevel":"V4","seckillTime":"WEEKLY","periods":[{"weekDay":5,"seckillStartTime":1785470400000,"seckillEndTime":1785729599999,"status":"ENDED"},{"weekDay":1,"seckillStartTime":1785729600000,"seckillEndTime":1785902399999,"status":"PROGRESSING"},{"weekDay":3,"seckillStartTime":1785902400000,"seckillEndTime":1786075199999,"status":"NOT_STARTED"},{"weekDay":5,"seckillStartTime":1786075200000,"seckillEndTime":1786334399999,"status":"NOT_STARTED"},{"weekDay":1,"seckillStartTime":1786334400000,"seckillEndTime":1786507199999,"status":"NOT_STARTED"},{"weekDay":3,"seckillStartTime":1786507200000,"seckillEndTime":1786679999999,"status":"NOT_STARTED"}]},{"couponId":"687086e33d0d02335c1804f4","name":"V5","amount":18,"xyLevel":"V5","seckillTime":"WEEKLY","periods":[{"weekDay":5,"seckillStartTime":1785470400000,"seckillEndTime":1785729599999,"status":"ENDED"},{"weekDay":1,"seckillStartTime":1785729600000,"seckillEndTime":1785902399999,"status":"PROGRESSING"},{"weekDay":3,"seckillStartTime":1785902400000,"seckillEndTime":1786075199999,"status":"NOT_STARTED"},{"weekDay":5,"seckillStartTime":1786075200000,"seckillEndTime":1786334399999,"status":"NOT_STARTED"},{"weekDay":1,"seckillStartTime":1786334400000,"seckillEndTime":1786507199999,"status":"NOT_STARTED"},{"weekDay":3,"seckillStartTime":1786507200000,"seckillEndTime":1786679999999,"status":"NOT_STARTED"}]},{"couponId":"68708705f56f912f57e063c3","name":"V6","amount":30,"xyLevel":"V6","seckillTime":"WEEKLY","periods":[{"weekDay":5,"seckillStartTime":1785470400000,"seckillEndTime":1785729599999,"status":"ENDED"},{"weekDay":1,"seckillStartTime":1785729600000,"seckillEndTime":1785902399999,"status":"PROGRESSING","acquiredStatus":"OUT_OF_STOCK","stockId":"68708705f56f912f57e063c3_WEEKLY_1785729600000","stockRemain":0},{"weekDay":3,"seckillStartTime":1785902400000,"seckillEndTime":1786075199999,"status":"NOT_STARTED"},{"weekDay":5,"seckillStartTime":1786075200000,"seckillEndTime":1786334399999,"status":"NOT_STARTED"},{"weekDay":1,"seckillStartTime":1786334400000,"seckillEndTime":1786507199999,"status":"NOT_STARTED"},{"weekDay":3,"seckillStartTime":1786507200000,"seckillEndTime":1786679999999,"status":"NOT_STARTED"}]},{"couponId":"6870872e89fddd2bbdec96bd","name":"V7","amount":75,"xyLevel":"V7","seckillTime":"WEEKLY","periods":[{"weekDay":5,"seckillStartTime":1785470400000,"seckillEndTime":1785729599999,"status":"ENDED"},{"weekDay":1,"seckillStartTime":1785729600000,"seckillEndTime":1785902399999,"status":"PROGRESSING"},{"weekDay":3,"seckillStartTime":1785902400000,"seckillEndTime":1786075199999,"status":"NOT_STARTED"},{"weekDay":5,"seckillStartTime":1786075200000,"seckillEndTime":1786334399999,"status":"NOT_STARTED"},{"weekDay":1,"seckillStartTime":1786334400000,"seckillEndTime":1786507199999,"status":"NOT_STARTED"},{"weekDay":3,"seckillStartTime":1786507200000,"seckillEndTime":1786679999999,"status":"NOT_STARTED"}]}]},"code":200,"errmsg":"OK"}}
============================================================
============================================================
[请求时间] 2026/8/3 12:01:23.761
[响应时间] 2026/8/3 12:01:23.847
[耗时] 86ms
[请求路径] https://inf.ds.163.com/v1/web/exp/week-coupon/showing-list-v2
[请求方式] POST
[请求参数] {"query":null,"body":{}}
[请求头] {"Accept":"application/json, text/plain, */*","Content-Type":"application/json;charset=UTF-8","GL-X-XSRF-TOKEN":"4b090460-8fe1-41f7-a325-7f34b841865a","User-Agent":"Mozilla/5.0 (Windows NT 10.0; Win64; x64) AppleWebKit/537.36 (KHTML, like Gecko) Chrome/122.0.0.0 Safari/537.36","Origin":"https://pay.ds.163.com","Referer":"https://pay.ds.163.com/","GL-ClientType":"60","GL-DeviceId":"b4533fdd-3462-4836-9dfe-2708c68eb52e","GL-Uid":"be10f7eff4c643c682d5a2322ec0dc7e","GL-CheckSum":"c49d8f58f3d1833463c9bbe871b8c50ba0b05aab","Content-Length":"2","Accept-Encoding":"gzip, compress, deflate, br"}
[响应结果] {"httpStatus":200,"data":{"result":{"coupons":[{"couponId":"687076e69f3efd24cb2bed9c","name":"V1","amount":1,"xyLevel":"V1","seckillTime":"WEEKLY","periods":[{"weekDay":5,"seckillStartTime":1785470400000,"seckillEndTime":1785729599999,"status":"ENDED"},{"weekDay":1,"seckillStartTime":1785729600000,"seckillEndTime":1785902399999,"status":"PROGRESSING"},{"weekDay":3,"seckillStartTime":1785902400000,"seckillEndTime":1786075199999,"status":"NOT_STARTED"},{"weekDay":5,"seckillStartTime":1786075200000,"seckillEndTime":1786334399999,"status":"NOT_STARTED"},{"weekDay":1,"seckillStartTime":1786334400000,"seckillEndTime":1786507199999,"status":"NOT_STARTED"},{"weekDay":3,"seckillStartTime":1786507200000,"seckillEndTime":1786679999999,"status":"NOT_STARTED"}]},{"couponId":"68708657f56f912f57e063bf","name":"V2","amount":2,"xyLevel":"V2","seckillTime":"WEEKLY","periods":[{"weekDay":5,"seckillStartTime":1785470400000,"seckillEndTime":1785729599999,"status":"ENDED"},{"weekDay":1,"seckillStartTime":1785729600000,"seckillEndTime":1785902399999,"status":"PROGRESSING"},{"weekDay":3,"seckillStartTime":1785902400000,"seckillEndTime":1786075199999,"status":"NOT_STARTED"},{"weekDay":5,"seckillStartTime":1786075200000,"seckillEndTime":1786334399999,"status":"NOT_STARTED"},{"weekDay":1,"seckillStartTime":1786334400000,"seckillEndTime":1786507199999,"status":"NOT_STARTED"},{"weekDay":3,"seckillStartTime":1786507200000,"seckillEndTime":1786679999999,"status":"NOT_STARTED"}]},{"couponId":"6870867989fddd2bbdec96bc","name":"V3","amount":3,"xyLevel":"V3","seckillTime":"WEEKLY","periods":[{"weekDay":5,"seckillStartTime":1785470400000,"seckillEndTime":1785729599999,"status":"ENDED"},{"weekDay":1,"seckillStartTime":1785729600000,"seckillEndTime":1785902399999,"status":"PROGRESSING"},{"weekDay":3,"seckillStartTime":1785902400000,"seckillEndTime":1786075199999,"status":"NOT_STARTED"},{"weekDay":5,"seckillStartTime":1786075200000,"seckillEndTime":1786334399999,"status":"NOT_STARTED"},{"weekDay":1,"seckillStartTime":1786334400000,"seckillEndTime":1786507199999,"status":"NOT_STARTED"},{"weekDay":3,"seckillStartTime":1786507200000,"seckillEndTime":1786679999999,"status":"NOT_STARTED"}]},{"couponId":"6870869cf56f912f57e063c0","name":"V4","amount":8,"xyLevel":"V4","seckillTime":"WEEKLY","periods":[{"weekDay":5,"seckillStartTime":1785470400000,"seckillEndTime":1785729599999,"status":"ENDED"},{"weekDay":1,"seckillStartTime":1785729600000,"seckillEndTime":1785902399999,"status":"PROGRESSING"},{"weekDay":3,"seckillStartTime":1785902400000,"seckillEndTime":1786075199999,"status":"NOT_STARTED"},{"weekDay":5,"seckillStartTime":1786075200000,"seckillEndTime":1786334399999,"status":"NOT_STARTED"},{"weekDay":1,"seckillStartTime":1786334400000,"seckillEndTime":1786507199999,"status":"NOT_STARTED"},{"weekDay":3,"seckillStartTime":1786507200000,"seckillEndTime":1786679999999,"status":"NOT_STARTED"}]},{"couponId":"687086e33d0d02335c1804f4","name":"V5","amount":18,"xyLevel":"V5","seckillTime":"WEEKLY","periods":[{"weekDay":5,"seckillStartTime":1785470400000,"seckillEndTime":1785729599999,"status":"ENDED"},{"weekDay":1,"seckillStartTime":1785729600000,"seckillEndTime":1785902399999,"status":"PROGRESSING"},{"weekDay":3,"seckillStartTime":1785902400000,"seckillEndTime":1786075199999,"status":"NOT_STARTED"},{"weekDay":5,"seckillStartTime":1786075200000,"seckillEndTime":1786334399999,"status":"NOT_STARTED"},{"weekDay":1,"seckillStartTime":1786334400000,"seckillEndTime":1786507199999,"status":"NOT_STARTED"},{"weekDay":3,"seckillStartTime":1786507200000,"seckillEndTime":1786679999999,"status":"NOT_STARTED"}]},{"couponId":"68708705f56f912f57e063c3","name":"V6","amount":30,"xyLevel":"V6","seckillTime":"WEEKLY","periods":[{"weekDay":5,"seckillStartTime":1785470400000,"seckillEndTime":1785729599999,"status":"ENDED"},{"weekDay":1,"seckillStartTime":1785729600000,"seckillEndTime":1785902399999,"status":"PROGRESSING","acquiredStatus":"OUT_OF_STOCK","stockId":"68708705f56f912f57e063c3_WEEKLY_1785729600000","stockRemain":0},{"weekDay":3,"seckillStartTime":1785902400000,"seckillEndTime":1786075199999,"status":"NOT_STARTED"},{"weekDay":5,"seckillStartTime":1786075200000,"seckillEndTime":1786334399999,"status":"NOT_STARTED"},{"weekDay":1,"seckillStartTime":1786334400000,"seckillEndTime":1786507199999,"status":"NOT_STARTED"},{"weekDay":3,"seckillStartTime":1786507200000,"seckillEndTime":1786679999999,"status":"NOT_STARTED"}]},{"couponId":"6870872e89fddd2bbdec96bd","name":"V7","amount":75,"xyLevel":"V7","seckillTime":"WEEKLY","periods":[{"weekDay":5,"seckillStartTime":1785470400000,"seckillEndTime":1785729599999,"status":"ENDED"},{"weekDay":1,"seckillStartTime":1785729600000,"seckillEndTime":1785902399999,"status":"PROGRESSING"},{"weekDay":3,"seckillStartTime":1785902400000,"seckillEndTime":1786075199999,"status":"NOT_STARTED"},{"weekDay":5,"seckillStartTime":1786075200000,"seckillEndTime":1786334399999,"status":"NOT_STARTED"},{"weekDay":1,"seckillStartTime":1786334400000,"seckillEndTime":1786507199999,"status":"NOT_STARTED"},{"weekDay":3,"seckillStartTime":1786507200000,"seckillEndTime":1786679999999,"status":"NOT_STARTED"}]}]},"code":200,"errmsg":"OK"}}
============================================================
============================================================
[请求时间] 2026/8/3 12:01:23.845
[响应时间] 2026/8/3 12:01:23.986
[耗时] 141ms
[请求路径] https://pay-api.ds.163.com/v1/web/init/server/time
[请求方式] GET
[请求参数] {"query":null,"body":null}
[请求头] {"Accept":"application/json, text/plain, */*","Content-Type":"application/json;charset=UTF-8","GL-X-XSRF-TOKEN":"4b090460-8fe1-41f7-a325-7f34b841865a","User-Agent":"Mozilla/5.0 (Windows NT 10.0; Win64; x64) AppleWebKit/537.36 (KHTML, like Gecko) Chrome/122.0.0.0 Safari/537.36","Origin":"https://pay.ds.163.com","Referer":"https://pay.ds.163.com/","GL-ClientType":"60","GL-DeviceId":"b4533fdd-3462-4836-9dfe-2708c68eb52e","GL-Uid":"be10f7eff4c643c682d5a2322ec0dc7e","Accept-Encoding":"gzip, compress, deflate, br"}
[响应结果] {"httpStatus":404,"data":"<!DOCTYPE HTML PUBLIC \"-//W3C//DTD HTML 3.2 Final//EN\">\n<title>404 Not Found</title>\n<h1>Not Found</h1>\n<p>The requested URL was not found on the server. If you entered the URL manually please check your spelling and try again.</p>\n"}
============================================================
============================================================
[请求时间] 2026/8/3 12:01:23.985
[响应时间] 2026/8/3 12:01:24.128
[耗时] 143ms
[请求路径] https://pay-api.ds.163.com/api/nlogin
[请求方式] GET
[请求参数] {"query":{},"body":null}
[请求头] {"Accept":"application/json, text/plain, */*","Content-Type":"application/json;charset=UTF-8","GL-X-XSRF-TOKEN":"4b090460-8fe1-41f7-a325-7f34b841865a","User-Agent":"Mozilla/5.0 (Windows NT 10.0; Win64; x64) AppleWebKit/537.36 (KHTML, like Gecko) Chrome/122.0.0.0 Safari/537.36","Origin":"https://pay.ds.163.com","Referer":"https://pay.ds.163.com/","GL-ClientType":"60","GL-DeviceId":"b4533fdd-3462-4836-9dfe-2708c68eb52e","GL-Uid":"be10f7eff4c643c682d5a2322ec0dc7e","Accept-Encoding":"gzip, compress, deflate, br"}
[响应结果] {"httpStatus":200,"data":{"code":413,"msg":"登录失败"}}
============================================================
============================================================
[请求时间] 2026/8/3 12:01:27.620
[响应时间] 2026/8/3 12:01:27.791
[耗时] 171ms
[请求路径] https://pay-api.ds.163.com/v1/web/init/server/time
[请求方式] GET
[请求参数] {"query":null,"body":null}
[请求头] {"Accept":"application/json, text/plain, */*","Content-Type":"application/json;charset=UTF-8","GL-X-XSRF-TOKEN":"4b090460-8fe1-41f7-a325-7f34b841865a","User-Agent":"Mozilla/5.0 (Windows NT 10.0; Win64; x64) AppleWebKit/537.36 (KHTML, like Gecko) Chrome/122.0.0.0 Safari/537.36","Origin":"https://pay.ds.163.com","Referer":"https://pay.ds.163.com/","GL-ClientType":"60","GL-DeviceId":"b4533fdd-3462-4836-9dfe-2708c68eb52e","GL-Uid":"be10f7eff4c643c682d5a2322ec0dc7e","Accept-Encoding":"gzip, compress, deflate, br"}
[响应结果] {"httpStatus":404,"data":"<!DOCTYPE HTML PUBLIC \"-//W3C//DTD HTML 3.2 Final//EN\">\n<title>404 Not Found</title>\n<h1>Not Found</h1>\n<p>The requested URL was not found on the server. If you entered the URL manually please check your spelling and try again.</p>\n"}
============================================================
============================================================
[请求时间] 2026/8/3 12:01:29.123
[响应时间] 2026/8/3 12:01:29.227
[耗时] 104ms
[请求路径] https://inf.ds.163.com/v1/web/exp/week-coupon/acquire
[请求方式] POST
[请求参数] {"query":null,"body":{"couponId":"68708705f56f912f57e063c3","stockId":"68708705f56f912f57e063c3_WEEKLY_1785729600000"}}
[请求头] {"Accept":"application/json, text/plain, */*","Content-Type":"application/json;charset=UTF-8","GL-X-XSRF-TOKEN":"4b090460-8fe1-41f7-a325-7f34b841865a","User-Agent":"Mozilla/5.0 (Windows NT 10.0; Win64; x64) AppleWebKit/537.36 (KHTML, like Gecko) Chrome/122.0.0.0 Safari/537.36","Origin":"https://pay.ds.163.com","Referer":"https://pay.ds.163.com/","GL-ClientType":"60","GL-DeviceId":"b4533fdd-3462-4836-9dfe-2708c68eb52e","GL-Uid":"be10f7eff4c643c682d5a2322ec0dc7e","GL-CheckSum":"f66e1dcde4b43bc63baddf45b1c4b5379a13590a","Content-Length":"97","Accept-Encoding":"gzip, compress, deflate, br"}
[响应结果] {"httpStatus":200,"data":{"code":40008,"errmsg":"当前库存已不足，敬请参与下期活动噢"}}
============================================================
============================================================
[请求时间] 2026/8/3 12:01:30.235
[响应时间] 2026/8/3 12:01:30.294
[耗时] 59ms
[请求路径] https://inf.ds.163.com/v1/web/exp/week-coupon/acquire
[请求方式] POST
[请求参数] {"query":null,"body":{"couponId":"68708705f56f912f57e063c3","stockId":"68708705f56f912f57e063c3_WEEKLY_1785729600000"}}
[请求头] {"Accept":"application/json, text/plain, */*","Content-Type":"application/json;charset=UTF-8","GL-X-XSRF-TOKEN":"4b090460-8fe1-41f7-a325-7f34b841865a","User-Agent":"Mozilla/5.0 (Windows NT 10.0; Win64; x64) AppleWebKit/537.36 (KHTML, like Gecko) Chrome/122.0.0.0 Safari/537.36","Origin":"https://pay.ds.163.com","Referer":"https://pay.ds.163.com/","GL-ClientType":"60","GL-DeviceId":"b4533fdd-3462-4836-9dfe-2708c68eb52e","GL-Uid":"be10f7eff4c643c682d5a2322ec0dc7e","GL-CheckSum":"f66e1dcde4b43bc63baddf45b1c4b5379a13590a","Content-Length":"97","Accept-Encoding":"gzip, compress, deflate, br"}
[响应结果] {"httpStatus":200,"data":{"code":40008,"errmsg":"当前库存已不足，敬请参与下期活动噢"}}
============================================================
============================================================
[请求时间] 2026/8/3 12:01:31.298
[响应时间] 2026/8/3 12:01:31.384
[耗时] 86ms
[请求路径] https://inf.ds.163.com/v1/web/exp/week-coupon/acquire
[请求方式] POST
[请求参数] {"query":null,"body":{"couponId":"68708705f56f912f57e063c3","stockId":"68708705f56f912f57e063c3_WEEKLY_1785729600000"}}
[请求头] {"Accept":"application/json, text/plain, */*","Content-Type":"application/json;charset=UTF-8","GL-X-XSRF-TOKEN":"4b090460-8fe1-41f7-a325-7f34b841865a","User-Agent":"Mozilla/5.0 (Windows NT 10.0; Win64; x64) AppleWebKit/537.36 (KHTML, like Gecko) Chrome/122.0.0.0 Safari/537.36","Origin":"https://pay.ds.163.com","Referer":"https://pay.ds.163.com/","GL-ClientType":"60","GL-DeviceId":"b4533fdd-3462-4836-9dfe-2708c68eb52e","GL-Uid":"be10f7eff4c643c682d5a2322ec0dc7e","GL-CheckSum":"f66e1dcde4b43bc63baddf45b1c4b5379a13590a","Content-Length":"97","Accept-Encoding":"gzip, compress, deflate, br"}
[响应结果] {"httpStatus":200,"data":{"code":40008,"errmsg":"当前库存已不足，敬请参与下期活动噢"}}
============================================================
============================================================
[请求时间] 2026/8/3 12:01:32.385
[响应时间] 2026/8/3 12:01:32.468
[耗时] 83ms
[请求路径] https://inf.ds.163.com/v1/web/exp/week-coupon/acquire
[请求方式] POST
[请求参数] {"query":null,"body":{"couponId":"68708705f56f912f57e063c3","stockId":"68708705f56f912f57e063c3_WEEKLY_1785729600000"}}
[请求头] {"Accept":"application/json, text/plain, */*","Content-Type":"application/json;charset=UTF-8","GL-X-XSRF-TOKEN":"4b090460-8fe1-41f7-a325-7f34b841865a","User-Agent":"Mozilla/5.0 (Windows NT 10.0; Win64; x64) AppleWebKit/537.36 (KHTML, like Gecko) Chrome/122.0.0.0 Safari/537.36","Origin":"https://pay.ds.163.com","Referer":"https://pay.ds.163.com/","GL-ClientType":"60","GL-DeviceId":"b4533fdd-3462-4836-9dfe-2708c68eb52e","GL-Uid":"be10f7eff4c643c682d5a2322ec0dc7e","GL-CheckSum":"f66e1dcde4b43bc63baddf45b1c4b5379a13590a","Content-Length":"97","Accept-Encoding":"gzip, compress, deflate, br"}
[响应结果] {"httpStatus":200,"data":{"code":40008,"errmsg":"当前库存已不足，敬请参与下期活动噢"}}
============================================================
============================================================
[请求时间] 2026/8/3 12:01:33.469
[响应时间] 2026/8/3 12:01:33.553
[耗时] 84ms
[请求路径] https://inf.ds.163.com/v1/web/exp/week-coupon/acquire
[请求方式] POST
[请求参数] {"query":null,"body":{"couponId":"68708705f56f912f57e063c3","stockId":"68708705f56f912f57e063c3_WEEKLY_1785729600000"}}
[请求头] {"Accept":"application/json, text/plain, */*","Content-Type":"application/json;charset=UTF-8","GL-X-XSRF-TOKEN":"4b090460-8fe1-41f7-a325-7f34b841865a","User-Agent":"Mozilla/5.0 (Windows NT 10.0; Win64; x64) AppleWebKit/537.36 (KHTML, like Gecko) Chrome/122.0.0.0 Safari/537.36","Origin":"https://pay.ds.163.com","Referer":"https://pay.ds.163.com/","GL-ClientType":"60","GL-DeviceId":"b4533fdd-3462-4836-9dfe-2708c68eb52e","GL-Uid":"be10f7eff4c643c682d5a2322ec0dc7e","GL-CheckSum":"f66e1dcde4b43bc63baddf45b1c4b5379a13590a","Content-Length":"97","Accept-Encoding":"gzip, compress, deflate, br"}
[响应结果] {"httpStatus":200,"data":{"code":40008,"errmsg":"当前库存已不足，敬请参与下期活动噢"}}
============================================================
============================================================
[请求时间] 2026/8/3 12:01:34.553
[响应时间] 2026/8/3 12:01:34.613
[耗时] 60ms
[请求路径] https://inf.ds.163.com/v1/web/exp/week-coupon/acquire
[请求方式] POST
[请求参数] {"query":null,"body":{"couponId":"68708705f56f912f57e063c3","stockId":"68708705f56f912f57e063c3_WEEKLY_1785729600000"}}
[请求头] {"Accept":"application/json, text/plain, */*","Content-Type":"application/json;charset=UTF-8","GL-X-XSRF-TOKEN":"4b090460-8fe1-41f7-a325-7f34b841865a","User-Agent":"Mozilla/5.0 (Windows NT 10.0; Win64; x64) AppleWebKit/537.36 (KHTML, like Gecko) Chrome/122.0.0.0 Safari/537.36","Origin":"https://pay.ds.163.com","Referer":"https://pay.ds.163.com/","GL-ClientType":"60","GL-DeviceId":"b4533fdd-3462-4836-9dfe-2708c68eb52e","GL-Uid":"be10f7eff4c643c682d5a2322ec0dc7e","GL-CheckSum":"f66e1dcde4b43bc63baddf45b1c4b5379a13590a","Content-Length":"97","Accept-Encoding":"gzip, compress, deflate, br"}
[响应结果] {"httpStatus":200,"data":{"code":40008,"errmsg":"当前库存已不足，敬请参与下期活动噢"}}
============================================================
============================================================
[请求时间] 2026/8/3 12:01:35.622
[响应时间] 2026/8/3 12:01:35.690
[耗时] 68ms
[请求路径] https://inf.ds.163.com/v1/web/exp/week-coupon/acquire
[请求方式] POST
[请求参数] {"query":null,"body":{"couponId":"68708705f56f912f57e063c3","stockId":"68708705f56f912f57e063c3_WEEKLY_1785729600000"}}
[请求头] {"Accept":"application/json, text/plain, */*","Content-Type":"application/json;charset=UTF-8","GL-X-XSRF-TOKEN":"4b090460-8fe1-41f7-a325-7f34b841865a","User-Agent":"Mozilla/5.0 (Windows NT 10.0; Win64; x64) AppleWebKit/537.36 (KHTML, like Gecko) Chrome/122.0.0.0 Safari/537.36","Origin":"https://pay.ds.163.com","Referer":"https://pay.ds.163.com/","GL-ClientType":"60","GL-DeviceId":"b4533fdd-3462-4836-9dfe-2708c68eb52e","GL-Uid":"be10f7eff4c643c682d5a2322ec0dc7e","GL-CheckSum":"f66e1dcde4b43bc63baddf45b1c4b5379a13590a","Content-Length":"97","Accept-Encoding":"gzip, compress, deflate, br"}
[响应结果] {"httpStatus":200,"data":{"code":40008,"errmsg":"当前库存已不足，敬请参与下期活动噢"}}
============================================================
============================================================
[请求时间] 2026/8/3 12:01:36.704
[响应时间] 2026/8/3 12:01:36.790
[耗时] 86ms
[请求路径] https://inf.ds.163.com/v1/web/exp/week-coupon/acquire
[请求方式] POST
[请求参数] {"query":null,"body":{"couponId":"68708705f56f912f57e063c3","stockId":"68708705f56f912f57e063c3_WEEKLY_1785729600000"}}
[请求头] {"Accept":"application/json, text/plain, */*","Content-Type":"application/json;charset=UTF-8","GL-X-XSRF-TOKEN":"4b090460-8fe1-41f7-a325-7f34b841865a","User-Agent":"Mozilla/5.0 (Windows NT 10.0; Win64; x64) AppleWebKit/537.36 (KHTML, like Gecko) Chrome/122.0.0.0 Safari/537.36","Origin":"https://pay.ds.163.com","Referer":"https://pay.ds.163.com/","GL-ClientType":"60","GL-DeviceId":"b4533fdd-3462-4836-9dfe-2708c68eb52e","GL-Uid":"be10f7eff4c643c682d5a2322ec0dc7e","GL-CheckSum":"f66e1dcde4b43bc63baddf45b1c4b5379a13590a","Content-Length":"97","Accept-Encoding":"gzip, compress, deflate, br"}
[响应结果] {"httpStatus":200,"data":{"code":40008,"errmsg":"当前库存已不足，敬请参与下期活动噢"}}
============================================================
============================================================
[请求时间] 2026/8/3 17:33:11.683
[响应时间] 2026/8/3 17:33:11.884
[耗时] 201ms
[请求路径] https://pay-api.ds.163.com/v1/web/init/server/time
[请求方式] GET
[请求参数] {"query":null,"body":null}
[请求头] {"Accept":"application/json, text/plain, */*","Content-Type":"application/json;charset=UTF-8","User-Agent":"Mozilla/5.0 (Windows NT 10.0; Win64; x64) AppleWebKit/537.36 (KHTML, like Gecko) Chrome/122.0.0.0 Safari/537.36","Origin":"https://pay.ds.163.com","Referer":"https://pay.ds.163.com/","GL-ClientType":"60","GL-DeviceId":"b4533fdd-3462-4836-9dfe-2708c68eb52e","GL-Uid":"be10f7eff4c643c682d5a2322ec0dc7e","GL-X-XSRF-TOKEN":"4b090460-8fe1-41f7-a325-7f34b841865a","Accept-Encoding":"gzip, compress, deflate, br"}
[响应结果] {"httpStatus":404,"data":"<!DOCTYPE HTML PUBLIC \"-//W3C//DTD HTML 3.2 Final//EN\">\n<title>404 Not Found</title>\n<h1>Not Found</h1>\n<p>The requested URL was not found on the server. If you entered the URL manually please check your spelling and try again.</p>\n"}
============================================================
============================================================
[请求时间] 2026/8/3 17:33:11.883
[响应时间] 2026/8/3 17:33:12.040
[耗时] 157ms
[请求路径] https://pay-api.ds.163.com/api/nlogin
[请求方式] GET
[请求参数] {"query":{},"body":null}
[请求头] {"Accept":"application/json, text/plain, */*","Content-Type":"application/json;charset=UTF-8","GL-X-XSRF-TOKEN":"4b090460-8fe1-41f7-a325-7f34b841865a","User-Agent":"Mozilla/5.0 (Windows NT 10.0; Win64; x64) AppleWebKit/537.36 (KHTML, like Gecko) Chrome/122.0.0.0 Safari/537.36","Origin":"https://pay.ds.163.com","Referer":"https://pay.ds.163.com/","GL-ClientType":"60","GL-DeviceId":"b4533fdd-3462-4836-9dfe-2708c68eb52e","GL-Uid":"be10f7eff4c643c682d5a2322ec0dc7e","Accept-Encoding":"gzip, compress, deflate, br"}
[响应结果] {"httpStatus":200,"data":{"code":413,"msg":"登录失败"}}
============================================================
============================================================
[请求时间] 2026/8/3 17:33:12.030
[响应时间] 2026/8/3 17:33:12.218
[耗时] 188ms
[请求路径] https://inf.ds.163.com/v1/web/cooperate/plutus/cookie-exchange
[请求方式] GET
[请求参数] {"query":null,"body":null}
[请求头] {"Accept":"application/json, text/plain, */*","Content-Type":"application/json;charset=UTF-8","GL-X-XSRF-TOKEN":"4b090460-8fe1-41f7-a325-7f34b841865a","User-Agent":"Mozilla/5.0 (Windows NT 10.0; Win64; x64) AppleWebKit/537.36 (KHTML, like Gecko) Chrome/122.0.0.0 Safari/537.36","Origin":"https://pay.ds.163.com","Referer":"https://pay.ds.163.com/","GL-ClientType":"60","GL-DeviceId":"b4533fdd-3462-4836-9dfe-2708c68eb52e","GL-Uid":"be10f7eff4c643c682d5a2322ec0dc7e","Accept-Encoding":"gzip, compress, deflate, br"}
[响应结果] {"httpStatus":200,"data":{"result":{"user":{"uid":"be10f7eff4c643c682d5a2322ec0dc7e","nick":"ivy8","icon":"https://ok.166.net/reunionpub/3_20231022_18b5699a319275716.jpeg","intro":"","gender":1,"updateTime":1777822557963,"userSourceType":"URS"},"newUser":false},"code":200,"errmsg":"OK"}}
============================================================
============================================================
[请求时间] 2026/8/3 17:33:12.217
[响应时间] 2026/8/3 17:33:12.355
[耗时] 138ms
[请求路径] https://pay-api.ds.163.com/v1/web/init/server/time
[请求方式] GET
[请求参数] {"query":null,"body":null}
[请求头] {"Accept":"application/json, text/plain, */*","Content-Type":"application/json;charset=UTF-8","GL-X-XSRF-TOKEN":"4b090460-8fe1-41f7-a325-7f34b841865a","User-Agent":"Mozilla/5.0 (Windows NT 10.0; Win64; x64) AppleWebKit/537.36 (KHTML, like Gecko) Chrome/122.0.0.0 Safari/537.36","Origin":"https://pay.ds.163.com","Referer":"https://pay.ds.163.com/","GL-ClientType":"60","GL-DeviceId":"b4533fdd-3462-4836-9dfe-2708c68eb52e","GL-Uid":"be10f7eff4c643c682d5a2322ec0dc7e","Accept-Encoding":"gzip, compress, deflate, br"}
[响应结果] {"httpStatus":404,"data":"<!DOCTYPE HTML PUBLIC \"-//W3C//DTD HTML 3.2 Final//EN\">\n<title>404 Not Found</title>\n<h1>Not Found</h1>\n<p>The requested URL was not found on the server. If you entered the URL manually please check your spelling and try again.</p>\n"}
============================================================
============================================================
[请求时间] 2026/8/3 17:33:12.355
[响应时间] 2026/8/3 17:33:12.448
[耗时] 93ms
[请求路径] https://inf.ds.163.com/v1/web/exp/xy/user/get-info
[请求方式] POST
[请求参数] {"query":null,"body":{}}
[请求头] {"Accept":"application/json, text/plain, */*","Content-Type":"application/json;charset=UTF-8","GL-X-XSRF-TOKEN":"4b090460-8fe1-41f7-a325-7f34b841865a","User-Agent":"Mozilla/5.0 (Windows NT 10.0; Win64; x64) AppleWebKit/537.36 (KHTML, like Gecko) Chrome/122.0.0.0 Safari/537.36","Origin":"https://pay.ds.163.com","Referer":"https://pay.ds.163.com/","GL-ClientType":"60","GL-DeviceId":"b4533fdd-3462-4836-9dfe-2708c68eb52e","GL-Uid":"be10f7eff4c643c682d5a2322ec0dc7e","GL-CheckSum":"c49d8f58f3d1833463c9bbe871b8c50ba0b05aab","Content-Length":"2","Accept-Encoding":"gzip, compress, deflate, br"}
[响应结果] {"httpStatus":200,"data":{"result":{"growthPoint":113066,"currentLv":"V6","diffNextLvGrowthPoint":886934,"currentLvExpireDate":"20270108","currentLvExpire":1799337600000,"nextLv":"V7","activeGames":["l36","h74"],"last365LoginGames":["h74","l36"],"initDate":"20260108","lastLv":"V6"},"code":200,"errmsg":"OK"}}
============================================================
============================================================
[请求时间] 2026/8/3 17:33:12.447
[响应时间] 2026/8/3 17:33:12.530
[耗时] 83ms
[请求路径] https://inf.ds.163.com/v1/web/exp/week-coupon/showing-list-v2
[请求方式] POST
[请求参数] {"query":null,"body":{}}
[请求头] {"Accept":"application/json, text/plain, */*","Content-Type":"application/json;charset=UTF-8","GL-X-XSRF-TOKEN":"4b090460-8fe1-41f7-a325-7f34b841865a","User-Agent":"Mozilla/5.0 (Windows NT 10.0; Win64; x64) AppleWebKit/537.36 (KHTML, like Gecko) Chrome/122.0.0.0 Safari/537.36","Origin":"https://pay.ds.163.com","Referer":"https://pay.ds.163.com/","GL-ClientType":"60","GL-DeviceId":"b4533fdd-3462-4836-9dfe-2708c68eb52e","GL-Uid":"be10f7eff4c643c682d5a2322ec0dc7e","GL-CheckSum":"c49d8f58f3d1833463c9bbe871b8c50ba0b05aab","Content-Length":"2","Accept-Encoding":"gzip, compress, deflate, br"}
[响应结果] {"httpStatus":200,"data":{"result":{"coupons":[{"couponId":"687076e69f3efd24cb2bed9c","name":"V1","amount":1,"xyLevel":"V1","seckillTime":"WEEKLY","periods":[{"weekDay":5,"seckillStartTime":1785470400000,"seckillEndTime":1785729599999,"status":"ENDED"},{"weekDay":1,"seckillStartTime":1785729600000,"seckillEndTime":1785902399999,"status":"PROGRESSING"},{"weekDay":3,"seckillStartTime":1785902400000,"seckillEndTime":1786075199999,"status":"NOT_STARTED"},{"weekDay":5,"seckillStartTime":1786075200000,"seckillEndTime":1786334399999,"status":"NOT_STARTED"},{"weekDay":1,"seckillStartTime":1786334400000,"seckillEndTime":1786507199999,"status":"NOT_STARTED"},{"weekDay":3,"seckillStartTime":1786507200000,"seckillEndTime":1786679999999,"status":"NOT_STARTED"}]},{"couponId":"68708657f56f912f57e063bf","name":"V2","amount":2,"xyLevel":"V2","seckillTime":"WEEKLY","periods":[{"weekDay":5,"seckillStartTime":1785470400000,"seckillEndTime":1785729599999,"status":"ENDED"},{"weekDay":1,"seckillStartTime":1785729600000,"seckillEndTime":1785902399999,"status":"PROGRESSING"},{"weekDay":3,"seckillStartTime":1785902400000,"seckillEndTime":1786075199999,"status":"NOT_STARTED"},{"weekDay":5,"seckillStartTime":1786075200000,"seckillEndTime":1786334399999,"status":"NOT_STARTED"},{"weekDay":1,"seckillStartTime":1786334400000,"seckillEndTime":1786507199999,"status":"NOT_STARTED"},{"weekDay":3,"seckillStartTime":1786507200000,"seckillEndTime":1786679999999,"status":"NOT_STARTED"}]},{"couponId":"6870867989fddd2bbdec96bc","name":"V3","amount":3,"xyLevel":"V3","seckillTime":"WEEKLY","periods":[{"weekDay":5,"seckillStartTime":1785470400000,"seckillEndTime":1785729599999,"status":"ENDED"},{"weekDay":1,"seckillStartTime":1785729600000,"seckillEndTime":1785902399999,"status":"PROGRESSING"},{"weekDay":3,"seckillStartTime":1785902400000,"seckillEndTime":1786075199999,"status":"NOT_STARTED"},{"weekDay":5,"seckillStartTime":1786075200000,"seckillEndTime":1786334399999,"status":"NOT_STARTED"},{"weekDay":1,"seckillStartTime":1786334400000,"seckillEndTime":1786507199999,"status":"NOT_STARTED"},{"weekDay":3,"seckillStartTime":1786507200000,"seckillEndTime":1786679999999,"status":"NOT_STARTED"}]},{"couponId":"6870869cf56f912f57e063c0","name":"V4","amount":8,"xyLevel":"V4","seckillTime":"WEEKLY","periods":[{"weekDay":5,"seckillStartTime":1785470400000,"seckillEndTime":1785729599999,"status":"ENDED"},{"weekDay":1,"seckillStartTime":1785729600000,"seckillEndTime":1785902399999,"status":"PROGRESSING"},{"weekDay":3,"seckillStartTime":1785902400000,"seckillEndTime":1786075199999,"status":"NOT_STARTED"},{"weekDay":5,"seckillStartTime":1786075200000,"seckillEndTime":1786334399999,"status":"NOT_STARTED"},{"weekDay":1,"seckillStartTime":1786334400000,"seckillEndTime":1786507199999,"status":"NOT_STARTED"},{"weekDay":3,"seckillStartTime":1786507200000,"seckillEndTime":1786679999999,"status":"NOT_STARTED"}]},{"couponId":"687086e33d0d02335c1804f4","name":"V5","amount":18,"xyLevel":"V5","seckillTime":"WEEKLY","periods":[{"weekDay":5,"seckillStartTime":1785470400000,"seckillEndTime":1785729599999,"status":"ENDED"},{"weekDay":1,"seckillStartTime":1785729600000,"seckillEndTime":1785902399999,"status":"PROGRESSING"},{"weekDay":3,"seckillStartTime":1785902400000,"seckillEndTime":1786075199999,"status":"NOT_STARTED"},{"weekDay":5,"seckillStartTime":1786075200000,"seckillEndTime":1786334399999,"status":"NOT_STARTED"},{"weekDay":1,"seckillStartTime":1786334400000,"seckillEndTime":1786507199999,"status":"NOT_STARTED"},{"weekDay":3,"seckillStartTime":1786507200000,"seckillEndTime":1786679999999,"status":"NOT_STARTED"}]},{"couponId":"68708705f56f912f57e063c3","name":"V6","amount":30,"xyLevel":"V6","seckillTime":"WEEKLY","periods":[{"weekDay":5,"seckillStartTime":1785470400000,"seckillEndTime":1785729599999,"status":"ENDED"},{"weekDay":1,"seckillStartTime":1785729600000,"seckillEndTime":1785902399999,"status":"PROGRESSING","acquiredStatus":"OUT_OF_STOCK","stockId":"68708705f56f912f57e063c3_WEEKLY_1785729600000","stockRemain":0},{"weekDay":3,"seckillStartTime":1785902400000,"seckillEndTime":1786075199999,"status":"NOT_STARTED"},{"weekDay":5,"seckillStartTime":1786075200000,"seckillEndTime":1786334399999,"status":"NOT_STARTED"},{"weekDay":1,"seckillStartTime":1786334400000,"seckillEndTime":1786507199999,"status":"NOT_STARTED"},{"weekDay":3,"seckillStartTime":1786507200000,"seckillEndTime":1786679999999,"status":"NOT_STARTED"}]},{"couponId":"6870872e89fddd2bbdec96bd","name":"V7","amount":75,"xyLevel":"V7","seckillTime":"WEEKLY","periods":[{"weekDay":5,"seckillStartTime":1785470400000,"seckillEndTime":1785729599999,"status":"ENDED"},{"weekDay":1,"seckillStartTime":1785729600000,"seckillEndTime":1785902399999,"status":"PROGRESSING"},{"weekDay":3,"seckillStartTime":1785902400000,"seckillEndTime":1786075199999,"status":"NOT_STARTED"},{"weekDay":5,"seckillStartTime":1786075200000,"seckillEndTime":1786334399999,"status":"NOT_STARTED"},{"weekDay":1,"seckillStartTime":1786334400000,"seckillEndTime":1786507199999,"status":"NOT_STARTED"},{"weekDay":3,"seckillStartTime":1786507200000,"seckillEndTime":1786679999999,"status":"NOT_STARTED"}]}]},"code":200,"errmsg":"OK"}}
============================================================
============================================================
[请求时间] 2026/8/3 17:33:12.859
[响应时间] 2026/8/3 17:33:12.920
[耗时] 61ms
[请求路径] https://inf.ds.163.com/v1/web/exp/week-coupon/showing-list-v2
[请求方式] POST
[请求参数] {"query":null,"body":{}}
[请求头] {"Accept":"application/json, text/plain, */*","Content-Type":"application/json;charset=UTF-8","GL-X-XSRF-TOKEN":"4b090460-8fe1-41f7-a325-7f34b841865a","User-Agent":"Mozilla/5.0 (Windows NT 10.0; Win64; x64) AppleWebKit/537.36 (KHTML, like Gecko) Chrome/122.0.0.0 Safari/537.36","Origin":"https://pay.ds.163.com","Referer":"https://pay.ds.163.com/","GL-ClientType":"60","GL-DeviceId":"b4533fdd-3462-4836-9dfe-2708c68eb52e","GL-Uid":"be10f7eff4c643c682d5a2322ec0dc7e","GL-CheckSum":"c49d8f58f3d1833463c9bbe871b8c50ba0b05aab","Content-Length":"2","Accept-Encoding":"gzip, compress, deflate, br"}
[响应结果] {"httpStatus":200,"data":{"result":{"coupons":[{"couponId":"687076e69f3efd24cb2bed9c","name":"V1","amount":1,"xyLevel":"V1","seckillTime":"WEEKLY","periods":[{"weekDay":5,"seckillStartTime":1785470400000,"seckillEndTime":1785729599999,"status":"ENDED"},{"weekDay":1,"seckillStartTime":1785729600000,"seckillEndTime":1785902399999,"status":"PROGRESSING"},{"weekDay":3,"seckillStartTime":1785902400000,"seckillEndTime":1786075199999,"status":"NOT_STARTED"},{"weekDay":5,"seckillStartTime":1786075200000,"seckillEndTime":1786334399999,"status":"NOT_STARTED"},{"weekDay":1,"seckillStartTime":1786334400000,"seckillEndTime":1786507199999,"status":"NOT_STARTED"},{"weekDay":3,"seckillStartTime":1786507200000,"seckillEndTime":1786679999999,"status":"NOT_STARTED"}]},{"couponId":"68708657f56f912f57e063bf","name":"V2","amount":2,"xyLevel":"V2","seckillTime":"WEEKLY","periods":[{"weekDay":5,"seckillStartTime":1785470400000,"seckillEndTime":1785729599999,"status":"ENDED"},{"weekDay":1,"seckillStartTime":1785729600000,"seckillEndTime":1785902399999,"status":"PROGRESSING"},{"weekDay":3,"seckillStartTime":1785902400000,"seckillEndTime":1786075199999,"status":"NOT_STARTED"},{"weekDay":5,"seckillStartTime":1786075200000,"seckillEndTime":1786334399999,"status":"NOT_STARTED"},{"weekDay":1,"seckillStartTime":1786334400000,"seckillEndTime":1786507199999,"status":"NOT_STARTED"},{"weekDay":3,"seckillStartTime":1786507200000,"seckillEndTime":1786679999999,"status":"NOT_STARTED"}]},{"couponId":"6870867989fddd2bbdec96bc","name":"V3","amount":3,"xyLevel":"V3","seckillTime":"WEEKLY","periods":[{"weekDay":5,"seckillStartTime":1785470400000,"seckillEndTime":1785729599999,"status":"ENDED"},{"weekDay":1,"seckillStartTime":1785729600000,"seckillEndTime":1785902399999,"status":"PROGRESSING"},{"weekDay":3,"seckillStartTime":1785902400000,"seckillEndTime":1786075199999,"status":"NOT_STARTED"},{"weekDay":5,"seckillStartTime":1786075200000,"seckillEndTime":1786334399999,"status":"NOT_STARTED"},{"weekDay":1,"seckillStartTime":1786334400000,"seckillEndTime":1786507199999,"status":"NOT_STARTED"},{"weekDay":3,"seckillStartTime":1786507200000,"seckillEndTime":1786679999999,"status":"NOT_STARTED"}]},{"couponId":"6870869cf56f912f57e063c0","name":"V4","amount":8,"xyLevel":"V4","seckillTime":"WEEKLY","periods":[{"weekDay":5,"seckillStartTime":1785470400000,"seckillEndTime":1785729599999,"status":"ENDED"},{"weekDay":1,"seckillStartTime":1785729600000,"seckillEndTime":1785902399999,"status":"PROGRESSING"},{"weekDay":3,"seckillStartTime":1785902400000,"seckillEndTime":1786075199999,"status":"NOT_STARTED"},{"weekDay":5,"seckillStartTime":1786075200000,"seckillEndTime":1786334399999,"status":"NOT_STARTED"},{"weekDay":1,"seckillStartTime":1786334400000,"seckillEndTime":1786507199999,"status":"NOT_STARTED"},{"weekDay":3,"seckillStartTime":1786507200000,"seckillEndTime":1786679999999,"status":"NOT_STARTED"}]},{"couponId":"687086e33d0d02335c1804f4","name":"V5","amount":18,"xyLevel":"V5","seckillTime":"WEEKLY","periods":[{"weekDay":5,"seckillStartTime":1785470400000,"seckillEndTime":1785729599999,"status":"ENDED"},{"weekDay":1,"seckillStartTime":1785729600000,"seckillEndTime":1785902399999,"status":"PROGRESSING"},{"weekDay":3,"seckillStartTime":1785902400000,"seckillEndTime":1786075199999,"status":"NOT_STARTED"},{"weekDay":5,"seckillStartTime":1786075200000,"seckillEndTime":1786334399999,"status":"NOT_STARTED"},{"weekDay":1,"seckillStartTime":1786334400000,"seckillEndTime":1786507199999,"status":"NOT_STARTED"},{"weekDay":3,"seckillStartTime":1786507200000,"seckillEndTime":1786679999999,"status":"NOT_STARTED"}]},{"couponId":"68708705f56f912f57e063c3","name":"V6","amount":30,"xyLevel":"V6","seckillTime":"WEEKLY","periods":[{"weekDay":5,"seckillStartTime":1785470400000,"seckillEndTime":1785729599999,"status":"ENDED"},{"weekDay":1,"seckillStartTime":1785729600000,"seckillEndTime":1785902399999,"status":"PROGRESSING","acquiredStatus":"OUT_OF_STOCK","stockId":"68708705f56f912f57e063c3_WEEKLY_1785729600000","stockRemain":0},{"weekDay":3,"seckillStartTime":1785902400000,"seckillEndTime":1786075199999,"status":"NOT_STARTED"},{"weekDay":5,"seckillStartTime":1786075200000,"seckillEndTime":1786334399999,"status":"NOT_STARTED"},{"weekDay":1,"seckillStartTime":1786334400000,"seckillEndTime":1786507199999,"status":"NOT_STARTED"},{"weekDay":3,"seckillStartTime":1786507200000,"seckillEndTime":1786679999999,"status":"NOT_STARTED"}]},{"couponId":"6870872e89fddd2bbdec96bd","name":"V7","amount":75,"xyLevel":"V7","seckillTime":"WEEKLY","periods":[{"weekDay":5,"seckillStartTime":1785470400000,"seckillEndTime":1785729599999,"status":"ENDED"},{"weekDay":1,"seckillStartTime":1785729600000,"seckillEndTime":1785902399999,"status":"PROGRESSING"},{"weekDay":3,"seckillStartTime":1785902400000,"seckillEndTime":1786075199999,"status":"NOT_STARTED"},{"weekDay":5,"seckillStartTime":1786075200000,"seckillEndTime":1786334399999,"status":"NOT_STARTED"},{"weekDay":1,"seckillStartTime":1786334400000,"seckillEndTime":1786507199999,"status":"NOT_STARTED"},{"weekDay":3,"seckillStartTime":1786507200000,"seckillEndTime":1786679999999,"status":"NOT_STARTED"}]}]},"code":200,"errmsg":"OK"}}
============================================================
============================================================
[请求时间] 2026/8/3 17:33:12.919
[响应时间] 2026/8/3 17:33:13.064
[耗时] 145ms
[请求路径] https://pay-api.ds.163.com/v1/web/init/server/time
[请求方式] GET
[请求参数] {"query":null,"body":null}
[请求头] {"Accept":"application/json, text/plain, */*","Content-Type":"application/json;charset=UTF-8","GL-X-XSRF-TOKEN":"4b090460-8fe1-41f7-a325-7f34b841865a","User-Agent":"Mozilla/5.0 (Windows NT 10.0; Win64; x64) AppleWebKit/537.36 (KHTML, like Gecko) Chrome/122.0.0.0 Safari/537.36","Origin":"https://pay.ds.163.com","Referer":"https://pay.ds.163.com/","GL-ClientType":"60","GL-DeviceId":"b4533fdd-3462-4836-9dfe-2708c68eb52e","GL-Uid":"be10f7eff4c643c682d5a2322ec0dc7e","Accept-Encoding":"gzip, compress, deflate, br"}
[响应结果] {"httpStatus":404,"data":"<!DOCTYPE HTML PUBLIC \"-//W3C//DTD HTML 3.2 Final//EN\">\n<title>404 Not Found</title>\n<h1>Not Found</h1>\n<p>The requested URL was not found on the server. If you entered the URL manually please check your spelling and try again.</p>\n"}
============================================================
============================================================
[请求时间] 2026/8/3 17:33:13.063
[响应时间] 2026/8/3 17:33:13.413
[耗时] 350ms
[请求路径] https://pay-api.ds.163.com/api/nlogin
[请求方式] GET
[请求参数] {"query":{},"body":null}
[请求头] {"Accept":"application/json, text/plain, */*","Content-Type":"application/json;charset=UTF-8","GL-X-XSRF-TOKEN":"4b090460-8fe1-41f7-a325-7f34b841865a","User-Agent":"Mozilla/5.0 (Windows NT 10.0; Win64; x64) AppleWebKit/537.36 (KHTML, like Gecko) Chrome/122.0.0.0 Safari/537.36","Origin":"https://pay.ds.163.com","Referer":"https://pay.ds.163.com/","GL-ClientType":"60","GL-DeviceId":"b4533fdd-3462-4836-9dfe-2708c68eb52e","GL-Uid":"be10f7eff4c643c682d5a2322ec0dc7e","Accept-Encoding":"gzip, compress, deflate, br"}
[响应结果] {"httpStatus":200,"data":{"code":413,"msg":"登录失败"}}
============================================================
============================================================
[请求时间] 2026/8/3 17:33:17.334
[响应时间] 2026/8/3 17:33:17.509
[耗时] 175ms
[请求路径] https://pay-api.ds.163.com/v1/web/init/server/time
[请求方式] GET
[请求参数] {"query":null,"body":null}
[请求头] {"Accept":"application/json, text/plain, */*","Content-Type":"application/json;charset=UTF-8","GL-X-XSRF-TOKEN":"4b090460-8fe1-41f7-a325-7f34b841865a","User-Agent":"Mozilla/5.0 (Windows NT 10.0; Win64; x64) AppleWebKit/537.36 (KHTML, like Gecko) Chrome/122.0.0.0 Safari/537.36","Origin":"https://pay.ds.163.com","Referer":"https://pay.ds.163.com/","GL-ClientType":"60","GL-DeviceId":"b4533fdd-3462-4836-9dfe-2708c68eb52e","GL-Uid":"be10f7eff4c643c682d5a2322ec0dc7e","Accept-Encoding":"gzip, compress, deflate, br"}
[响应结果] {"httpStatus":404,"data":"<!DOCTYPE HTML PUBLIC \"-//W3C//DTD HTML 3.2 Final//EN\">\n<title>404 Not Found</title>\n<h1>Not Found</h1>\n<p>The requested URL was not found on the server. If you entered the URL manually please check your spelling and try again.</p>\n"}
============================================================
============================================================
[请求时间] 2026/8/3 17:33:18.844
[响应时间] 2026/8/3 17:33:18.963
[耗时] 119ms
[请求路径] https://inf.ds.163.com/v1/web/exp/week-coupon/acquire
[请求方式] POST
[请求参数] {"query":null,"body":{"couponId":"68708705f56f912f57e063c3","stockId":"68708705f56f912f57e063c3_WEEKLY_1785902400000"}}
[请求头] {"Accept":"application/json, text/plain, */*","Content-Type":"application/json;charset=UTF-8","GL-X-XSRF-TOKEN":"4b090460-8fe1-41f7-a325-7f34b841865a","User-Agent":"Mozilla/5.0 (Windows NT 10.0; Win64; x64) AppleWebKit/537.36 (KHTML, like Gecko) Chrome/122.0.0.0 Safari/537.36","Origin":"https://pay.ds.163.com","Referer":"https://pay.ds.163.com/","GL-ClientType":"60","GL-DeviceId":"b4533fdd-3462-4836-9dfe-2708c68eb52e","GL-Uid":"be10f7eff4c643c682d5a2322ec0dc7e","GL-CheckSum":"d6e8f84af7a1c8e192db0c4947f0b841fb10fb2f","Content-Length":"97","Accept-Encoding":"gzip, compress, deflate, br"}
[响应结果] {"httpStatus":200,"data":{"code":803,"errmsg":"库存已失效"}}
============================================================
============================================================
[请求时间] 2026/8/3 17:33:18.959
[响应时间] 2026/8/3 17:33:19.034
[耗时] 75ms
[请求路径] https://inf.ds.163.com/v1/web/exp/week-coupon/showing-list-v2
[请求方式] POST
[请求参数] {"query":null,"body":{}}
[请求头] {"Accept":"application/json, text/plain, */*","Content-Type":"application/json;charset=UTF-8","GL-X-XSRF-TOKEN":"4b090460-8fe1-41f7-a325-7f34b841865a","User-Agent":"Mozilla/5.0 (Windows NT 10.0; Win64; x64) AppleWebKit/537.36 (KHTML, like Gecko) Chrome/122.0.0.0 Safari/537.36","Origin":"https://pay.ds.163.com","Referer":"https://pay.ds.163.com/","GL-ClientType":"60","GL-DeviceId":"b4533fdd-3462-4836-9dfe-2708c68eb52e","GL-Uid":"be10f7eff4c643c682d5a2322ec0dc7e","GL-CheckSum":"c49d8f58f3d1833463c9bbe871b8c50ba0b05aab","Content-Length":"2","Accept-Encoding":"gzip, compress, deflate, br"}
[响应结果] {"httpStatus":200,"data":{"result":{"coupons":[{"couponId":"687076e69f3efd24cb2bed9c","name":"V1","amount":1,"xyLevel":"V1","seckillTime":"WEEKLY","periods":[{"weekDay":5,"seckillStartTime":1785470400000,"seckillEndTime":1785729599999,"status":"ENDED"},{"weekDay":1,"seckillStartTime":1785729600000,"seckillEndTime":1785902399999,"status":"PROGRESSING"},{"weekDay":3,"seckillStartTime":1785902400000,"seckillEndTime":1786075199999,"status":"NOT_STARTED"},{"weekDay":5,"seckillStartTime":1786075200000,"seckillEndTime":1786334399999,"status":"NOT_STARTED"},{"weekDay":1,"seckillStartTime":1786334400000,"seckillEndTime":1786507199999,"status":"NOT_STARTED"},{"weekDay":3,"seckillStartTime":1786507200000,"seckillEndTime":1786679999999,"status":"NOT_STARTED"}]},{"couponId":"68708657f56f912f57e063bf","name":"V2","amount":2,"xyLevel":"V2","seckillTime":"WEEKLY","periods":[{"weekDay":5,"seckillStartTime":1785470400000,"seckillEndTime":1785729599999,"status":"ENDED"},{"weekDay":1,"seckillStartTime":1785729600000,"seckillEndTime":1785902399999,"status":"PROGRESSING"},{"weekDay":3,"seckillStartTime":1785902400000,"seckillEndTime":1786075199999,"status":"NOT_STARTED"},{"weekDay":5,"seckillStartTime":1786075200000,"seckillEndTime":1786334399999,"status":"NOT_STARTED"},{"weekDay":1,"seckillStartTime":1786334400000,"seckillEndTime":1786507199999,"status":"NOT_STARTED"},{"weekDay":3,"seckillStartTime":1786507200000,"seckillEndTime":1786679999999,"status":"NOT_STARTED"}]},{"couponId":"6870867989fddd2bbdec96bc","name":"V3","amount":3,"xyLevel":"V3","seckillTime":"WEEKLY","periods":[{"weekDay":5,"seckillStartTime":1785470400000,"seckillEndTime":1785729599999,"status":"ENDED"},{"weekDay":1,"seckillStartTime":1785729600000,"seckillEndTime":1785902399999,"status":"PROGRESSING"},{"weekDay":3,"seckillStartTime":1785902400000,"seckillEndTime":1786075199999,"status":"NOT_STARTED"},{"weekDay":5,"seckillStartTime":1786075200000,"seckillEndTime":1786334399999,"status":"NOT_STARTED"},{"weekDay":1,"seckillStartTime":1786334400000,"seckillEndTime":1786507199999,"status":"NOT_STARTED"},{"weekDay":3,"seckillStartTime":1786507200000,"seckillEndTime":1786679999999,"status":"NOT_STARTED"}]},{"couponId":"6870869cf56f912f57e063c0","name":"V4","amount":8,"xyLevel":"V4","seckillTime":"WEEKLY","periods":[{"weekDay":5,"seckillStartTime":1785470400000,"seckillEndTime":1785729599999,"status":"ENDED"},{"weekDay":1,"seckillStartTime":1785729600000,"seckillEndTime":1785902399999,"status":"PROGRESSING"},{"weekDay":3,"seckillStartTime":1785902400000,"seckillEndTime":1786075199999,"status":"NOT_STARTED"},{"weekDay":5,"seckillStartTime":1786075200000,"seckillEndTime":1786334399999,"status":"NOT_STARTED"},{"weekDay":1,"seckillStartTime":1786334400000,"seckillEndTime":1786507199999,"status":"NOT_STARTED"},{"weekDay":3,"seckillStartTime":1786507200000,"seckillEndTime":1786679999999,"status":"NOT_STARTED"}]},{"couponId":"687086e33d0d02335c1804f4","name":"V5","amount":18,"xyLevel":"V5","seckillTime":"WEEKLY","periods":[{"weekDay":5,"seckillStartTime":1785470400000,"seckillEndTime":1785729599999,"status":"ENDED"},{"weekDay":1,"seckillStartTime":1785729600000,"seckillEndTime":1785902399999,"status":"PROGRESSING"},{"weekDay":3,"seckillStartTime":1785902400000,"seckillEndTime":1786075199999,"status":"NOT_STARTED"},{"weekDay":5,"seckillStartTime":1786075200000,"seckillEndTime":1786334399999,"status":"NOT_STARTED"},{"weekDay":1,"seckillStartTime":1786334400000,"seckillEndTime":1786507199999,"status":"NOT_STARTED"},{"weekDay":3,"seckillStartTime":1786507200000,"seckillEndTime":1786679999999,"status":"NOT_STARTED"}]},{"couponId":"68708705f56f912f57e063c3","name":"V6","amount":30,"xyLevel":"V6","seckillTime":"WEEKLY","periods":[{"weekDay":5,"seckillStartTime":1785470400000,"seckillEndTime":1785729599999,"status":"ENDED"},{"weekDay":1,"seckillStartTime":1785729600000,"seckillEndTime":1785902399999,"status":"PROGRESSING","acquiredStatus":"OUT_OF_STOCK","stockId":"68708705f56f912f57e063c3_WEEKLY_1785729600000","stockRemain":0},{"weekDay":3,"seckillStartTime":1785902400000,"seckillEndTime":1786075199999,"status":"NOT_STARTED"},{"weekDay":5,"seckillStartTime":1786075200000,"seckillEndTime":1786334399999,"status":"NOT_STARTED"},{"weekDay":1,"seckillStartTime":1786334400000,"seckillEndTime":1786507199999,"status":"NOT_STARTED"},{"weekDay":3,"seckillStartTime":1786507200000,"seckillEndTime":1786679999999,"status":"NOT_STARTED"}]},{"couponId":"6870872e89fddd2bbdec96bd","name":"V7","amount":75,"xyLevel":"V7","seckillTime":"WEEKLY","periods":[{"weekDay":5,"seckillStartTime":1785470400000,"seckillEndTime":1785729599999,"status":"ENDED"},{"weekDay":1,"seckillStartTime":1785729600000,"seckillEndTime":1785902399999,"status":"PROGRESSING"},{"weekDay":3,"seckillStartTime":1785902400000,"seckillEndTime":1786075199999,"status":"NOT_STARTED"},{"weekDay":5,"seckillStartTime":1786075200000,"seckillEndTime":1786334399999,"status":"NOT_STARTED"},{"weekDay":1,"seckillStartTime":1786334400000,"seckillEndTime":1786507199999,"status":"NOT_STARTED"},{"weekDay":3,"seckillStartTime":1786507200000,"seckillEndTime":1786679999999,"status":"NOT_STARTED"}]}]},"code":200,"errmsg":"OK"}}
============================================================
============================================================
[请求时间] 2026/8/3 17:33:20.044
[响应时间] 2026/8/3 17:33:20.134
[耗时] 90ms
[请求路径] https://inf.ds.163.com/v1/web/exp/week-coupon/acquire
[请求方式] POST
[请求参数] {"query":null,"body":{"couponId":"68708705f56f912f57e063c3","stockId":"68708705f56f912f57e063c3_WEEKLY_1785902400000"}}
[请求头] {"Accept":"application/json, text/plain, */*","Content-Type":"application/json;charset=UTF-8","GL-X-XSRF-TOKEN":"4b090460-8fe1-41f7-a325-7f34b841865a","User-Agent":"Mozilla/5.0 (Windows NT 10.0; Win64; x64) AppleWebKit/537.36 (KHTML, like Gecko) Chrome/122.0.0.0 Safari/537.36","Origin":"https://pay.ds.163.com","Referer":"https://pay.ds.163.com/","GL-ClientType":"60","GL-DeviceId":"b4533fdd-3462-4836-9dfe-2708c68eb52e","GL-Uid":"be10f7eff4c643c682d5a2322ec0dc7e","GL-CheckSum":"d6e8f84af7a1c8e192db0c4947f0b841fb10fb2f","Content-Length":"97","Accept-Encoding":"gzip, compress, deflate, br"}
[响应结果] {"httpStatus":200,"data":{"code":803,"errmsg":"库存已失效"}}
============================================================
============================================================
[请求时间] 2026/8/3 17:33:20.133
[响应时间] 2026/8/3 17:33:20.213
[耗时] 80ms
[请求路径] https://inf.ds.163.com/v1/web/exp/week-coupon/showing-list-v2
[请求方式] POST
[请求参数] {"query":null,"body":{}}
[请求头] {"Accept":"application/json, text/plain, */*","Content-Type":"application/json;charset=UTF-8","GL-X-XSRF-TOKEN":"4b090460-8fe1-41f7-a325-7f34b841865a","User-Agent":"Mozilla/5.0 (Windows NT 10.0; Win64; x64) AppleWebKit/537.36 (KHTML, like Gecko) Chrome/122.0.0.0 Safari/537.36","Origin":"https://pay.ds.163.com","Referer":"https://pay.ds.163.com/","GL-ClientType":"60","GL-DeviceId":"b4533fdd-3462-4836-9dfe-2708c68eb52e","GL-Uid":"be10f7eff4c643c682d5a2322ec0dc7e","GL-CheckSum":"c49d8f58f3d1833463c9bbe871b8c50ba0b05aab","Content-Length":"2","Accept-Encoding":"gzip, compress, deflate, br"}
[响应结果] {"httpStatus":200,"data":{"result":{"coupons":[{"couponId":"687076e69f3efd24cb2bed9c","name":"V1","amount":1,"xyLevel":"V1","seckillTime":"WEEKLY","periods":[{"weekDay":5,"seckillStartTime":1785470400000,"seckillEndTime":1785729599999,"status":"ENDED"},{"weekDay":1,"seckillStartTime":1785729600000,"seckillEndTime":1785902399999,"status":"PROGRESSING"},{"weekDay":3,"seckillStartTime":1785902400000,"seckillEndTime":1786075199999,"status":"NOT_STARTED"},{"weekDay":5,"seckillStartTime":1786075200000,"seckillEndTime":1786334399999,"status":"NOT_STARTED"},{"weekDay":1,"seckillStartTime":1786334400000,"seckillEndTime":1786507199999,"status":"NOT_STARTED"},{"weekDay":3,"seckillStartTime":1786507200000,"seckillEndTime":1786679999999,"status":"NOT_STARTED"}]},{"couponId":"68708657f56f912f57e063bf","name":"V2","amount":2,"xyLevel":"V2","seckillTime":"WEEKLY","periods":[{"weekDay":5,"seckillStartTime":1785470400000,"seckillEndTime":1785729599999,"status":"ENDED"},{"weekDay":1,"seckillStartTime":1785729600000,"seckillEndTime":1785902399999,"status":"PROGRESSING"},{"weekDay":3,"seckillStartTime":1785902400000,"seckillEndTime":1786075199999,"status":"NOT_STARTED"},{"weekDay":5,"seckillStartTime":1786075200000,"seckillEndTime":1786334399999,"status":"NOT_STARTED"},{"weekDay":1,"seckillStartTime":1786334400000,"seckillEndTime":1786507199999,"status":"NOT_STARTED"},{"weekDay":3,"seckillStartTime":1786507200000,"seckillEndTime":1786679999999,"status":"NOT_STARTED"}]},{"couponId":"6870867989fddd2bbdec96bc","name":"V3","amount":3,"xyLevel":"V3","seckillTime":"WEEKLY","periods":[{"weekDay":5,"seckillStartTime":1785470400000,"seckillEndTime":1785729599999,"status":"ENDED"},{"weekDay":1,"seckillStartTime":1785729600000,"seckillEndTime":1785902399999,"status":"PROGRESSING"},{"weekDay":3,"seckillStartTime":1785902400000,"seckillEndTime":1786075199999,"status":"NOT_STARTED"},{"weekDay":5,"seckillStartTime":1786075200000,"seckillEndTime":1786334399999,"status":"NOT_STARTED"},{"weekDay":1,"seckillStartTime":1786334400000,"seckillEndTime":1786507199999,"status":"NOT_STARTED"},{"weekDay":3,"seckillStartTime":1786507200000,"seckillEndTime":1786679999999,"status":"NOT_STARTED"}]},{"couponId":"6870869cf56f912f57e063c0","name":"V4","amount":8,"xyLevel":"V4","seckillTime":"WEEKLY","periods":[{"weekDay":5,"seckillStartTime":1785470400000,"seckillEndTime":1785729599999,"status":"ENDED"},{"weekDay":1,"seckillStartTime":1785729600000,"seckillEndTime":1785902399999,"status":"PROGRESSING"},{"weekDay":3,"seckillStartTime":1785902400000,"seckillEndTime":1786075199999,"status":"NOT_STARTED"},{"weekDay":5,"seckillStartTime":1786075200000,"seckillEndTime":1786334399999,"status":"NOT_STARTED"},{"weekDay":1,"seckillStartTime":1786334400000,"seckillEndTime":1786507199999,"status":"NOT_STARTED"},{"weekDay":3,"seckillStartTime":1786507200000,"seckillEndTime":1786679999999,"status":"NOT_STARTED"}]},{"couponId":"687086e33d0d02335c1804f4","name":"V5","amount":18,"xyLevel":"V5","seckillTime":"WEEKLY","periods":[{"weekDay":5,"seckillStartTime":1785470400000,"seckillEndTime":1785729599999,"status":"ENDED"},{"weekDay":1,"seckillStartTime":1785729600000,"seckillEndTime":1785902399999,"status":"PROGRESSING"},{"weekDay":3,"seckillStartTime":1785902400000,"seckillEndTime":1786075199999,"status":"NOT_STARTED"},{"weekDay":5,"seckillStartTime":1786075200000,"seckillEndTime":1786334399999,"status":"NOT_STARTED"},{"weekDay":1,"seckillStartTime":1786334400000,"seckillEndTime":1786507199999,"status":"NOT_STARTED"},{"weekDay":3,"seckillStartTime":1786507200000,"seckillEndTime":1786679999999,"status":"NOT_STARTED"}]},{"couponId":"68708705f56f912f57e063c3","name":"V6","amount":30,"xyLevel":"V6","seckillTime":"WEEKLY","periods":[{"weekDay":5,"seckillStartTime":1785470400000,"seckillEndTime":1785729599999,"status":"ENDED"},{"weekDay":1,"seckillStartTime":1785729600000,"seckillEndTime":1785902399999,"status":"PROGRESSING","acquiredStatus":"OUT_OF_STOCK","stockId":"68708705f56f912f57e063c3_WEEKLY_1785729600000","stockRemain":0},{"weekDay":3,"seckillStartTime":1785902400000,"seckillEndTime":1786075199999,"status":"NOT_STARTED"},{"weekDay":5,"seckillStartTime":1786075200000,"seckillEndTime":1786334399999,"status":"NOT_STARTED"},{"weekDay":1,"seckillStartTime":1786334400000,"seckillEndTime":1786507199999,"status":"NOT_STARTED"},{"weekDay":3,"seckillStartTime":1786507200000,"seckillEndTime":1786679999999,"status":"NOT_STARTED"}]},{"couponId":"6870872e89fddd2bbdec96bd","name":"V7","amount":75,"xyLevel":"V7","seckillTime":"WEEKLY","periods":[{"weekDay":5,"seckillStartTime":1785470400000,"seckillEndTime":1785729599999,"status":"ENDED"},{"weekDay":1,"seckillStartTime":1785729600000,"seckillEndTime":1785902399999,"status":"PROGRESSING"},{"weekDay":3,"seckillStartTime":1785902400000,"seckillEndTime":1786075199999,"status":"NOT_STARTED"},{"weekDay":5,"seckillStartTime":1786075200000,"seckillEndTime":1786334399999,"status":"NOT_STARTED"},{"weekDay":1,"seckillStartTime":1786334400000,"seckillEndTime":1786507199999,"status":"NOT_STARTED"},{"weekDay":3,"seckillStartTime":1786507200000,"seckillEndTime":1786679999999,"status":"NOT_STARTED"}]}]},"code":200,"errmsg":"OK"}}
============================================================
