============================================================
[请求时间] 2026/8/3 09:17:34.844
[响应时间] 2026/8/3 09:17:35.034
[耗时] 190ms
[请求路径] https://pay-api.ds.163.com/v1/web/init/server/time
[请求方式] GET
[请求参数] {"query":null,"body":null}
[请求头] {"Accept":"application/json, text/plain, */*","Content-Type":"application/json;charset=UTF-8","User-Agent":"Mozilla/5.0 (Windows NT 10.0; Win64; x64) AppleWebKit/537.36 (KHTML, like Gecko) Chrome/122.0.0.0 Safari/537.36","Origin":"https://pay.ds.163.com","Referer":"https://pay.ds.163.com/","GL-ClientType":"60","GL-DeviceId":"9d63497c-0d37-4ef5-a718-d20f58f5816a","GL-Uid":"21c4ec56a4dc44f8825c9ec5fc7e7dc6","GL-X-XSRF-TOKEN":"f3776aef-4aba-4939-bb0c-d9b6b9ad568c","Accept-Encoding":"gzip, compress, deflate, br"}
[响应结果] {"httpStatus":404,"data":"<!DOCTYPE HTML PUBLIC \"-//W3C//DTD HTML 3.2 Final//EN\">\n<title>404 Not Found</title>\n<h1>Not Found</h1>\n<p>The requested URL was not found on the server. If you entered the URL manually please check your spelling and try again.</p>\n"}
============================================================
============================================================
[请求时间] 2026/8/3 09:17:35.032
[响应时间] 2026/8/3 09:17:35.174
[耗时] 142ms
[请求路径] https://pay-api.ds.163.com/api/nlogin
[请求方式] GET
[请求参数] {"query":{},"body":null}
[请求头] {"Accept":"application/json, text/plain, */*","Content-Type":"application/json;charset=UTF-8","GL-X-XSRF-TOKEN":"f3776aef-4aba-4939-bb0c-d9b6b9ad568c","User-Agent":"Mozilla/5.0 (Windows NT 10.0; Win64; x64) AppleWebKit/537.36 (KHTML, like Gecko) Chrome/122.0.0.0 Safari/537.36","Origin":"https://pay.ds.163.com","Referer":"https://pay.ds.163.com/","GL-ClientType":"60","GL-DeviceId":"9d63497c-0d37-4ef5-a718-d20f58f5816a","GL-Uid":"21c4ec56a4dc44f8825c9ec5fc7e7dc6","Accept-Encoding":"gzip, compress, deflate, br"}
[响应结果] {"httpStatus":200,"data":{"code":413,"msg":"登录失败"}}
============================================================
============================================================
[请求时间] 2026/8/3 09:17:35.171
[响应时间] 2026/8/3 09:17:35.345
[耗时] 174ms
[请求路径] https://inf.ds.163.com/v1/web/cooperate/plutus/cookie-exchange
[请求方式] GET
[请求参数] {"query":null,"body":null}
[请求头] {"Accept":"application/json, text/plain, */*","Content-Type":"application/json;charset=UTF-8","GL-X-XSRF-TOKEN":"f3776aef-4aba-4939-bb0c-d9b6b9ad568c","User-Agent":"Mozilla/5.0 (Windows NT 10.0; Win64; x64) AppleWebKit/537.36 (KHTML, like Gecko) Chrome/122.0.0.0 Safari/537.36","Origin":"https://pay.ds.163.com","Referer":"https://pay.ds.163.com/","GL-ClientType":"60","GL-DeviceId":"9d63497c-0d37-4ef5-a718-d20f58f5816a","GL-Uid":"21c4ec56a4dc44f8825c9ec5fc7e7dc6","Accept-Encoding":"gzip, compress, deflate, br"}
[响应结果] {"httpStatus":200,"data":{"result":{"user":{"uid":"21c4ec56a4dc44f8825c9ec5fc7e7dc6","nick":"春醉江南","icon":"https://ok.166.net/reunionpub/3_20231028_18b7450a667464651.png","intro":"","gender":2,"updateTime":1779541425917,"userSourceType":"URS"},"newUser":false},"code":200,"errmsg":"OK"}}
============================================================
============================================================
[请求时间] 2026/8/3 09:17:35.345
[响应时间] 2026/8/3 09:17:35.488
[耗时] 143ms
[请求路径] https://pay-api.ds.163.com/v1/web/init/server/time
[请求方式] GET
[请求参数] {"query":null,"body":null}
[请求头] {"Accept":"application/json, text/plain, */*","Content-Type":"application/json;charset=UTF-8","GL-X-XSRF-TOKEN":"f3776aef-4aba-4939-bb0c-d9b6b9ad568c","User-Agent":"Mozilla/5.0 (Windows NT 10.0; Win64; x64) AppleWebKit/537.36 (KHTML, like Gecko) Chrome/122.0.0.0 Safari/537.36","Origin":"https://pay.ds.163.com","Referer":"https://pay.ds.163.com/","GL-ClientType":"60","GL-DeviceId":"9d63497c-0d37-4ef5-a718-d20f58f5816a","GL-Uid":"21c4ec56a4dc44f8825c9ec5fc7e7dc6","Accept-Encoding":"gzip, compress, deflate, br"}
[响应结果] {"httpStatus":404,"data":"<!DOCTYPE HTML PUBLIC \"-//W3C//DTD HTML 3.2 Final//EN\">\n<title>404 Not Found</title>\n<h1>Not Found</h1>\n<p>The requested URL was not found on the server. If you entered the URL manually please check your spelling and try again.</p>\n"}
============================================================
============================================================
[请求时间] 2026/8/3 09:17:35.487
[响应时间] 2026/8/3 09:17:35.621
[耗时] 134ms
[请求路径] https://inf.ds.163.com/v1/web/exp/xy/user/get-info
[请求方式] POST
[请求参数] {"query":null,"body":{}}
[请求头] {"Accept":"application/json, text/plain, */*","Content-Type":"application/json;charset=UTF-8","GL-X-XSRF-TOKEN":"f3776aef-4aba-4939-bb0c-d9b6b9ad568c","User-Agent":"Mozilla/5.0 (Windows NT 10.0; Win64; x64) AppleWebKit/537.36 (KHTML, like Gecko) Chrome/122.0.0.0 Safari/537.36","Origin":"https://pay.ds.163.com","Referer":"https://pay.ds.163.com/","GL-ClientType":"60","GL-DeviceId":"9d63497c-0d37-4ef5-a718-d20f58f5816a","GL-Uid":"21c4ec56a4dc44f8825c9ec5fc7e7dc6","GL-CheckSum":"2c1fec9e89be9672afba8f4b54eab28a0ca9b518","Content-Length":"2","Accept-Encoding":"gzip, compress, deflate, br"}
[响应结果] {"httpStatus":200,"data":{"result":{"growthPoint":177831,"currentLv":"V5","diffNextLvGrowthPoint":122169,"currentLvExpireDate":"20270704","currentLvExpire":1814630400000,"nextLv":"V6","activeGames":["l36"],"last365LoginGames":["l36","h55"],"initDate":"20260704","lastLv":"V5"},"code":200,"errmsg":"OK"}}
============================================================
============================================================
[请求时间] 2026/8/3 09:17:35.618
[响应时间] 2026/8/3 09:17:35.687
[耗时] 69ms
[请求路径] https://inf.ds.163.com/v1/web/exp/week-coupon/showing-list-v2
[请求方式] POST
[请求参数] {"query":null,"body":{}}
[请求头] {"Accept":"application/json, text/plain, */*","Content-Type":"application/json;charset=UTF-8","GL-X-XSRF-TOKEN":"f3776aef-4aba-4939-bb0c-d9b6b9ad568c","User-Agent":"Mozilla/5.0 (Windows NT 10.0; Win64; x64) AppleWebKit/537.36 (KHTML, like Gecko) Chrome/122.0.0.0 Safari/537.36","Origin":"https://pay.ds.163.com","Referer":"https://pay.ds.163.com/","GL-ClientType":"60","GL-DeviceId":"9d63497c-0d37-4ef5-a718-d20f58f5816a","GL-Uid":"21c4ec56a4dc44f8825c9ec5fc7e7dc6","GL-CheckSum":"2c1fec9e89be9672afba8f4b54eab28a0ca9b518","Content-Length":"2","Accept-Encoding":"gzip, compress, deflate, br"}
[响应结果] {"httpStatus":200,"data":{"result":{"coupons":[{"couponId":"687076e69f3efd24cb2bed9c","name":"V1","amount":1,"xyLevel":"V1","seckillTime":"WEEKLY","periods":[{"weekDay":3,"seckillStartTime":1785297600000,"seckillEndTime":1785470399999,"status":"ENDED"},{"weekDay":5,"seckillStartTime":1785470400000,"seckillEndTime":1785729599999,"status":"PROGRESSING"},{"weekDay":1,"seckillStartTime":1785729600000,"seckillEndTime":1785902399999,"status":"NOT_STARTED"},{"weekDay":3,"seckillStartTime":1785902400000,"seckillEndTime":1786075199999,"status":"NOT_STARTED"},{"weekDay":5,"seckillStartTime":1786075200000,"seckillEndTime":1786334399999,"status":"NOT_STARTED"},{"weekDay":1,"seckillStartTime":1786334400000,"seckillEndTime":1786507199999,"status":"NOT_STARTED"}]},{"couponId":"68708657f56f912f57e063bf","name":"V2","amount":2,"xyLevel":"V2","seckillTime":"WEEKLY","periods":[{"weekDay":3,"seckillStartTime":1785297600000,"seckillEndTime":1785470399999,"status":"ENDED"},{"weekDay":5,"seckillStartTime":1785470400000,"seckillEndTime":1785729599999,"status":"PROGRESSING"},{"weekDay":1,"seckillStartTime":1785729600000,"seckillEndTime":1785902399999,"status":"NOT_STARTED"},{"weekDay":3,"seckillStartTime":1785902400000,"seckillEndTime":1786075199999,"status":"NOT_STARTED"},{"weekDay":5,"seckillStartTime":1786075200000,"seckillEndTime":1786334399999,"status":"NOT_STARTED"},{"weekDay":1,"seckillStartTime":1786334400000,"seckillEndTime":1786507199999,"status":"NOT_STARTED"}]},{"couponId":"6870867989fddd2bbdec96bc","name":"V3","amount":3,"xyLevel":"V3","seckillTime":"WEEKLY","periods":[{"weekDay":3,"seckillStartTime":1785297600000,"seckillEndTime":1785470399999,"status":"ENDED"},{"weekDay":5,"seckillStartTime":1785470400000,"seckillEndTime":1785729599999,"status":"PROGRESSING"},{"weekDay":1,"seckillStartTime":1785729600000,"seckillEndTime":1785902399999,"status":"NOT_STARTED"},{"weekDay":3,"seckillStartTime":1785902400000,"seckillEndTime":1786075199999,"status":"NOT_STARTED"},{"weekDay":5,"seckillStartTime":1786075200000,"seckillEndTime":1786334399999,"status":"NOT_STARTED"},{"weekDay":1,"seckillStartTime":1786334400000,"seckillEndTime":1786507199999,"status":"NOT_STARTED"}]},{"couponId":"6870869cf56f912f57e063c0","name":"V4","amount":8,"xyLevel":"V4","seckillTime":"WEEKLY","periods":[{"weekDay":3,"seckillStartTime":1785297600000,"seckillEndTime":1785470399999,"status":"ENDED"},{"weekDay":5,"seckillStartTime":1785470400000,"seckillEndTime":1785729599999,"status":"PROGRESSING"},{"weekDay":1,"seckillStartTime":1785729600000,"seckillEndTime":1785902399999,"status":"NOT_STARTED"},{"weekDay":3,"seckillStartTime":1785902400000,"seckillEndTime":1786075199999,"status":"NOT_STARTED"},{"weekDay":5,"seckillStartTime":1786075200000,"seckillEndTime":1786334399999,"status":"NOT_STARTED"},{"weekDay":1,"seckillStartTime":1786334400000,"seckillEndTime":1786507199999,"status":"NOT_STARTED"}]},{"couponId":"687086e33d0d02335c1804f4","name":"V5","amount":18,"xyLevel":"V5","seckillTime":"WEEKLY","periods":[{"weekDay":3,"seckillStartTime":1785297600000,"seckillEndTime":1785470399999,"status":"ENDED"},{"weekDay":5,"seckillStartTime":1785470400000,"seckillEndTime":1785729599999,"status":"PROGRESSING","acquiredStatus":"ACQUIRED","stockId":"687086e33d0d02335c1804f4_WEEKLY_1785470400000"},{"weekDay":1,"seckillStartTime":1785729600000,"seckillEndTime":1785902399999,"status":"NOT_STARTED"},{"weekDay":3,"seckillStartTime":1785902400000,"seckillEndTime":1786075199999,"status":"NOT_STARTED"},{"weekDay":5,"seckillStartTime":1786075200000,"seckillEndTime":1786334399999,"status":"NOT_STARTED"},{"weekDay":1,"seckillStartTime":1786334400000,"seckillEndTime":1786507199999,"status":"NOT_STARTED"}]},{"couponId":"68708705f56f912f57e063c3","name":"V6","amount":30,"xyLevel":"V6","seckillTime":"WEEKLY","periods":[{"weekDay":3,"seckillStartTime":1785297600000,"seckillEndTime":1785470399999,"status":"ENDED"},{"weekDay":5,"seckillStartTime":1785470400000,"seckillEndTime":1785729599999,"status":"PROGRESSING"},{"weekDay":1,"seckillStartTime":1785729600000,"seckillEndTime":1785902399999,"status":"NOT_STARTED"},{"weekDay":3,"seckillStartTime":1785902400000,"seckillEndTime":1786075199999,"status":"NOT_STARTED"},{"weekDay":5,"seckillStartTime":1786075200000,"seckillEndTime":1786334399999,"status":"NOT_STARTED"},{"weekDay":1,"seckillStartTime":1786334400000,"seckillEndTime":1786507199999,"status":"NOT_STARTED"}]},{"couponId":"6870872e89fddd2bbdec96bd","name":"V7","amount":75,"xyLevel":"V7","seckillTime":"WEEKLY","periods":[{"weekDay":3,"seckillStartTime":1785297600000,"seckillEndTime":1785470399999,"status":"ENDED"},{"weekDay":5,"seckillStartTime":1785470400000,"seckillEndTime":1785729599999,"status":"PROGRESSING"},{"weekDay":1,"seckillStartTime":1785729600000,"seckillEndTime":1785902399999,"status":"NOT_STARTED"},{"weekDay":3,"seckillStartTime":1785902400000,"seckillEndTime":1786075199999,"status":"NOT_STARTED"},{"weekDay":5,"seckillStartTime":1786075200000,"seckillEndTime":1786334399999,"status":"NOT_STARTED"},{"weekDay":1,"seckillStartTime":1786334400000,"seckillEndTime":1786507199999,"status":"NOT_STARTED"}]}]},"code":200,"errmsg":"OK"}}
============================================================
============================================================
[请求时间] 2026/8/3 09:17:35.965
[响应时间] 2026/8/3 09:17:36.058
[耗时] 93ms
[请求路径] https://inf.ds.163.com/v1/web/exp/week-coupon/showing-list-v2
[请求方式] POST
[请求参数] {"query":null,"body":{}}
[请求头] {"Accept":"application/json, text/plain, */*","Content-Type":"application/json;charset=UTF-8","GL-X-XSRF-TOKEN":"f3776aef-4aba-4939-bb0c-d9b6b9ad568c","User-Agent":"Mozilla/5.0 (Windows NT 10.0; Win64; x64) AppleWebKit/537.36 (KHTML, like Gecko) Chrome/122.0.0.0 Safari/537.36","Origin":"https://pay.ds.163.com","Referer":"https://pay.ds.163.com/","GL-ClientType":"60","GL-DeviceId":"9d63497c-0d37-4ef5-a718-d20f58f5816a","GL-Uid":"21c4ec56a4dc44f8825c9ec5fc7e7dc6","GL-CheckSum":"2c1fec9e89be9672afba8f4b54eab28a0ca9b518","Content-Length":"2","Accept-Encoding":"gzip, compress, deflate, br"}
[响应结果] {"httpStatus":200,"data":{"result":{"coupons":[{"couponId":"687076e69f3efd24cb2bed9c","name":"V1","amount":1,"xyLevel":"V1","seckillTime":"WEEKLY","periods":[{"weekDay":3,"seckillStartTime":1785297600000,"seckillEndTime":1785470399999,"status":"ENDED"},{"weekDay":5,"seckillStartTime":1785470400000,"seckillEndTime":1785729599999,"status":"PROGRESSING"},{"weekDay":1,"seckillStartTime":1785729600000,"seckillEndTime":1785902399999,"status":"NOT_STARTED"},{"weekDay":3,"seckillStartTime":1785902400000,"seckillEndTime":1786075199999,"status":"NOT_STARTED"},{"weekDay":5,"seckillStartTime":1786075200000,"seckillEndTime":1786334399999,"status":"NOT_STARTED"},{"weekDay":1,"seckillStartTime":1786334400000,"seckillEndTime":1786507199999,"status":"NOT_STARTED"}]},{"couponId":"68708657f56f912f57e063bf","name":"V2","amount":2,"xyLevel":"V2","seckillTime":"WEEKLY","periods":[{"weekDay":3,"seckillStartTime":1785297600000,"seckillEndTime":1785470399999,"status":"ENDED"},{"weekDay":5,"seckillStartTime":1785470400000,"seckillEndTime":1785729599999,"status":"PROGRESSING"},{"weekDay":1,"seckillStartTime":1785729600000,"seckillEndTime":1785902399999,"status":"NOT_STARTED"},{"weekDay":3,"seckillStartTime":1785902400000,"seckillEndTime":1786075199999,"status":"NOT_STARTED"},{"weekDay":5,"seckillStartTime":1786075200000,"seckillEndTime":1786334399999,"status":"NOT_STARTED"},{"weekDay":1,"seckillStartTime":1786334400000,"seckillEndTime":1786507199999,"status":"NOT_STARTED"}]},{"couponId":"6870867989fddd2bbdec96bc","name":"V3","amount":3,"xyLevel":"V3","seckillTime":"WEEKLY","periods":[{"weekDay":3,"seckillStartTime":1785297600000,"seckillEndTime":1785470399999,"status":"ENDED"},{"weekDay":5,"seckillStartTime":1785470400000,"seckillEndTime":1785729599999,"status":"PROGRESSING"},{"weekDay":1,"seckillStartTime":1785729600000,"seckillEndTime":1785902399999,"status":"NOT_STARTED"},{"weekDay":3,"seckillStartTime":1785902400000,"seckillEndTime":1786075199999,"status":"NOT_STARTED"},{"weekDay":5,"seckillStartTime":1786075200000,"seckillEndTime":1786334399999,"status":"NOT_STARTED"},{"weekDay":1,"seckillStartTime":1786334400000,"seckillEndTime":1786507199999,"status":"NOT_STARTED"}]},{"couponId":"6870869cf56f912f57e063c0","name":"V4","amount":8,"xyLevel":"V4","seckillTime":"WEEKLY","periods":[{"weekDay":3,"seckillStartTime":1785297600000,"seckillEndTime":1785470399999,"status":"ENDED"},{"weekDay":5,"seckillStartTime":1785470400000,"seckillEndTime":1785729599999,"status":"PROGRESSING"},{"weekDay":1,"seckillStartTime":1785729600000,"seckillEndTime":1785902399999,"status":"NOT_STARTED"},{"weekDay":3,"seckillStartTime":1785902400000,"seckillEndTime":1786075199999,"status":"NOT_STARTED"},{"weekDay":5,"seckillStartTime":1786075200000,"seckillEndTime":1786334399999,"status":"NOT_STARTED"},{"weekDay":1,"seckillStartTime":1786334400000,"seckillEndTime":1786507199999,"status":"NOT_STARTED"}]},{"couponId":"687086e33d0d02335c1804f4","name":"V5","amount":18,"xyLevel":"V5","seckillTime":"WEEKLY","periods":[{"weekDay":3,"seckillStartTime":1785297600000,"seckillEndTime":1785470399999,"status":"ENDED"},{"weekDay":5,"seckillStartTime":1785470400000,"seckillEndTime":1785729599999,"status":"PROGRESSING","acquiredStatus":"ACQUIRED","stockId":"687086e33d0d02335c1804f4_WEEKLY_1785470400000"},{"weekDay":1,"seckillStartTime":1785729600000,"seckillEndTime":1785902399999,"status":"NOT_STARTED"},{"weekDay":3,"seckillStartTime":1785902400000,"seckillEndTime":1786075199999,"status":"NOT_STARTED"},{"weekDay":5,"seckillStartTime":1786075200000,"seckillEndTime":1786334399999,"status":"NOT_STARTED"},{"weekDay":1,"seckillStartTime":1786334400000,"seckillEndTime":1786507199999,"status":"NOT_STARTED"}]},{"couponId":"68708705f56f912f57e063c3","name":"V6","amount":30,"xyLevel":"V6","seckillTime":"WEEKLY","periods":[{"weekDay":3,"seckillStartTime":1785297600000,"seckillEndTime":1785470399999,"status":"ENDED"},{"weekDay":5,"seckillStartTime":1785470400000,"seckillEndTime":1785729599999,"status":"PROGRESSING"},{"weekDay":1,"seckillStartTime":1785729600000,"seckillEndTime":1785902399999,"status":"NOT_STARTED"},{"weekDay":3,"seckillStartTime":1785902400000,"seckillEndTime":1786075199999,"status":"NOT_STARTED"},{"weekDay":5,"seckillStartTime":1786075200000,"seckillEndTime":1786334399999,"status":"NOT_STARTED"},{"weekDay":1,"seckillStartTime":1786334400000,"seckillEndTime":1786507199999,"status":"NOT_STARTED"}]},{"couponId":"6870872e89fddd2bbdec96bd","name":"V7","amount":75,"xyLevel":"V7","seckillTime":"WEEKLY","periods":[{"weekDay":3,"seckillStartTime":1785297600000,"seckillEndTime":1785470399999,"status":"ENDED"},{"weekDay":5,"seckillStartTime":1785470400000,"seckillEndTime":1785729599999,"status":"PROGRESSING"},{"weekDay":1,"seckillStartTime":1785729600000,"seckillEndTime":1785902399999,"status":"NOT_STARTED"},{"weekDay":3,"seckillStartTime":1785902400000,"seckillEndTime":1786075199999,"status":"NOT_STARTED"},{"weekDay":5,"seckillStartTime":1786075200000,"seckillEndTime":1786334399999,"status":"NOT_STARTED"},{"weekDay":1,"seckillStartTime":1786334400000,"seckillEndTime":1786507199999,"status":"NOT_STARTED"}]}]},"code":200,"errmsg":"OK"}}
============================================================
============================================================
[请求时间] 2026/8/3 09:17:36.057
[响应时间] 2026/8/3 09:17:36.199
[耗时] 142ms
[请求路径] https://pay-api.ds.163.com/v1/web/init/server/time
[请求方式] GET
[请求参数] {"query":null,"body":null}
[请求头] {"Accept":"application/json, text/plain, */*","Content-Type":"application/json;charset=UTF-8","GL-X-XSRF-TOKEN":"f3776aef-4aba-4939-bb0c-d9b6b9ad568c","User-Agent":"Mozilla/5.0 (Windows NT 10.0; Win64; x64) AppleWebKit/537.36 (KHTML, like Gecko) Chrome/122.0.0.0 Safari/537.36","Origin":"https://pay.ds.163.com","Referer":"https://pay.ds.163.com/","GL-ClientType":"60","GL-DeviceId":"9d63497c-0d37-4ef5-a718-d20f58f5816a","GL-Uid":"21c4ec56a4dc44f8825c9ec5fc7e7dc6","Accept-Encoding":"gzip, compress, deflate, br"}
[响应结果] {"httpStatus":404,"data":"<!DOCTYPE HTML PUBLIC \"-//W3C//DTD HTML 3.2 Final//EN\">\n<title>404 Not Found</title>\n<h1>Not Found</h1>\n<p>The requested URL was not found on the server. If you entered the URL manually please check your spelling and try again.</p>\n"}
============================================================
============================================================
[请求时间] 2026/8/3 09:17:36.198
[响应时间] 2026/8/3 09:17:36.332
[耗时] 134ms
[请求路径] https://pay-api.ds.163.com/api/nlogin
[请求方式] GET
[请求参数] {"query":{},"body":null}
[请求头] {"Accept":"application/json, text/plain, */*","Content-Type":"application/json;charset=UTF-8","GL-X-XSRF-TOKEN":"f3776aef-4aba-4939-bb0c-d9b6b9ad568c","User-Agent":"Mozilla/5.0 (Windows NT 10.0; Win64; x64) AppleWebKit/537.36 (KHTML, like Gecko) Chrome/122.0.0.0 Safari/537.36","Origin":"https://pay.ds.163.com","Referer":"https://pay.ds.163.com/","GL-ClientType":"60","GL-DeviceId":"9d63497c-0d37-4ef5-a718-d20f58f5816a","GL-Uid":"21c4ec56a4dc44f8825c9ec5fc7e7dc6","Accept-Encoding":"gzip, compress, deflate, br"}
[响应结果] {"httpStatus":200,"data":{"code":413,"msg":"登录失败"}}
============================================================
============================================================
[请求时间] 2026/8/3 09:23:09.110
[响应时间] 2026/8/3 09:23:09.284
[耗时] 174ms
[请求路径] https://pay-api.ds.163.com/v1/web/init/server/time
[请求方式] GET
[请求参数] {"query":null,"body":null}
[请求头] {"Accept":"application/json, text/plain, */*","Content-Type":"application/json;charset=UTF-8","User-Agent":"Mozilla/5.0 (Windows NT 10.0; Win64; x64) AppleWebKit/537.36 (KHTML, like Gecko) Chrome/122.0.0.0 Safari/537.36","Origin":"https://pay.ds.163.com","Referer":"https://pay.ds.163.com/","GL-ClientType":"60","GL-DeviceId":"9d63497c-0d37-4ef5-a718-d20f58f5816a","GL-Uid":"21c4ec56a4dc44f8825c9ec5fc7e7dc6","GL-X-XSRF-TOKEN":"f3776aef-4aba-4939-bb0c-d9b6b9ad568c","Accept-Encoding":"gzip, compress, deflate, br"}
[响应结果] {"httpStatus":404,"data":"<!DOCTYPE HTML PUBLIC \"-//W3C//DTD HTML 3.2 Final//EN\">\n<title>404 Not Found</title>\n<h1>Not Found</h1>\n<p>The requested URL was not found on the server. If you entered the URL manually please check your spelling and try again.</p>\n"}
============================================================
============================================================
[请求时间] 2026/8/3 09:23:09.281
[响应时间] 2026/8/3 09:23:09.427
[耗时] 146ms
[请求路径] https://pay-api.ds.163.com/api/nlogin
[请求方式] GET
[请求参数] {"query":{},"body":null}
[请求头] {"Accept":"application/json, text/plain, */*","Content-Type":"application/json;charset=UTF-8","GL-X-XSRF-TOKEN":"f3776aef-4aba-4939-bb0c-d9b6b9ad568c","User-Agent":"Mozilla/5.0 (Windows NT 10.0; Win64; x64) AppleWebKit/537.36 (KHTML, like Gecko) Chrome/122.0.0.0 Safari/537.36","Origin":"https://pay.ds.163.com","Referer":"https://pay.ds.163.com/","GL-ClientType":"60","GL-DeviceId":"9d63497c-0d37-4ef5-a718-d20f58f5816a","GL-Uid":"21c4ec56a4dc44f8825c9ec5fc7e7dc6","Accept-Encoding":"gzip, compress, deflate, br"}
[响应结果] {"httpStatus":200,"data":{"code":413,"msg":"登录失败"}}
============================================================
============================================================
[请求时间] 2026/8/3 09:23:09.425
[响应时间] 2026/8/3 09:23:09.570
[耗时] 145ms
[请求路径] https://inf.ds.163.com/v1/web/cooperate/plutus/cookie-exchange
[请求方式] GET
[请求参数] {"query":null,"body":null}
[请求头] {"Accept":"application/json, text/plain, */*","Content-Type":"application/json;charset=UTF-8","GL-X-XSRF-TOKEN":"f3776aef-4aba-4939-bb0c-d9b6b9ad568c","User-Agent":"Mozilla/5.0 (Windows NT 10.0; Win64; x64) AppleWebKit/537.36 (KHTML, like Gecko) Chrome/122.0.0.0 Safari/537.36","Origin":"https://pay.ds.163.com","Referer":"https://pay.ds.163.com/","GL-ClientType":"60","GL-DeviceId":"9d63497c-0d37-4ef5-a718-d20f58f5816a","GL-Uid":"21c4ec56a4dc44f8825c9ec5fc7e7dc6","Accept-Encoding":"gzip, compress, deflate, br"}
[响应结果] {"httpStatus":200,"data":{"result":{"user":{"uid":"21c4ec56a4dc44f8825c9ec5fc7e7dc6","nick":"春醉江南","icon":"https://ok.166.net/reunionpub/3_20231028_18b7450a667464651.png","intro":"","gender":2,"updateTime":1779541425917,"userSourceType":"URS"},"newUser":false},"code":200,"errmsg":"OK"}}
============================================================
============================================================
[请求时间] 2026/8/3 09:23:09.569
[响应时间] 2026/8/3 09:23:09.705
[耗时] 136ms
[请求路径] https://pay-api.ds.163.com/v1/web/init/server/time
[请求方式] GET
[请求参数] {"query":null,"body":null}
[请求头] {"Accept":"application/json, text/plain, */*","Content-Type":"application/json;charset=UTF-8","GL-X-XSRF-TOKEN":"f3776aef-4aba-4939-bb0c-d9b6b9ad568c","User-Agent":"Mozilla/5.0 (Windows NT 10.0; Win64; x64) AppleWebKit/537.36 (KHTML, like Gecko) Chrome/122.0.0.0 Safari/537.36","Origin":"https://pay.ds.163.com","Referer":"https://pay.ds.163.com/","GL-ClientType":"60","GL-DeviceId":"9d63497c-0d37-4ef5-a718-d20f58f5816a","GL-Uid":"21c4ec56a4dc44f8825c9ec5fc7e7dc6","Accept-Encoding":"gzip, compress, deflate, br"}
[响应结果] {"httpStatus":404,"data":"<!DOCTYPE HTML PUBLIC \"-//W3C//DTD HTML 3.2 Final//EN\">\n<title>404 Not Found</title>\n<h1>Not Found</h1>\n<p>The requested URL was not found on the server. If you entered the URL manually please check your spelling and try again.</p>\n"}
============================================================
============================================================
[请求时间] 2026/8/3 09:23:09.704
[响应时间] 2026/8/3 09:23:09.769
[耗时] 65ms
[请求路径] https://inf.ds.163.com/v1/web/exp/xy/user/get-info
[请求方式] POST
[请求参数] {"query":null,"body":{}}
[请求头] {"Accept":"application/json, text/plain, */*","Content-Type":"application/json;charset=UTF-8","GL-X-XSRF-TOKEN":"f3776aef-4aba-4939-bb0c-d9b6b9ad568c","User-Agent":"Mozilla/5.0 (Windows NT 10.0; Win64; x64) AppleWebKit/537.36 (KHTML, like Gecko) Chrome/122.0.0.0 Safari/537.36","Origin":"https://pay.ds.163.com","Referer":"https://pay.ds.163.com/","GL-ClientType":"60","GL-DeviceId":"9d63497c-0d37-4ef5-a718-d20f58f5816a","GL-Uid":"21c4ec56a4dc44f8825c9ec5fc7e7dc6","GL-CheckSum":"2c1fec9e89be9672afba8f4b54eab28a0ca9b518","Content-Length":"2","Accept-Encoding":"gzip, compress, deflate, br"}
[响应结果] {"httpStatus":200,"data":{"result":{"growthPoint":177831,"currentLv":"V5","diffNextLvGrowthPoint":122169,"currentLvExpireDate":"20270704","currentLvExpire":1814630400000,"nextLv":"V6","activeGames":["l36"],"last365LoginGames":["l36","h55"],"initDate":"20260704","lastLv":"V5"},"code":200,"errmsg":"OK"}}
============================================================
============================================================
[请求时间] 2026/8/3 09:23:09.767
[响应时间] 2026/8/3 09:23:09.841
[耗时] 74ms
[请求路径] https://inf.ds.163.com/v1/web/exp/week-coupon/showing-list-v2
[请求方式] POST
[请求参数] {"query":null,"body":{}}
[请求头] {"Accept":"application/json, text/plain, */*","Content-Type":"application/json;charset=UTF-8","GL-X-XSRF-TOKEN":"f3776aef-4aba-4939-bb0c-d9b6b9ad568c","User-Agent":"Mozilla/5.0 (Windows NT 10.0; Win64; x64) AppleWebKit/537.36 (KHTML, like Gecko) Chrome/122.0.0.0 Safari/537.36","Origin":"https://pay.ds.163.com","Referer":"https://pay.ds.163.com/","GL-ClientType":"60","GL-DeviceId":"9d63497c-0d37-4ef5-a718-d20f58f5816a","GL-Uid":"21c4ec56a4dc44f8825c9ec5fc7e7dc6","GL-CheckSum":"2c1fec9e89be9672afba8f4b54eab28a0ca9b518","Content-Length":"2","Accept-Encoding":"gzip, compress, deflate, br"}
[响应结果] {"httpStatus":200,"data":{"result":{"coupons":[{"couponId":"687076e69f3efd24cb2bed9c","name":"V1","amount":1,"xyLevel":"V1","seckillTime":"WEEKLY","periods":[{"weekDay":3,"seckillStartTime":1785297600000,"seckillEndTime":1785470399999,"status":"ENDED"},{"weekDay":5,"seckillStartTime":1785470400000,"seckillEndTime":1785729599999,"status":"PROGRESSING"},{"weekDay":1,"seckillStartTime":1785729600000,"seckillEndTime":1785902399999,"status":"NOT_STARTED"},{"weekDay":3,"seckillStartTime":1785902400000,"seckillEndTime":1786075199999,"status":"NOT_STARTED"},{"weekDay":5,"seckillStartTime":1786075200000,"seckillEndTime":1786334399999,"status":"NOT_STARTED"},{"weekDay":1,"seckillStartTime":1786334400000,"seckillEndTime":1786507199999,"status":"NOT_STARTED"}]},{"couponId":"68708657f56f912f57e063bf","name":"V2","amount":2,"xyLevel":"V2","seckillTime":"WEEKLY","periods":[{"weekDay":3,"seckillStartTime":1785297600000,"seckillEndTime":1785470399999,"status":"ENDED"},{"weekDay":5,"seckillStartTime":1785470400000,"seckillEndTime":1785729599999,"status":"PROGRESSING"},{"weekDay":1,"seckillStartTime":1785729600000,"seckillEndTime":1785902399999,"status":"NOT_STARTED"},{"weekDay":3,"seckillStartTime":1785902400000,"seckillEndTime":1786075199999,"status":"NOT_STARTED"},{"weekDay":5,"seckillStartTime":1786075200000,"seckillEndTime":1786334399999,"status":"NOT_STARTED"},{"weekDay":1,"seckillStartTime":1786334400000,"seckillEndTime":1786507199999,"status":"NOT_STARTED"}]},{"couponId":"6870867989fddd2bbdec96bc","name":"V3","amount":3,"xyLevel":"V3","seckillTime":"WEEKLY","periods":[{"weekDay":3,"seckillStartTime":1785297600000,"seckillEndTime":1785470399999,"status":"ENDED"},{"weekDay":5,"seckillStartTime":1785470400000,"seckillEndTime":1785729599999,"status":"PROGRESSING"},{"weekDay":1,"seckillStartTime":1785729600000,"seckillEndTime":1785902399999,"status":"NOT_STARTED"},{"weekDay":3,"seckillStartTime":1785902400000,"seckillEndTime":1786075199999,"status":"NOT_STARTED"},{"weekDay":5,"seckillStartTime":1786075200000,"seckillEndTime":1786334399999,"status":"NOT_STARTED"},{"weekDay":1,"seckillStartTime":1786334400000,"seckillEndTime":1786507199999,"status":"NOT_STARTED"}]},{"couponId":"6870869cf56f912f57e063c0","name":"V4","amount":8,"xyLevel":"V4","seckillTime":"WEEKLY","periods":[{"weekDay":3,"seckillStartTime":1785297600000,"seckillEndTime":1785470399999,"status":"ENDED"},{"weekDay":5,"seckillStartTime":1785470400000,"seckillEndTime":1785729599999,"status":"PROGRESSING"},{"weekDay":1,"seckillStartTime":1785729600000,"seckillEndTime":1785902399999,"status":"NOT_STARTED"},{"weekDay":3,"seckillStartTime":1785902400000,"seckillEndTime":1786075199999,"status":"NOT_STARTED"},{"weekDay":5,"seckillStartTime":1786075200000,"seckillEndTime":1786334399999,"status":"NOT_STARTED"},{"weekDay":1,"seckillStartTime":1786334400000,"seckillEndTime":1786507199999,"status":"NOT_STARTED"}]},{"couponId":"687086e33d0d02335c1804f4","name":"V5","amount":18,"xyLevel":"V5","seckillTime":"WEEKLY","periods":[{"weekDay":3,"seckillStartTime":1785297600000,"seckillEndTime":1785470399999,"status":"ENDED"},{"weekDay":5,"seckillStartTime":1785470400000,"seckillEndTime":1785729599999,"status":"PROGRESSING","acquiredStatus":"ACQUIRED","stockId":"687086e33d0d02335c1804f4_WEEKLY_1785470400000"},{"weekDay":1,"seckillStartTime":1785729600000,"seckillEndTime":1785902399999,"status":"NOT_STARTED"},{"weekDay":3,"seckillStartTime":1785902400000,"seckillEndTime":1786075199999,"status":"NOT_STARTED"},{"weekDay":5,"seckillStartTime":1786075200000,"seckillEndTime":1786334399999,"status":"NOT_STARTED"},{"weekDay":1,"seckillStartTime":1786334400000,"seckillEndTime":1786507199999,"status":"NOT_STARTED"}]},{"couponId":"68708705f56f912f57e063c3","name":"V6","amount":30,"xyLevel":"V6","seckillTime":"WEEKLY","periods":[{"weekDay":3,"seckillStartTime":1785297600000,"seckillEndTime":1785470399999,"status":"ENDED"},{"weekDay":5,"seckillStartTime":1785470400000,"seckillEndTime":1785729599999,"status":"PROGRESSING"},{"weekDay":1,"seckillStartTime":1785729600000,"seckillEndTime":1785902399999,"status":"NOT_STARTED"},{"weekDay":3,"seckillStartTime":1785902400000,"seckillEndTime":1786075199999,"status":"NOT_STARTED"},{"weekDay":5,"seckillStartTime":1786075200000,"seckillEndTime":1786334399999,"status":"NOT_STARTED"},{"weekDay":1,"seckillStartTime":1786334400000,"seckillEndTime":1786507199999,"status":"NOT_STARTED"}]},{"couponId":"6870872e89fddd2bbdec96bd","name":"V7","amount":75,"xyLevel":"V7","seckillTime":"WEEKLY","periods":[{"weekDay":3,"seckillStartTime":1785297600000,"seckillEndTime":1785470399999,"status":"ENDED"},{"weekDay":5,"seckillStartTime":1785470400000,"seckillEndTime":1785729599999,"status":"PROGRESSING"},{"weekDay":1,"seckillStartTime":1785729600000,"seckillEndTime":1785902399999,"status":"NOT_STARTED"},{"weekDay":3,"seckillStartTime":1785902400000,"seckillEndTime":1786075199999,"status":"NOT_STARTED"},{"weekDay":5,"seckillStartTime":1786075200000,"seckillEndTime":1786334399999,"status":"NOT_STARTED"},{"weekDay":1,"seckillStartTime":1786334400000,"seckillEndTime":1786507199999,"status":"NOT_STARTED"}]}]},"code":200,"errmsg":"OK"}}
============================================================
============================================================
[请求时间] 2026/8/3 09:23:10.214
[响应时间] 2026/8/3 09:23:10.283
[耗时] 69ms
[请求路径] https://inf.ds.163.com/v1/web/exp/week-coupon/showing-list-v2
[请求方式] POST
[请求参数] {"query":null,"body":{}}
[请求头] {"Accept":"application/json, text/plain, */*","Content-Type":"application/json;charset=UTF-8","GL-X-XSRF-TOKEN":"f3776aef-4aba-4939-bb0c-d9b6b9ad568c","User-Agent":"Mozilla/5.0 (Windows NT 10.0; Win64; x64) AppleWebKit/537.36 (KHTML, like Gecko) Chrome/122.0.0.0 Safari/537.36","Origin":"https://pay.ds.163.com","Referer":"https://pay.ds.163.com/","GL-ClientType":"60","GL-DeviceId":"9d63497c-0d37-4ef5-a718-d20f58f5816a","GL-Uid":"21c4ec56a4dc44f8825c9ec5fc7e7dc6","GL-CheckSum":"2c1fec9e89be9672afba8f4b54eab28a0ca9b518","Content-Length":"2","Accept-Encoding":"gzip, compress, deflate, br"}
[响应结果] {"httpStatus":200,"data":{"result":{"coupons":[{"couponId":"687076e69f3efd24cb2bed9c","name":"V1","amount":1,"xyLevel":"V1","seckillTime":"WEEKLY","periods":[{"weekDay":3,"seckillStartTime":1785297600000,"seckillEndTime":1785470399999,"status":"ENDED"},{"weekDay":5,"seckillStartTime":1785470400000,"seckillEndTime":1785729599999,"status":"PROGRESSING"},{"weekDay":1,"seckillStartTime":1785729600000,"seckillEndTime":1785902399999,"status":"NOT_STARTED"},{"weekDay":3,"seckillStartTime":1785902400000,"seckillEndTime":1786075199999,"status":"NOT_STARTED"},{"weekDay":5,"seckillStartTime":1786075200000,"seckillEndTime":1786334399999,"status":"NOT_STARTED"},{"weekDay":1,"seckillStartTime":1786334400000,"seckillEndTime":1786507199999,"status":"NOT_STARTED"}]},{"couponId":"68708657f56f912f57e063bf","name":"V2","amount":2,"xyLevel":"V2","seckillTime":"WEEKLY","periods":[{"weekDay":3,"seckillStartTime":1785297600000,"seckillEndTime":1785470399999,"status":"ENDED"},{"weekDay":5,"seckillStartTime":1785470400000,"seckillEndTime":1785729599999,"status":"PROGRESSING"},{"weekDay":1,"seckillStartTime":1785729600000,"seckillEndTime":1785902399999,"status":"NOT_STARTED"},{"weekDay":3,"seckillStartTime":1785902400000,"seckillEndTime":1786075199999,"status":"NOT_STARTED"},{"weekDay":5,"seckillStartTime":1786075200000,"seckillEndTime":1786334399999,"status":"NOT_STARTED"},{"weekDay":1,"seckillStartTime":1786334400000,"seckillEndTime":1786507199999,"status":"NOT_STARTED"}]},{"couponId":"6870867989fddd2bbdec96bc","name":"V3","amount":3,"xyLevel":"V3","seckillTime":"WEEKLY","periods":[{"weekDay":3,"seckillStartTime":1785297600000,"seckillEndTime":1785470399999,"status":"ENDED"},{"weekDay":5,"seckillStartTime":1785470400000,"seckillEndTime":1785729599999,"status":"PROGRESSING"},{"weekDay":1,"seckillStartTime":1785729600000,"seckillEndTime":1785902399999,"status":"NOT_STARTED"},{"weekDay":3,"seckillStartTime":1785902400000,"seckillEndTime":1786075199999,"status":"NOT_STARTED"},{"weekDay":5,"seckillStartTime":1786075200000,"seckillEndTime":1786334399999,"status":"NOT_STARTED"},{"weekDay":1,"seckillStartTime":1786334400000,"seckillEndTime":1786507199999,"status":"NOT_STARTED"}]},{"couponId":"6870869cf56f912f57e063c0","name":"V4","amount":8,"xyLevel":"V4","seckillTime":"WEEKLY","periods":[{"weekDay":3,"seckillStartTime":1785297600000,"seckillEndTime":1785470399999,"status":"ENDED"},{"weekDay":5,"seckillStartTime":1785470400000,"seckillEndTime":1785729599999,"status":"PROGRESSING"},{"weekDay":1,"seckillStartTime":1785729600000,"seckillEndTime":1785902399999,"status":"NOT_STARTED"},{"weekDay":3,"seckillStartTime":1785902400000,"seckillEndTime":1786075199999,"status":"NOT_STARTED"},{"weekDay":5,"seckillStartTime":1786075200000,"seckillEndTime":1786334399999,"status":"NOT_STARTED"},{"weekDay":1,"seckillStartTime":1786334400000,"seckillEndTime":1786507199999,"status":"NOT_STARTED"}]},{"couponId":"687086e33d0d02335c1804f4","name":"V5","amount":18,"xyLevel":"V5","seckillTime":"WEEKLY","periods":[{"weekDay":3,"seckillStartTime":1785297600000,"seckillEndTime":1785470399999,"status":"ENDED"},{"weekDay":5,"seckillStartTime":1785470400000,"seckillEndTime":1785729599999,"status":"PROGRESSING","acquiredStatus":"ACQUIRED","stockId":"687086e33d0d02335c1804f4_WEEKLY_1785470400000"},{"weekDay":1,"seckillStartTime":1785729600000,"seckillEndTime":1785902399999,"status":"NOT_STARTED"},{"weekDay":3,"seckillStartTime":1785902400000,"seckillEndTime":1786075199999,"status":"NOT_STARTED"},{"weekDay":5,"seckillStartTime":1786075200000,"seckillEndTime":1786334399999,"status":"NOT_STARTED"},{"weekDay":1,"seckillStartTime":1786334400000,"seckillEndTime":1786507199999,"status":"NOT_STARTED"}]},{"couponId":"68708705f56f912f57e063c3","name":"V6","amount":30,"xyLevel":"V6","seckillTime":"WEEKLY","periods":[{"weekDay":3,"seckillStartTime":1785297600000,"seckillEndTime":1785470399999,"status":"ENDED"},{"weekDay":5,"seckillStartTime":1785470400000,"seckillEndTime":1785729599999,"status":"PROGRESSING"},{"weekDay":1,"seckillStartTime":1785729600000,"seckillEndTime":1785902399999,"status":"NOT_STARTED"},{"weekDay":3,"seckillStartTime":1785902400000,"seckillEndTime":1786075199999,"status":"NOT_STARTED"},{"weekDay":5,"seckillStartTime":1786075200000,"seckillEndTime":1786334399999,"status":"NOT_STARTED"},{"weekDay":1,"seckillStartTime":1786334400000,"seckillEndTime":1786507199999,"status":"NOT_STARTED"}]},{"couponId":"6870872e89fddd2bbdec96bd","name":"V7","amount":75,"xyLevel":"V7","seckillTime":"WEEKLY","periods":[{"weekDay":3,"seckillStartTime":1785297600000,"seckillEndTime":1785470399999,"status":"ENDED"},{"weekDay":5,"seckillStartTime":1785470400000,"seckillEndTime":1785729599999,"status":"PROGRESSING"},{"weekDay":1,"seckillStartTime":1785729600000,"seckillEndTime":1785902399999,"status":"NOT_STARTED"},{"weekDay":3,"seckillStartTime":1785902400000,"seckillEndTime":1786075199999,"status":"NOT_STARTED"},{"weekDay":5,"seckillStartTime":1786075200000,"seckillEndTime":1786334399999,"status":"NOT_STARTED"},{"weekDay":1,"seckillStartTime":1786334400000,"seckillEndTime":1786507199999,"status":"NOT_STARTED"}]}]},"code":200,"errmsg":"OK"}}
============================================================
============================================================
[请求时间] 2026/8/3 09:23:10.283
[响应时间] 2026/8/3 09:23:10.436
[耗时] 153ms
[请求路径] https://pay-api.ds.163.com/v1/web/init/server/time
[请求方式] GET
[请求参数] {"query":null,"body":null}
[请求头] {"Accept":"application/json, text/plain, */*","Content-Type":"application/json;charset=UTF-8","GL-X-XSRF-TOKEN":"f3776aef-4aba-4939-bb0c-d9b6b9ad568c","User-Agent":"Mozilla/5.0 (Windows NT 10.0; Win64; x64) AppleWebKit/537.36 (KHTML, like Gecko) Chrome/122.0.0.0 Safari/537.36","Origin":"https://pay.ds.163.com","Referer":"https://pay.ds.163.com/","GL-ClientType":"60","GL-DeviceId":"9d63497c-0d37-4ef5-a718-d20f58f5816a","GL-Uid":"21c4ec56a4dc44f8825c9ec5fc7e7dc6","Accept-Encoding":"gzip, compress, deflate, br"}
[响应结果] {"httpStatus":404,"data":"<!DOCTYPE HTML PUBLIC \"-//W3C//DTD HTML 3.2 Final//EN\">\n<title>404 Not Found</title>\n<h1>Not Found</h1>\n<p>The requested URL was not found on the server. If you entered the URL manually please check your spelling and try again.</p>\n"}
============================================================
============================================================
[请求时间] 2026/8/3 09:23:10.435
[响应时间] 2026/8/3 09:23:10.576
[耗时] 141ms
[请求路径] https://pay-api.ds.163.com/api/nlogin
[请求方式] GET
[请求参数] {"query":{},"body":null}
[请求头] {"Accept":"application/json, text/plain, */*","Content-Type":"application/json;charset=UTF-8","GL-X-XSRF-TOKEN":"f3776aef-4aba-4939-bb0c-d9b6b9ad568c","User-Agent":"Mozilla/5.0 (Windows NT 10.0; Win64; x64) AppleWebKit/537.36 (KHTML, like Gecko) Chrome/122.0.0.0 Safari/537.36","Origin":"https://pay.ds.163.com","Referer":"https://pay.ds.163.com/","GL-ClientType":"60","GL-DeviceId":"9d63497c-0d37-4ef5-a718-d20f58f5816a","GL-Uid":"21c4ec56a4dc44f8825c9ec5fc7e7dc6","Accept-Encoding":"gzip, compress, deflate, br"}
[响应结果] {"httpStatus":200,"data":{"code":413,"msg":"登录失败"}}
============================================================
============================================================
[请求时间] 2026/8/3 09:25:51.374
[响应时间] 2026/8/3 09:25:51.544
[耗时] 170ms
[请求路径] https://pay-api.ds.163.com/v1/web/init/server/time
[请求方式] GET
[请求参数] {"query":null,"body":null}
[请求头] {"Accept":"application/json, text/plain, */*","Content-Type":"application/json;charset=UTF-8","User-Agent":"Mozilla/5.0 (Windows NT 10.0; Win64; x64) AppleWebKit/537.36 (KHTML, like Gecko) Chrome/122.0.0.0 Safari/537.36","Origin":"https://pay.ds.163.com","Referer":"https://pay.ds.163.com/","GL-ClientType":"60","GL-DeviceId":"9d63497c-0d37-4ef5-a718-d20f58f5816a","GL-Uid":"21c4ec56a4dc44f8825c9ec5fc7e7dc6","GL-X-XSRF-TOKEN":"f3776aef-4aba-4939-bb0c-d9b6b9ad568c","Accept-Encoding":"gzip, compress, deflate, br"}
[响应结果] {"httpStatus":404,"data":"<!DOCTYPE HTML PUBLIC \"-//W3C//DTD HTML 3.2 Final//EN\">\n<title>404 Not Found</title>\n<h1>Not Found</h1>\n<p>The requested URL was not found on the server. If you entered the URL manually please check your spelling and try again.</p>\n"}
============================================================
============================================================
[请求时间] 2026/8/3 09:25:51.543
[响应时间] 2026/8/3 09:25:51.681
[耗时] 138ms
[请求路径] https://pay-api.ds.163.com/api/nlogin
[请求方式] GET
[请求参数] {"query":{},"body":null}
[请求头] {"Accept":"application/json, text/plain, */*","Content-Type":"application/json;charset=UTF-8","GL-X-XSRF-TOKEN":"f3776aef-4aba-4939-bb0c-d9b6b9ad568c","User-Agent":"Mozilla/5.0 (Windows NT 10.0; Win64; x64) AppleWebKit/537.36 (KHTML, like Gecko) Chrome/122.0.0.0 Safari/537.36","Origin":"https://pay.ds.163.com","Referer":"https://pay.ds.163.com/","GL-ClientType":"60","GL-DeviceId":"9d63497c-0d37-4ef5-a718-d20f58f5816a","GL-Uid":"21c4ec56a4dc44f8825c9ec5fc7e7dc6","Accept-Encoding":"gzip, compress, deflate, br"}
[响应结果] {"httpStatus":200,"data":{"code":413,"msg":"登录失败"}}
============================================================
============================================================
[请求时间] 2026/8/3 09:25:51.680
[响应时间] 2026/8/3 09:25:51.822
[耗时] 142ms
[请求路径] https://inf.ds.163.com/v1/web/cooperate/plutus/cookie-exchange
[请求方式] GET
[请求参数] {"query":null,"body":null}
[请求头] {"Accept":"application/json, text/plain, */*","Content-Type":"application/json;charset=UTF-8","GL-X-XSRF-TOKEN":"f3776aef-4aba-4939-bb0c-d9b6b9ad568c","User-Agent":"Mozilla/5.0 (Windows NT 10.0; Win64; x64) AppleWebKit/537.36 (KHTML, like Gecko) Chrome/122.0.0.0 Safari/537.36","Origin":"https://pay.ds.163.com","Referer":"https://pay.ds.163.com/","GL-ClientType":"60","GL-DeviceId":"9d63497c-0d37-4ef5-a718-d20f58f5816a","GL-Uid":"21c4ec56a4dc44f8825c9ec5fc7e7dc6","Accept-Encoding":"gzip, compress, deflate, br"}
[响应结果] {"httpStatus":200,"data":{"result":{"user":{"uid":"21c4ec56a4dc44f8825c9ec5fc7e7dc6","nick":"春醉江南","icon":"https://ok.166.net/reunionpub/3_20231028_18b7450a667464651.png","intro":"","gender":2,"updateTime":1779541425917,"userSourceType":"URS"},"newUser":false},"code":200,"errmsg":"OK"}}
============================================================
============================================================
[请求时间] 2026/8/3 09:25:51.822
[响应时间] 2026/8/3 09:25:51.955
[耗时] 133ms
[请求路径] https://pay-api.ds.163.com/v1/web/init/server/time
[请求方式] GET
[请求参数] {"query":null,"body":null}
[请求头] {"Accept":"application/json, text/plain, */*","Content-Type":"application/json;charset=UTF-8","GL-X-XSRF-TOKEN":"f3776aef-4aba-4939-bb0c-d9b6b9ad568c","User-Agent":"Mozilla/5.0 (Windows NT 10.0; Win64; x64) AppleWebKit/537.36 (KHTML, like Gecko) Chrome/122.0.0.0 Safari/537.36","Origin":"https://pay.ds.163.com","Referer":"https://pay.ds.163.com/","GL-ClientType":"60","GL-DeviceId":"9d63497c-0d37-4ef5-a718-d20f58f5816a","GL-Uid":"21c4ec56a4dc44f8825c9ec5fc7e7dc6","Accept-Encoding":"gzip, compress, deflate, br"}
[响应结果] {"httpStatus":404,"data":"<!DOCTYPE HTML PUBLIC \"-//W3C//DTD HTML 3.2 Final//EN\">\n<title>404 Not Found</title>\n<h1>Not Found</h1>\n<p>The requested URL was not found on the server. If you entered the URL manually please check your spelling and try again.</p>\n"}
============================================================
============================================================
[请求时间] 2026/8/3 09:25:51.954
[响应时间] 2026/8/3 09:25:52.078
[耗时] 124ms
[请求路径] https://inf.ds.163.com/v1/web/exp/xy/user/get-info
[请求方式] POST
[请求参数] {"query":null,"body":{}}
[请求头] {"Accept":"application/json, text/plain, */*","Content-Type":"application/json;charset=UTF-8","GL-X-XSRF-TOKEN":"f3776aef-4aba-4939-bb0c-d9b6b9ad568c","User-Agent":"Mozilla/5.0 (Windows NT 10.0; Win64; x64) AppleWebKit/537.36 (KHTML, like Gecko) Chrome/122.0.0.0 Safari/537.36","Origin":"https://pay.ds.163.com","Referer":"https://pay.ds.163.com/","GL-ClientType":"60","GL-DeviceId":"9d63497c-0d37-4ef5-a718-d20f58f5816a","GL-Uid":"21c4ec56a4dc44f8825c9ec5fc7e7dc6","GL-CheckSum":"2c1fec9e89be9672afba8f4b54eab28a0ca9b518","Content-Length":"2","Accept-Encoding":"gzip, compress, deflate, br"}
[响应结果] {"httpStatus":200,"data":{"result":{"growthPoint":177831,"currentLv":"V5","diffNextLvGrowthPoint":122169,"currentLvExpireDate":"20270704","currentLvExpire":1814630400000,"nextLv":"V6","activeGames":["l36"],"last365LoginGames":["l36","h55"],"initDate":"20260704","lastLv":"V5"},"code":200,"errmsg":"OK"}}
============================================================
============================================================
[请求时间] 2026/8/3 09:25:52.077
[响应时间] 2026/8/3 09:25:52.142
[耗时] 65ms
[请求路径] https://inf.ds.163.com/v1/web/exp/week-coupon/showing-list-v2
[请求方式] POST
[请求参数] {"query":null,"body":{}}
[请求头] {"Accept":"application/json, text/plain, */*","Content-Type":"application/json;charset=UTF-8","GL-X-XSRF-TOKEN":"f3776aef-4aba-4939-bb0c-d9b6b9ad568c","User-Agent":"Mozilla/5.0 (Windows NT 10.0; Win64; x64) AppleWebKit/537.36 (KHTML, like Gecko) Chrome/122.0.0.0 Safari/537.36","Origin":"https://pay.ds.163.com","Referer":"https://pay.ds.163.com/","GL-ClientType":"60","GL-DeviceId":"9d63497c-0d37-4ef5-a718-d20f58f5816a","GL-Uid":"21c4ec56a4dc44f8825c9ec5fc7e7dc6","GL-CheckSum":"2c1fec9e89be9672afba8f4b54eab28a0ca9b518","Content-Length":"2","Accept-Encoding":"gzip, compress, deflate, br"}
[响应结果] {"httpStatus":200,"data":{"result":{"coupons":[{"couponId":"687076e69f3efd24cb2bed9c","name":"V1","amount":1,"xyLevel":"V1","seckillTime":"WEEKLY","periods":[{"weekDay":3,"seckillStartTime":1785297600000,"seckillEndTime":1785470399999,"status":"ENDED"},{"weekDay":5,"seckillStartTime":1785470400000,"seckillEndTime":1785729599999,"status":"PROGRESSING"},{"weekDay":1,"seckillStartTime":1785729600000,"seckillEndTime":1785902399999,"status":"NOT_STARTED"},{"weekDay":3,"seckillStartTime":1785902400000,"seckillEndTime":1786075199999,"status":"NOT_STARTED"},{"weekDay":5,"seckillStartTime":1786075200000,"seckillEndTime":1786334399999,"status":"NOT_STARTED"},{"weekDay":1,"seckillStartTime":1786334400000,"seckillEndTime":1786507199999,"status":"NOT_STARTED"}]},{"couponId":"68708657f56f912f57e063bf","name":"V2","amount":2,"xyLevel":"V2","seckillTime":"WEEKLY","periods":[{"weekDay":3,"seckillStartTime":1785297600000,"seckillEndTime":1785470399999,"status":"ENDED"},{"weekDay":5,"seckillStartTime":1785470400000,"seckillEndTime":1785729599999,"status":"PROGRESSING"},{"weekDay":1,"seckillStartTime":1785729600000,"seckillEndTime":1785902399999,"status":"NOT_STARTED"},{"weekDay":3,"seckillStartTime":1785902400000,"seckillEndTime":1786075199999,"status":"NOT_STARTED"},{"weekDay":5,"seckillStartTime":1786075200000,"seckillEndTime":1786334399999,"status":"NOT_STARTED"},{"weekDay":1,"seckillStartTime":1786334400000,"seckillEndTime":1786507199999,"status":"NOT_STARTED"}]},{"couponId":"6870867989fddd2bbdec96bc","name":"V3","amount":3,"xyLevel":"V3","seckillTime":"WEEKLY","periods":[{"weekDay":3,"seckillStartTime":1785297600000,"seckillEndTime":1785470399999,"status":"ENDED"},{"weekDay":5,"seckillStartTime":1785470400000,"seckillEndTime":1785729599999,"status":"PROGRESSING"},{"weekDay":1,"seckillStartTime":1785729600000,"seckillEndTime":1785902399999,"status":"NOT_STARTED"},{"weekDay":3,"seckillStartTime":1785902400000,"seckillEndTime":1786075199999,"status":"NOT_STARTED"},{"weekDay":5,"seckillStartTime":1786075200000,"seckillEndTime":1786334399999,"status":"NOT_STARTED"},{"weekDay":1,"seckillStartTime":1786334400000,"seckillEndTime":1786507199999,"status":"NOT_STARTED"}]},{"couponId":"6870869cf56f912f57e063c0","name":"V4","amount":8,"xyLevel":"V4","seckillTime":"WEEKLY","periods":[{"weekDay":3,"seckillStartTime":1785297600000,"seckillEndTime":1785470399999,"status":"ENDED"},{"weekDay":5,"seckillStartTime":1785470400000,"seckillEndTime":1785729599999,"status":"PROGRESSING"},{"weekDay":1,"seckillStartTime":1785729600000,"seckillEndTime":1785902399999,"status":"NOT_STARTED"},{"weekDay":3,"seckillStartTime":1785902400000,"seckillEndTime":1786075199999,"status":"NOT_STARTED"},{"weekDay":5,"seckillStartTime":1786075200000,"seckillEndTime":1786334399999,"status":"NOT_STARTED"},{"weekDay":1,"seckillStartTime":1786334400000,"seckillEndTime":1786507199999,"status":"NOT_STARTED"}]},{"couponId":"687086e33d0d02335c1804f4","name":"V5","amount":18,"xyLevel":"V5","seckillTime":"WEEKLY","periods":[{"weekDay":3,"seckillStartTime":1785297600000,"seckillEndTime":1785470399999,"status":"ENDED"},{"weekDay":5,"seckillStartTime":1785470400000,"seckillEndTime":1785729599999,"status":"PROGRESSING","acquiredStatus":"ACQUIRED","stockId":"687086e33d0d02335c1804f4_WEEKLY_1785470400000"},{"weekDay":1,"seckillStartTime":1785729600000,"seckillEndTime":1785902399999,"status":"NOT_STARTED"},{"weekDay":3,"seckillStartTime":1785902400000,"seckillEndTime":1786075199999,"status":"NOT_STARTED"},{"weekDay":5,"seckillStartTime":1786075200000,"seckillEndTime":1786334399999,"status":"NOT_STARTED"},{"weekDay":1,"seckillStartTime":1786334400000,"seckillEndTime":1786507199999,"status":"NOT_STARTED"}]},{"couponId":"68708705f56f912f57e063c3","name":"V6","amount":30,"xyLevel":"V6","seckillTime":"WEEKLY","periods":[{"weekDay":3,"seckillStartTime":1785297600000,"seckillEndTime":1785470399999,"status":"ENDED"},{"weekDay":5,"seckillStartTime":1785470400000,"seckillEndTime":1785729599999,"status":"PROGRESSING"},{"weekDay":1,"seckillStartTime":1785729600000,"seckillEndTime":1785902399999,"status":"NOT_STARTED"},{"weekDay":3,"seckillStartTime":1785902400000,"seckillEndTime":1786075199999,"status":"NOT_STARTED"},{"weekDay":5,"seckillStartTime":1786075200000,"seckillEndTime":1786334399999,"status":"NOT_STARTED"},{"weekDay":1,"seckillStartTime":1786334400000,"seckillEndTime":1786507199999,"status":"NOT_STARTED"}]},{"couponId":"6870872e89fddd2bbdec96bd","name":"V7","amount":75,"xyLevel":"V7","seckillTime":"WEEKLY","periods":[{"weekDay":3,"seckillStartTime":1785297600000,"seckillEndTime":1785470399999,"status":"ENDED"},{"weekDay":5,"seckillStartTime":1785470400000,"seckillEndTime":1785729599999,"status":"PROGRESSING"},{"weekDay":1,"seckillStartTime":1785729600000,"seckillEndTime":1785902399999,"status":"NOT_STARTED"},{"weekDay":3,"seckillStartTime":1785902400000,"seckillEndTime":1786075199999,"status":"NOT_STARTED"},{"weekDay":5,"seckillStartTime":1786075200000,"seckillEndTime":1786334399999,"status":"NOT_STARTED"},{"weekDay":1,"seckillStartTime":1786334400000,"seckillEndTime":1786507199999,"status":"NOT_STARTED"}]}]},"code":200,"errmsg":"OK"}}
============================================================
============================================================
[请求时间] 2026/8/3 09:25:52.448
[响应时间] 2026/8/3 09:25:52.534
[耗时] 86ms
[请求路径] https://inf.ds.163.com/v1/web/exp/week-coupon/showing-list-v2
[请求方式] POST
[请求参数] {"query":null,"body":{}}
[请求头] {"Accept":"application/json, text/plain, */*","Content-Type":"application/json;charset=UTF-8","GL-X-XSRF-TOKEN":"f3776aef-4aba-4939-bb0c-d9b6b9ad568c","User-Agent":"Mozilla/5.0 (Windows NT 10.0; Win64; x64) AppleWebKit/537.36 (KHTML, like Gecko) Chrome/122.0.0.0 Safari/537.36","Origin":"https://pay.ds.163.com","Referer":"https://pay.ds.163.com/","GL-ClientType":"60","GL-DeviceId":"9d63497c-0d37-4ef5-a718-d20f58f5816a","GL-Uid":"21c4ec56a4dc44f8825c9ec5fc7e7dc6","GL-CheckSum":"2c1fec9e89be9672afba8f4b54eab28a0ca9b518","Content-Length":"2","Accept-Encoding":"gzip, compress, deflate, br"}
[响应结果] {"httpStatus":200,"data":{"result":{"coupons":[{"couponId":"687076e69f3efd24cb2bed9c","name":"V1","amount":1,"xyLevel":"V1","seckillTime":"WEEKLY","periods":[{"weekDay":3,"seckillStartTime":1785297600000,"seckillEndTime":1785470399999,"status":"ENDED"},{"weekDay":5,"seckillStartTime":1785470400000,"seckillEndTime":1785729599999,"status":"PROGRESSING"},{"weekDay":1,"seckillStartTime":1785729600000,"seckillEndTime":1785902399999,"status":"NOT_STARTED"},{"weekDay":3,"seckillStartTime":1785902400000,"seckillEndTime":1786075199999,"status":"NOT_STARTED"},{"weekDay":5,"seckillStartTime":1786075200000,"seckillEndTime":1786334399999,"status":"NOT_STARTED"},{"weekDay":1,"seckillStartTime":1786334400000,"seckillEndTime":1786507199999,"status":"NOT_STARTED"}]},{"couponId":"68708657f56f912f57e063bf","name":"V2","amount":2,"xyLevel":"V2","seckillTime":"WEEKLY","periods":[{"weekDay":3,"seckillStartTime":1785297600000,"seckillEndTime":1785470399999,"status":"ENDED"},{"weekDay":5,"seckillStartTime":1785470400000,"seckillEndTime":1785729599999,"status":"PROGRESSING"},{"weekDay":1,"seckillStartTime":1785729600000,"seckillEndTime":1785902399999,"status":"NOT_STARTED"},{"weekDay":3,"seckillStartTime":1785902400000,"seckillEndTime":1786075199999,"status":"NOT_STARTED"},{"weekDay":5,"seckillStartTime":1786075200000,"seckillEndTime":1786334399999,"status":"NOT_STARTED"},{"weekDay":1,"seckillStartTime":1786334400000,"seckillEndTime":1786507199999,"status":"NOT_STARTED"}]},{"couponId":"6870867989fddd2bbdec96bc","name":"V3","amount":3,"xyLevel":"V3","seckillTime":"WEEKLY","periods":[{"weekDay":3,"seckillStartTime":1785297600000,"seckillEndTime":1785470399999,"status":"ENDED"},{"weekDay":5,"seckillStartTime":1785470400000,"seckillEndTime":1785729599999,"status":"PROGRESSING"},{"weekDay":1,"seckillStartTime":1785729600000,"seckillEndTime":1785902399999,"status":"NOT_STARTED"},{"weekDay":3,"seckillStartTime":1785902400000,"seckillEndTime":1786075199999,"status":"NOT_STARTED"},{"weekDay":5,"seckillStartTime":1786075200000,"seckillEndTime":1786334399999,"status":"NOT_STARTED"},{"weekDay":1,"seckillStartTime":1786334400000,"seckillEndTime":1786507199999,"status":"NOT_STARTED"}]},{"couponId":"6870869cf56f912f57e063c0","name":"V4","amount":8,"xyLevel":"V4","seckillTime":"WEEKLY","periods":[{"weekDay":3,"seckillStartTime":1785297600000,"seckillEndTime":1785470399999,"status":"ENDED"},{"weekDay":5,"seckillStartTime":1785470400000,"seckillEndTime":1785729599999,"status":"PROGRESSING"},{"weekDay":1,"seckillStartTime":1785729600000,"seckillEndTime":1785902399999,"status":"NOT_STARTED"},{"weekDay":3,"seckillStartTime":1785902400000,"seckillEndTime":1786075199999,"status":"NOT_STARTED"},{"weekDay":5,"seckillStartTime":1786075200000,"seckillEndTime":1786334399999,"status":"NOT_STARTED"},{"weekDay":1,"seckillStartTime":1786334400000,"seckillEndTime":1786507199999,"status":"NOT_STARTED"}]},{"couponId":"687086e33d0d02335c1804f4","name":"V5","amount":18,"xyLevel":"V5","seckillTime":"WEEKLY","periods":[{"weekDay":3,"seckillStartTime":1785297600000,"seckillEndTime":1785470399999,"status":"ENDED"},{"weekDay":5,"seckillStartTime":1785470400000,"seckillEndTime":1785729599999,"status":"PROGRESSING","acquiredStatus":"ACQUIRED","stockId":"687086e33d0d02335c1804f4_WEEKLY_1785470400000"},{"weekDay":1,"seckillStartTime":1785729600000,"seckillEndTime":1785902399999,"status":"NOT_STARTED"},{"weekDay":3,"seckillStartTime":1785902400000,"seckillEndTime":1786075199999,"status":"NOT_STARTED"},{"weekDay":5,"seckillStartTime":1786075200000,"seckillEndTime":1786334399999,"status":"NOT_STARTED"},{"weekDay":1,"seckillStartTime":1786334400000,"seckillEndTime":1786507199999,"status":"NOT_STARTED"}]},{"couponId":"68708705f56f912f57e063c3","name":"V6","amount":30,"xyLevel":"V6","seckillTime":"WEEKLY","periods":[{"weekDay":3,"seckillStartTime":1785297600000,"seckillEndTime":1785470399999,"status":"ENDED"},{"weekDay":5,"seckillStartTime":1785470400000,"seckillEndTime":1785729599999,"status":"PROGRESSING"},{"weekDay":1,"seckillStartTime":1785729600000,"seckillEndTime":1785902399999,"status":"NOT_STARTED"},{"weekDay":3,"seckillStartTime":1785902400000,"seckillEndTime":1786075199999,"status":"NOT_STARTED"},{"weekDay":5,"seckillStartTime":1786075200000,"seckillEndTime":1786334399999,"status":"NOT_STARTED"},{"weekDay":1,"seckillStartTime":1786334400000,"seckillEndTime":1786507199999,"status":"NOT_STARTED"}]},{"couponId":"6870872e89fddd2bbdec96bd","name":"V7","amount":75,"xyLevel":"V7","seckillTime":"WEEKLY","periods":[{"weekDay":3,"seckillStartTime":1785297600000,"seckillEndTime":1785470399999,"status":"ENDED"},{"weekDay":5,"seckillStartTime":1785470400000,"seckillEndTime":1785729599999,"status":"PROGRESSING"},{"weekDay":1,"seckillStartTime":1785729600000,"seckillEndTime":1785902399999,"status":"NOT_STARTED"},{"weekDay":3,"seckillStartTime":1785902400000,"seckillEndTime":1786075199999,"status":"NOT_STARTED"},{"weekDay":5,"seckillStartTime":1786075200000,"seckillEndTime":1786334399999,"status":"NOT_STARTED"},{"weekDay":1,"seckillStartTime":1786334400000,"seckillEndTime":1786507199999,"status":"NOT_STARTED"}]}]},"code":200,"errmsg":"OK"}}
============================================================
============================================================
[请求时间] 2026/8/3 09:25:52.532
[响应时间] 2026/8/3 09:25:52.681
[耗时] 149ms
[请求路径] https://pay-api.ds.163.com/v1/web/init/server/time
[请求方式] GET
[请求参数] {"query":null,"body":null}
[请求头] {"Accept":"application/json, text/plain, */*","Content-Type":"application/json;charset=UTF-8","GL-X-XSRF-TOKEN":"f3776aef-4aba-4939-bb0c-d9b6b9ad568c","User-Agent":"Mozilla/5.0 (Windows NT 10.0; Win64; x64) AppleWebKit/537.36 (KHTML, like Gecko) Chrome/122.0.0.0 Safari/537.36","Origin":"https://pay.ds.163.com","Referer":"https://pay.ds.163.com/","GL-ClientType":"60","GL-DeviceId":"9d63497c-0d37-4ef5-a718-d20f58f5816a","GL-Uid":"21c4ec56a4dc44f8825c9ec5fc7e7dc6","Accept-Encoding":"gzip, compress, deflate, br"}
[响应结果] {"httpStatus":404,"data":"<!DOCTYPE HTML PUBLIC \"-//W3C//DTD HTML 3.2 Final//EN\">\n<title>404 Not Found</title>\n<h1>Not Found</h1>\n<p>The requested URL was not found on the server. If you entered the URL manually please check your spelling and try again.</p>\n"}
============================================================
============================================================
[请求时间] 2026/8/3 09:25:52.680
[响应时间] 2026/8/3 09:25:52.825
[耗时] 145ms
[请求路径] https://pay-api.ds.163.com/api/nlogin
[请求方式] GET
[请求参数] {"query":{},"body":null}
[请求头] {"Accept":"application/json, text/plain, */*","Content-Type":"application/json;charset=UTF-8","GL-X-XSRF-TOKEN":"f3776aef-4aba-4939-bb0c-d9b6b9ad568c","User-Agent":"Mozilla/5.0 (Windows NT 10.0; Win64; x64) AppleWebKit/537.36 (KHTML, like Gecko) Chrome/122.0.0.0 Safari/537.36","Origin":"https://pay.ds.163.com","Referer":"https://pay.ds.163.com/","GL-ClientType":"60","GL-DeviceId":"9d63497c-0d37-4ef5-a718-d20f58f5816a","GL-Uid":"21c4ec56a4dc44f8825c9ec5fc7e7dc6","Accept-Encoding":"gzip, compress, deflate, br"}
[响应结果] {"httpStatus":200,"data":{"code":413,"msg":"登录失败"}}
============================================================
============================================================
[请求时间] 2026/8/3 09:33:31.314
[响应时间] 2026/8/3 09:33:31.494
[耗时] 180ms
[请求路径] https://pay-api.ds.163.com/v1/web/init/server/time
[请求方式] GET
[请求参数] {"query":null,"body":null}
[请求头] {"Accept":"application/json, text/plain, */*","Content-Type":"application/json;charset=UTF-8","User-Agent":"Mozilla/5.0 (Windows NT 10.0; Win64; x64) AppleWebKit/537.36 (KHTML, like Gecko) Chrome/122.0.0.0 Safari/537.36","Origin":"https://pay.ds.163.com","Referer":"https://pay.ds.163.com/","GL-ClientType":"60","GL-DeviceId":"9d63497c-0d37-4ef5-a718-d20f58f5816a","GL-Uid":"21c4ec56a4dc44f8825c9ec5fc7e7dc6","GL-X-XSRF-TOKEN":"f3776aef-4aba-4939-bb0c-d9b6b9ad568c","Accept-Encoding":"gzip, compress, deflate, br"}
[响应结果] {"httpStatus":404,"data":"<!DOCTYPE HTML PUBLIC \"-//W3C//DTD HTML 3.2 Final//EN\">\n<title>404 Not Found</title>\n<h1>Not Found</h1>\n<p>The requested URL was not found on the server. If you entered the URL manually please check your spelling and try again.</p>\n"}
============================================================
============================================================
[请求时间] 2026/8/3 09:33:31.491
[响应时间] 2026/8/3 09:33:31.636
[耗时] 145ms
[请求路径] https://pay-api.ds.163.com/api/nlogin
[请求方式] GET
[请求参数] {"query":{},"body":null}
[请求头] {"Accept":"application/json, text/plain, */*","Content-Type":"application/json;charset=UTF-8","GL-X-XSRF-TOKEN":"f3776aef-4aba-4939-bb0c-d9b6b9ad568c","User-Agent":"Mozilla/5.0 (Windows NT 10.0; Win64; x64) AppleWebKit/537.36 (KHTML, like Gecko) Chrome/122.0.0.0 Safari/537.36","Origin":"https://pay.ds.163.com","Referer":"https://pay.ds.163.com/","GL-ClientType":"60","GL-DeviceId":"9d63497c-0d37-4ef5-a718-d20f58f5816a","GL-Uid":"21c4ec56a4dc44f8825c9ec5fc7e7dc6","Accept-Encoding":"gzip, compress, deflate, br"}
[响应结果] {"httpStatus":200,"data":{"code":413,"msg":"登录失败"}}
============================================================
============================================================
[请求时间] 2026/8/3 09:33:31.635
[响应时间] 2026/8/3 09:33:31.776
[耗时] 141ms
[请求路径] https://inf.ds.163.com/v1/web/cooperate/plutus/cookie-exchange
[请求方式] GET
[请求参数] {"query":null,"body":null}
[请求头] {"Accept":"application/json, text/plain, */*","Content-Type":"application/json;charset=UTF-8","GL-X-XSRF-TOKEN":"f3776aef-4aba-4939-bb0c-d9b6b9ad568c","User-Agent":"Mozilla/5.0 (Windows NT 10.0; Win64; x64) AppleWebKit/537.36 (KHTML, like Gecko) Chrome/122.0.0.0 Safari/537.36","Origin":"https://pay.ds.163.com","Referer":"https://pay.ds.163.com/","GL-ClientType":"60","GL-DeviceId":"9d63497c-0d37-4ef5-a718-d20f58f5816a","GL-Uid":"21c4ec56a4dc44f8825c9ec5fc7e7dc6","Accept-Encoding":"gzip, compress, deflate, br"}
[响应结果] {"httpStatus":200,"data":{"result":{"user":{"uid":"21c4ec56a4dc44f8825c9ec5fc7e7dc6","nick":"春醉江南","icon":"https://ok.166.net/reunionpub/3_20231028_18b7450a667464651.png","intro":"","gender":2,"updateTime":1779541425917,"userSourceType":"URS"},"newUser":false},"code":200,"errmsg":"OK"}}
============================================================
============================================================
[请求时间] 2026/8/3 09:33:31.775
[响应时间] 2026/8/3 09:33:31.930
[耗时] 155ms
[请求路径] https://pay-api.ds.163.com/v1/web/init/server/time
[请求方式] GET
[请求参数] {"query":null,"body":null}
[请求头] {"Accept":"application/json, text/plain, */*","Content-Type":"application/json;charset=UTF-8","GL-X-XSRF-TOKEN":"f3776aef-4aba-4939-bb0c-d9b6b9ad568c","User-Agent":"Mozilla/5.0 (Windows NT 10.0; Win64; x64) AppleWebKit/537.36 (KHTML, like Gecko) Chrome/122.0.0.0 Safari/537.36","Origin":"https://pay.ds.163.com","Referer":"https://pay.ds.163.com/","GL-ClientType":"60","GL-DeviceId":"9d63497c-0d37-4ef5-a718-d20f58f5816a","GL-Uid":"21c4ec56a4dc44f8825c9ec5fc7e7dc6","Accept-Encoding":"gzip, compress, deflate, br"}
[响应结果] {"httpStatus":404,"data":"<!DOCTYPE HTML PUBLIC \"-//W3C//DTD HTML 3.2 Final//EN\">\n<title>404 Not Found</title>\n<h1>Not Found</h1>\n<p>The requested URL was not found on the server. If you entered the URL manually please check your spelling and try again.</p>\n"}
============================================================
============================================================
[请求时间] 2026/8/3 09:33:31.927
[响应时间] 2026/8/3 09:33:32.041
[耗时] 114ms
[请求路径] https://inf.ds.163.com/v1/web/exp/xy/user/get-info
[请求方式] POST
[请求参数] {"query":null,"body":{}}
[请求头] {"Accept":"application/json, text/plain, */*","Content-Type":"application/json;charset=UTF-8","GL-X-XSRF-TOKEN":"f3776aef-4aba-4939-bb0c-d9b6b9ad568c","User-Agent":"Mozilla/5.0 (Windows NT 10.0; Win64; x64) AppleWebKit/537.36 (KHTML, like Gecko) Chrome/122.0.0.0 Safari/537.36","Origin":"https://pay.ds.163.com","Referer":"https://pay.ds.163.com/","GL-ClientType":"60","GL-DeviceId":"9d63497c-0d37-4ef5-a718-d20f58f5816a","GL-Uid":"21c4ec56a4dc44f8825c9ec5fc7e7dc6","GL-CheckSum":"2c1fec9e89be9672afba8f4b54eab28a0ca9b518","Content-Length":"2","Accept-Encoding":"gzip, compress, deflate, br"}
[响应结果] {"httpStatus":200,"data":{"result":{"growthPoint":179413,"currentLv":"V5","diffNextLvGrowthPoint":120587,"currentLvExpireDate":"20270704","currentLvExpire":1814630400000,"nextLv":"V6","activeGames":["l36"],"last365LoginGames":["l36","h55"],"initDate":"20260704","lastLv":"V5"},"code":200,"errmsg":"OK"}}
============================================================
============================================================
[请求时间] 2026/8/3 09:33:32.040
[响应时间] 2026/8/3 09:33:32.166
[耗时] 126ms
[请求路径] https://inf.ds.163.com/v1/web/exp/week-coupon/showing-list-v2
[请求方式] POST
[请求参数] {"query":null,"body":{}}
[请求头] {"Accept":"application/json, text/plain, */*","Content-Type":"application/json;charset=UTF-8","GL-X-XSRF-TOKEN":"f3776aef-4aba-4939-bb0c-d9b6b9ad568c","User-Agent":"Mozilla/5.0 (Windows NT 10.0; Win64; x64) AppleWebKit/537.36 (KHTML, like Gecko) Chrome/122.0.0.0 Safari/537.36","Origin":"https://pay.ds.163.com","Referer":"https://pay.ds.163.com/","GL-ClientType":"60","GL-DeviceId":"9d63497c-0d37-4ef5-a718-d20f58f5816a","GL-Uid":"21c4ec56a4dc44f8825c9ec5fc7e7dc6","GL-CheckSum":"2c1fec9e89be9672afba8f4b54eab28a0ca9b518","Content-Length":"2","Accept-Encoding":"gzip, compress, deflate, br"}
[响应结果] {"httpStatus":200,"data":{"result":{"coupons":[{"couponId":"687076e69f3efd24cb2bed9c","name":"V1","amount":1,"xyLevel":"V1","seckillTime":"WEEKLY","periods":[{"weekDay":3,"seckillStartTime":1785297600000,"seckillEndTime":1785470399999,"status":"ENDED"},{"weekDay":5,"seckillStartTime":1785470400000,"seckillEndTime":1785729599999,"status":"PROGRESSING"},{"weekDay":1,"seckillStartTime":1785729600000,"seckillEndTime":1785902399999,"status":"NOT_STARTED"},{"weekDay":3,"seckillStartTime":1785902400000,"seckillEndTime":1786075199999,"status":"NOT_STARTED"},{"weekDay":5,"seckillStartTime":1786075200000,"seckillEndTime":1786334399999,"status":"NOT_STARTED"},{"weekDay":1,"seckillStartTime":1786334400000,"seckillEndTime":1786507199999,"status":"NOT_STARTED"}]},{"couponId":"68708657f56f912f57e063bf","name":"V2","amount":2,"xyLevel":"V2","seckillTime":"WEEKLY","periods":[{"weekDay":3,"seckillStartTime":1785297600000,"seckillEndTime":1785470399999,"status":"ENDED"},{"weekDay":5,"seckillStartTime":1785470400000,"seckillEndTime":1785729599999,"status":"PROGRESSING"},{"weekDay":1,"seckillStartTime":1785729600000,"seckillEndTime":1785902399999,"status":"NOT_STARTED"},{"weekDay":3,"seckillStartTime":1785902400000,"seckillEndTime":1786075199999,"status":"NOT_STARTED"},{"weekDay":5,"seckillStartTime":1786075200000,"seckillEndTime":1786334399999,"status":"NOT_STARTED"},{"weekDay":1,"seckillStartTime":1786334400000,"seckillEndTime":1786507199999,"status":"NOT_STARTED"}]},{"couponId":"6870867989fddd2bbdec96bc","name":"V3","amount":3,"xyLevel":"V3","seckillTime":"WEEKLY","periods":[{"weekDay":3,"seckillStartTime":1785297600000,"seckillEndTime":1785470399999,"status":"ENDED"},{"weekDay":5,"seckillStartTime":1785470400000,"seckillEndTime":1785729599999,"status":"PROGRESSING"},{"weekDay":1,"seckillStartTime":1785729600000,"seckillEndTime":1785902399999,"status":"NOT_STARTED"},{"weekDay":3,"seckillStartTime":1785902400000,"seckillEndTime":1786075199999,"status":"NOT_STARTED"},{"weekDay":5,"seckillStartTime":1786075200000,"seckillEndTime":1786334399999,"status":"NOT_STARTED"},{"weekDay":1,"seckillStartTime":1786334400000,"seckillEndTime":1786507199999,"status":"NOT_STARTED"}]},{"couponId":"6870869cf56f912f57e063c0","name":"V4","amount":8,"xyLevel":"V4","seckillTime":"WEEKLY","periods":[{"weekDay":3,"seckillStartTime":1785297600000,"seckillEndTime":1785470399999,"status":"ENDED"},{"weekDay":5,"seckillStartTime":1785470400000,"seckillEndTime":1785729599999,"status":"PROGRESSING"},{"weekDay":1,"seckillStartTime":1785729600000,"seckillEndTime":1785902399999,"status":"NOT_STARTED"},{"weekDay":3,"seckillStartTime":1785902400000,"seckillEndTime":1786075199999,"status":"NOT_STARTED"},{"weekDay":5,"seckillStartTime":1786075200000,"seckillEndTime":1786334399999,"status":"NOT_STARTED"},{"weekDay":1,"seckillStartTime":1786334400000,"seckillEndTime":1786507199999,"status":"NOT_STARTED"}]},{"couponId":"687086e33d0d02335c1804f4","name":"V5","amount":18,"xyLevel":"V5","seckillTime":"WEEKLY","periods":[{"weekDay":3,"seckillStartTime":1785297600000,"seckillEndTime":1785470399999,"status":"ENDED"},{"weekDay":5,"seckillStartTime":1785470400000,"seckillEndTime":1785729599999,"status":"PROGRESSING","acquiredStatus":"ACQUIRED","stockId":"687086e33d0d02335c1804f4_WEEKLY_1785470400000"},{"weekDay":1,"seckillStartTime":1785729600000,"seckillEndTime":1785902399999,"status":"NOT_STARTED"},{"weekDay":3,"seckillStartTime":1785902400000,"seckillEndTime":1786075199999,"status":"NOT_STARTED"},{"weekDay":5,"seckillStartTime":1786075200000,"seckillEndTime":1786334399999,"status":"NOT_STARTED"},{"weekDay":1,"seckillStartTime":1786334400000,"seckillEndTime":1786507199999,"status":"NOT_STARTED"}]},{"couponId":"68708705f56f912f57e063c3","name":"V6","amount":30,"xyLevel":"V6","seckillTime":"WEEKLY","periods":[{"weekDay":3,"seckillStartTime":1785297600000,"seckillEndTime":1785470399999,"status":"ENDED"},{"weekDay":5,"seckillStartTime":1785470400000,"seckillEndTime":1785729599999,"status":"PROGRESSING"},{"weekDay":1,"seckillStartTime":1785729600000,"seckillEndTime":1785902399999,"status":"NOT_STARTED"},{"weekDay":3,"seckillStartTime":1785902400000,"seckillEndTime":1786075199999,"status":"NOT_STARTED"},{"weekDay":5,"seckillStartTime":1786075200000,"seckillEndTime":1786334399999,"status":"NOT_STARTED"},{"weekDay":1,"seckillStartTime":1786334400000,"seckillEndTime":1786507199999,"status":"NOT_STARTED"}]},{"couponId":"6870872e89fddd2bbdec96bd","name":"V7","amount":75,"xyLevel":"V7","seckillTime":"WEEKLY","periods":[{"weekDay":3,"seckillStartTime":1785297600000,"seckillEndTime":1785470399999,"status":"ENDED"},{"weekDay":5,"seckillStartTime":1785470400000,"seckillEndTime":1785729599999,"status":"PROGRESSING"},{"weekDay":1,"seckillStartTime":1785729600000,"seckillEndTime":1785902399999,"status":"NOT_STARTED"},{"weekDay":3,"seckillStartTime":1785902400000,"seckillEndTime":1786075199999,"status":"NOT_STARTED"},{"weekDay":5,"seckillStartTime":1786075200000,"seckillEndTime":1786334399999,"status":"NOT_STARTED"},{"weekDay":1,"seckillStartTime":1786334400000,"seckillEndTime":1786507199999,"status":"NOT_STARTED"}]}]},"code":200,"errmsg":"OK"}}
============================================================
============================================================
[请求时间] 2026/8/3 09:33:32.475
[响应时间] 2026/8/3 09:33:32.553
[耗时] 78ms
[请求路径] https://inf.ds.163.com/v1/web/exp/week-coupon/showing-list-v2
[请求方式] POST
[请求参数] {"query":null,"body":{}}
[请求头] {"Accept":"application/json, text/plain, */*","Content-Type":"application/json;charset=UTF-8","GL-X-XSRF-TOKEN":"f3776aef-4aba-4939-bb0c-d9b6b9ad568c","User-Agent":"Mozilla/5.0 (Windows NT 10.0; Win64; x64) AppleWebKit/537.36 (KHTML, like Gecko) Chrome/122.0.0.0 Safari/537.36","Origin":"https://pay.ds.163.com","Referer":"https://pay.ds.163.com/","GL-ClientType":"60","GL-DeviceId":"9d63497c-0d37-4ef5-a718-d20f58f5816a","GL-Uid":"21c4ec56a4dc44f8825c9ec5fc7e7dc6","GL-CheckSum":"2c1fec9e89be9672afba8f4b54eab28a0ca9b518","Content-Length":"2","Accept-Encoding":"gzip, compress, deflate, br"}
[响应结果] {"httpStatus":200,"data":{"result":{"coupons":[{"couponId":"687076e69f3efd24cb2bed9c","name":"V1","amount":1,"xyLevel":"V1","seckillTime":"WEEKLY","periods":[{"weekDay":3,"seckillStartTime":1785297600000,"seckillEndTime":1785470399999,"status":"ENDED"},{"weekDay":5,"seckillStartTime":1785470400000,"seckillEndTime":1785729599999,"status":"PROGRESSING"},{"weekDay":1,"seckillStartTime":1785729600000,"seckillEndTime":1785902399999,"status":"NOT_STARTED"},{"weekDay":3,"seckillStartTime":1785902400000,"seckillEndTime":1786075199999,"status":"NOT_STARTED"},{"weekDay":5,"seckillStartTime":1786075200000,"seckillEndTime":1786334399999,"status":"NOT_STARTED"},{"weekDay":1,"seckillStartTime":1786334400000,"seckillEndTime":1786507199999,"status":"NOT_STARTED"}]},{"couponId":"68708657f56f912f57e063bf","name":"V2","amount":2,"xyLevel":"V2","seckillTime":"WEEKLY","periods":[{"weekDay":3,"seckillStartTime":1785297600000,"seckillEndTime":1785470399999,"status":"ENDED"},{"weekDay":5,"seckillStartTime":1785470400000,"seckillEndTime":1785729599999,"status":"PROGRESSING"},{"weekDay":1,"seckillStartTime":1785729600000,"seckillEndTime":1785902399999,"status":"NOT_STARTED"},{"weekDay":3,"seckillStartTime":1785902400000,"seckillEndTime":1786075199999,"status":"NOT_STARTED"},{"weekDay":5,"seckillStartTime":1786075200000,"seckillEndTime":1786334399999,"status":"NOT_STARTED"},{"weekDay":1,"seckillStartTime":1786334400000,"seckillEndTime":1786507199999,"status":"NOT_STARTED"}]},{"couponId":"6870867989fddd2bbdec96bc","name":"V3","amount":3,"xyLevel":"V3","seckillTime":"WEEKLY","periods":[{"weekDay":3,"seckillStartTime":1785297600000,"seckillEndTime":1785470399999,"status":"ENDED"},{"weekDay":5,"seckillStartTime":1785470400000,"seckillEndTime":1785729599999,"status":"PROGRESSING"},{"weekDay":1,"seckillStartTime":1785729600000,"seckillEndTime":1785902399999,"status":"NOT_STARTED"},{"weekDay":3,"seckillStartTime":1785902400000,"seckillEndTime":1786075199999,"status":"NOT_STARTED"},{"weekDay":5,"seckillStartTime":1786075200000,"seckillEndTime":1786334399999,"status":"NOT_STARTED"},{"weekDay":1,"seckillStartTime":1786334400000,"seckillEndTime":1786507199999,"status":"NOT_STARTED"}]},{"couponId":"6870869cf56f912f57e063c0","name":"V4","amount":8,"xyLevel":"V4","seckillTime":"WEEKLY","periods":[{"weekDay":3,"seckillStartTime":1785297600000,"seckillEndTime":1785470399999,"status":"ENDED"},{"weekDay":5,"seckillStartTime":1785470400000,"seckillEndTime":1785729599999,"status":"PROGRESSING"},{"weekDay":1,"seckillStartTime":1785729600000,"seckillEndTime":1785902399999,"status":"NOT_STARTED"},{"weekDay":3,"seckillStartTime":1785902400000,"seckillEndTime":1786075199999,"status":"NOT_STARTED"},{"weekDay":5,"seckillStartTime":1786075200000,"seckillEndTime":1786334399999,"status":"NOT_STARTED"},{"weekDay":1,"seckillStartTime":1786334400000,"seckillEndTime":1786507199999,"status":"NOT_STARTED"}]},{"couponId":"687086e33d0d02335c1804f4","name":"V5","amount":18,"xyLevel":"V5","seckillTime":"WEEKLY","periods":[{"weekDay":3,"seckillStartTime":1785297600000,"seckillEndTime":1785470399999,"status":"ENDED"},{"weekDay":5,"seckillStartTime":1785470400000,"seckillEndTime":1785729599999,"status":"PROGRESSING","acquiredStatus":"ACQUIRED","stockId":"687086e33d0d02335c1804f4_WEEKLY_1785470400000"},{"weekDay":1,"seckillStartTime":1785729600000,"seckillEndTime":1785902399999,"status":"NOT_STARTED"},{"weekDay":3,"seckillStartTime":1785902400000,"seckillEndTime":1786075199999,"status":"NOT_STARTED"},{"weekDay":5,"seckillStartTime":1786075200000,"seckillEndTime":1786334399999,"status":"NOT_STARTED"},{"weekDay":1,"seckillStartTime":1786334400000,"seckillEndTime":1786507199999,"status":"NOT_STARTED"}]},{"couponId":"68708705f56f912f57e063c3","name":"V6","amount":30,"xyLevel":"V6","seckillTime":"WEEKLY","periods":[{"weekDay":3,"seckillStartTime":1785297600000,"seckillEndTime":1785470399999,"status":"ENDED"},{"weekDay":5,"seckillStartTime":1785470400000,"seckillEndTime":1785729599999,"status":"PROGRESSING"},{"weekDay":1,"seckillStartTime":1785729600000,"seckillEndTime":1785902399999,"status":"NOT_STARTED"},{"weekDay":3,"seckillStartTime":1785902400000,"seckillEndTime":1786075199999,"status":"NOT_STARTED"},{"weekDay":5,"seckillStartTime":1786075200000,"seckillEndTime":1786334399999,"status":"NOT_STARTED"},{"weekDay":1,"seckillStartTime":1786334400000,"seckillEndTime":1786507199999,"status":"NOT_STARTED"}]},{"couponId":"6870872e89fddd2bbdec96bd","name":"V7","amount":75,"xyLevel":"V7","seckillTime":"WEEKLY","periods":[{"weekDay":3,"seckillStartTime":1785297600000,"seckillEndTime":1785470399999,"status":"ENDED"},{"weekDay":5,"seckillStartTime":1785470400000,"seckillEndTime":1785729599999,"status":"PROGRESSING"},{"weekDay":1,"seckillStartTime":1785729600000,"seckillEndTime":1785902399999,"status":"NOT_STARTED"},{"weekDay":3,"seckillStartTime":1785902400000,"seckillEndTime":1786075199999,"status":"NOT_STARTED"},{"weekDay":5,"seckillStartTime":1786075200000,"seckillEndTime":1786334399999,"status":"NOT_STARTED"},{"weekDay":1,"seckillStartTime":1786334400000,"seckillEndTime":1786507199999,"status":"NOT_STARTED"}]}]},"code":200,"errmsg":"OK"}}
============================================================
============================================================
[请求时间] 2026/8/3 09:33:32.552
[响应时间] 2026/8/3 09:33:32.688
[耗时] 136ms
[请求路径] https://pay-api.ds.163.com/v1/web/init/server/time
[请求方式] GET
[请求参数] {"query":null,"body":null}
[请求头] {"Accept":"application/json, text/plain, */*","Content-Type":"application/json;charset=UTF-8","GL-X-XSRF-TOKEN":"f3776aef-4aba-4939-bb0c-d9b6b9ad568c","User-Agent":"Mozilla/5.0 (Windows NT 10.0; Win64; x64) AppleWebKit/537.36 (KHTML, like Gecko) Chrome/122.0.0.0 Safari/537.36","Origin":"https://pay.ds.163.com","Referer":"https://pay.ds.163.com/","GL-ClientType":"60","GL-DeviceId":"9d63497c-0d37-4ef5-a718-d20f58f5816a","GL-Uid":"21c4ec56a4dc44f8825c9ec5fc7e7dc6","Accept-Encoding":"gzip, compress, deflate, br"}
[响应结果] {"httpStatus":404,"data":"<!DOCTYPE HTML PUBLIC \"-//W3C//DTD HTML 3.2 Final//EN\">\n<title>404 Not Found</title>\n<h1>Not Found</h1>\n<p>The requested URL was not found on the server. If you entered the URL manually please check your spelling and try again.</p>\n"}
============================================================
============================================================
[请求时间] 2026/8/3 09:33:32.687
[响应时间] 2026/8/3 09:33:32.823
[耗时] 136ms
[请求路径] https://pay-api.ds.163.com/api/nlogin
[请求方式] GET
[请求参数] {"query":{},"body":null}
[请求头] {"Accept":"application/json, text/plain, */*","Content-Type":"application/json;charset=UTF-8","GL-X-XSRF-TOKEN":"f3776aef-4aba-4939-bb0c-d9b6b9ad568c","User-Agent":"Mozilla/5.0 (Windows NT 10.0; Win64; x64) AppleWebKit/537.36 (KHTML, like Gecko) Chrome/122.0.0.0 Safari/537.36","Origin":"https://pay.ds.163.com","Referer":"https://pay.ds.163.com/","GL-ClientType":"60","GL-DeviceId":"9d63497c-0d37-4ef5-a718-d20f58f5816a","GL-Uid":"21c4ec56a4dc44f8825c9ec5fc7e7dc6","Accept-Encoding":"gzip, compress, deflate, br"}
[响应结果] {"httpStatus":200,"data":{"code":413,"msg":"登录失败"}}
============================================================
============================================================
[请求时间] 2026/8/3 09:39:28.284
[响应时间] 2026/8/3 09:39:28.476
[耗时] 192ms
[请求路径] https://pay-api.ds.163.com/v1/web/init/server/time
[请求方式] GET
[请求参数] {"query":null,"body":null}
[请求头] {"Accept":"application/json, text/plain, */*","Content-Type":"application/json;charset=UTF-8","User-Agent":"Mozilla/5.0 (Windows NT 10.0; Win64; x64) AppleWebKit/537.36 (KHTML, like Gecko) Chrome/122.0.0.0 Safari/537.36","Origin":"https://pay.ds.163.com","Referer":"https://pay.ds.163.com/","GL-ClientType":"60","GL-DeviceId":"9d63497c-0d37-4ef5-a718-d20f58f5816a","GL-Uid":"21c4ec56a4dc44f8825c9ec5fc7e7dc6","GL-X-XSRF-TOKEN":"f3776aef-4aba-4939-bb0c-d9b6b9ad568c","Accept-Encoding":"gzip, compress, deflate, br"}
[响应结果] {"httpStatus":404,"data":"<!DOCTYPE HTML PUBLIC \"-//W3C//DTD HTML 3.2 Final//EN\">\n<title>404 Not Found</title>\n<h1>Not Found</h1>\n<p>The requested URL was not found on the server. If you entered the URL manually please check your spelling and try again.</p>\n"}
============================================================
============================================================
[请求时间] 2026/8/3 09:39:28.474
[响应时间] 2026/8/3 09:39:28.620
[耗时] 146ms
[请求路径] https://pay-api.ds.163.com/api/nlogin
[请求方式] GET
[请求参数] {"query":{},"body":null}
[请求头] {"Accept":"application/json, text/plain, */*","Content-Type":"application/json;charset=UTF-8","GL-X-XSRF-TOKEN":"f3776aef-4aba-4939-bb0c-d9b6b9ad568c","User-Agent":"Mozilla/5.0 (Windows NT 10.0; Win64; x64) AppleWebKit/537.36 (KHTML, like Gecko) Chrome/122.0.0.0 Safari/537.36","Origin":"https://pay.ds.163.com","Referer":"https://pay.ds.163.com/","GL-ClientType":"60","GL-DeviceId":"9d63497c-0d37-4ef5-a718-d20f58f5816a","GL-Uid":"21c4ec56a4dc44f8825c9ec5fc7e7dc6","Accept-Encoding":"gzip, compress, deflate, br"}
[响应结果] {"httpStatus":200,"data":{"code":413,"msg":"登录失败"}}
============================================================
============================================================
[请求时间] 2026/8/3 09:39:28.619
[响应时间] 2026/8/3 09:39:28.763
[耗时] 144ms
[请求路径] https://inf.ds.163.com/v1/web/cooperate/plutus/cookie-exchange
[请求方式] GET
[请求参数] {"query":null,"body":null}
[请求头] {"Accept":"application/json, text/plain, */*","Content-Type":"application/json;charset=UTF-8","GL-X-XSRF-TOKEN":"f3776aef-4aba-4939-bb0c-d9b6b9ad568c","User-Agent":"Mozilla/5.0 (Windows NT 10.0; Win64; x64) AppleWebKit/537.36 (KHTML, like Gecko) Chrome/122.0.0.0 Safari/537.36","Origin":"https://pay.ds.163.com","Referer":"https://pay.ds.163.com/","GL-ClientType":"60","GL-DeviceId":"9d63497c-0d37-4ef5-a718-d20f58f5816a","GL-Uid":"21c4ec56a4dc44f8825c9ec5fc7e7dc6","Accept-Encoding":"gzip, compress, deflate, br"}
[响应结果] {"httpStatus":200,"data":{"result":{"user":{"uid":"21c4ec56a4dc44f8825c9ec5fc7e7dc6","nick":"春醉江南","icon":"https://ok.166.net/reunionpub/3_20231028_18b7450a667464651.png","intro":"","gender":2,"updateTime":1779541425917,"userSourceType":"URS"},"newUser":false},"code":200,"errmsg":"OK"}}
============================================================
============================================================
[请求时间] 2026/8/3 09:39:28.761
[响应时间] 2026/8/3 09:39:28.896
[耗时] 135ms
[请求路径] https://pay-api.ds.163.com/v1/web/init/server/time
[请求方式] GET
[请求参数] {"query":null,"body":null}
[请求头] {"Accept":"application/json, text/plain, */*","Content-Type":"application/json;charset=UTF-8","GL-X-XSRF-TOKEN":"f3776aef-4aba-4939-bb0c-d9b6b9ad568c","User-Agent":"Mozilla/5.0 (Windows NT 10.0; Win64; x64) AppleWebKit/537.36 (KHTML, like Gecko) Chrome/122.0.0.0 Safari/537.36","Origin":"https://pay.ds.163.com","Referer":"https://pay.ds.163.com/","GL-ClientType":"60","GL-DeviceId":"9d63497c-0d37-4ef5-a718-d20f58f5816a","GL-Uid":"21c4ec56a4dc44f8825c9ec5fc7e7dc6","Accept-Encoding":"gzip, compress, deflate, br"}
[响应结果] {"httpStatus":404,"data":"<!DOCTYPE HTML PUBLIC \"-//W3C//DTD HTML 3.2 Final//EN\">\n<title>404 Not Found</title>\n<h1>Not Found</h1>\n<p>The requested URL was not found on the server. If you entered the URL manually please check your spelling and try again.</p>\n"}
============================================================
============================================================
[请求时间] 2026/8/3 09:39:28.896
[响应时间] 2026/8/3 09:39:29.002
[耗时] 106ms
[请求路径] https://inf.ds.163.com/v1/web/exp/xy/user/get-info
[请求方式] POST
[请求参数] {"query":null,"body":{}}
[请求头] {"Accept":"application/json, text/plain, */*","Content-Type":"application/json;charset=UTF-8","GL-X-XSRF-TOKEN":"f3776aef-4aba-4939-bb0c-d9b6b9ad568c","User-Agent":"Mozilla/5.0 (Windows NT 10.0; Win64; x64) AppleWebKit/537.36 (KHTML, like Gecko) Chrome/122.0.0.0 Safari/537.36","Origin":"https://pay.ds.163.com","Referer":"https://pay.ds.163.com/","GL-ClientType":"60","GL-DeviceId":"9d63497c-0d37-4ef5-a718-d20f58f5816a","GL-Uid":"21c4ec56a4dc44f8825c9ec5fc7e7dc6","GL-CheckSum":"2c1fec9e89be9672afba8f4b54eab28a0ca9b518","Content-Length":"2","Accept-Encoding":"gzip, compress, deflate, br"}
[响应结果] {"httpStatus":200,"data":{"result":{"growthPoint":179413,"currentLv":"V5","diffNextLvGrowthPoint":120587,"currentLvExpireDate":"20270704","currentLvExpire":1814630400000,"nextLv":"V6","activeGames":["l36"],"last365LoginGames":["l36","h55"],"initDate":"20260704","lastLv":"V5"},"code":200,"errmsg":"OK"}}
============================================================
============================================================
[请求时间] 2026/8/3 09:39:29.001
[响应时间] 2026/8/3 09:39:29.088
[耗时] 87ms
[请求路径] https://inf.ds.163.com/v1/web/exp/week-coupon/showing-list-v2
[请求方式] POST
[请求参数] {"query":null,"body":{}}
[请求头] {"Accept":"application/json, text/plain, */*","Content-Type":"application/json;charset=UTF-8","GL-X-XSRF-TOKEN":"f3776aef-4aba-4939-bb0c-d9b6b9ad568c","User-Agent":"Mozilla/5.0 (Windows NT 10.0; Win64; x64) AppleWebKit/537.36 (KHTML, like Gecko) Chrome/122.0.0.0 Safari/537.36","Origin":"https://pay.ds.163.com","Referer":"https://pay.ds.163.com/","GL-ClientType":"60","GL-DeviceId":"9d63497c-0d37-4ef5-a718-d20f58f5816a","GL-Uid":"21c4ec56a4dc44f8825c9ec5fc7e7dc6","GL-CheckSum":"2c1fec9e89be9672afba8f4b54eab28a0ca9b518","Content-Length":"2","Accept-Encoding":"gzip, compress, deflate, br"}
[响应结果] {"httpStatus":200,"data":{"result":{"coupons":[{"couponId":"687076e69f3efd24cb2bed9c","name":"V1","amount":1,"xyLevel":"V1","seckillTime":"WEEKLY","periods":[{"weekDay":3,"seckillStartTime":1785297600000,"seckillEndTime":1785470399999,"status":"ENDED"},{"weekDay":5,"seckillStartTime":1785470400000,"seckillEndTime":1785729599999,"status":"PROGRESSING"},{"weekDay":1,"seckillStartTime":1785729600000,"seckillEndTime":1785902399999,"status":"NOT_STARTED"},{"weekDay":3,"seckillStartTime":1785902400000,"seckillEndTime":1786075199999,"status":"NOT_STARTED"},{"weekDay":5,"seckillStartTime":1786075200000,"seckillEndTime":1786334399999,"status":"NOT_STARTED"},{"weekDay":1,"seckillStartTime":1786334400000,"seckillEndTime":1786507199999,"status":"NOT_STARTED"}]},{"couponId":"68708657f56f912f57e063bf","name":"V2","amount":2,"xyLevel":"V2","seckillTime":"WEEKLY","periods":[{"weekDay":3,"seckillStartTime":1785297600000,"seckillEndTime":1785470399999,"status":"ENDED"},{"weekDay":5,"seckillStartTime":1785470400000,"seckillEndTime":1785729599999,"status":"PROGRESSING"},{"weekDay":1,"seckillStartTime":1785729600000,"seckillEndTime":1785902399999,"status":"NOT_STARTED"},{"weekDay":3,"seckillStartTime":1785902400000,"seckillEndTime":1786075199999,"status":"NOT_STARTED"},{"weekDay":5,"seckillStartTime":1786075200000,"seckillEndTime":1786334399999,"status":"NOT_STARTED"},{"weekDay":1,"seckillStartTime":1786334400000,"seckillEndTime":1786507199999,"status":"NOT_STARTED"}]},{"couponId":"6870867989fddd2bbdec96bc","name":"V3","amount":3,"xyLevel":"V3","seckillTime":"WEEKLY","periods":[{"weekDay":3,"seckillStartTime":1785297600000,"seckillEndTime":1785470399999,"status":"ENDED"},{"weekDay":5,"seckillStartTime":1785470400000,"seckillEndTime":1785729599999,"status":"PROGRESSING"},{"weekDay":1,"seckillStartTime":1785729600000,"seckillEndTime":1785902399999,"status":"NOT_STARTED"},{"weekDay":3,"seckillStartTime":1785902400000,"seckillEndTime":1786075199999,"status":"NOT_STARTED"},{"weekDay":5,"seckillStartTime":1786075200000,"seckillEndTime":1786334399999,"status":"NOT_STARTED"},{"weekDay":1,"seckillStartTime":1786334400000,"seckillEndTime":1786507199999,"status":"NOT_STARTED"}]},{"couponId":"6870869cf56f912f57e063c0","name":"V4","amount":8,"xyLevel":"V4","seckillTime":"WEEKLY","periods":[{"weekDay":3,"seckillStartTime":1785297600000,"seckillEndTime":1785470399999,"status":"ENDED"},{"weekDay":5,"seckillStartTime":1785470400000,"seckillEndTime":1785729599999,"status":"PROGRESSING"},{"weekDay":1,"seckillStartTime":1785729600000,"seckillEndTime":1785902399999,"status":"NOT_STARTED"},{"weekDay":3,"seckillStartTime":1785902400000,"seckillEndTime":1786075199999,"status":"NOT_STARTED"},{"weekDay":5,"seckillStartTime":1786075200000,"seckillEndTime":1786334399999,"status":"NOT_STARTED"},{"weekDay":1,"seckillStartTime":1786334400000,"seckillEndTime":1786507199999,"status":"NOT_STARTED"}]},{"couponId":"687086e33d0d02335c1804f4","name":"V5","amount":18,"xyLevel":"V5","seckillTime":"WEEKLY","periods":[{"weekDay":3,"seckillStartTime":1785297600000,"seckillEndTime":1785470399999,"status":"ENDED"},{"weekDay":5,"seckillStartTime":1785470400000,"seckillEndTime":1785729599999,"status":"PROGRESSING","acquiredStatus":"ACQUIRED","stockId":"687086e33d0d02335c1804f4_WEEKLY_1785470400000"},{"weekDay":1,"seckillStartTime":1785729600000,"seckillEndTime":1785902399999,"status":"NOT_STARTED"},{"weekDay":3,"seckillStartTime":1785902400000,"seckillEndTime":1786075199999,"status":"NOT_STARTED"},{"weekDay":5,"seckillStartTime":1786075200000,"seckillEndTime":1786334399999,"status":"NOT_STARTED"},{"weekDay":1,"seckillStartTime":1786334400000,"seckillEndTime":1786507199999,"status":"NOT_STARTED"}]},{"couponId":"68708705f56f912f57e063c3","name":"V6","amount":30,"xyLevel":"V6","seckillTime":"WEEKLY","periods":[{"weekDay":3,"seckillStartTime":1785297600000,"seckillEndTime":1785470399999,"status":"ENDED"},{"weekDay":5,"seckillStartTime":1785470400000,"seckillEndTime":1785729599999,"status":"PROGRESSING"},{"weekDay":1,"seckillStartTime":1785729600000,"seckillEndTime":1785902399999,"status":"NOT_STARTED"},{"weekDay":3,"seckillStartTime":1785902400000,"seckillEndTime":1786075199999,"status":"NOT_STARTED"},{"weekDay":5,"seckillStartTime":1786075200000,"seckillEndTime":1786334399999,"status":"NOT_STARTED"},{"weekDay":1,"seckillStartTime":1786334400000,"seckillEndTime":1786507199999,"status":"NOT_STARTED"}]},{"couponId":"6870872e89fddd2bbdec96bd","name":"V7","amount":75,"xyLevel":"V7","seckillTime":"WEEKLY","periods":[{"weekDay":3,"seckillStartTime":1785297600000,"seckillEndTime":1785470399999,"status":"ENDED"},{"weekDay":5,"seckillStartTime":1785470400000,"seckillEndTime":1785729599999,"status":"PROGRESSING"},{"weekDay":1,"seckillStartTime":1785729600000,"seckillEndTime":1785902399999,"status":"NOT_STARTED"},{"weekDay":3,"seckillStartTime":1785902400000,"seckillEndTime":1786075199999,"status":"NOT_STARTED"},{"weekDay":5,"seckillStartTime":1786075200000,"seckillEndTime":1786334399999,"status":"NOT_STARTED"},{"weekDay":1,"seckillStartTime":1786334400000,"seckillEndTime":1786507199999,"status":"NOT_STARTED"}]}]},"code":200,"errmsg":"OK"}}
============================================================
============================================================
[请求时间] 2026/8/3 09:39:29.461
[响应时间] 2026/8/3 09:39:29.537
[耗时] 76ms
[请求路径] https://inf.ds.163.com/v1/web/exp/week-coupon/showing-list-v2
[请求方式] POST
[请求参数] {"query":null,"body":{}}
[请求头] {"Accept":"application/json, text/plain, */*","Content-Type":"application/json;charset=UTF-8","GL-X-XSRF-TOKEN":"f3776aef-4aba-4939-bb0c-d9b6b9ad568c","User-Agent":"Mozilla/5.0 (Windows NT 10.0; Win64; x64) AppleWebKit/537.36 (KHTML, like Gecko) Chrome/122.0.0.0 Safari/537.36","Origin":"https://pay.ds.163.com","Referer":"https://pay.ds.163.com/","GL-ClientType":"60","GL-DeviceId":"9d63497c-0d37-4ef5-a718-d20f58f5816a","GL-Uid":"21c4ec56a4dc44f8825c9ec5fc7e7dc6","GL-CheckSum":"2c1fec9e89be9672afba8f4b54eab28a0ca9b518","Content-Length":"2","Accept-Encoding":"gzip, compress, deflate, br"}
[响应结果] {"httpStatus":200,"data":{"result":{"coupons":[{"couponId":"687076e69f3efd24cb2bed9c","name":"V1","amount":1,"xyLevel":"V1","seckillTime":"WEEKLY","periods":[{"weekDay":3,"seckillStartTime":1785297600000,"seckillEndTime":1785470399999,"status":"ENDED"},{"weekDay":5,"seckillStartTime":1785470400000,"seckillEndTime":1785729599999,"status":"PROGRESSING"},{"weekDay":1,"seckillStartTime":1785729600000,"seckillEndTime":1785902399999,"status":"NOT_STARTED"},{"weekDay":3,"seckillStartTime":1785902400000,"seckillEndTime":1786075199999,"status":"NOT_STARTED"},{"weekDay":5,"seckillStartTime":1786075200000,"seckillEndTime":1786334399999,"status":"NOT_STARTED"},{"weekDay":1,"seckillStartTime":1786334400000,"seckillEndTime":1786507199999,"status":"NOT_STARTED"}]},{"couponId":"68708657f56f912f57e063bf","name":"V2","amount":2,"xyLevel":"V2","seckillTime":"WEEKLY","periods":[{"weekDay":3,"seckillStartTime":1785297600000,"seckillEndTime":1785470399999,"status":"ENDED"},{"weekDay":5,"seckillStartTime":1785470400000,"seckillEndTime":1785729599999,"status":"PROGRESSING"},{"weekDay":1,"seckillStartTime":1785729600000,"seckillEndTime":1785902399999,"status":"NOT_STARTED"},{"weekDay":3,"seckillStartTime":1785902400000,"seckillEndTime":1786075199999,"status":"NOT_STARTED"},{"weekDay":5,"seckillStartTime":1786075200000,"seckillEndTime":1786334399999,"status":"NOT_STARTED"},{"weekDay":1,"seckillStartTime":1786334400000,"seckillEndTime":1786507199999,"status":"NOT_STARTED"}]},{"couponId":"6870867989fddd2bbdec96bc","name":"V3","amount":3,"xyLevel":"V3","seckillTime":"WEEKLY","periods":[{"weekDay":3,"seckillStartTime":1785297600000,"seckillEndTime":1785470399999,"status":"ENDED"},{"weekDay":5,"seckillStartTime":1785470400000,"seckillEndTime":1785729599999,"status":"PROGRESSING"},{"weekDay":1,"seckillStartTime":1785729600000,"seckillEndTime":1785902399999,"status":"NOT_STARTED"},{"weekDay":3,"seckillStartTime":1785902400000,"seckillEndTime":1786075199999,"status":"NOT_STARTED"},{"weekDay":5,"seckillStartTime":1786075200000,"seckillEndTime":1786334399999,"status":"NOT_STARTED"},{"weekDay":1,"seckillStartTime":1786334400000,"seckillEndTime":1786507199999,"status":"NOT_STARTED"}]},{"couponId":"6870869cf56f912f57e063c0","name":"V4","amount":8,"xyLevel":"V4","seckillTime":"WEEKLY","periods":[{"weekDay":3,"seckillStartTime":1785297600000,"seckillEndTime":1785470399999,"status":"ENDED"},{"weekDay":5,"seckillStartTime":1785470400000,"seckillEndTime":1785729599999,"status":"PROGRESSING"},{"weekDay":1,"seckillStartTime":1785729600000,"seckillEndTime":1785902399999,"status":"NOT_STARTED"},{"weekDay":3,"seckillStartTime":1785902400000,"seckillEndTime":1786075199999,"status":"NOT_STARTED"},{"weekDay":5,"seckillStartTime":1786075200000,"seckillEndTime":1786334399999,"status":"NOT_STARTED"},{"weekDay":1,"seckillStartTime":1786334400000,"seckillEndTime":1786507199999,"status":"NOT_STARTED"}]},{"couponId":"687086e33d0d02335c1804f4","name":"V5","amount":18,"xyLevel":"V5","seckillTime":"WEEKLY","periods":[{"weekDay":3,"seckillStartTime":1785297600000,"seckillEndTime":1785470399999,"status":"ENDED"},{"weekDay":5,"seckillStartTime":1785470400000,"seckillEndTime":1785729599999,"status":"PROGRESSING","acquiredStatus":"ACQUIRED","stockId":"687086e33d0d02335c1804f4_WEEKLY_1785470400000"},{"weekDay":1,"seckillStartTime":1785729600000,"seckillEndTime":1785902399999,"status":"NOT_STARTED"},{"weekDay":3,"seckillStartTime":1785902400000,"seckillEndTime":1786075199999,"status":"NOT_STARTED"},{"weekDay":5,"seckillStartTime":1786075200000,"seckillEndTime":1786334399999,"status":"NOT_STARTED"},{"weekDay":1,"seckillStartTime":1786334400000,"seckillEndTime":1786507199999,"status":"NOT_STARTED"}]},{"couponId":"68708705f56f912f57e063c3","name":"V6","amount":30,"xyLevel":"V6","seckillTime":"WEEKLY","periods":[{"weekDay":3,"seckillStartTime":1785297600000,"seckillEndTime":1785470399999,"status":"ENDED"},{"weekDay":5,"seckillStartTime":1785470400000,"seckillEndTime":1785729599999,"status":"PROGRESSING"},{"weekDay":1,"seckillStartTime":1785729600000,"seckillEndTime":1785902399999,"status":"NOT_STARTED"},{"weekDay":3,"seckillStartTime":1785902400000,"seckillEndTime":1786075199999,"status":"NOT_STARTED"},{"weekDay":5,"seckillStartTime":1786075200000,"seckillEndTime":1786334399999,"status":"NOT_STARTED"},{"weekDay":1,"seckillStartTime":1786334400000,"seckillEndTime":1786507199999,"status":"NOT_STARTED"}]},{"couponId":"6870872e89fddd2bbdec96bd","name":"V7","amount":75,"xyLevel":"V7","seckillTime":"WEEKLY","periods":[{"weekDay":3,"seckillStartTime":1785297600000,"seckillEndTime":1785470399999,"status":"ENDED"},{"weekDay":5,"seckillStartTime":1785470400000,"seckillEndTime":1785729599999,"status":"PROGRESSING"},{"weekDay":1,"seckillStartTime":1785729600000,"seckillEndTime":1785902399999,"status":"NOT_STARTED"},{"weekDay":3,"seckillStartTime":1785902400000,"seckillEndTime":1786075199999,"status":"NOT_STARTED"},{"weekDay":5,"seckillStartTime":1786075200000,"seckillEndTime":1786334399999,"status":"NOT_STARTED"},{"weekDay":1,"seckillStartTime":1786334400000,"seckillEndTime":1786507199999,"status":"NOT_STARTED"}]}]},"code":200,"errmsg":"OK"}}
============================================================
============================================================
[请求时间] 2026/8/3 09:39:29.536
[响应时间] 2026/8/3 09:39:29.671
[耗时] 135ms
[请求路径] https://pay-api.ds.163.com/v1/web/init/server/time
[请求方式] GET
[请求参数] {"query":null,"body":null}
[请求头] {"Accept":"application/json, text/plain, */*","Content-Type":"application/json;charset=UTF-8","GL-X-XSRF-TOKEN":"f3776aef-4aba-4939-bb0c-d9b6b9ad568c","User-Agent":"Mozilla/5.0 (Windows NT 10.0; Win64; x64) AppleWebKit/537.36 (KHTML, like Gecko) Chrome/122.0.0.0 Safari/537.36","Origin":"https://pay.ds.163.com","Referer":"https://pay.ds.163.com/","GL-ClientType":"60","GL-DeviceId":"9d63497c-0d37-4ef5-a718-d20f58f5816a","GL-Uid":"21c4ec56a4dc44f8825c9ec5fc7e7dc6","Accept-Encoding":"gzip, compress, deflate, br"}
[响应结果] {"httpStatus":404,"data":"<!DOCTYPE HTML PUBLIC \"-//W3C//DTD HTML 3.2 Final//EN\">\n<title>404 Not Found</title>\n<h1>Not Found</h1>\n<p>The requested URL was not found on the server. If you entered the URL manually please check your spelling and try again.</p>\n"}
============================================================
============================================================
[请求时间] 2026/8/3 09:39:29.670
[响应时间] 2026/8/3 09:39:29.808
[耗时] 138ms
[请求路径] https://pay-api.ds.163.com/api/nlogin
[请求方式] GET
[请求参数] {"query":{},"body":null}
[请求头] {"Accept":"application/json, text/plain, */*","Content-Type":"application/json;charset=UTF-8","GL-X-XSRF-TOKEN":"f3776aef-4aba-4939-bb0c-d9b6b9ad568c","User-Agent":"Mozilla/5.0 (Windows NT 10.0; Win64; x64) AppleWebKit/537.36 (KHTML, like Gecko) Chrome/122.0.0.0 Safari/537.36","Origin":"https://pay.ds.163.com","Referer":"https://pay.ds.163.com/","GL-ClientType":"60","GL-DeviceId":"9d63497c-0d37-4ef5-a718-d20f58f5816a","GL-Uid":"21c4ec56a4dc44f8825c9ec5fc7e7dc6","Accept-Encoding":"gzip, compress, deflate, br"}
[响应结果] {"httpStatus":200,"data":{"code":413,"msg":"登录失败"}}
============================================================
============================================================
[请求时间] 2026/8/3 11:00:26.207
[响应时间] 2026/8/3 11:00:26.389
[耗时] 182ms
[请求路径] https://pay-api.ds.163.com/v1/web/init/server/time
[请求方式] GET
[请求参数] {"query":null,"body":null}
[请求头] {"Accept":"application/json, text/plain, */*","Content-Type":"application/json;charset=UTF-8","User-Agent":"Mozilla/5.0 (Windows NT 10.0; Win64; x64) AppleWebKit/537.36 (KHTML, like Gecko) Chrome/122.0.0.0 Safari/537.36","Origin":"https://pay.ds.163.com","Referer":"https://pay.ds.163.com/","GL-ClientType":"60","GL-DeviceId":"9d63497c-0d37-4ef5-a718-d20f58f5816a","GL-Uid":"21c4ec56a4dc44f8825c9ec5fc7e7dc6","GL-X-XSRF-TOKEN":"f3776aef-4aba-4939-bb0c-d9b6b9ad568c","Accept-Encoding":"gzip, compress, deflate, br"}
[响应结果] {"httpStatus":404,"data":"<!DOCTYPE HTML PUBLIC \"-//W3C//DTD HTML 3.2 Final//EN\">\n<title>404 Not Found</title>\n<h1>Not Found</h1>\n<p>The requested URL was not found on the server. If you entered the URL manually please check your spelling and try again.</p>\n"}
============================================================
============================================================
[请求时间] 2026/8/3 11:00:26.388
[响应时间] 2026/8/3 11:00:26.528
[耗时] 140ms
[请求路径] https://pay-api.ds.163.com/api/nlogin
[请求方式] GET
[请求参数] {"query":{},"body":null}
[请求头] {"Accept":"application/json, text/plain, */*","Content-Type":"application/json;charset=UTF-8","GL-X-XSRF-TOKEN":"f3776aef-4aba-4939-bb0c-d9b6b9ad568c","User-Agent":"Mozilla/5.0 (Windows NT 10.0; Win64; x64) AppleWebKit/537.36 (KHTML, like Gecko) Chrome/122.0.0.0 Safari/537.36","Origin":"https://pay.ds.163.com","Referer":"https://pay.ds.163.com/","GL-ClientType":"60","GL-DeviceId":"9d63497c-0d37-4ef5-a718-d20f58f5816a","GL-Uid":"21c4ec56a4dc44f8825c9ec5fc7e7dc6","Accept-Encoding":"gzip, compress, deflate, br"}
[响应结果] {"httpStatus":200,"data":{"code":413,"msg":"登录失败"}}
============================================================
============================================================
[请求时间] 2026/8/3 11:00:26.528
[响应时间] 2026/8/3 11:00:26.669
[耗时] 141ms
[请求路径] https://inf.ds.163.com/v1/web/cooperate/plutus/cookie-exchange
[请求方式] GET
[请求参数] {"query":null,"body":null}
[请求头] {"Accept":"application/json, text/plain, */*","Content-Type":"application/json;charset=UTF-8","GL-X-XSRF-TOKEN":"f3776aef-4aba-4939-bb0c-d9b6b9ad568c","User-Agent":"Mozilla/5.0 (Windows NT 10.0; Win64; x64) AppleWebKit/537.36 (KHTML, like Gecko) Chrome/122.0.0.0 Safari/537.36","Origin":"https://pay.ds.163.com","Referer":"https://pay.ds.163.com/","GL-ClientType":"60","GL-DeviceId":"9d63497c-0d37-4ef5-a718-d20f58f5816a","GL-Uid":"21c4ec56a4dc44f8825c9ec5fc7e7dc6","Accept-Encoding":"gzip, compress, deflate, br"}
[响应结果] {"httpStatus":200,"data":{"result":{"user":{"uid":"21c4ec56a4dc44f8825c9ec5fc7e7dc6","nick":"春醉江南","icon":"https://ok.166.net/reunionpub/3_20231028_18b7450a667464651.png","intro":"","gender":2,"updateTime":1779541425917,"userSourceType":"URS"},"newUser":false},"code":200,"errmsg":"OK"}}
============================================================
============================================================
[请求时间] 2026/8/3 11:00:26.668
[响应时间] 2026/8/3 11:00:26.814
[耗时] 146ms
[请求路径] https://pay-api.ds.163.com/v1/web/init/server/time
[请求方式] GET
[请求参数] {"query":null,"body":null}
[请求头] {"Accept":"application/json, text/plain, */*","Content-Type":"application/json;charset=UTF-8","GL-X-XSRF-TOKEN":"f3776aef-4aba-4939-bb0c-d9b6b9ad568c","User-Agent":"Mozilla/5.0 (Windows NT 10.0; Win64; x64) AppleWebKit/537.36 (KHTML, like Gecko) Chrome/122.0.0.0 Safari/537.36","Origin":"https://pay.ds.163.com","Referer":"https://pay.ds.163.com/","GL-ClientType":"60","GL-DeviceId":"9d63497c-0d37-4ef5-a718-d20f58f5816a","GL-Uid":"21c4ec56a4dc44f8825c9ec5fc7e7dc6","Accept-Encoding":"gzip, compress, deflate, br"}
[响应结果] {"httpStatus":404,"data":"<!DOCTYPE HTML PUBLIC \"-//W3C//DTD HTML 3.2 Final//EN\">\n<title>404 Not Found</title>\n<h1>Not Found</h1>\n<p>The requested URL was not found on the server. If you entered the URL manually please check your spelling and try again.</p>\n"}
============================================================
============================================================
[请求时间] 2026/8/3 11:00:26.812
[响应时间] 2026/8/3 11:00:26.911
[耗时] 99ms
[请求路径] https://inf.ds.163.com/v1/web/exp/xy/user/get-info
[请求方式] POST
[请求参数] {"query":null,"body":{}}
[请求头] {"Accept":"application/json, text/plain, */*","Content-Type":"application/json;charset=UTF-8","GL-X-XSRF-TOKEN":"f3776aef-4aba-4939-bb0c-d9b6b9ad568c","User-Agent":"Mozilla/5.0 (Windows NT 10.0; Win64; x64) AppleWebKit/537.36 (KHTML, like Gecko) Chrome/122.0.0.0 Safari/537.36","Origin":"https://pay.ds.163.com","Referer":"https://pay.ds.163.com/","GL-ClientType":"60","GL-DeviceId":"9d63497c-0d37-4ef5-a718-d20f58f5816a","GL-Uid":"21c4ec56a4dc44f8825c9ec5fc7e7dc6","GL-CheckSum":"2c1fec9e89be9672afba8f4b54eab28a0ca9b518","Content-Length":"2","Accept-Encoding":"gzip, compress, deflate, br"}
[响应结果] {"httpStatus":200,"data":{"result":{"growthPoint":179413,"currentLv":"V5","diffNextLvGrowthPoint":120587,"currentLvExpireDate":"20270704","currentLvExpire":1814630400000,"nextLv":"V6","activeGames":["l36"],"last365LoginGames":["l36","h55"],"initDate":"20260704","lastLv":"V5"},"code":200,"errmsg":"OK"}}
============================================================
============================================================
[请求时间] 2026/8/3 11:00:26.910
[响应时间] 2026/8/3 11:00:26.975
[耗时] 65ms
[请求路径] https://inf.ds.163.com/v1/web/exp/week-coupon/showing-list-v2
[请求方式] POST
[请求参数] {"query":null,"body":{}}
[请求头] {"Accept":"application/json, text/plain, */*","Content-Type":"application/json;charset=UTF-8","GL-X-XSRF-TOKEN":"f3776aef-4aba-4939-bb0c-d9b6b9ad568c","User-Agent":"Mozilla/5.0 (Windows NT 10.0; Win64; x64) AppleWebKit/537.36 (KHTML, like Gecko) Chrome/122.0.0.0 Safari/537.36","Origin":"https://pay.ds.163.com","Referer":"https://pay.ds.163.com/","GL-ClientType":"60","GL-DeviceId":"9d63497c-0d37-4ef5-a718-d20f58f5816a","GL-Uid":"21c4ec56a4dc44f8825c9ec5fc7e7dc6","GL-CheckSum":"2c1fec9e89be9672afba8f4b54eab28a0ca9b518","Content-Length":"2","Accept-Encoding":"gzip, compress, deflate, br"}
[响应结果] {"httpStatus":200,"data":{"result":{"coupons":[{"couponId":"687076e69f3efd24cb2bed9c","name":"V1","amount":1,"xyLevel":"V1","seckillTime":"WEEKLY","periods":[{"weekDay":3,"seckillStartTime":1785297600000,"seckillEndTime":1785470399999,"status":"ENDED"},{"weekDay":5,"seckillStartTime":1785470400000,"seckillEndTime":1785729599999,"status":"PROGRESSING"},{"weekDay":1,"seckillStartTime":1785729600000,"seckillEndTime":1785902399999,"status":"NOT_STARTED"},{"weekDay":3,"seckillStartTime":1785902400000,"seckillEndTime":1786075199999,"status":"NOT_STARTED"},{"weekDay":5,"seckillStartTime":1786075200000,"seckillEndTime":1786334399999,"status":"NOT_STARTED"},{"weekDay":1,"seckillStartTime":1786334400000,"seckillEndTime":1786507199999,"status":"NOT_STARTED"}]},{"couponId":"68708657f56f912f57e063bf","name":"V2","amount":2,"xyLevel":"V2","seckillTime":"WEEKLY","periods":[{"weekDay":3,"seckillStartTime":1785297600000,"seckillEndTime":1785470399999,"status":"ENDED"},{"weekDay":5,"seckillStartTime":1785470400000,"seckillEndTime":1785729599999,"status":"PROGRESSING"},{"weekDay":1,"seckillStartTime":1785729600000,"seckillEndTime":1785902399999,"status":"NOT_STARTED"},{"weekDay":3,"seckillStartTime":1785902400000,"seckillEndTime":1786075199999,"status":"NOT_STARTED"},{"weekDay":5,"seckillStartTime":1786075200000,"seckillEndTime":1786334399999,"status":"NOT_STARTED"},{"weekDay":1,"seckillStartTime":1786334400000,"seckillEndTime":1786507199999,"status":"NOT_STARTED"}]},{"couponId":"6870867989fddd2bbdec96bc","name":"V3","amount":3,"xyLevel":"V3","seckillTime":"WEEKLY","periods":[{"weekDay":3,"seckillStartTime":1785297600000,"seckillEndTime":1785470399999,"status":"ENDED"},{"weekDay":5,"seckillStartTime":1785470400000,"seckillEndTime":1785729599999,"status":"PROGRESSING"},{"weekDay":1,"seckillStartTime":1785729600000,"seckillEndTime":1785902399999,"status":"NOT_STARTED"},{"weekDay":3,"seckillStartTime":1785902400000,"seckillEndTime":1786075199999,"status":"NOT_STARTED"},{"weekDay":5,"seckillStartTime":1786075200000,"seckillEndTime":1786334399999,"status":"NOT_STARTED"},{"weekDay":1,"seckillStartTime":1786334400000,"seckillEndTime":1786507199999,"status":"NOT_STARTED"}]},{"couponId":"6870869cf56f912f57e063c0","name":"V4","amount":8,"xyLevel":"V4","seckillTime":"WEEKLY","periods":[{"weekDay":3,"seckillStartTime":1785297600000,"seckillEndTime":1785470399999,"status":"ENDED"},{"weekDay":5,"seckillStartTime":1785470400000,"seckillEndTime":1785729599999,"status":"PROGRESSING"},{"weekDay":1,"seckillStartTime":1785729600000,"seckillEndTime":1785902399999,"status":"NOT_STARTED"},{"weekDay":3,"seckillStartTime":1785902400000,"seckillEndTime":1786075199999,"status":"NOT_STARTED"},{"weekDay":5,"seckillStartTime":1786075200000,"seckillEndTime":1786334399999,"status":"NOT_STARTED"},{"weekDay":1,"seckillStartTime":1786334400000,"seckillEndTime":1786507199999,"status":"NOT_STARTED"}]},{"couponId":"687086e33d0d02335c1804f4","name":"V5","amount":18,"xyLevel":"V5","seckillTime":"WEEKLY","periods":[{"weekDay":3,"seckillStartTime":1785297600000,"seckillEndTime":1785470399999,"status":"ENDED"},{"weekDay":5,"seckillStartTime":1785470400000,"seckillEndTime":1785729599999,"status":"PROGRESSING","acquiredStatus":"ACQUIRED","stockId":"687086e33d0d02335c1804f4_WEEKLY_1785470400000"},{"weekDay":1,"seckillStartTime":1785729600000,"seckillEndTime":1785902399999,"status":"NOT_STARTED"},{"weekDay":3,"seckillStartTime":1785902400000,"seckillEndTime":1786075199999,"status":"NOT_STARTED"},{"weekDay":5,"seckillStartTime":1786075200000,"seckillEndTime":1786334399999,"status":"NOT_STARTED"},{"weekDay":1,"seckillStartTime":1786334400000,"seckillEndTime":1786507199999,"status":"NOT_STARTED"}]},{"couponId":"68708705f56f912f57e063c3","name":"V6","amount":30,"xyLevel":"V6","seckillTime":"WEEKLY","periods":[{"weekDay":3,"seckillStartTime":1785297600000,"seckillEndTime":1785470399999,"status":"ENDED"},{"weekDay":5,"seckillStartTime":1785470400000,"seckillEndTime":1785729599999,"status":"PROGRESSING"},{"weekDay":1,"seckillStartTime":1785729600000,"seckillEndTime":1785902399999,"status":"NOT_STARTED"},{"weekDay":3,"seckillStartTime":1785902400000,"seckillEndTime":1786075199999,"status":"NOT_STARTED"},{"weekDay":5,"seckillStartTime":1786075200000,"seckillEndTime":1786334399999,"status":"NOT_STARTED"},{"weekDay":1,"seckillStartTime":1786334400000,"seckillEndTime":1786507199999,"status":"NOT_STARTED"}]},{"couponId":"6870872e89fddd2bbdec96bd","name":"V7","amount":75,"xyLevel":"V7","seckillTime":"WEEKLY","periods":[{"weekDay":3,"seckillStartTime":1785297600000,"seckillEndTime":1785470399999,"status":"ENDED"},{"weekDay":5,"seckillStartTime":1785470400000,"seckillEndTime":1785729599999,"status":"PROGRESSING"},{"weekDay":1,"seckillStartTime":1785729600000,"seckillEndTime":1785902399999,"status":"NOT_STARTED"},{"weekDay":3,"seckillStartTime":1785902400000,"seckillEndTime":1786075199999,"status":"NOT_STARTED"},{"weekDay":5,"seckillStartTime":1786075200000,"seckillEndTime":1786334399999,"status":"NOT_STARTED"},{"weekDay":1,"seckillStartTime":1786334400000,"seckillEndTime":1786507199999,"status":"NOT_STARTED"}]}]},"code":200,"errmsg":"OK"}}
============================================================
============================================================
[请求时间] 2026/8/3 11:00:27.353
[响应时间] 2026/8/3 11:00:27.434
[耗时] 81ms
[请求路径] https://inf.ds.163.com/v1/web/exp/week-coupon/showing-list-v2
[请求方式] POST
[请求参数] {"query":null,"body":{}}
[请求头] {"Accept":"application/json, text/plain, */*","Content-Type":"application/json;charset=UTF-8","GL-X-XSRF-TOKEN":"f3776aef-4aba-4939-bb0c-d9b6b9ad568c","User-Agent":"Mozilla/5.0 (Windows NT 10.0; Win64; x64) AppleWebKit/537.36 (KHTML, like Gecko) Chrome/122.0.0.0 Safari/537.36","Origin":"https://pay.ds.163.com","Referer":"https://pay.ds.163.com/","GL-ClientType":"60","GL-DeviceId":"9d63497c-0d37-4ef5-a718-d20f58f5816a","GL-Uid":"21c4ec56a4dc44f8825c9ec5fc7e7dc6","GL-CheckSum":"2c1fec9e89be9672afba8f4b54eab28a0ca9b518","Content-Length":"2","Accept-Encoding":"gzip, compress, deflate, br"}
[响应结果] {"httpStatus":200,"data":{"result":{"coupons":[{"couponId":"687076e69f3efd24cb2bed9c","name":"V1","amount":1,"xyLevel":"V1","seckillTime":"WEEKLY","periods":[{"weekDay":3,"seckillStartTime":1785297600000,"seckillEndTime":1785470399999,"status":"ENDED"},{"weekDay":5,"seckillStartTime":1785470400000,"seckillEndTime":1785729599999,"status":"PROGRESSING"},{"weekDay":1,"seckillStartTime":1785729600000,"seckillEndTime":1785902399999,"status":"NOT_STARTED"},{"weekDay":3,"seckillStartTime":1785902400000,"seckillEndTime":1786075199999,"status":"NOT_STARTED"},{"weekDay":5,"seckillStartTime":1786075200000,"seckillEndTime":1786334399999,"status":"NOT_STARTED"},{"weekDay":1,"seckillStartTime":1786334400000,"seckillEndTime":1786507199999,"status":"NOT_STARTED"}]},{"couponId":"68708657f56f912f57e063bf","name":"V2","amount":2,"xyLevel":"V2","seckillTime":"WEEKLY","periods":[{"weekDay":3,"seckillStartTime":1785297600000,"seckillEndTime":1785470399999,"status":"ENDED"},{"weekDay":5,"seckillStartTime":1785470400000,"seckillEndTime":1785729599999,"status":"PROGRESSING"},{"weekDay":1,"seckillStartTime":1785729600000,"seckillEndTime":1785902399999,"status":"NOT_STARTED"},{"weekDay":3,"seckillStartTime":1785902400000,"seckillEndTime":1786075199999,"status":"NOT_STARTED"},{"weekDay":5,"seckillStartTime":1786075200000,"seckillEndTime":1786334399999,"status":"NOT_STARTED"},{"weekDay":1,"seckillStartTime":1786334400000,"seckillEndTime":1786507199999,"status":"NOT_STARTED"}]},{"couponId":"6870867989fddd2bbdec96bc","name":"V3","amount":3,"xyLevel":"V3","seckillTime":"WEEKLY","periods":[{"weekDay":3,"seckillStartTime":1785297600000,"seckillEndTime":1785470399999,"status":"ENDED"},{"weekDay":5,"seckillStartTime":1785470400000,"seckillEndTime":1785729599999,"status":"PROGRESSING"},{"weekDay":1,"seckillStartTime":1785729600000,"seckillEndTime":1785902399999,"status":"NOT_STARTED"},{"weekDay":3,"seckillStartTime":1785902400000,"seckillEndTime":1786075199999,"status":"NOT_STARTED"},{"weekDay":5,"seckillStartTime":1786075200000,"seckillEndTime":1786334399999,"status":"NOT_STARTED"},{"weekDay":1,"seckillStartTime":1786334400000,"seckillEndTime":1786507199999,"status":"NOT_STARTED"}]},{"couponId":"6870869cf56f912f57e063c0","name":"V4","amount":8,"xyLevel":"V4","seckillTime":"WEEKLY","periods":[{"weekDay":3,"seckillStartTime":1785297600000,"seckillEndTime":1785470399999,"status":"ENDED"},{"weekDay":5,"seckillStartTime":1785470400000,"seckillEndTime":1785729599999,"status":"PROGRESSING"},{"weekDay":1,"seckillStartTime":1785729600000,"seckillEndTime":1785902399999,"status":"NOT_STARTED"},{"weekDay":3,"seckillStartTime":1785902400000,"seckillEndTime":1786075199999,"status":"NOT_STARTED"},{"weekDay":5,"seckillStartTime":1786075200000,"seckillEndTime":1786334399999,"status":"NOT_STARTED"},{"weekDay":1,"seckillStartTime":1786334400000,"seckillEndTime":1786507199999,"status":"NOT_STARTED"}]},{"couponId":"687086e33d0d02335c1804f4","name":"V5","amount":18,"xyLevel":"V5","seckillTime":"WEEKLY","periods":[{"weekDay":3,"seckillStartTime":1785297600000,"seckillEndTime":1785470399999,"status":"ENDED"},{"weekDay":5,"seckillStartTime":1785470400000,"seckillEndTime":1785729599999,"status":"PROGRESSING","acquiredStatus":"ACQUIRED","stockId":"687086e33d0d02335c1804f4_WEEKLY_1785470400000"},{"weekDay":1,"seckillStartTime":1785729600000,"seckillEndTime":1785902399999,"status":"NOT_STARTED"},{"weekDay":3,"seckillStartTime":1785902400000,"seckillEndTime":1786075199999,"status":"NOT_STARTED"},{"weekDay":5,"seckillStartTime":1786075200000,"seckillEndTime":1786334399999,"status":"NOT_STARTED"},{"weekDay":1,"seckillStartTime":1786334400000,"seckillEndTime":1786507199999,"status":"NOT_STARTED"}]},{"couponId":"68708705f56f912f57e063c3","name":"V6","amount":30,"xyLevel":"V6","seckillTime":"WEEKLY","periods":[{"weekDay":3,"seckillStartTime":1785297600000,"seckillEndTime":1785470399999,"status":"ENDED"},{"weekDay":5,"seckillStartTime":1785470400000,"seckillEndTime":1785729599999,"status":"PROGRESSING"},{"weekDay":1,"seckillStartTime":1785729600000,"seckillEndTime":1785902399999,"status":"NOT_STARTED"},{"weekDay":3,"seckillStartTime":1785902400000,"seckillEndTime":1786075199999,"status":"NOT_STARTED"},{"weekDay":5,"seckillStartTime":1786075200000,"seckillEndTime":1786334399999,"status":"NOT_STARTED"},{"weekDay":1,"seckillStartTime":1786334400000,"seckillEndTime":1786507199999,"status":"NOT_STARTED"}]},{"couponId":"6870872e89fddd2bbdec96bd","name":"V7","amount":75,"xyLevel":"V7","seckillTime":"WEEKLY","periods":[{"weekDay":3,"seckillStartTime":1785297600000,"seckillEndTime":1785470399999,"status":"ENDED"},{"weekDay":5,"seckillStartTime":1785470400000,"seckillEndTime":1785729599999,"status":"PROGRESSING"},{"weekDay":1,"seckillStartTime":1785729600000,"seckillEndTime":1785902399999,"status":"NOT_STARTED"},{"weekDay":3,"seckillStartTime":1785902400000,"seckillEndTime":1786075199999,"status":"NOT_STARTED"},{"weekDay":5,"seckillStartTime":1786075200000,"seckillEndTime":1786334399999,"status":"NOT_STARTED"},{"weekDay":1,"seckillStartTime":1786334400000,"seckillEndTime":1786507199999,"status":"NOT_STARTED"}]}]},"code":200,"errmsg":"OK"}}
============================================================
============================================================
[请求时间] 2026/8/3 11:00:27.433
[响应时间] 2026/8/3 11:00:27.573
[耗时] 140ms
[请求路径] https://pay-api.ds.163.com/v1/web/init/server/time
[请求方式] GET
[请求参数] {"query":null,"body":null}
[请求头] {"Accept":"application/json, text/plain, */*","Content-Type":"application/json;charset=UTF-8","GL-X-XSRF-TOKEN":"f3776aef-4aba-4939-bb0c-d9b6b9ad568c","User-Agent":"Mozilla/5.0 (Windows NT 10.0; Win64; x64) AppleWebKit/537.36 (KHTML, like Gecko) Chrome/122.0.0.0 Safari/537.36","Origin":"https://pay.ds.163.com","Referer":"https://pay.ds.163.com/","GL-ClientType":"60","GL-DeviceId":"9d63497c-0d37-4ef5-a718-d20f58f5816a","GL-Uid":"21c4ec56a4dc44f8825c9ec5fc7e7dc6","Accept-Encoding":"gzip, compress, deflate, br"}
[响应结果] {"httpStatus":404,"data":"<!DOCTYPE HTML PUBLIC \"-//W3C//DTD HTML 3.2 Final//EN\">\n<title>404 Not Found</title>\n<h1>Not Found</h1>\n<p>The requested URL was not found on the server. If you entered the URL manually please check your spelling and try again.</p>\n"}
============================================================
============================================================
[请求时间] 2026/8/3 11:00:27.573
[响应时间] 2026/8/3 11:00:27.711
[耗时] 138ms
[请求路径] https://pay-api.ds.163.com/api/nlogin
[请求方式] GET
[请求参数] {"query":{},"body":null}
[请求头] {"Accept":"application/json, text/plain, */*","Content-Type":"application/json;charset=UTF-8","GL-X-XSRF-TOKEN":"f3776aef-4aba-4939-bb0c-d9b6b9ad568c","User-Agent":"Mozilla/5.0 (Windows NT 10.0; Win64; x64) AppleWebKit/537.36 (KHTML, like Gecko) Chrome/122.0.0.0 Safari/537.36","Origin":"https://pay.ds.163.com","Referer":"https://pay.ds.163.com/","GL-ClientType":"60","GL-DeviceId":"9d63497c-0d37-4ef5-a718-d20f58f5816a","GL-Uid":"21c4ec56a4dc44f8825c9ec5fc7e7dc6","Accept-Encoding":"gzip, compress, deflate, br"}
[响应结果] {"httpStatus":200,"data":{"code":413,"msg":"登录失败"}}
============================================================
============================================================
[请求时间] 2026/8/3 11:32:12.530
[响应时间] 2026/8/3 11:32:12.718
[耗时] 188ms
[请求路径] https://pay-api.ds.163.com/v1/web/init/server/time
[请求方式] GET
[请求参数] {"query":null,"body":null}
[请求头] {"Accept":"application/json, text/plain, */*","Content-Type":"application/json;charset=UTF-8","User-Agent":"Mozilla/5.0 (Windows NT 10.0; Win64; x64) AppleWebKit/537.36 (KHTML, like Gecko) Chrome/122.0.0.0 Safari/537.36","Origin":"https://pay.ds.163.com","Referer":"https://pay.ds.163.com/","GL-ClientType":"60","GL-DeviceId":"9d63497c-0d37-4ef5-a718-d20f58f5816a","GL-Uid":"21c4ec56a4dc44f8825c9ec5fc7e7dc6","GL-X-XSRF-TOKEN":"f3776aef-4aba-4939-bb0c-d9b6b9ad568c","Accept-Encoding":"gzip, compress, deflate, br"}
[响应结果] {"httpStatus":404,"data":"<!DOCTYPE HTML PUBLIC \"-//W3C//DTD HTML 3.2 Final//EN\">\n<title>404 Not Found</title>\n<h1>Not Found</h1>\n<p>The requested URL was not found on the server. If you entered the URL manually please check your spelling and try again.</p>\n"}
============================================================
============================================================
[请求时间] 2026/8/3 11:32:12.716
[响应时间] 2026/8/3 11:32:12.863
[耗时] 147ms
[请求路径] https://pay-api.ds.163.com/api/nlogin
[请求方式] GET
[请求参数] {"query":{},"body":null}
[请求头] {"Accept":"application/json, text/plain, */*","Content-Type":"application/json;charset=UTF-8","GL-X-XSRF-TOKEN":"f3776aef-4aba-4939-bb0c-d9b6b9ad568c","User-Agent":"Mozilla/5.0 (Windows NT 10.0; Win64; x64) AppleWebKit/537.36 (KHTML, like Gecko) Chrome/122.0.0.0 Safari/537.36","Origin":"https://pay.ds.163.com","Referer":"https://pay.ds.163.com/","GL-ClientType":"60","GL-DeviceId":"9d63497c-0d37-4ef5-a718-d20f58f5816a","GL-Uid":"21c4ec56a4dc44f8825c9ec5fc7e7dc6","Accept-Encoding":"gzip, compress, deflate, br"}
[响应结果] {"httpStatus":200,"data":{"code":413,"msg":"登录失败"}}
============================================================
============================================================
[请求时间] 2026/8/3 11:32:12.862
[响应时间] 2026/8/3 11:32:13.043
[耗时] 181ms
[请求路径] https://inf.ds.163.com/v1/web/cooperate/plutus/cookie-exchange
[请求方式] GET
[请求参数] {"query":null,"body":null}
[请求头] {"Accept":"application/json, text/plain, */*","Content-Type":"application/json;charset=UTF-8","GL-X-XSRF-TOKEN":"f3776aef-4aba-4939-bb0c-d9b6b9ad568c","User-Agent":"Mozilla/5.0 (Windows NT 10.0; Win64; x64) AppleWebKit/537.36 (KHTML, like Gecko) Chrome/122.0.0.0 Safari/537.36","Origin":"https://pay.ds.163.com","Referer":"https://pay.ds.163.com/","GL-ClientType":"60","GL-DeviceId":"9d63497c-0d37-4ef5-a718-d20f58f5816a","GL-Uid":"21c4ec56a4dc44f8825c9ec5fc7e7dc6","Accept-Encoding":"gzip, compress, deflate, br"}
[响应结果] {"httpStatus":200,"data":{"result":{"user":{"uid":"21c4ec56a4dc44f8825c9ec5fc7e7dc6","nick":"春醉江南","icon":"https://ok.166.net/reunionpub/3_20231028_18b7450a667464651.png","intro":"","gender":2,"updateTime":1779541425917,"userSourceType":"URS"},"newUser":false},"code":200,"errmsg":"OK"}}
============================================================
============================================================
[请求时间] 2026/8/3 11:32:13.043
[响应时间] 2026/8/3 11:32:13.187
[耗时] 144ms
[请求路径] https://pay-api.ds.163.com/v1/web/init/server/time
[请求方式] GET
[请求参数] {"query":null,"body":null}
[请求头] {"Accept":"application/json, text/plain, */*","Content-Type":"application/json;charset=UTF-8","GL-X-XSRF-TOKEN":"f3776aef-4aba-4939-bb0c-d9b6b9ad568c","User-Agent":"Mozilla/5.0 (Windows NT 10.0; Win64; x64) AppleWebKit/537.36 (KHTML, like Gecko) Chrome/122.0.0.0 Safari/537.36","Origin":"https://pay.ds.163.com","Referer":"https://pay.ds.163.com/","GL-ClientType":"60","GL-DeviceId":"9d63497c-0d37-4ef5-a718-d20f58f5816a","GL-Uid":"21c4ec56a4dc44f8825c9ec5fc7e7dc6","Accept-Encoding":"gzip, compress, deflate, br"}
[响应结果] {"httpStatus":404,"data":"<!DOCTYPE HTML PUBLIC \"-//W3C//DTD HTML 3.2 Final//EN\">\n<title>404 Not Found</title>\n<h1>Not Found</h1>\n<p>The requested URL was not found on the server. If you entered the URL manually please check your spelling and try again.</p>\n"}
============================================================
============================================================
[请求时间] 2026/8/3 11:32:13.183
[响应时间] 2026/8/3 11:32:13.302
[耗时] 119ms
[请求路径] https://inf.ds.163.com/v1/web/exp/xy/user/get-info
[请求方式] POST
[请求参数] {"query":null,"body":{}}
[请求头] {"Accept":"application/json, text/plain, */*","Content-Type":"application/json;charset=UTF-8","GL-X-XSRF-TOKEN":"f3776aef-4aba-4939-bb0c-d9b6b9ad568c","User-Agent":"Mozilla/5.0 (Windows NT 10.0; Win64; x64) AppleWebKit/537.36 (KHTML, like Gecko) Chrome/122.0.0.0 Safari/537.36","Origin":"https://pay.ds.163.com","Referer":"https://pay.ds.163.com/","GL-ClientType":"60","GL-DeviceId":"9d63497c-0d37-4ef5-a718-d20f58f5816a","GL-Uid":"21c4ec56a4dc44f8825c9ec5fc7e7dc6","GL-CheckSum":"2c1fec9e89be9672afba8f4b54eab28a0ca9b518","Content-Length":"2","Accept-Encoding":"gzip, compress, deflate, br"}
[响应结果] {"httpStatus":200,"data":{"result":{"growthPoint":179413,"currentLv":"V5","diffNextLvGrowthPoint":120587,"currentLvExpireDate":"20270704","currentLvExpire":1814630400000,"nextLv":"V6","activeGames":["l36"],"last365LoginGames":["l36","h55"],"initDate":"20260704","lastLv":"V5"},"code":200,"errmsg":"OK"}}
============================================================
============================================================
[请求时间] 2026/8/3 11:32:13.299
[响应时间] 2026/8/3 11:32:13.368
[耗时] 69ms
[请求路径] https://inf.ds.163.com/v1/web/exp/week-coupon/showing-list-v2
[请求方式] POST
[请求参数] {"query":null,"body":{}}
[请求头] {"Accept":"application/json, text/plain, */*","Content-Type":"application/json;charset=UTF-8","GL-X-XSRF-TOKEN":"f3776aef-4aba-4939-bb0c-d9b6b9ad568c","User-Agent":"Mozilla/5.0 (Windows NT 10.0; Win64; x64) AppleWebKit/537.36 (KHTML, like Gecko) Chrome/122.0.0.0 Safari/537.36","Origin":"https://pay.ds.163.com","Referer":"https://pay.ds.163.com/","GL-ClientType":"60","GL-DeviceId":"9d63497c-0d37-4ef5-a718-d20f58f5816a","GL-Uid":"21c4ec56a4dc44f8825c9ec5fc7e7dc6","GL-CheckSum":"2c1fec9e89be9672afba8f4b54eab28a0ca9b518","Content-Length":"2","Accept-Encoding":"gzip, compress, deflate, br"}
[响应结果] {"httpStatus":200,"data":{"result":{"coupons":[{"couponId":"687076e69f3efd24cb2bed9c","name":"V1","amount":1,"xyLevel":"V1","seckillTime":"WEEKLY","periods":[{"weekDay":3,"seckillStartTime":1785297600000,"seckillEndTime":1785470399999,"status":"ENDED"},{"weekDay":5,"seckillStartTime":1785470400000,"seckillEndTime":1785729599999,"status":"PROGRESSING"},{"weekDay":1,"seckillStartTime":1785729600000,"seckillEndTime":1785902399999,"status":"NOT_STARTED"},{"weekDay":3,"seckillStartTime":1785902400000,"seckillEndTime":1786075199999,"status":"NOT_STARTED"},{"weekDay":5,"seckillStartTime":1786075200000,"seckillEndTime":1786334399999,"status":"NOT_STARTED"},{"weekDay":1,"seckillStartTime":1786334400000,"seckillEndTime":1786507199999,"status":"NOT_STARTED"}]},{"couponId":"68708657f56f912f57e063bf","name":"V2","amount":2,"xyLevel":"V2","seckillTime":"WEEKLY","periods":[{"weekDay":3,"seckillStartTime":1785297600000,"seckillEndTime":1785470399999,"status":"ENDED"},{"weekDay":5,"seckillStartTime":1785470400000,"seckillEndTime":1785729599999,"status":"PROGRESSING"},{"weekDay":1,"seckillStartTime":1785729600000,"seckillEndTime":1785902399999,"status":"NOT_STARTED"},{"weekDay":3,"seckillStartTime":1785902400000,"seckillEndTime":1786075199999,"status":"NOT_STARTED"},{"weekDay":5,"seckillStartTime":1786075200000,"seckillEndTime":1786334399999,"status":"NOT_STARTED"},{"weekDay":1,"seckillStartTime":1786334400000,"seckillEndTime":1786507199999,"status":"NOT_STARTED"}]},{"couponId":"6870867989fddd2bbdec96bc","name":"V3","amount":3,"xyLevel":"V3","seckillTime":"WEEKLY","periods":[{"weekDay":3,"seckillStartTime":1785297600000,"seckillEndTime":1785470399999,"status":"ENDED"},{"weekDay":5,"seckillStartTime":1785470400000,"seckillEndTime":1785729599999,"status":"PROGRESSING"},{"weekDay":1,"seckillStartTime":1785729600000,"seckillEndTime":1785902399999,"status":"NOT_STARTED"},{"weekDay":3,"seckillStartTime":1785902400000,"seckillEndTime":1786075199999,"status":"NOT_STARTED"},{"weekDay":5,"seckillStartTime":1786075200000,"seckillEndTime":1786334399999,"status":"NOT_STARTED"},{"weekDay":1,"seckillStartTime":1786334400000,"seckillEndTime":1786507199999,"status":"NOT_STARTED"}]},{"couponId":"6870869cf56f912f57e063c0","name":"V4","amount":8,"xyLevel":"V4","seckillTime":"WEEKLY","periods":[{"weekDay":3,"seckillStartTime":1785297600000,"seckillEndTime":1785470399999,"status":"ENDED"},{"weekDay":5,"seckillStartTime":1785470400000,"seckillEndTime":1785729599999,"status":"PROGRESSING"},{"weekDay":1,"seckillStartTime":1785729600000,"seckillEndTime":1785902399999,"status":"NOT_STARTED"},{"weekDay":3,"seckillStartTime":1785902400000,"seckillEndTime":1786075199999,"status":"NOT_STARTED"},{"weekDay":5,"seckillStartTime":1786075200000,"seckillEndTime":1786334399999,"status":"NOT_STARTED"},{"weekDay":1,"seckillStartTime":1786334400000,"seckillEndTime":1786507199999,"status":"NOT_STARTED"}]},{"couponId":"687086e33d0d02335c1804f4","name":"V5","amount":18,"xyLevel":"V5","seckillTime":"WEEKLY","periods":[{"weekDay":3,"seckillStartTime":1785297600000,"seckillEndTime":1785470399999,"status":"ENDED"},{"weekDay":5,"seckillStartTime":1785470400000,"seckillEndTime":1785729599999,"status":"PROGRESSING","acquiredStatus":"ACQUIRED","stockId":"687086e33d0d02335c1804f4_WEEKLY_1785470400000"},{"weekDay":1,"seckillStartTime":1785729600000,"seckillEndTime":1785902399999,"status":"NOT_STARTED"},{"weekDay":3,"seckillStartTime":1785902400000,"seckillEndTime":1786075199999,"status":"NOT_STARTED"},{"weekDay":5,"seckillStartTime":1786075200000,"seckillEndTime":1786334399999,"status":"NOT_STARTED"},{"weekDay":1,"seckillStartTime":1786334400000,"seckillEndTime":1786507199999,"status":"NOT_STARTED"}]},{"couponId":"68708705f56f912f57e063c3","name":"V6","amount":30,"xyLevel":"V6","seckillTime":"WEEKLY","periods":[{"weekDay":3,"seckillStartTime":1785297600000,"seckillEndTime":1785470399999,"status":"ENDED"},{"weekDay":5,"seckillStartTime":1785470400000,"seckillEndTime":1785729599999,"status":"PROGRESSING"},{"weekDay":1,"seckillStartTime":1785729600000,"seckillEndTime":1785902399999,"status":"NOT_STARTED"},{"weekDay":3,"seckillStartTime":1785902400000,"seckillEndTime":1786075199999,"status":"NOT_STARTED"},{"weekDay":5,"seckillStartTime":1786075200000,"seckillEndTime":1786334399999,"status":"NOT_STARTED"},{"weekDay":1,"seckillStartTime":1786334400000,"seckillEndTime":1786507199999,"status":"NOT_STARTED"}]},{"couponId":"6870872e89fddd2bbdec96bd","name":"V7","amount":75,"xyLevel":"V7","seckillTime":"WEEKLY","periods":[{"weekDay":3,"seckillStartTime":1785297600000,"seckillEndTime":1785470399999,"status":"ENDED"},{"weekDay":5,"seckillStartTime":1785470400000,"seckillEndTime":1785729599999,"status":"PROGRESSING"},{"weekDay":1,"seckillStartTime":1785729600000,"seckillEndTime":1785902399999,"status":"NOT_STARTED"},{"weekDay":3,"seckillStartTime":1785902400000,"seckillEndTime":1786075199999,"status":"NOT_STARTED"},{"weekDay":5,"seckillStartTime":1786075200000,"seckillEndTime":1786334399999,"status":"NOT_STARTED"},{"weekDay":1,"seckillStartTime":1786334400000,"seckillEndTime":1786507199999,"status":"NOT_STARTED"}]}]},"code":200,"errmsg":"OK"}}
============================================================
============================================================
[请求时间] 2026/8/3 11:32:13.762
[响应时间] 2026/8/3 11:32:13.835
[耗时] 73ms
[请求路径] https://inf.ds.163.com/v1/web/exp/week-coupon/showing-list-v2
[请求方式] POST
[请求参数] {"query":null,"body":{}}
[请求头] {"Accept":"application/json, text/plain, */*","Content-Type":"application/json;charset=UTF-8","GL-X-XSRF-TOKEN":"f3776aef-4aba-4939-bb0c-d9b6b9ad568c","User-Agent":"Mozilla/5.0 (Windows NT 10.0; Win64; x64) AppleWebKit/537.36 (KHTML, like Gecko) Chrome/122.0.0.0 Safari/537.36","Origin":"https://pay.ds.163.com","Referer":"https://pay.ds.163.com/","GL-ClientType":"60","GL-DeviceId":"9d63497c-0d37-4ef5-a718-d20f58f5816a","GL-Uid":"21c4ec56a4dc44f8825c9ec5fc7e7dc6","GL-CheckSum":"2c1fec9e89be9672afba8f4b54eab28a0ca9b518","Content-Length":"2","Accept-Encoding":"gzip, compress, deflate, br"}
[响应结果] {"httpStatus":200,"data":{"result":{"coupons":[{"couponId":"687076e69f3efd24cb2bed9c","name":"V1","amount":1,"xyLevel":"V1","seckillTime":"WEEKLY","periods":[{"weekDay":3,"seckillStartTime":1785297600000,"seckillEndTime":1785470399999,"status":"ENDED"},{"weekDay":5,"seckillStartTime":1785470400000,"seckillEndTime":1785729599999,"status":"PROGRESSING"},{"weekDay":1,"seckillStartTime":1785729600000,"seckillEndTime":1785902399999,"status":"NOT_STARTED"},{"weekDay":3,"seckillStartTime":1785902400000,"seckillEndTime":1786075199999,"status":"NOT_STARTED"},{"weekDay":5,"seckillStartTime":1786075200000,"seckillEndTime":1786334399999,"status":"NOT_STARTED"},{"weekDay":1,"seckillStartTime":1786334400000,"seckillEndTime":1786507199999,"status":"NOT_STARTED"}]},{"couponId":"68708657f56f912f57e063bf","name":"V2","amount":2,"xyLevel":"V2","seckillTime":"WEEKLY","periods":[{"weekDay":3,"seckillStartTime":1785297600000,"seckillEndTime":1785470399999,"status":"ENDED"},{"weekDay":5,"seckillStartTime":1785470400000,"seckillEndTime":1785729599999,"status":"PROGRESSING"},{"weekDay":1,"seckillStartTime":1785729600000,"seckillEndTime":1785902399999,"status":"NOT_STARTED"},{"weekDay":3,"seckillStartTime":1785902400000,"seckillEndTime":1786075199999,"status":"NOT_STARTED"},{"weekDay":5,"seckillStartTime":1786075200000,"seckillEndTime":1786334399999,"status":"NOT_STARTED"},{"weekDay":1,"seckillStartTime":1786334400000,"seckillEndTime":1786507199999,"status":"NOT_STARTED"}]},{"couponId":"6870867989fddd2bbdec96bc","name":"V3","amount":3,"xyLevel":"V3","seckillTime":"WEEKLY","periods":[{"weekDay":3,"seckillStartTime":1785297600000,"seckillEndTime":1785470399999,"status":"ENDED"},{"weekDay":5,"seckillStartTime":1785470400000,"seckillEndTime":1785729599999,"status":"PROGRESSING"},{"weekDay":1,"seckillStartTime":1785729600000,"seckillEndTime":1785902399999,"status":"NOT_STARTED"},{"weekDay":3,"seckillStartTime":1785902400000,"seckillEndTime":1786075199999,"status":"NOT_STARTED"},{"weekDay":5,"seckillStartTime":1786075200000,"seckillEndTime":1786334399999,"status":"NOT_STARTED"},{"weekDay":1,"seckillStartTime":1786334400000,"seckillEndTime":1786507199999,"status":"NOT_STARTED"}]},{"couponId":"6870869cf56f912f57e063c0","name":"V4","amount":8,"xyLevel":"V4","seckillTime":"WEEKLY","periods":[{"weekDay":3,"seckillStartTime":1785297600000,"seckillEndTime":1785470399999,"status":"ENDED"},{"weekDay":5,"seckillStartTime":1785470400000,"seckillEndTime":1785729599999,"status":"PROGRESSING"},{"weekDay":1,"seckillStartTime":1785729600000,"seckillEndTime":1785902399999,"status":"NOT_STARTED"},{"weekDay":3,"seckillStartTime":1785902400000,"seckillEndTime":1786075199999,"status":"NOT_STARTED"},{"weekDay":5,"seckillStartTime":1786075200000,"seckillEndTime":1786334399999,"status":"NOT_STARTED"},{"weekDay":1,"seckillStartTime":1786334400000,"seckillEndTime":1786507199999,"status":"NOT_STARTED"}]},{"couponId":"687086e33d0d02335c1804f4","name":"V5","amount":18,"xyLevel":"V5","seckillTime":"WEEKLY","periods":[{"weekDay":3,"seckillStartTime":1785297600000,"seckillEndTime":1785470399999,"status":"ENDED"},{"weekDay":5,"seckillStartTime":1785470400000,"seckillEndTime":1785729599999,"status":"PROGRESSING","acquiredStatus":"ACQUIRED","stockId":"687086e33d0d02335c1804f4_WEEKLY_1785470400000"},{"weekDay":1,"seckillStartTime":1785729600000,"seckillEndTime":1785902399999,"status":"NOT_STARTED"},{"weekDay":3,"seckillStartTime":1785902400000,"seckillEndTime":1786075199999,"status":"NOT_STARTED"},{"weekDay":5,"seckillStartTime":1786075200000,"seckillEndTime":1786334399999,"status":"NOT_STARTED"},{"weekDay":1,"seckillStartTime":1786334400000,"seckillEndTime":1786507199999,"status":"NOT_STARTED"}]},{"couponId":"68708705f56f912f57e063c3","name":"V6","amount":30,"xyLevel":"V6","seckillTime":"WEEKLY","periods":[{"weekDay":3,"seckillStartTime":1785297600000,"seckillEndTime":1785470399999,"status":"ENDED"},{"weekDay":5,"seckillStartTime":1785470400000,"seckillEndTime":1785729599999,"status":"PROGRESSING"},{"weekDay":1,"seckillStartTime":1785729600000,"seckillEndTime":1785902399999,"status":"NOT_STARTED"},{"weekDay":3,"seckillStartTime":1785902400000,"seckillEndTime":1786075199999,"status":"NOT_STARTED"},{"weekDay":5,"seckillStartTime":1786075200000,"seckillEndTime":1786334399999,"status":"NOT_STARTED"},{"weekDay":1,"seckillStartTime":1786334400000,"seckillEndTime":1786507199999,"status":"NOT_STARTED"}]},{"couponId":"6870872e89fddd2bbdec96bd","name":"V7","amount":75,"xyLevel":"V7","seckillTime":"WEEKLY","periods":[{"weekDay":3,"seckillStartTime":1785297600000,"seckillEndTime":1785470399999,"status":"ENDED"},{"weekDay":5,"seckillStartTime":1785470400000,"seckillEndTime":1785729599999,"status":"PROGRESSING"},{"weekDay":1,"seckillStartTime":1785729600000,"seckillEndTime":1785902399999,"status":"NOT_STARTED"},{"weekDay":3,"seckillStartTime":1785902400000,"seckillEndTime":1786075199999,"status":"NOT_STARTED"},{"weekDay":5,"seckillStartTime":1786075200000,"seckillEndTime":1786334399999,"status":"NOT_STARTED"},{"weekDay":1,"seckillStartTime":1786334400000,"seckillEndTime":1786507199999,"status":"NOT_STARTED"}]}]},"code":200,"errmsg":"OK"}}
============================================================
============================================================
[请求时间] 2026/8/3 11:32:13.834
[响应时间] 2026/8/3 11:32:13.973
[耗时] 139ms
[请求路径] https://pay-api.ds.163.com/v1/web/init/server/time
[请求方式] GET
[请求参数] {"query":null,"body":null}
[请求头] {"Accept":"application/json, text/plain, */*","Content-Type":"application/json;charset=UTF-8","GL-X-XSRF-TOKEN":"f3776aef-4aba-4939-bb0c-d9b6b9ad568c","User-Agent":"Mozilla/5.0 (Windows NT 10.0; Win64; x64) AppleWebKit/537.36 (KHTML, like Gecko) Chrome/122.0.0.0 Safari/537.36","Origin":"https://pay.ds.163.com","Referer":"https://pay.ds.163.com/","GL-ClientType":"60","GL-DeviceId":"9d63497c-0d37-4ef5-a718-d20f58f5816a","GL-Uid":"21c4ec56a4dc44f8825c9ec5fc7e7dc6","Accept-Encoding":"gzip, compress, deflate, br"}
[响应结果] {"httpStatus":404,"data":"<!DOCTYPE HTML PUBLIC \"-//W3C//DTD HTML 3.2 Final//EN\">\n<title>404 Not Found</title>\n<h1>Not Found</h1>\n<p>The requested URL was not found on the server. If you entered the URL manually please check your spelling and try again.</p>\n"}
============================================================
============================================================
[请求时间] 2026/8/3 11:32:13.972
[响应时间] 2026/8/3 11:32:14.100
[耗时] 128ms
[请求路径] https://pay-api.ds.163.com/api/nlogin
[请求方式] GET
[请求参数] {"query":{},"body":null}
[请求头] {"Accept":"application/json, text/plain, */*","Content-Type":"application/json;charset=UTF-8","GL-X-XSRF-TOKEN":"f3776aef-4aba-4939-bb0c-d9b6b9ad568c","User-Agent":"Mozilla/5.0 (Windows NT 10.0; Win64; x64) AppleWebKit/537.36 (KHTML, like Gecko) Chrome/122.0.0.0 Safari/537.36","Origin":"https://pay.ds.163.com","Referer":"https://pay.ds.163.com/","GL-ClientType":"60","GL-DeviceId":"9d63497c-0d37-4ef5-a718-d20f58f5816a","GL-Uid":"21c4ec56a4dc44f8825c9ec5fc7e7dc6","Accept-Encoding":"gzip, compress, deflate, br"}
[响应结果] {"httpStatus":200,"data":{"code":413,"msg":"登录失败"}}
============================================================
============================================================
[请求时间] 2026/8/3 11:47:51.644
[响应时间] 2026/8/3 11:47:51.836
[耗时] 192ms
[请求路径] https://pay-api.ds.163.com/v1/web/init/server/time
[请求方式] GET
[请求参数] {"query":null,"body":null}
[请求头] {"Accept":"application/json, text/plain, */*","Content-Type":"application/json;charset=UTF-8","User-Agent":"Mozilla/5.0 (Windows NT 10.0; Win64; x64) AppleWebKit/537.36 (KHTML, like Gecko) Chrome/122.0.0.0 Safari/537.36","Origin":"https://pay.ds.163.com","Referer":"https://pay.ds.163.com/","GL-ClientType":"60","GL-DeviceId":"9d63497c-0d37-4ef5-a718-d20f58f5816a","GL-Uid":"21c4ec56a4dc44f8825c9ec5fc7e7dc6","GL-X-XSRF-TOKEN":"f3776aef-4aba-4939-bb0c-d9b6b9ad568c","Accept-Encoding":"gzip, compress, deflate, br"}
[响应结果] {"httpStatus":404,"data":"<!DOCTYPE HTML PUBLIC \"-//W3C//DTD HTML 3.2 Final//EN\">\n<title>404 Not Found</title>\n<h1>Not Found</h1>\n<p>The requested URL was not found on the server. If you entered the URL manually please check your spelling and try again.</p>\n"}
============================================================
============================================================
[请求时间] 2026/8/3 11:47:51.832
[响应时间] 2026/8/3 11:47:51.972
[耗时] 140ms
[请求路径] https://pay-api.ds.163.com/api/nlogin
[请求方式] GET
[请求参数] {"query":{},"body":null}
[请求头] {"Accept":"application/json, text/plain, */*","Content-Type":"application/json;charset=UTF-8","GL-X-XSRF-TOKEN":"f3776aef-4aba-4939-bb0c-d9b6b9ad568c","User-Agent":"Mozilla/5.0 (Windows NT 10.0; Win64; x64) AppleWebKit/537.36 (KHTML, like Gecko) Chrome/122.0.0.0 Safari/537.36","Origin":"https://pay.ds.163.com","Referer":"https://pay.ds.163.com/","GL-ClientType":"60","GL-DeviceId":"9d63497c-0d37-4ef5-a718-d20f58f5816a","GL-Uid":"21c4ec56a4dc44f8825c9ec5fc7e7dc6","Accept-Encoding":"gzip, compress, deflate, br"}
[响应结果] {"httpStatus":200,"data":{"code":413,"msg":"登录失败"}}
============================================================
============================================================
[请求时间] 2026/8/3 11:47:51.972
[响应时间] 2026/8/3 11:47:52.112
[耗时] 140ms
[请求路径] https://inf.ds.163.com/v1/web/cooperate/plutus/cookie-exchange
[请求方式] GET
[请求参数] {"query":null,"body":null}
[请求头] {"Accept":"application/json, text/plain, */*","Content-Type":"application/json;charset=UTF-8","GL-X-XSRF-TOKEN":"f3776aef-4aba-4939-bb0c-d9b6b9ad568c","User-Agent":"Mozilla/5.0 (Windows NT 10.0; Win64; x64) AppleWebKit/537.36 (KHTML, like Gecko) Chrome/122.0.0.0 Safari/537.36","Origin":"https://pay.ds.163.com","Referer":"https://pay.ds.163.com/","GL-ClientType":"60","GL-DeviceId":"9d63497c-0d37-4ef5-a718-d20f58f5816a","GL-Uid":"21c4ec56a4dc44f8825c9ec5fc7e7dc6","Accept-Encoding":"gzip, compress, deflate, br"}
[响应结果] {"httpStatus":200,"data":{"result":{"user":{"uid":"21c4ec56a4dc44f8825c9ec5fc7e7dc6","nick":"春醉江南","icon":"https://ok.166.net/reunionpub/3_20231028_18b7450a667464651.png","intro":"","gender":2,"updateTime":1779541425917,"userSourceType":"URS"},"newUser":false},"code":200,"errmsg":"OK"}}
============================================================
============================================================
[请求时间] 2026/8/3 11:47:52.111
[响应时间] 2026/8/3 11:47:52.298
[耗时] 187ms
[请求路径] https://pay-api.ds.163.com/v1/web/init/server/time
[请求方式] GET
[请求参数] {"query":null,"body":null}
[请求头] {"Accept":"application/json, text/plain, */*","Content-Type":"application/json;charset=UTF-8","GL-X-XSRF-TOKEN":"f3776aef-4aba-4939-bb0c-d9b6b9ad568c","User-Agent":"Mozilla/5.0 (Windows NT 10.0; Win64; x64) AppleWebKit/537.36 (KHTML, like Gecko) Chrome/122.0.0.0 Safari/537.36","Origin":"https://pay.ds.163.com","Referer":"https://pay.ds.163.com/","GL-ClientType":"60","GL-DeviceId":"9d63497c-0d37-4ef5-a718-d20f58f5816a","GL-Uid":"21c4ec56a4dc44f8825c9ec5fc7e7dc6","Accept-Encoding":"gzip, compress, deflate, br"}
[响应结果] {"httpStatus":404,"data":"<!DOCTYPE HTML PUBLIC \"-//W3C//DTD HTML 3.2 Final//EN\">\n<title>404 Not Found</title>\n<h1>Not Found</h1>\n<p>The requested URL was not found on the server. If you entered the URL manually please check your spelling and try again.</p>\n"}
============================================================
============================================================
[请求时间] 2026/8/3 11:47:52.297
[响应时间] 2026/8/3 11:47:52.426
[耗时] 129ms
[请求路径] https://inf.ds.163.com/v1/web/exp/xy/user/get-info
[请求方式] POST
[请求参数] {"query":null,"body":{}}
[请求头] {"Accept":"application/json, text/plain, */*","Content-Type":"application/json;charset=UTF-8","GL-X-XSRF-TOKEN":"f3776aef-4aba-4939-bb0c-d9b6b9ad568c","User-Agent":"Mozilla/5.0 (Windows NT 10.0; Win64; x64) AppleWebKit/537.36 (KHTML, like Gecko) Chrome/122.0.0.0 Safari/537.36","Origin":"https://pay.ds.163.com","Referer":"https://pay.ds.163.com/","GL-ClientType":"60","GL-DeviceId":"9d63497c-0d37-4ef5-a718-d20f58f5816a","GL-Uid":"21c4ec56a4dc44f8825c9ec5fc7e7dc6","GL-CheckSum":"2c1fec9e89be9672afba8f4b54eab28a0ca9b518","Content-Length":"2","Accept-Encoding":"gzip, compress, deflate, br"}
[响应结果] {"httpStatus":200,"data":{"result":{"growthPoint":179413,"currentLv":"V5","diffNextLvGrowthPoint":120587,"currentLvExpireDate":"20270704","currentLvExpire":1814630400000,"nextLv":"V6","activeGames":["l36"],"last365LoginGames":["l36","h55"],"initDate":"20260704","lastLv":"V5"},"code":200,"errmsg":"OK"}}
============================================================
============================================================
[请求时间] 2026/8/3 11:47:52.425
[响应时间] 2026/8/3 11:47:52.479
[耗时] 54ms
[请求路径] https://inf.ds.163.com/v1/web/exp/week-coupon/showing-list-v2
[请求方式] POST
[请求参数] {"query":null,"body":{}}
[请求头] {"Accept":"application/json, text/plain, */*","Content-Type":"application/json;charset=UTF-8","GL-X-XSRF-TOKEN":"f3776aef-4aba-4939-bb0c-d9b6b9ad568c","User-Agent":"Mozilla/5.0 (Windows NT 10.0; Win64; x64) AppleWebKit/537.36 (KHTML, like Gecko) Chrome/122.0.0.0 Safari/537.36","Origin":"https://pay.ds.163.com","Referer":"https://pay.ds.163.com/","GL-ClientType":"60","GL-DeviceId":"9d63497c-0d37-4ef5-a718-d20f58f5816a","GL-Uid":"21c4ec56a4dc44f8825c9ec5fc7e7dc6","GL-CheckSum":"2c1fec9e89be9672afba8f4b54eab28a0ca9b518","Content-Length":"2","Accept-Encoding":"gzip, compress, deflate, br"}
[响应结果] {"httpStatus":200,"data":{"result":{"coupons":[{"couponId":"687076e69f3efd24cb2bed9c","name":"V1","amount":1,"xyLevel":"V1","seckillTime":"WEEKLY","periods":[{"weekDay":3,"seckillStartTime":1785297600000,"seckillEndTime":1785470399999,"status":"ENDED"},{"weekDay":5,"seckillStartTime":1785470400000,"seckillEndTime":1785729599999,"status":"PROGRESSING"},{"weekDay":1,"seckillStartTime":1785729600000,"seckillEndTime":1785902399999,"status":"NOT_STARTED"},{"weekDay":3,"seckillStartTime":1785902400000,"seckillEndTime":1786075199999,"status":"NOT_STARTED"},{"weekDay":5,"seckillStartTime":1786075200000,"seckillEndTime":1786334399999,"status":"NOT_STARTED"},{"weekDay":1,"seckillStartTime":1786334400000,"seckillEndTime":1786507199999,"status":"NOT_STARTED"}]},{"couponId":"68708657f56f912f57e063bf","name":"V2","amount":2,"xyLevel":"V2","seckillTime":"WEEKLY","periods":[{"weekDay":3,"seckillStartTime":1785297600000,"seckillEndTime":1785470399999,"status":"ENDED"},{"weekDay":5,"seckillStartTime":1785470400000,"seckillEndTime":1785729599999,"status":"PROGRESSING"},{"weekDay":1,"seckillStartTime":1785729600000,"seckillEndTime":1785902399999,"status":"NOT_STARTED"},{"weekDay":3,"seckillStartTime":1785902400000,"seckillEndTime":1786075199999,"status":"NOT_STARTED"},{"weekDay":5,"seckillStartTime":1786075200000,"seckillEndTime":1786334399999,"status":"NOT_STARTED"},{"weekDay":1,"seckillStartTime":1786334400000,"seckillEndTime":1786507199999,"status":"NOT_STARTED"}]},{"couponId":"6870867989fddd2bbdec96bc","name":"V3","amount":3,"xyLevel":"V3","seckillTime":"WEEKLY","periods":[{"weekDay":3,"seckillStartTime":1785297600000,"seckillEndTime":1785470399999,"status":"ENDED"},{"weekDay":5,"seckillStartTime":1785470400000,"seckillEndTime":1785729599999,"status":"PROGRESSING"},{"weekDay":1,"seckillStartTime":1785729600000,"seckillEndTime":1785902399999,"status":"NOT_STARTED"},{"weekDay":3,"seckillStartTime":1785902400000,"seckillEndTime":1786075199999,"status":"NOT_STARTED"},{"weekDay":5,"seckillStartTime":1786075200000,"seckillEndTime":1786334399999,"status":"NOT_STARTED"},{"weekDay":1,"seckillStartTime":1786334400000,"seckillEndTime":1786507199999,"status":"NOT_STARTED"}]},{"couponId":"6870869cf56f912f57e063c0","name":"V4","amount":8,"xyLevel":"V4","seckillTime":"WEEKLY","periods":[{"weekDay":3,"seckillStartTime":1785297600000,"seckillEndTime":1785470399999,"status":"ENDED"},{"weekDay":5,"seckillStartTime":1785470400000,"seckillEndTime":1785729599999,"status":"PROGRESSING"},{"weekDay":1,"seckillStartTime":1785729600000,"seckillEndTime":1785902399999,"status":"NOT_STARTED"},{"weekDay":3,"seckillStartTime":1785902400000,"seckillEndTime":1786075199999,"status":"NOT_STARTED"},{"weekDay":5,"seckillStartTime":1786075200000,"seckillEndTime":1786334399999,"status":"NOT_STARTED"},{"weekDay":1,"seckillStartTime":1786334400000,"seckillEndTime":1786507199999,"status":"NOT_STARTED"}]},{"couponId":"687086e33d0d02335c1804f4","name":"V5","amount":18,"xyLevel":"V5","seckillTime":"WEEKLY","periods":[{"weekDay":3,"seckillStartTime":1785297600000,"seckillEndTime":1785470399999,"status":"ENDED"},{"weekDay":5,"seckillStartTime":1785470400000,"seckillEndTime":1785729599999,"status":"PROGRESSING","acquiredStatus":"ACQUIRED","stockId":"687086e33d0d02335c1804f4_WEEKLY_1785470400000"},{"weekDay":1,"seckillStartTime":1785729600000,"seckillEndTime":1785902399999,"status":"NOT_STARTED"},{"weekDay":3,"seckillStartTime":1785902400000,"seckillEndTime":1786075199999,"status":"NOT_STARTED"},{"weekDay":5,"seckillStartTime":1786075200000,"seckillEndTime":1786334399999,"status":"NOT_STARTED"},{"weekDay":1,"seckillStartTime":1786334400000,"seckillEndTime":1786507199999,"status":"NOT_STARTED"}]},{"couponId":"68708705f56f912f57e063c3","name":"V6","amount":30,"xyLevel":"V6","seckillTime":"WEEKLY","periods":[{"weekDay":3,"seckillStartTime":1785297600000,"seckillEndTime":1785470399999,"status":"ENDED"},{"weekDay":5,"seckillStartTime":1785470400000,"seckillEndTime":1785729599999,"status":"PROGRESSING"},{"weekDay":1,"seckillStartTime":1785729600000,"seckillEndTime":1785902399999,"status":"NOT_STARTED"},{"weekDay":3,"seckillStartTime":1785902400000,"seckillEndTime":1786075199999,"status":"NOT_STARTED"},{"weekDay":5,"seckillStartTime":1786075200000,"seckillEndTime":1786334399999,"status":"NOT_STARTED"},{"weekDay":1,"seckillStartTime":1786334400000,"seckillEndTime":1786507199999,"status":"NOT_STARTED"}]},{"couponId":"6870872e89fddd2bbdec96bd","name":"V7","amount":75,"xyLevel":"V7","seckillTime":"WEEKLY","periods":[{"weekDay":3,"seckillStartTime":1785297600000,"seckillEndTime":1785470399999,"status":"ENDED"},{"weekDay":5,"seckillStartTime":1785470400000,"seckillEndTime":1785729599999,"status":"PROGRESSING"},{"weekDay":1,"seckillStartTime":1785729600000,"seckillEndTime":1785902399999,"status":"NOT_STARTED"},{"weekDay":3,"seckillStartTime":1785902400000,"seckillEndTime":1786075199999,"status":"NOT_STARTED"},{"weekDay":5,"seckillStartTime":1786075200000,"seckillEndTime":1786334399999,"status":"NOT_STARTED"},{"weekDay":1,"seckillStartTime":1786334400000,"seckillEndTime":1786507199999,"status":"NOT_STARTED"}]}]},"code":200,"errmsg":"OK"}}
============================================================
============================================================
[请求时间] 2026/8/3 11:47:52.846
[响应时间] 2026/8/3 11:47:52.919
[耗时] 73ms
[请求路径] https://inf.ds.163.com/v1/web/exp/week-coupon/showing-list-v2
[请求方式] POST
[请求参数] {"query":null,"body":{}}
[请求头] {"Accept":"application/json, text/plain, */*","Content-Type":"application/json;charset=UTF-8","GL-X-XSRF-TOKEN":"f3776aef-4aba-4939-bb0c-d9b6b9ad568c","User-Agent":"Mozilla/5.0 (Windows NT 10.0; Win64; x64) AppleWebKit/537.36 (KHTML, like Gecko) Chrome/122.0.0.0 Safari/537.36","Origin":"https://pay.ds.163.com","Referer":"https://pay.ds.163.com/","GL-ClientType":"60","GL-DeviceId":"9d63497c-0d37-4ef5-a718-d20f58f5816a","GL-Uid":"21c4ec56a4dc44f8825c9ec5fc7e7dc6","GL-CheckSum":"2c1fec9e89be9672afba8f4b54eab28a0ca9b518","Content-Length":"2","Accept-Encoding":"gzip, compress, deflate, br"}
[响应结果] {"httpStatus":200,"data":{"result":{"coupons":[{"couponId":"687076e69f3efd24cb2bed9c","name":"V1","amount":1,"xyLevel":"V1","seckillTime":"WEEKLY","periods":[{"weekDay":3,"seckillStartTime":1785297600000,"seckillEndTime":1785470399999,"status":"ENDED"},{"weekDay":5,"seckillStartTime":1785470400000,"seckillEndTime":1785729599999,"status":"PROGRESSING"},{"weekDay":1,"seckillStartTime":1785729600000,"seckillEndTime":1785902399999,"status":"NOT_STARTED"},{"weekDay":3,"seckillStartTime":1785902400000,"seckillEndTime":1786075199999,"status":"NOT_STARTED"},{"weekDay":5,"seckillStartTime":1786075200000,"seckillEndTime":1786334399999,"status":"NOT_STARTED"},{"weekDay":1,"seckillStartTime":1786334400000,"seckillEndTime":1786507199999,"status":"NOT_STARTED"}]},{"couponId":"68708657f56f912f57e063bf","name":"V2","amount":2,"xyLevel":"V2","seckillTime":"WEEKLY","periods":[{"weekDay":3,"seckillStartTime":1785297600000,"seckillEndTime":1785470399999,"status":"ENDED"},{"weekDay":5,"seckillStartTime":1785470400000,"seckillEndTime":1785729599999,"status":"PROGRESSING"},{"weekDay":1,"seckillStartTime":1785729600000,"seckillEndTime":1785902399999,"status":"NOT_STARTED"},{"weekDay":3,"seckillStartTime":1785902400000,"seckillEndTime":1786075199999,"status":"NOT_STARTED"},{"weekDay":5,"seckillStartTime":1786075200000,"seckillEndTime":1786334399999,"status":"NOT_STARTED"},{"weekDay":1,"seckillStartTime":1786334400000,"seckillEndTime":1786507199999,"status":"NOT_STARTED"}]},{"couponId":"6870867989fddd2bbdec96bc","name":"V3","amount":3,"xyLevel":"V3","seckillTime":"WEEKLY","periods":[{"weekDay":3,"seckillStartTime":1785297600000,"seckillEndTime":1785470399999,"status":"ENDED"},{"weekDay":5,"seckillStartTime":1785470400000,"seckillEndTime":1785729599999,"status":"PROGRESSING"},{"weekDay":1,"seckillStartTime":1785729600000,"seckillEndTime":1785902399999,"status":"NOT_STARTED"},{"weekDay":3,"seckillStartTime":1785902400000,"seckillEndTime":1786075199999,"status":"NOT_STARTED"},{"weekDay":5,"seckillStartTime":1786075200000,"seckillEndTime":1786334399999,"status":"NOT_STARTED"},{"weekDay":1,"seckillStartTime":1786334400000,"seckillEndTime":1786507199999,"status":"NOT_STARTED"}]},{"couponId":"6870869cf56f912f57e063c0","name":"V4","amount":8,"xyLevel":"V4","seckillTime":"WEEKLY","periods":[{"weekDay":3,"seckillStartTime":1785297600000,"seckillEndTime":1785470399999,"status":"ENDED"},{"weekDay":5,"seckillStartTime":1785470400000,"seckillEndTime":1785729599999,"status":"PROGRESSING"},{"weekDay":1,"seckillStartTime":1785729600000,"seckillEndTime":1785902399999,"status":"NOT_STARTED"},{"weekDay":3,"seckillStartTime":1785902400000,"seckillEndTime":1786075199999,"status":"NOT_STARTED"},{"weekDay":5,"seckillStartTime":1786075200000,"seckillEndTime":1786334399999,"status":"NOT_STARTED"},{"weekDay":1,"seckillStartTime":1786334400000,"seckillEndTime":1786507199999,"status":"NOT_STARTED"}]},{"couponId":"687086e33d0d02335c1804f4","name":"V5","amount":18,"xyLevel":"V5","seckillTime":"WEEKLY","periods":[{"weekDay":3,"seckillStartTime":1785297600000,"seckillEndTime":1785470399999,"status":"ENDED"},{"weekDay":5,"seckillStartTime":1785470400000,"seckillEndTime":1785729599999,"status":"PROGRESSING","acquiredStatus":"ACQUIRED","stockId":"687086e33d0d02335c1804f4_WEEKLY_1785470400000"},{"weekDay":1,"seckillStartTime":1785729600000,"seckillEndTime":1785902399999,"status":"NOT_STARTED"},{"weekDay":3,"seckillStartTime":1785902400000,"seckillEndTime":1786075199999,"status":"NOT_STARTED"},{"weekDay":5,"seckillStartTime":1786075200000,"seckillEndTime":1786334399999,"status":"NOT_STARTED"},{"weekDay":1,"seckillStartTime":1786334400000,"seckillEndTime":1786507199999,"status":"NOT_STARTED"}]},{"couponId":"68708705f56f912f57e063c3","name":"V6","amount":30,"xyLevel":"V6","seckillTime":"WEEKLY","periods":[{"weekDay":3,"seckillStartTime":1785297600000,"seckillEndTime":1785470399999,"status":"ENDED"},{"weekDay":5,"seckillStartTime":1785470400000,"seckillEndTime":1785729599999,"status":"PROGRESSING"},{"weekDay":1,"seckillStartTime":1785729600000,"seckillEndTime":1785902399999,"status":"NOT_STARTED"},{"weekDay":3,"seckillStartTime":1785902400000,"seckillEndTime":1786075199999,"status":"NOT_STARTED"},{"weekDay":5,"seckillStartTime":1786075200000,"seckillEndTime":1786334399999,"status":"NOT_STARTED"},{"weekDay":1,"seckillStartTime":1786334400000,"seckillEndTime":1786507199999,"status":"NOT_STARTED"}]},{"couponId":"6870872e89fddd2bbdec96bd","name":"V7","amount":75,"xyLevel":"V7","seckillTime":"WEEKLY","periods":[{"weekDay":3,"seckillStartTime":1785297600000,"seckillEndTime":1785470399999,"status":"ENDED"},{"weekDay":5,"seckillStartTime":1785470400000,"seckillEndTime":1785729599999,"status":"PROGRESSING"},{"weekDay":1,"seckillStartTime":1785729600000,"seckillEndTime":1785902399999,"status":"NOT_STARTED"},{"weekDay":3,"seckillStartTime":1785902400000,"seckillEndTime":1786075199999,"status":"NOT_STARTED"},{"weekDay":5,"seckillStartTime":1786075200000,"seckillEndTime":1786334399999,"status":"NOT_STARTED"},{"weekDay":1,"seckillStartTime":1786334400000,"seckillEndTime":1786507199999,"status":"NOT_STARTED"}]}]},"code":200,"errmsg":"OK"}}
============================================================
============================================================
[请求时间] 2026/8/3 11:47:52.918
[响应时间] 2026/8/3 11:47:53.066
[耗时] 148ms
[请求路径] https://pay-api.ds.163.com/v1/web/init/server/time
[请求方式] GET
[请求参数] {"query":null,"body":null}
[请求头] {"Accept":"application/json, text/plain, */*","Content-Type":"application/json;charset=UTF-8","GL-X-XSRF-TOKEN":"f3776aef-4aba-4939-bb0c-d9b6b9ad568c","User-Agent":"Mozilla/5.0 (Windows NT 10.0; Win64; x64) AppleWebKit/537.36 (KHTML, like Gecko) Chrome/122.0.0.0 Safari/537.36","Origin":"https://pay.ds.163.com","Referer":"https://pay.ds.163.com/","GL-ClientType":"60","GL-DeviceId":"9d63497c-0d37-4ef5-a718-d20f58f5816a","GL-Uid":"21c4ec56a4dc44f8825c9ec5fc7e7dc6","Accept-Encoding":"gzip, compress, deflate, br"}
[响应结果] {"httpStatus":404,"data":"<!DOCTYPE HTML PUBLIC \"-//W3C//DTD HTML 3.2 Final//EN\">\n<title>404 Not Found</title>\n<h1>Not Found</h1>\n<p>The requested URL was not found on the server. If you entered the URL manually please check your spelling and try again.</p>\n"}
============================================================
============================================================
[请求时间] 2026/8/3 11:47:53.065
[响应时间] 2026/8/3 11:47:53.200
[耗时] 135ms
[请求路径] https://pay-api.ds.163.com/api/nlogin
[请求方式] GET
[请求参数] {"query":{},"body":null}
[请求头] {"Accept":"application/json, text/plain, */*","Content-Type":"application/json;charset=UTF-8","GL-X-XSRF-TOKEN":"f3776aef-4aba-4939-bb0c-d9b6b9ad568c","User-Agent":"Mozilla/5.0 (Windows NT 10.0; Win64; x64) AppleWebKit/537.36 (KHTML, like Gecko) Chrome/122.0.0.0 Safari/537.36","Origin":"https://pay.ds.163.com","Referer":"https://pay.ds.163.com/","GL-ClientType":"60","GL-DeviceId":"9d63497c-0d37-4ef5-a718-d20f58f5816a","GL-Uid":"21c4ec56a4dc44f8825c9ec5fc7e7dc6","Accept-Encoding":"gzip, compress, deflate, br"}
[响应结果] {"httpStatus":200,"data":{"code":413,"msg":"登录失败"}}
============================================================
============================================================
[请求时间] 2026/8/3 11:57:55.602
[响应时间] 2026/8/3 11:57:55.793
[耗时] 191ms
[请求路径] https://pay-api.ds.163.com/v1/web/init/server/time
[请求方式] GET
[请求参数] {"query":null,"body":null}
[请求头] {"Accept":"application/json, text/plain, */*","Content-Type":"application/json;charset=UTF-8","User-Agent":"Mozilla/5.0 (Windows NT 10.0; Win64; x64) AppleWebKit/537.36 (KHTML, like Gecko) Chrome/122.0.0.0 Safari/537.36","Origin":"https://pay.ds.163.com","Referer":"https://pay.ds.163.com/","GL-ClientType":"60","GL-DeviceId":"9d63497c-0d37-4ef5-a718-d20f58f5816a","GL-Uid":"21c4ec56a4dc44f8825c9ec5fc7e7dc6","GL-X-XSRF-TOKEN":"f3776aef-4aba-4939-bb0c-d9b6b9ad568c","Accept-Encoding":"gzip, compress, deflate, br"}
[响应结果] {"httpStatus":404,"data":"<!DOCTYPE HTML PUBLIC \"-//W3C//DTD HTML 3.2 Final//EN\">\n<title>404 Not Found</title>\n<h1>Not Found</h1>\n<p>The requested URL was not found on the server. If you entered the URL manually please check your spelling and try again.</p>\n"}
============================================================
============================================================
[请求时间] 2026/8/3 11:57:55.792
[响应时间] 2026/8/3 11:57:55.930
[耗时] 138ms
[请求路径] https://pay-api.ds.163.com/api/nlogin
[请求方式] GET
[请求参数] {"query":{},"body":null}
[请求头] {"Accept":"application/json, text/plain, */*","Content-Type":"application/json;charset=UTF-8","GL-X-XSRF-TOKEN":"f3776aef-4aba-4939-bb0c-d9b6b9ad568c","User-Agent":"Mozilla/5.0 (Windows NT 10.0; Win64; x64) AppleWebKit/537.36 (KHTML, like Gecko) Chrome/122.0.0.0 Safari/537.36","Origin":"https://pay.ds.163.com","Referer":"https://pay.ds.163.com/","GL-ClientType":"60","GL-DeviceId":"9d63497c-0d37-4ef5-a718-d20f58f5816a","GL-Uid":"21c4ec56a4dc44f8825c9ec5fc7e7dc6","Accept-Encoding":"gzip, compress, deflate, br"}
[响应结果] {"httpStatus":200,"data":{"code":413,"msg":"登录失败"}}
============================================================
============================================================
[请求时间] 2026/8/3 11:57:55.929
[响应时间] 2026/8/3 11:57:56.097
[耗时] 168ms
[请求路径] https://inf.ds.163.com/v1/web/cooperate/plutus/cookie-exchange
[请求方式] GET
[请求参数] {"query":null,"body":null}
[请求头] {"Accept":"application/json, text/plain, */*","Content-Type":"application/json;charset=UTF-8","GL-X-XSRF-TOKEN":"f3776aef-4aba-4939-bb0c-d9b6b9ad568c","User-Agent":"Mozilla/5.0 (Windows NT 10.0; Win64; x64) AppleWebKit/537.36 (KHTML, like Gecko) Chrome/122.0.0.0 Safari/537.36","Origin":"https://pay.ds.163.com","Referer":"https://pay.ds.163.com/","GL-ClientType":"60","GL-DeviceId":"9d63497c-0d37-4ef5-a718-d20f58f5816a","GL-Uid":"21c4ec56a4dc44f8825c9ec5fc7e7dc6","Accept-Encoding":"gzip, compress, deflate, br"}
[响应结果] {"httpStatus":200,"data":{"result":{"user":{"uid":"21c4ec56a4dc44f8825c9ec5fc7e7dc6","nick":"春醉江南","icon":"https://ok.166.net/reunionpub/3_20231028_18b7450a667464651.png","intro":"","gender":2,"updateTime":1779541425917,"userSourceType":"URS"},"newUser":false},"code":200,"errmsg":"OK"}}
============================================================
============================================================
[请求时间] 2026/8/3 11:57:56.097
[响应时间] 2026/8/3 11:57:56.237
[耗时] 140ms
[请求路径] https://pay-api.ds.163.com/v1/web/init/server/time
[请求方式] GET
[请求参数] {"query":null,"body":null}
[请求头] {"Accept":"application/json, text/plain, */*","Content-Type":"application/json;charset=UTF-8","GL-X-XSRF-TOKEN":"f3776aef-4aba-4939-bb0c-d9b6b9ad568c","User-Agent":"Mozilla/5.0 (Windows NT 10.0; Win64; x64) AppleWebKit/537.36 (KHTML, like Gecko) Chrome/122.0.0.0 Safari/537.36","Origin":"https://pay.ds.163.com","Referer":"https://pay.ds.163.com/","GL-ClientType":"60","GL-DeviceId":"9d63497c-0d37-4ef5-a718-d20f58f5816a","GL-Uid":"21c4ec56a4dc44f8825c9ec5fc7e7dc6","Accept-Encoding":"gzip, compress, deflate, br"}
[响应结果] {"httpStatus":404,"data":"<!DOCTYPE HTML PUBLIC \"-//W3C//DTD HTML 3.2 Final//EN\">\n<title>404 Not Found</title>\n<h1>Not Found</h1>\n<p>The requested URL was not found on the server. If you entered the URL manually please check your spelling and try again.</p>\n"}
============================================================
============================================================
[请求时间] 2026/8/3 11:57:56.235
[响应时间] 2026/8/3 11:57:56.350
[耗时] 115ms
[请求路径] https://inf.ds.163.com/v1/web/exp/xy/user/get-info
[请求方式] POST
[请求参数] {"query":null,"body":{}}
[请求头] {"Accept":"application/json, text/plain, */*","Content-Type":"application/json;charset=UTF-8","GL-X-XSRF-TOKEN":"f3776aef-4aba-4939-bb0c-d9b6b9ad568c","User-Agent":"Mozilla/5.0 (Windows NT 10.0; Win64; x64) AppleWebKit/537.36 (KHTML, like Gecko) Chrome/122.0.0.0 Safari/537.36","Origin":"https://pay.ds.163.com","Referer":"https://pay.ds.163.com/","GL-ClientType":"60","GL-DeviceId":"9d63497c-0d37-4ef5-a718-d20f58f5816a","GL-Uid":"21c4ec56a4dc44f8825c9ec5fc7e7dc6","GL-CheckSum":"2c1fec9e89be9672afba8f4b54eab28a0ca9b518","Content-Length":"2","Accept-Encoding":"gzip, compress, deflate, br"}
[响应结果] {"httpStatus":200,"data":{"result":{"growthPoint":179413,"currentLv":"V5","diffNextLvGrowthPoint":120587,"currentLvExpireDate":"20270704","currentLvExpire":1814630400000,"nextLv":"V6","activeGames":["l36"],"last365LoginGames":["l36","h55"],"initDate":"20260704","lastLv":"V5"},"code":200,"errmsg":"OK"}}
============================================================
============================================================
[请求时间] 2026/8/3 11:57:56.349
[响应时间] 2026/8/3 11:57:56.426
[耗时] 77ms
[请求路径] https://inf.ds.163.com/v1/web/exp/week-coupon/showing-list-v2
[请求方式] POST
[请求参数] {"query":null,"body":{}}
[请求头] {"Accept":"application/json, text/plain, */*","Content-Type":"application/json;charset=UTF-8","GL-X-XSRF-TOKEN":"f3776aef-4aba-4939-bb0c-d9b6b9ad568c","User-Agent":"Mozilla/5.0 (Windows NT 10.0; Win64; x64) AppleWebKit/537.36 (KHTML, like Gecko) Chrome/122.0.0.0 Safari/537.36","Origin":"https://pay.ds.163.com","Referer":"https://pay.ds.163.com/","GL-ClientType":"60","GL-DeviceId":"9d63497c-0d37-4ef5-a718-d20f58f5816a","GL-Uid":"21c4ec56a4dc44f8825c9ec5fc7e7dc6","GL-CheckSum":"2c1fec9e89be9672afba8f4b54eab28a0ca9b518","Content-Length":"2","Accept-Encoding":"gzip, compress, deflate, br"}
[响应结果] {"httpStatus":200,"data":{"result":{"coupons":[{"couponId":"687076e69f3efd24cb2bed9c","name":"V1","amount":1,"xyLevel":"V1","seckillTime":"WEEKLY","periods":[{"weekDay":3,"seckillStartTime":1785297600000,"seckillEndTime":1785470399999,"status":"ENDED"},{"weekDay":5,"seckillStartTime":1785470400000,"seckillEndTime":1785729599999,"status":"PROGRESSING"},{"weekDay":1,"seckillStartTime":1785729600000,"seckillEndTime":1785902399999,"status":"NOT_STARTED"},{"weekDay":3,"seckillStartTime":1785902400000,"seckillEndTime":1786075199999,"status":"NOT_STARTED"},{"weekDay":5,"seckillStartTime":1786075200000,"seckillEndTime":1786334399999,"status":"NOT_STARTED"},{"weekDay":1,"seckillStartTime":1786334400000,"seckillEndTime":1786507199999,"status":"NOT_STARTED"}]},{"couponId":"68708657f56f912f57e063bf","name":"V2","amount":2,"xyLevel":"V2","seckillTime":"WEEKLY","periods":[{"weekDay":3,"seckillStartTime":1785297600000,"seckillEndTime":1785470399999,"status":"ENDED"},{"weekDay":5,"seckillStartTime":1785470400000,"seckillEndTime":1785729599999,"status":"PROGRESSING"},{"weekDay":1,"seckillStartTime":1785729600000,"seckillEndTime":1785902399999,"status":"NOT_STARTED"},{"weekDay":3,"seckillStartTime":1785902400000,"seckillEndTime":1786075199999,"status":"NOT_STARTED"},{"weekDay":5,"seckillStartTime":1786075200000,"seckillEndTime":1786334399999,"status":"NOT_STARTED"},{"weekDay":1,"seckillStartTime":1786334400000,"seckillEndTime":1786507199999,"status":"NOT_STARTED"}]},{"couponId":"6870867989fddd2bbdec96bc","name":"V3","amount":3,"xyLevel":"V3","seckillTime":"WEEKLY","periods":[{"weekDay":3,"seckillStartTime":1785297600000,"seckillEndTime":1785470399999,"status":"ENDED"},{"weekDay":5,"seckillStartTime":1785470400000,"seckillEndTime":1785729599999,"status":"PROGRESSING"},{"weekDay":1,"seckillStartTime":1785729600000,"seckillEndTime":1785902399999,"status":"NOT_STARTED"},{"weekDay":3,"seckillStartTime":1785902400000,"seckillEndTime":1786075199999,"status":"NOT_STARTED"},{"weekDay":5,"seckillStartTime":1786075200000,"seckillEndTime":1786334399999,"status":"NOT_STARTED"},{"weekDay":1,"seckillStartTime":1786334400000,"seckillEndTime":1786507199999,"status":"NOT_STARTED"}]},{"couponId":"6870869cf56f912f57e063c0","name":"V4","amount":8,"xyLevel":"V4","seckillTime":"WEEKLY","periods":[{"weekDay":3,"seckillStartTime":1785297600000,"seckillEndTime":1785470399999,"status":"ENDED"},{"weekDay":5,"seckillStartTime":1785470400000,"seckillEndTime":1785729599999,"status":"PROGRESSING"},{"weekDay":1,"seckillStartTime":1785729600000,"seckillEndTime":1785902399999,"status":"NOT_STARTED"},{"weekDay":3,"seckillStartTime":1785902400000,"seckillEndTime":1786075199999,"status":"NOT_STARTED"},{"weekDay":5,"seckillStartTime":1786075200000,"seckillEndTime":1786334399999,"status":"NOT_STARTED"},{"weekDay":1,"seckillStartTime":1786334400000,"seckillEndTime":1786507199999,"status":"NOT_STARTED"}]},{"couponId":"687086e33d0d02335c1804f4","name":"V5","amount":18,"xyLevel":"V5","seckillTime":"WEEKLY","periods":[{"weekDay":3,"seckillStartTime":1785297600000,"seckillEndTime":1785470399999,"status":"ENDED"},{"weekDay":5,"seckillStartTime":1785470400000,"seckillEndTime":1785729599999,"status":"PROGRESSING","acquiredStatus":"ACQUIRED","stockId":"687086e33d0d02335c1804f4_WEEKLY_1785470400000"},{"weekDay":1,"seckillStartTime":1785729600000,"seckillEndTime":1785902399999,"status":"NOT_STARTED"},{"weekDay":3,"seckillStartTime":1785902400000,"seckillEndTime":1786075199999,"status":"NOT_STARTED"},{"weekDay":5,"seckillStartTime":1786075200000,"seckillEndTime":1786334399999,"status":"NOT_STARTED"},{"weekDay":1,"seckillStartTime":1786334400000,"seckillEndTime":1786507199999,"status":"NOT_STARTED"}]},{"couponId":"68708705f56f912f57e063c3","name":"V6","amount":30,"xyLevel":"V6","seckillTime":"WEEKLY","periods":[{"weekDay":3,"seckillStartTime":1785297600000,"seckillEndTime":1785470399999,"status":"ENDED"},{"weekDay":5,"seckillStartTime":1785470400000,"seckillEndTime":1785729599999,"status":"PROGRESSING"},{"weekDay":1,"seckillStartTime":1785729600000,"seckillEndTime":1785902399999,"status":"NOT_STARTED"},{"weekDay":3,"seckillStartTime":1785902400000,"seckillEndTime":1786075199999,"status":"NOT_STARTED"},{"weekDay":5,"seckillStartTime":1786075200000,"seckillEndTime":1786334399999,"status":"NOT_STARTED"},{"weekDay":1,"seckillStartTime":1786334400000,"seckillEndTime":1786507199999,"status":"NOT_STARTED"}]},{"couponId":"6870872e89fddd2bbdec96bd","name":"V7","amount":75,"xyLevel":"V7","seckillTime":"WEEKLY","periods":[{"weekDay":3,"seckillStartTime":1785297600000,"seckillEndTime":1785470399999,"status":"ENDED"},{"weekDay":5,"seckillStartTime":1785470400000,"seckillEndTime":1785729599999,"status":"PROGRESSING"},{"weekDay":1,"seckillStartTime":1785729600000,"seckillEndTime":1785902399999,"status":"NOT_STARTED"},{"weekDay":3,"seckillStartTime":1785902400000,"seckillEndTime":1786075199999,"status":"NOT_STARTED"},{"weekDay":5,"seckillStartTime":1786075200000,"seckillEndTime":1786334399999,"status":"NOT_STARTED"},{"weekDay":1,"seckillStartTime":1786334400000,"seckillEndTime":1786507199999,"status":"NOT_STARTED"}]}]},"code":200,"errmsg":"OK"}}
============================================================
============================================================
[请求时间] 2026/8/3 11:57:56.787
[响应时间] 2026/8/3 11:57:56.864
[耗时] 77ms
[请求路径] https://inf.ds.163.com/v1/web/exp/week-coupon/showing-list-v2
[请求方式] POST
[请求参数] {"query":null,"body":{}}
[请求头] {"Accept":"application/json, text/plain, */*","Content-Type":"application/json;charset=UTF-8","GL-X-XSRF-TOKEN":"f3776aef-4aba-4939-bb0c-d9b6b9ad568c","User-Agent":"Mozilla/5.0 (Windows NT 10.0; Win64; x64) AppleWebKit/537.36 (KHTML, like Gecko) Chrome/122.0.0.0 Safari/537.36","Origin":"https://pay.ds.163.com","Referer":"https://pay.ds.163.com/","GL-ClientType":"60","GL-DeviceId":"9d63497c-0d37-4ef5-a718-d20f58f5816a","GL-Uid":"21c4ec56a4dc44f8825c9ec5fc7e7dc6","GL-CheckSum":"2c1fec9e89be9672afba8f4b54eab28a0ca9b518","Content-Length":"2","Accept-Encoding":"gzip, compress, deflate, br"}
[响应结果] {"httpStatus":200,"data":{"result":{"coupons":[{"couponId":"687076e69f3efd24cb2bed9c","name":"V1","amount":1,"xyLevel":"V1","seckillTime":"WEEKLY","periods":[{"weekDay":3,"seckillStartTime":1785297600000,"seckillEndTime":1785470399999,"status":"ENDED"},{"weekDay":5,"seckillStartTime":1785470400000,"seckillEndTime":1785729599999,"status":"PROGRESSING"},{"weekDay":1,"seckillStartTime":1785729600000,"seckillEndTime":1785902399999,"status":"NOT_STARTED"},{"weekDay":3,"seckillStartTime":1785902400000,"seckillEndTime":1786075199999,"status":"NOT_STARTED"},{"weekDay":5,"seckillStartTime":1786075200000,"seckillEndTime":1786334399999,"status":"NOT_STARTED"},{"weekDay":1,"seckillStartTime":1786334400000,"seckillEndTime":1786507199999,"status":"NOT_STARTED"}]},{"couponId":"68708657f56f912f57e063bf","name":"V2","amount":2,"xyLevel":"V2","seckillTime":"WEEKLY","periods":[{"weekDay":3,"seckillStartTime":1785297600000,"seckillEndTime":1785470399999,"status":"ENDED"},{"weekDay":5,"seckillStartTime":1785470400000,"seckillEndTime":1785729599999,"status":"PROGRESSING"},{"weekDay":1,"seckillStartTime":1785729600000,"seckillEndTime":1785902399999,"status":"NOT_STARTED"},{"weekDay":3,"seckillStartTime":1785902400000,"seckillEndTime":1786075199999,"status":"NOT_STARTED"},{"weekDay":5,"seckillStartTime":1786075200000,"seckillEndTime":1786334399999,"status":"NOT_STARTED"},{"weekDay":1,"seckillStartTime":1786334400000,"seckillEndTime":1786507199999,"status":"NOT_STARTED"}]},{"couponId":"6870867989fddd2bbdec96bc","name":"V3","amount":3,"xyLevel":"V3","seckillTime":"WEEKLY","periods":[{"weekDay":3,"seckillStartTime":1785297600000,"seckillEndTime":1785470399999,"status":"ENDED"},{"weekDay":5,"seckillStartTime":1785470400000,"seckillEndTime":1785729599999,"status":"PROGRESSING"},{"weekDay":1,"seckillStartTime":1785729600000,"seckillEndTime":1785902399999,"status":"NOT_STARTED"},{"weekDay":3,"seckillStartTime":1785902400000,"seckillEndTime":1786075199999,"status":"NOT_STARTED"},{"weekDay":5,"seckillStartTime":1786075200000,"seckillEndTime":1786334399999,"status":"NOT_STARTED"},{"weekDay":1,"seckillStartTime":1786334400000,"seckillEndTime":1786507199999,"status":"NOT_STARTED"}]},{"couponId":"6870869cf56f912f57e063c0","name":"V4","amount":8,"xyLevel":"V4","seckillTime":"WEEKLY","periods":[{"weekDay":3,"seckillStartTime":1785297600000,"seckillEndTime":1785470399999,"status":"ENDED"},{"weekDay":5,"seckillStartTime":1785470400000,"seckillEndTime":1785729599999,"status":"PROGRESSING"},{"weekDay":1,"seckillStartTime":1785729600000,"seckillEndTime":1785902399999,"status":"NOT_STARTED"},{"weekDay":3,"seckillStartTime":1785902400000,"seckillEndTime":1786075199999,"status":"NOT_STARTED"},{"weekDay":5,"seckillStartTime":1786075200000,"seckillEndTime":1786334399999,"status":"NOT_STARTED"},{"weekDay":1,"seckillStartTime":1786334400000,"seckillEndTime":1786507199999,"status":"NOT_STARTED"}]},{"couponId":"687086e33d0d02335c1804f4","name":"V5","amount":18,"xyLevel":"V5","seckillTime":"WEEKLY","periods":[{"weekDay":3,"seckillStartTime":1785297600000,"seckillEndTime":1785470399999,"status":"ENDED"},{"weekDay":5,"seckillStartTime":1785470400000,"seckillEndTime":1785729599999,"status":"PROGRESSING","acquiredStatus":"ACQUIRED","stockId":"687086e33d0d02335c1804f4_WEEKLY_1785470400000"},{"weekDay":1,"seckillStartTime":1785729600000,"seckillEndTime":1785902399999,"status":"NOT_STARTED"},{"weekDay":3,"seckillStartTime":1785902400000,"seckillEndTime":1786075199999,"status":"NOT_STARTED"},{"weekDay":5,"seckillStartTime":1786075200000,"seckillEndTime":1786334399999,"status":"NOT_STARTED"},{"weekDay":1,"seckillStartTime":1786334400000,"seckillEndTime":1786507199999,"status":"NOT_STARTED"}]},{"couponId":"68708705f56f912f57e063c3","name":"V6","amount":30,"xyLevel":"V6","seckillTime":"WEEKLY","periods":[{"weekDay":3,"seckillStartTime":1785297600000,"seckillEndTime":1785470399999,"status":"ENDED"},{"weekDay":5,"seckillStartTime":1785470400000,"seckillEndTime":1785729599999,"status":"PROGRESSING"},{"weekDay":1,"seckillStartTime":1785729600000,"seckillEndTime":1785902399999,"status":"NOT_STARTED"},{"weekDay":3,"seckillStartTime":1785902400000,"seckillEndTime":1786075199999,"status":"NOT_STARTED"},{"weekDay":5,"seckillStartTime":1786075200000,"seckillEndTime":1786334399999,"status":"NOT_STARTED"},{"weekDay":1,"seckillStartTime":1786334400000,"seckillEndTime":1786507199999,"status":"NOT_STARTED"}]},{"couponId":"6870872e89fddd2bbdec96bd","name":"V7","amount":75,"xyLevel":"V7","seckillTime":"WEEKLY","periods":[{"weekDay":3,"seckillStartTime":1785297600000,"seckillEndTime":1785470399999,"status":"ENDED"},{"weekDay":5,"seckillStartTime":1785470400000,"seckillEndTime":1785729599999,"status":"PROGRESSING"},{"weekDay":1,"seckillStartTime":1785729600000,"seckillEndTime":1785902399999,"status":"NOT_STARTED"},{"weekDay":3,"seckillStartTime":1785902400000,"seckillEndTime":1786075199999,"status":"NOT_STARTED"},{"weekDay":5,"seckillStartTime":1786075200000,"seckillEndTime":1786334399999,"status":"NOT_STARTED"},{"weekDay":1,"seckillStartTime":1786334400000,"seckillEndTime":1786507199999,"status":"NOT_STARTED"}]}]},"code":200,"errmsg":"OK"}}
============================================================
============================================================
[请求时间] 2026/8/3 11:57:56.863
[响应时间] 2026/8/3 11:57:57.004
[耗时] 141ms
[请求路径] https://pay-api.ds.163.com/v1/web/init/server/time
[请求方式] GET
[请求参数] {"query":null,"body":null}
[请求头] {"Accept":"application/json, text/plain, */*","Content-Type":"application/json;charset=UTF-8","GL-X-XSRF-TOKEN":"f3776aef-4aba-4939-bb0c-d9b6b9ad568c","User-Agent":"Mozilla/5.0 (Windows NT 10.0; Win64; x64) AppleWebKit/537.36 (KHTML, like Gecko) Chrome/122.0.0.0 Safari/537.36","Origin":"https://pay.ds.163.com","Referer":"https://pay.ds.163.com/","GL-ClientType":"60","GL-DeviceId":"9d63497c-0d37-4ef5-a718-d20f58f5816a","GL-Uid":"21c4ec56a4dc44f8825c9ec5fc7e7dc6","Accept-Encoding":"gzip, compress, deflate, br"}
[响应结果] {"httpStatus":404,"data":"<!DOCTYPE HTML PUBLIC \"-//W3C//DTD HTML 3.2 Final//EN\">\n<title>404 Not Found</title>\n<h1>Not Found</h1>\n<p>The requested URL was not found on the server. If you entered the URL manually please check your spelling and try again.</p>\n"}
============================================================
============================================================
[请求时间] 2026/8/3 11:57:57.003
[响应时间] 2026/8/3 11:57:57.153
[耗时] 150ms
[请求路径] https://pay-api.ds.163.com/api/nlogin
[请求方式] GET
[请求参数] {"query":{},"body":null}
[请求头] {"Accept":"application/json, text/plain, */*","Content-Type":"application/json;charset=UTF-8","GL-X-XSRF-TOKEN":"f3776aef-4aba-4939-bb0c-d9b6b9ad568c","User-Agent":"Mozilla/5.0 (Windows NT 10.0; Win64; x64) AppleWebKit/537.36 (KHTML, like Gecko) Chrome/122.0.0.0 Safari/537.36","Origin":"https://pay.ds.163.com","Referer":"https://pay.ds.163.com/","GL-ClientType":"60","GL-DeviceId":"9d63497c-0d37-4ef5-a718-d20f58f5816a","GL-Uid":"21c4ec56a4dc44f8825c9ec5fc7e7dc6","Accept-Encoding":"gzip, compress, deflate, br"}
[响应结果] {"httpStatus":200,"data":{"code":413,"msg":"登录失败"}}
============================================================
============================================================
[请求时间] 2026/8/3 11:59:45.016
[响应时间] 2026/8/3 11:59:45.186
[耗时] 170ms
[请求路径] https://pay-api.ds.163.com/v1/web/init/server/time
[请求方式] GET
[请求参数] {"query":null,"body":null}
[请求头] {"Accept":"application/json, text/plain, */*","Content-Type":"application/json;charset=UTF-8","GL-X-XSRF-TOKEN":"f3776aef-4aba-4939-bb0c-d9b6b9ad568c","User-Agent":"Mozilla/5.0 (Windows NT 10.0; Win64; x64) AppleWebKit/537.36 (KHTML, like Gecko) Chrome/122.0.0.0 Safari/537.36","Origin":"https://pay.ds.163.com","Referer":"https://pay.ds.163.com/","GL-ClientType":"60","GL-DeviceId":"9d63497c-0d37-4ef5-a718-d20f58f5816a","GL-Uid":"21c4ec56a4dc44f8825c9ec5fc7e7dc6","Accept-Encoding":"gzip, compress, deflate, br"}
[响应结果] {"httpStatus":404,"data":"<!DOCTYPE HTML PUBLIC \"-//W3C//DTD HTML 3.2 Final//EN\">\n<title>404 Not Found</title>\n<h1>Not Found</h1>\n<p>The requested URL was not found on the server. If you entered the URL manually please check your spelling and try again.</p>\n"}
============================================================
============================================================
[请求时间] 2026/8/3 11:59:45.185
[响应时间] 2026/8/3 11:59:45.328
[耗时] 143ms
[请求路径] https://pay-api.ds.163.com/api/nlogin
[请求方式] GET
[请求参数] {"query":{},"body":null}
[请求头] {"Accept":"application/json, text/plain, */*","Content-Type":"application/json;charset=UTF-8","GL-X-XSRF-TOKEN":"f3776aef-4aba-4939-bb0c-d9b6b9ad568c","User-Agent":"Mozilla/5.0 (Windows NT 10.0; Win64; x64) AppleWebKit/537.36 (KHTML, like Gecko) Chrome/122.0.0.0 Safari/537.36","Origin":"https://pay.ds.163.com","Referer":"https://pay.ds.163.com/","GL-ClientType":"60","GL-DeviceId":"9d63497c-0d37-4ef5-a718-d20f58f5816a","GL-Uid":"21c4ec56a4dc44f8825c9ec5fc7e7dc6","Accept-Encoding":"gzip, compress, deflate, br"}
[响应结果] {"httpStatus":200,"data":{"code":413,"msg":"登录失败"}}
============================================================
============================================================
[请求时间] 2026/8/3 11:59:45.327
[响应时间] 2026/8/3 11:59:45.456
[耗时] 129ms
[请求路径] https://inf.ds.163.com/v1/web/cooperate/plutus/cookie-exchange
[请求方式] GET
[请求参数] {"query":null,"body":null}
[请求头] {"Accept":"application/json, text/plain, */*","Content-Type":"application/json;charset=UTF-8","GL-X-XSRF-TOKEN":"f3776aef-4aba-4939-bb0c-d9b6b9ad568c","User-Agent":"Mozilla/5.0 (Windows NT 10.0; Win64; x64) AppleWebKit/537.36 (KHTML, like Gecko) Chrome/122.0.0.0 Safari/537.36","Origin":"https://pay.ds.163.com","Referer":"https://pay.ds.163.com/","GL-ClientType":"60","GL-DeviceId":"9d63497c-0d37-4ef5-a718-d20f58f5816a","GL-Uid":"21c4ec56a4dc44f8825c9ec5fc7e7dc6","Accept-Encoding":"gzip, compress, deflate, br"}
[响应结果] {"httpStatus":200,"data":{"result":{"user":{"uid":"21c4ec56a4dc44f8825c9ec5fc7e7dc6","nick":"春醉江南","icon":"https://ok.166.net/reunionpub/3_20231028_18b7450a667464651.png","intro":"","gender":2,"updateTime":1779541425917,"userSourceType":"URS"},"newUser":false},"code":200,"errmsg":"OK"}}
============================================================
============================================================
[请求时间] 2026/8/3 11:59:45.455
[响应时间] 2026/8/3 11:59:45.594
[耗时] 139ms
[请求路径] https://pay-api.ds.163.com/v1/web/init/server/time
[请求方式] GET
[请求参数] {"query":null,"body":null}
[请求头] {"Accept":"application/json, text/plain, */*","Content-Type":"application/json;charset=UTF-8","GL-X-XSRF-TOKEN":"f3776aef-4aba-4939-bb0c-d9b6b9ad568c","User-Agent":"Mozilla/5.0 (Windows NT 10.0; Win64; x64) AppleWebKit/537.36 (KHTML, like Gecko) Chrome/122.0.0.0 Safari/537.36","Origin":"https://pay.ds.163.com","Referer":"https://pay.ds.163.com/","GL-ClientType":"60","GL-DeviceId":"9d63497c-0d37-4ef5-a718-d20f58f5816a","GL-Uid":"21c4ec56a4dc44f8825c9ec5fc7e7dc6","Accept-Encoding":"gzip, compress, deflate, br"}
[响应结果] {"httpStatus":404,"data":"<!DOCTYPE HTML PUBLIC \"-//W3C//DTD HTML 3.2 Final//EN\">\n<title>404 Not Found</title>\n<h1>Not Found</h1>\n<p>The requested URL was not found on the server. If you entered the URL manually please check your spelling and try again.</p>\n"}
============================================================
============================================================
[请求时间] 2026/8/3 11:59:45.593
[响应时间] 2026/8/3 11:59:45.672
[耗时] 79ms
[请求路径] https://inf.ds.163.com/v1/web/exp/xy/user/get-info
[请求方式] POST
[请求参数] {"query":null,"body":{}}
[请求头] {"Accept":"application/json, text/plain, */*","Content-Type":"application/json;charset=UTF-8","GL-X-XSRF-TOKEN":"f3776aef-4aba-4939-bb0c-d9b6b9ad568c","User-Agent":"Mozilla/5.0 (Windows NT 10.0; Win64; x64) AppleWebKit/537.36 (KHTML, like Gecko) Chrome/122.0.0.0 Safari/537.36","Origin":"https://pay.ds.163.com","Referer":"https://pay.ds.163.com/","GL-ClientType":"60","GL-DeviceId":"9d63497c-0d37-4ef5-a718-d20f58f5816a","GL-Uid":"21c4ec56a4dc44f8825c9ec5fc7e7dc6","GL-CheckSum":"2c1fec9e89be9672afba8f4b54eab28a0ca9b518","Content-Length":"2","Accept-Encoding":"gzip, compress, deflate, br"}
[响应结果] {"httpStatus":200,"data":{"result":{"growthPoint":179413,"currentLv":"V5","diffNextLvGrowthPoint":120587,"currentLvExpireDate":"20270704","currentLvExpire":1814630400000,"nextLv":"V6","activeGames":["l36"],"last365LoginGames":["l36","h55"],"initDate":"20260704","lastLv":"V5"},"code":200,"errmsg":"OK"}}
============================================================
============================================================
[请求时间] 2026/8/3 11:59:45.671
[响应时间] 2026/8/3 11:59:45.751
[耗时] 80ms
[请求路径] https://inf.ds.163.com/v1/web/exp/week-coupon/showing-list-v2
[请求方式] POST
[请求参数] {"query":null,"body":{}}
[请求头] {"Accept":"application/json, text/plain, */*","Content-Type":"application/json;charset=UTF-8","GL-X-XSRF-TOKEN":"f3776aef-4aba-4939-bb0c-d9b6b9ad568c","User-Agent":"Mozilla/5.0 (Windows NT 10.0; Win64; x64) AppleWebKit/537.36 (KHTML, like Gecko) Chrome/122.0.0.0 Safari/537.36","Origin":"https://pay.ds.163.com","Referer":"https://pay.ds.163.com/","GL-ClientType":"60","GL-DeviceId":"9d63497c-0d37-4ef5-a718-d20f58f5816a","GL-Uid":"21c4ec56a4dc44f8825c9ec5fc7e7dc6","GL-CheckSum":"2c1fec9e89be9672afba8f4b54eab28a0ca9b518","Content-Length":"2","Accept-Encoding":"gzip, compress, deflate, br"}
[响应结果] {"httpStatus":200,"data":{"result":{"coupons":[{"couponId":"687076e69f3efd24cb2bed9c","name":"V1","amount":1,"xyLevel":"V1","seckillTime":"WEEKLY","periods":[{"weekDay":3,"seckillStartTime":1785297600000,"seckillEndTime":1785470399999,"status":"ENDED"},{"weekDay":5,"seckillStartTime":1785470400000,"seckillEndTime":1785729599999,"status":"PROGRESSING"},{"weekDay":1,"seckillStartTime":1785729600000,"seckillEndTime":1785902399999,"status":"NOT_STARTED"},{"weekDay":3,"seckillStartTime":1785902400000,"seckillEndTime":1786075199999,"status":"NOT_STARTED"},{"weekDay":5,"seckillStartTime":1786075200000,"seckillEndTime":1786334399999,"status":"NOT_STARTED"},{"weekDay":1,"seckillStartTime":1786334400000,"seckillEndTime":1786507199999,"status":"NOT_STARTED"}]},{"couponId":"68708657f56f912f57e063bf","name":"V2","amount":2,"xyLevel":"V2","seckillTime":"WEEKLY","periods":[{"weekDay":3,"seckillStartTime":1785297600000,"seckillEndTime":1785470399999,"status":"ENDED"},{"weekDay":5,"seckillStartTime":1785470400000,"seckillEndTime":1785729599999,"status":"PROGRESSING"},{"weekDay":1,"seckillStartTime":1785729600000,"seckillEndTime":1785902399999,"status":"NOT_STARTED"},{"weekDay":3,"seckillStartTime":1785902400000,"seckillEndTime":1786075199999,"status":"NOT_STARTED"},{"weekDay":5,"seckillStartTime":1786075200000,"seckillEndTime":1786334399999,"status":"NOT_STARTED"},{"weekDay":1,"seckillStartTime":1786334400000,"seckillEndTime":1786507199999,"status":"NOT_STARTED"}]},{"couponId":"6870867989fddd2bbdec96bc","name":"V3","amount":3,"xyLevel":"V3","seckillTime":"WEEKLY","periods":[{"weekDay":3,"seckillStartTime":1785297600000,"seckillEndTime":1785470399999,"status":"ENDED"},{"weekDay":5,"seckillStartTime":1785470400000,"seckillEndTime":1785729599999,"status":"PROGRESSING"},{"weekDay":1,"seckillStartTime":1785729600000,"seckillEndTime":1785902399999,"status":"NOT_STARTED"},{"weekDay":3,"seckillStartTime":1785902400000,"seckillEndTime":1786075199999,"status":"NOT_STARTED"},{"weekDay":5,"seckillStartTime":1786075200000,"seckillEndTime":1786334399999,"status":"NOT_STARTED"},{"weekDay":1,"seckillStartTime":1786334400000,"seckillEndTime":1786507199999,"status":"NOT_STARTED"}]},{"couponId":"6870869cf56f912f57e063c0","name":"V4","amount":8,"xyLevel":"V4","seckillTime":"WEEKLY","periods":[{"weekDay":3,"seckillStartTime":1785297600000,"seckillEndTime":1785470399999,"status":"ENDED"},{"weekDay":5,"seckillStartTime":1785470400000,"seckillEndTime":1785729599999,"status":"PROGRESSING"},{"weekDay":1,"seckillStartTime":1785729600000,"seckillEndTime":1785902399999,"status":"NOT_STARTED"},{"weekDay":3,"seckillStartTime":1785902400000,"seckillEndTime":1786075199999,"status":"NOT_STARTED"},{"weekDay":5,"seckillStartTime":1786075200000,"seckillEndTime":1786334399999,"status":"NOT_STARTED"},{"weekDay":1,"seckillStartTime":1786334400000,"seckillEndTime":1786507199999,"status":"NOT_STARTED"}]},{"couponId":"687086e33d0d02335c1804f4","name":"V5","amount":18,"xyLevel":"V5","seckillTime":"WEEKLY","periods":[{"weekDay":3,"seckillStartTime":1785297600000,"seckillEndTime":1785470399999,"status":"ENDED"},{"weekDay":5,"seckillStartTime":1785470400000,"seckillEndTime":1785729599999,"status":"PROGRESSING","acquiredStatus":"ACQUIRED","stockId":"687086e33d0d02335c1804f4_WEEKLY_1785470400000"},{"weekDay":1,"seckillStartTime":1785729600000,"seckillEndTime":1785902399999,"status":"NOT_STARTED"},{"weekDay":3,"seckillStartTime":1785902400000,"seckillEndTime":1786075199999,"status":"NOT_STARTED"},{"weekDay":5,"seckillStartTime":1786075200000,"seckillEndTime":1786334399999,"status":"NOT_STARTED"},{"weekDay":1,"seckillStartTime":1786334400000,"seckillEndTime":1786507199999,"status":"NOT_STARTED"}]},{"couponId":"68708705f56f912f57e063c3","name":"V6","amount":30,"xyLevel":"V6","seckillTime":"WEEKLY","periods":[{"weekDay":3,"seckillStartTime":1785297600000,"seckillEndTime":1785470399999,"status":"ENDED"},{"weekDay":5,"seckillStartTime":1785470400000,"seckillEndTime":1785729599999,"status":"PROGRESSING"},{"weekDay":1,"seckillStartTime":1785729600000,"seckillEndTime":1785902399999,"status":"NOT_STARTED"},{"weekDay":3,"seckillStartTime":1785902400000,"seckillEndTime":1786075199999,"status":"NOT_STARTED"},{"weekDay":5,"seckillStartTime":1786075200000,"seckillEndTime":1786334399999,"status":"NOT_STARTED"},{"weekDay":1,"seckillStartTime":1786334400000,"seckillEndTime":1786507199999,"status":"NOT_STARTED"}]},{"couponId":"6870872e89fddd2bbdec96bd","name":"V7","amount":75,"xyLevel":"V7","seckillTime":"WEEKLY","periods":[{"weekDay":3,"seckillStartTime":1785297600000,"seckillEndTime":1785470399999,"status":"ENDED"},{"weekDay":5,"seckillStartTime":1785470400000,"seckillEndTime":1785729599999,"status":"PROGRESSING"},{"weekDay":1,"seckillStartTime":1785729600000,"seckillEndTime":1785902399999,"status":"NOT_STARTED"},{"weekDay":3,"seckillStartTime":1785902400000,"seckillEndTime":1786075199999,"status":"NOT_STARTED"},{"weekDay":5,"seckillStartTime":1786075200000,"seckillEndTime":1786334399999,"status":"NOT_STARTED"},{"weekDay":1,"seckillStartTime":1786334400000,"seckillEndTime":1786507199999,"status":"NOT_STARTED"}]}]},"code":200,"errmsg":"OK"}}
============================================================
============================================================
[请求时间] 2026/8/3 11:59:45.892
[响应时间] 2026/8/3 11:59:45.974
[耗时] 82ms
[请求路径] https://inf.ds.163.com/v1/web/exp/week-coupon/showing-list-v2
[请求方式] POST
[请求参数] {"query":null,"body":{}}
[请求头] {"Accept":"application/json, text/plain, */*","Content-Type":"application/json;charset=UTF-8","GL-X-XSRF-TOKEN":"f3776aef-4aba-4939-bb0c-d9b6b9ad568c","User-Agent":"Mozilla/5.0 (Windows NT 10.0; Win64; x64) AppleWebKit/537.36 (KHTML, like Gecko) Chrome/122.0.0.0 Safari/537.36","Origin":"https://pay.ds.163.com","Referer":"https://pay.ds.163.com/","GL-ClientType":"60","GL-DeviceId":"9d63497c-0d37-4ef5-a718-d20f58f5816a","GL-Uid":"21c4ec56a4dc44f8825c9ec5fc7e7dc6","GL-CheckSum":"2c1fec9e89be9672afba8f4b54eab28a0ca9b518","Content-Length":"2","Accept-Encoding":"gzip, compress, deflate, br"}
[响应结果] {"httpStatus":200,"data":{"result":{"coupons":[{"couponId":"687076e69f3efd24cb2bed9c","name":"V1","amount":1,"xyLevel":"V1","seckillTime":"WEEKLY","periods":[{"weekDay":3,"seckillStartTime":1785297600000,"seckillEndTime":1785470399999,"status":"ENDED"},{"weekDay":5,"seckillStartTime":1785470400000,"seckillEndTime":1785729599999,"status":"PROGRESSING"},{"weekDay":1,"seckillStartTime":1785729600000,"seckillEndTime":1785902399999,"status":"NOT_STARTED"},{"weekDay":3,"seckillStartTime":1785902400000,"seckillEndTime":1786075199999,"status":"NOT_STARTED"},{"weekDay":5,"seckillStartTime":1786075200000,"seckillEndTime":1786334399999,"status":"NOT_STARTED"},{"weekDay":1,"seckillStartTime":1786334400000,"seckillEndTime":1786507199999,"status":"NOT_STARTED"}]},{"couponId":"68708657f56f912f57e063bf","name":"V2","amount":2,"xyLevel":"V2","seckillTime":"WEEKLY","periods":[{"weekDay":3,"seckillStartTime":1785297600000,"seckillEndTime":1785470399999,"status":"ENDED"},{"weekDay":5,"seckillStartTime":1785470400000,"seckillEndTime":1785729599999,"status":"PROGRESSING"},{"weekDay":1,"seckillStartTime":1785729600000,"seckillEndTime":1785902399999,"status":"NOT_STARTED"},{"weekDay":3,"seckillStartTime":1785902400000,"seckillEndTime":1786075199999,"status":"NOT_STARTED"},{"weekDay":5,"seckillStartTime":1786075200000,"seckillEndTime":1786334399999,"status":"NOT_STARTED"},{"weekDay":1,"seckillStartTime":1786334400000,"seckillEndTime":1786507199999,"status":"NOT_STARTED"}]},{"couponId":"6870867989fddd2bbdec96bc","name":"V3","amount":3,"xyLevel":"V3","seckillTime":"WEEKLY","periods":[{"weekDay":3,"seckillStartTime":1785297600000,"seckillEndTime":1785470399999,"status":"ENDED"},{"weekDay":5,"seckillStartTime":1785470400000,"seckillEndTime":1785729599999,"status":"PROGRESSING"},{"weekDay":1,"seckillStartTime":1785729600000,"seckillEndTime":1785902399999,"status":"NOT_STARTED"},{"weekDay":3,"seckillStartTime":1785902400000,"seckillEndTime":1786075199999,"status":"NOT_STARTED"},{"weekDay":5,"seckillStartTime":1786075200000,"seckillEndTime":1786334399999,"status":"NOT_STARTED"},{"weekDay":1,"seckillStartTime":1786334400000,"seckillEndTime":1786507199999,"status":"NOT_STARTED"}]},{"couponId":"6870869cf56f912f57e063c0","name":"V4","amount":8,"xyLevel":"V4","seckillTime":"WEEKLY","periods":[{"weekDay":3,"seckillStartTime":1785297600000,"seckillEndTime":1785470399999,"status":"ENDED"},{"weekDay":5,"seckillStartTime":1785470400000,"seckillEndTime":1785729599999,"status":"PROGRESSING"},{"weekDay":1,"seckillStartTime":1785729600000,"seckillEndTime":1785902399999,"status":"NOT_STARTED"},{"weekDay":3,"seckillStartTime":1785902400000,"seckillEndTime":1786075199999,"status":"NOT_STARTED"},{"weekDay":5,"seckillStartTime":1786075200000,"seckillEndTime":1786334399999,"status":"NOT_STARTED"},{"weekDay":1,"seckillStartTime":1786334400000,"seckillEndTime":1786507199999,"status":"NOT_STARTED"}]},{"couponId":"687086e33d0d02335c1804f4","name":"V5","amount":18,"xyLevel":"V5","seckillTime":"WEEKLY","periods":[{"weekDay":3,"seckillStartTime":1785297600000,"seckillEndTime":1785470399999,"status":"ENDED"},{"weekDay":5,"seckillStartTime":1785470400000,"seckillEndTime":1785729599999,"status":"PROGRESSING","acquiredStatus":"ACQUIRED","stockId":"687086e33d0d02335c1804f4_WEEKLY_1785470400000"},{"weekDay":1,"seckillStartTime":1785729600000,"seckillEndTime":1785902399999,"status":"NOT_STARTED"},{"weekDay":3,"seckillStartTime":1785902400000,"seckillEndTime":1786075199999,"status":"NOT_STARTED"},{"weekDay":5,"seckillStartTime":1786075200000,"seckillEndTime":1786334399999,"status":"NOT_STARTED"},{"weekDay":1,"seckillStartTime":1786334400000,"seckillEndTime":1786507199999,"status":"NOT_STARTED"}]},{"couponId":"68708705f56f912f57e063c3","name":"V6","amount":30,"xyLevel":"V6","seckillTime":"WEEKLY","periods":[{"weekDay":3,"seckillStartTime":1785297600000,"seckillEndTime":1785470399999,"status":"ENDED"},{"weekDay":5,"seckillStartTime":1785470400000,"seckillEndTime":1785729599999,"status":"PROGRESSING"},{"weekDay":1,"seckillStartTime":1785729600000,"seckillEndTime":1785902399999,"status":"NOT_STARTED"},{"weekDay":3,"seckillStartTime":1785902400000,"seckillEndTime":1786075199999,"status":"NOT_STARTED"},{"weekDay":5,"seckillStartTime":1786075200000,"seckillEndTime":1786334399999,"status":"NOT_STARTED"},{"weekDay":1,"seckillStartTime":1786334400000,"seckillEndTime":1786507199999,"status":"NOT_STARTED"}]},{"couponId":"6870872e89fddd2bbdec96bd","name":"V7","amount":75,"xyLevel":"V7","seckillTime":"WEEKLY","periods":[{"weekDay":3,"seckillStartTime":1785297600000,"seckillEndTime":1785470399999,"status":"ENDED"},{"weekDay":5,"seckillStartTime":1785470400000,"seckillEndTime":1785729599999,"status":"PROGRESSING"},{"weekDay":1,"seckillStartTime":1785729600000,"seckillEndTime":1785902399999,"status":"NOT_STARTED"},{"weekDay":3,"seckillStartTime":1785902400000,"seckillEndTime":1786075199999,"status":"NOT_STARTED"},{"weekDay":5,"seckillStartTime":1786075200000,"seckillEndTime":1786334399999,"status":"NOT_STARTED"},{"weekDay":1,"seckillStartTime":1786334400000,"seckillEndTime":1786507199999,"status":"NOT_STARTED"}]}]},"code":200,"errmsg":"OK"}}
============================================================
============================================================
[请求时间] 2026/8/3 11:59:45.973
[响应时间] 2026/8/3 11:59:46.111
[耗时] 138ms
[请求路径] https://pay-api.ds.163.com/v1/web/init/server/time
[请求方式] GET
[请求参数] {"query":null,"body":null}
[请求头] {"Accept":"application/json, text/plain, */*","Content-Type":"application/json;charset=UTF-8","GL-X-XSRF-TOKEN":"f3776aef-4aba-4939-bb0c-d9b6b9ad568c","User-Agent":"Mozilla/5.0 (Windows NT 10.0; Win64; x64) AppleWebKit/537.36 (KHTML, like Gecko) Chrome/122.0.0.0 Safari/537.36","Origin":"https://pay.ds.163.com","Referer":"https://pay.ds.163.com/","GL-ClientType":"60","GL-DeviceId":"9d63497c-0d37-4ef5-a718-d20f58f5816a","GL-Uid":"21c4ec56a4dc44f8825c9ec5fc7e7dc6","Accept-Encoding":"gzip, compress, deflate, br"}
[响应结果] {"httpStatus":404,"data":"<!DOCTYPE HTML PUBLIC \"-//W3C//DTD HTML 3.2 Final//EN\">\n<title>404 Not Found</title>\n<h1>Not Found</h1>\n<p>The requested URL was not found on the server. If you entered the URL manually please check your spelling and try again.</p>\n"}
============================================================
============================================================
[请求时间] 2026/8/3 11:59:58.417
[响应时间] 2026/8/3 11:59:58.572
[耗时] 155ms
[请求路径] https://pay-api.ds.163.com/v1/web/init/server/time
[请求方式] GET
[请求参数] {"query":null,"body":null}
[请求头] {"Accept":"application/json, text/plain, */*","Content-Type":"application/json;charset=UTF-8","GL-X-XSRF-TOKEN":"f3776aef-4aba-4939-bb0c-d9b6b9ad568c","User-Agent":"Mozilla/5.0 (Windows NT 10.0; Win64; x64) AppleWebKit/537.36 (KHTML, like Gecko) Chrome/122.0.0.0 Safari/537.36","Origin":"https://pay.ds.163.com","Referer":"https://pay.ds.163.com/","GL-ClientType":"60","GL-DeviceId":"9d63497c-0d37-4ef5-a718-d20f58f5816a","GL-Uid":"21c4ec56a4dc44f8825c9ec5fc7e7dc6","Accept-Encoding":"gzip, compress, deflate, br"}
[响应结果] {"httpStatus":404,"data":"<!DOCTYPE HTML PUBLIC \"-//W3C//DTD HTML 3.2 Final//EN\">\n<title>404 Not Found</title>\n<h1>Not Found</h1>\n<p>The requested URL was not found on the server. If you entered the URL manually please check your spelling and try again.</p>\n"}
============================================================
============================================================
[请求时间] 2026/8/3 11:59:59.918
[响应时间] 2026/8/3 12:00:00.014
[耗时] 96ms
[请求路径] https://inf.ds.163.com/v1/web/exp/week-coupon/acquire
[请求方式] POST
[请求参数] {"query":null,"body":{"couponId":"687086e33d0d02335c1804f4","stockId":"687086e33d0d02335c1804f4_WEEKLY_1785729600000"}}
[请求头] {"Accept":"application/json, text/plain, */*","Content-Type":"application/json;charset=UTF-8","GL-X-XSRF-TOKEN":"f3776aef-4aba-4939-bb0c-d9b6b9ad568c","User-Agent":"Mozilla/5.0 (Windows NT 10.0; Win64; x64) AppleWebKit/537.36 (KHTML, like Gecko) Chrome/122.0.0.0 Safari/537.36","Origin":"https://pay.ds.163.com","Referer":"https://pay.ds.163.com/","GL-ClientType":"60","GL-DeviceId":"9d63497c-0d37-4ef5-a718-d20f58f5816a","GL-Uid":"21c4ec56a4dc44f8825c9ec5fc7e7dc6","GL-CheckSum":"7fa508e9a149859608fc0301016d1513647d97be","Content-Length":"97","Accept-Encoding":"gzip, compress, deflate, br"}
[响应结果] {"httpStatus":200,"data":{"code":803,"errmsg":"库存已失效"}}
============================================================
============================================================
[请求时间] 2026/8/3 12:00:00.013
[响应时间] 2026/8/3 12:00:00.588
[耗时] 575ms
[请求路径] https://inf.ds.163.com/v1/web/exp/week-coupon/showing-list-v2
[请求方式] POST
[请求参数] {"query":null,"body":{}}
[请求头] {"Accept":"application/json, text/plain, */*","Content-Type":"application/json;charset=UTF-8","GL-X-XSRF-TOKEN":"f3776aef-4aba-4939-bb0c-d9b6b9ad568c","User-Agent":"Mozilla/5.0 (Windows NT 10.0; Win64; x64) AppleWebKit/537.36 (KHTML, like Gecko) Chrome/122.0.0.0 Safari/537.36","Origin":"https://pay.ds.163.com","Referer":"https://pay.ds.163.com/","GL-ClientType":"60","GL-DeviceId":"9d63497c-0d37-4ef5-a718-d20f58f5816a","GL-Uid":"21c4ec56a4dc44f8825c9ec5fc7e7dc6","GL-CheckSum":"2c1fec9e89be9672afba8f4b54eab28a0ca9b518","Content-Length":"2","Accept-Encoding":"gzip, compress, deflate, br"}
[响应结果] {"httpStatus":200,"data":{"result":{"coupons":[{"couponId":"687076e69f3efd24cb2bed9c","name":"V1","amount":1,"xyLevel":"V1","seckillTime":"WEEKLY","periods":[{"weekDay":5,"seckillStartTime":1785470400000,"seckillEndTime":1785729599999,"status":"ENDED"},{"weekDay":1,"seckillStartTime":1785729600000,"seckillEndTime":1785902399999,"status":"PROGRESSING"},{"weekDay":3,"seckillStartTime":1785902400000,"seckillEndTime":1786075199999,"status":"NOT_STARTED"},{"weekDay":5,"seckillStartTime":1786075200000,"seckillEndTime":1786334399999,"status":"NOT_STARTED"},{"weekDay":1,"seckillStartTime":1786334400000,"seckillEndTime":1786507199999,"status":"NOT_STARTED"},{"weekDay":3,"seckillStartTime":1786507200000,"seckillEndTime":1786679999999,"status":"NOT_STARTED"}]},{"couponId":"68708657f56f912f57e063bf","name":"V2","amount":2,"xyLevel":"V2","seckillTime":"WEEKLY","periods":[{"weekDay":5,"seckillStartTime":1785470400000,"seckillEndTime":1785729599999,"status":"ENDED"},{"weekDay":1,"seckillStartTime":1785729600000,"seckillEndTime":1785902399999,"status":"PROGRESSING"},{"weekDay":3,"seckillStartTime":1785902400000,"seckillEndTime":1786075199999,"status":"NOT_STARTED"},{"weekDay":5,"seckillStartTime":1786075200000,"seckillEndTime":1786334399999,"status":"NOT_STARTED"},{"weekDay":1,"seckillStartTime":1786334400000,"seckillEndTime":1786507199999,"status":"NOT_STARTED"},{"weekDay":3,"seckillStartTime":1786507200000,"seckillEndTime":1786679999999,"status":"NOT_STARTED"}]},{"couponId":"6870867989fddd2bbdec96bc","name":"V3","amount":3,"xyLevel":"V3","seckillTime":"WEEKLY","periods":[{"weekDay":5,"seckillStartTime":1785470400000,"seckillEndTime":1785729599999,"status":"ENDED"},{"weekDay":1,"seckillStartTime":1785729600000,"seckillEndTime":1785902399999,"status":"PROGRESSING"},{"weekDay":3,"seckillStartTime":1785902400000,"seckillEndTime":1786075199999,"status":"NOT_STARTED"},{"weekDay":5,"seckillStartTime":1786075200000,"seckillEndTime":1786334399999,"status":"NOT_STARTED"},{"weekDay":1,"seckillStartTime":1786334400000,"seckillEndTime":1786507199999,"status":"NOT_STARTED"},{"weekDay":3,"seckillStartTime":1786507200000,"seckillEndTime":1786679999999,"status":"NOT_STARTED"}]},{"couponId":"6870869cf56f912f57e063c0","name":"V4","amount":8,"xyLevel":"V4","seckillTime":"WEEKLY","periods":[{"weekDay":5,"seckillStartTime":1785470400000,"seckillEndTime":1785729599999,"status":"ENDED"},{"weekDay":1,"seckillStartTime":1785729600000,"seckillEndTime":1785902399999,"status":"PROGRESSING"},{"weekDay":3,"seckillStartTime":1785902400000,"seckillEndTime":1786075199999,"status":"NOT_STARTED"},{"weekDay":5,"seckillStartTime":1786075200000,"seckillEndTime":1786334399999,"status":"NOT_STARTED"},{"weekDay":1,"seckillStartTime":1786334400000,"seckillEndTime":1786507199999,"status":"NOT_STARTED"},{"weekDay":3,"seckillStartTime":1786507200000,"seckillEndTime":1786679999999,"status":"NOT_STARTED"}]},{"couponId":"687086e33d0d02335c1804f4","name":"V5","amount":18,"xyLevel":"V5","seckillTime":"WEEKLY","periods":[{"weekDay":5,"seckillStartTime":1785470400000,"seckillEndTime":1785729599999,"status":"ENDED"},{"weekDay":1,"seckillStartTime":1785729600000,"seckillEndTime":1785902399999,"status":"PROGRESSING","acquiredStatus":"UN_ACQUIRED","stockId":"687086e33d0d02335c1804f4_WEEKLY_1785729600000","stockRemain":359},{"weekDay":3,"seckillStartTime":1785902400000,"seckillEndTime":1786075199999,"status":"NOT_STARTED"},{"weekDay":5,"seckillStartTime":1786075200000,"seckillEndTime":1786334399999,"status":"NOT_STARTED"},{"weekDay":1,"seckillStartTime":1786334400000,"seckillEndTime":1786507199999,"status":"NOT_STARTED"},{"weekDay":3,"seckillStartTime":1786507200000,"seckillEndTime":1786679999999,"status":"NOT_STARTED"}]},{"couponId":"68708705f56f912f57e063c3","name":"V6","amount":30,"xyLevel":"V6","seckillTime":"WEEKLY","periods":[{"weekDay":5,"seckillStartTime":1785470400000,"seckillEndTime":1785729599999,"status":"ENDED"},{"weekDay":1,"seckillStartTime":1785729600000,"seckillEndTime":1785902399999,"status":"PROGRESSING"},{"weekDay":3,"seckillStartTime":1785902400000,"seckillEndTime":1786075199999,"status":"NOT_STARTED"},{"weekDay":5,"seckillStartTime":1786075200000,"seckillEndTime":1786334399999,"status":"NOT_STARTED"},{"weekDay":1,"seckillStartTime":1786334400000,"seckillEndTime":1786507199999,"status":"NOT_STARTED"},{"weekDay":3,"seckillStartTime":1786507200000,"seckillEndTime":1786679999999,"status":"NOT_STARTED"}]},{"couponId":"6870872e89fddd2bbdec96bd","name":"V7","amount":75,"xyLevel":"V7","seckillTime":"WEEKLY","periods":[{"weekDay":5,"seckillStartTime":1785470400000,"seckillEndTime":1785729599999,"status":"ENDED"},{"weekDay":1,"seckillStartTime":1785729600000,"seckillEndTime":1785902399999,"status":"PROGRESSING"},{"weekDay":3,"seckillStartTime":1785902400000,"seckillEndTime":1786075199999,"status":"NOT_STARTED"},{"weekDay":5,"seckillStartTime":1786075200000,"seckillEndTime":1786334399999,"status":"NOT_STARTED"},{"weekDay":1,"seckillStartTime":1786334400000,"seckillEndTime":1786507199999,"status":"NOT_STARTED"},{"weekDay":3,"seckillStartTime":1786507200000,"seckillEndTime":1786679999999,"status":"NOT_STARTED"}]}]},"code":200,"errmsg":"OK"}}
============================================================
============================================================
[请求时间] 2026/8/3 12:00:01.596
[响应时间] 2026/8/3 12:00:03.363
[耗时] 1767ms
[请求路径] https://inf.ds.163.com/v1/web/exp/week-coupon/acquire
[请求方式] POST
[请求参数] {"query":null,"body":{"couponId":"687086e33d0d02335c1804f4","stockId":"687086e33d0d02335c1804f4_WEEKLY_1785729600000"}}
[请求头] {"Accept":"application/json, text/plain, */*","Content-Type":"application/json;charset=UTF-8","GL-X-XSRF-TOKEN":"f3776aef-4aba-4939-bb0c-d9b6b9ad568c","User-Agent":"Mozilla/5.0 (Windows NT 10.0; Win64; x64) AppleWebKit/537.36 (KHTML, like Gecko) Chrome/122.0.0.0 Safari/537.36","Origin":"https://pay.ds.163.com","Referer":"https://pay.ds.163.com/","GL-ClientType":"60","GL-DeviceId":"9d63497c-0d37-4ef5-a718-d20f58f5816a","GL-Uid":"21c4ec56a4dc44f8825c9ec5fc7e7dc6","GL-CheckSum":"7fa508e9a149859608fc0301016d1513647d97be","Content-Length":"97","Accept-Encoding":"gzip, compress, deflate, br"}
[响应结果] {"httpStatus":200,"data":{"code":40008,"errmsg":"当前库存已不足，敬请参与下期活动噢"}}
============================================================
============================================================
[请求时间] 2026/8/3 12:00:04.364
[响应时间] 2026/8/3 12:00:06.391
[耗时] 2027ms
[请求路径] https://inf.ds.163.com/v1/web/exp/week-coupon/acquire
[请求方式] POST
[请求参数] {"query":null,"body":{"couponId":"687086e33d0d02335c1804f4","stockId":"687086e33d0d02335c1804f4_WEEKLY_1785729600000"}}
[请求头] {"Accept":"application/json, text/plain, */*","Content-Type":"application/json;charset=UTF-8","GL-X-XSRF-TOKEN":"f3776aef-4aba-4939-bb0c-d9b6b9ad568c","User-Agent":"Mozilla/5.0 (Windows NT 10.0; Win64; x64) AppleWebKit/537.36 (KHTML, like Gecko) Chrome/122.0.0.0 Safari/537.36","Origin":"https://pay.ds.163.com","Referer":"https://pay.ds.163.com/","GL-ClientType":"60","GL-DeviceId":"9d63497c-0d37-4ef5-a718-d20f58f5816a","GL-Uid":"21c4ec56a4dc44f8825c9ec5fc7e7dc6","GL-CheckSum":"7fa508e9a149859608fc0301016d1513647d97be","Content-Length":"97","Accept-Encoding":"gzip, compress, deflate, br"}
[响应结果] {"httpStatus":200,"data":{"code":40008,"errmsg":"当前库存已不足，敬请参与下期活动噢"}}
============================================================
============================================================
[请求时间] 2026/8/3 12:00:07.396
[响应时间] 2026/8/3 12:00:07.962
[耗时] 566ms
[请求路径] https://inf.ds.163.com/v1/web/exp/week-coupon/acquire
[请求方式] POST
[请求参数] {"query":null,"body":{"couponId":"687086e33d0d02335c1804f4","stockId":"687086e33d0d02335c1804f4_WEEKLY_1785729600000"}}
[请求头] {"Accept":"application/json, text/plain, */*","Content-Type":"application/json;charset=UTF-8","GL-X-XSRF-TOKEN":"f3776aef-4aba-4939-bb0c-d9b6b9ad568c","User-Agent":"Mozilla/5.0 (Windows NT 10.0; Win64; x64) AppleWebKit/537.36 (KHTML, like Gecko) Chrome/122.0.0.0 Safari/537.36","Origin":"https://pay.ds.163.com","Referer":"https://pay.ds.163.com/","GL-ClientType":"60","GL-DeviceId":"9d63497c-0d37-4ef5-a718-d20f58f5816a","GL-Uid":"21c4ec56a4dc44f8825c9ec5fc7e7dc6","GL-CheckSum":"7fa508e9a149859608fc0301016d1513647d97be","Content-Length":"97","Accept-Encoding":"gzip, compress, deflate, br"}
[响应结果] {"httpStatus":200,"data":{"code":40008,"errmsg":"当前库存已不足，敬请参与下期活动噢"}}
============================================================
============================================================
[请求时间] 2026/8/3 12:00:08.964
[响应时间] 2026/8/3 12:00:09.031
[耗时] 67ms
[请求路径] https://inf.ds.163.com/v1/web/exp/week-coupon/acquire
[请求方式] POST
[请求参数] {"query":null,"body":{"couponId":"687086e33d0d02335c1804f4","stockId":"687086e33d0d02335c1804f4_WEEKLY_1785729600000"}}
[请求头] {"Accept":"application/json, text/plain, */*","Content-Type":"application/json;charset=UTF-8","GL-X-XSRF-TOKEN":"f3776aef-4aba-4939-bb0c-d9b6b9ad568c","User-Agent":"Mozilla/5.0 (Windows NT 10.0; Win64; x64) AppleWebKit/537.36 (KHTML, like Gecko) Chrome/122.0.0.0 Safari/537.36","Origin":"https://pay.ds.163.com","Referer":"https://pay.ds.163.com/","GL-ClientType":"60","GL-DeviceId":"9d63497c-0d37-4ef5-a718-d20f58f5816a","GL-Uid":"21c4ec56a4dc44f8825c9ec5fc7e7dc6","GL-CheckSum":"7fa508e9a149859608fc0301016d1513647d97be","Content-Length":"97","Accept-Encoding":"gzip, compress, deflate, br"}
[响应结果] {"httpStatus":200,"data":{"code":40008,"errmsg":"当前库存已不足，敬请参与下期活动噢"}}
============================================================
============================================================
[请求时间] 2026/8/3 12:00:10.036
[响应时间] 2026/8/3 12:00:10.114
[耗时] 78ms
[请求路径] https://inf.ds.163.com/v1/web/exp/week-coupon/acquire
[请求方式] POST
[请求参数] {"query":null,"body":{"couponId":"687086e33d0d02335c1804f4","stockId":"687086e33d0d02335c1804f4_WEEKLY_1785729600000"}}
[请求头] {"Accept":"application/json, text/plain, */*","Content-Type":"application/json;charset=UTF-8","GL-X-XSRF-TOKEN":"f3776aef-4aba-4939-bb0c-d9b6b9ad568c","User-Agent":"Mozilla/5.0 (Windows NT 10.0; Win64; x64) AppleWebKit/537.36 (KHTML, like Gecko) Chrome/122.0.0.0 Safari/537.36","Origin":"https://pay.ds.163.com","Referer":"https://pay.ds.163.com/","GL-ClientType":"60","GL-DeviceId":"9d63497c-0d37-4ef5-a718-d20f58f5816a","GL-Uid":"21c4ec56a4dc44f8825c9ec5fc7e7dc6","GL-CheckSum":"7fa508e9a149859608fc0301016d1513647d97be","Content-Length":"97","Accept-Encoding":"gzip, compress, deflate, br"}
[响应结果] {"httpStatus":200,"data":{"code":40008,"errmsg":"当前库存已不足，敬请参与下期活动噢"}}
============================================================
============================================================
[请求时间] 2026/8/3 12:00:11.116
[响应时间] 2026/8/3 12:00:11.194
[耗时] 78ms
[请求路径] https://inf.ds.163.com/v1/web/exp/week-coupon/acquire
[请求方式] POST
[请求参数] {"query":null,"body":{"couponId":"687086e33d0d02335c1804f4","stockId":"687086e33d0d02335c1804f4_WEEKLY_1785729600000"}}
[请求头] {"Accept":"application/json, text/plain, */*","Content-Type":"application/json;charset=UTF-8","GL-X-XSRF-TOKEN":"f3776aef-4aba-4939-bb0c-d9b6b9ad568c","User-Agent":"Mozilla/5.0 (Windows NT 10.0; Win64; x64) AppleWebKit/537.36 (KHTML, like Gecko) Chrome/122.0.0.0 Safari/537.36","Origin":"https://pay.ds.163.com","Referer":"https://pay.ds.163.com/","GL-ClientType":"60","GL-DeviceId":"9d63497c-0d37-4ef5-a718-d20f58f5816a","GL-Uid":"21c4ec56a4dc44f8825c9ec5fc7e7dc6","GL-CheckSum":"7fa508e9a149859608fc0301016d1513647d97be","Content-Length":"97","Accept-Encoding":"gzip, compress, deflate, br"}
[响应结果] {"httpStatus":200,"data":{"code":40008,"errmsg":"当前库存已不足，敬请参与下期活动噢"}}
============================================================
============================================================
[请求时间] 2026/8/3 12:00:12.200
[响应时间] 2026/8/3 12:00:12.274
[耗时] 74ms
[请求路径] https://inf.ds.163.com/v1/web/exp/week-coupon/acquire
[请求方式] POST
[请求参数] {"query":null,"body":{"couponId":"687086e33d0d02335c1804f4","stockId":"687086e33d0d02335c1804f4_WEEKLY_1785729600000"}}
[请求头] {"Accept":"application/json, text/plain, */*","Content-Type":"application/json;charset=UTF-8","GL-X-XSRF-TOKEN":"f3776aef-4aba-4939-bb0c-d9b6b9ad568c","User-Agent":"Mozilla/5.0 (Windows NT 10.0; Win64; x64) AppleWebKit/537.36 (KHTML, like Gecko) Chrome/122.0.0.0 Safari/537.36","Origin":"https://pay.ds.163.com","Referer":"https://pay.ds.163.com/","GL-ClientType":"60","GL-DeviceId":"9d63497c-0d37-4ef5-a718-d20f58f5816a","GL-Uid":"21c4ec56a4dc44f8825c9ec5fc7e7dc6","GL-CheckSum":"7fa508e9a149859608fc0301016d1513647d97be","Content-Length":"97","Accept-Encoding":"gzip, compress, deflate, br"}
[响应结果] {"httpStatus":200,"data":{"code":40008,"errmsg":"当前库存已不足，敬请参与下期活动噢"}}
============================================================
============================================================
[请求时间] 2026/8/3 12:00:13.281
[响应时间] 2026/8/3 12:00:13.337
[耗时] 56ms
[请求路径] https://inf.ds.163.com/v1/web/exp/week-coupon/acquire
[请求方式] POST
[请求参数] {"query":null,"body":{"couponId":"687086e33d0d02335c1804f4","stockId":"687086e33d0d02335c1804f4_WEEKLY_1785729600000"}}
[请求头] {"Accept":"application/json, text/plain, */*","Content-Type":"application/json;charset=UTF-8","GL-X-XSRF-TOKEN":"f3776aef-4aba-4939-bb0c-d9b6b9ad568c","User-Agent":"Mozilla/5.0 (Windows NT 10.0; Win64; x64) AppleWebKit/537.36 (KHTML, like Gecko) Chrome/122.0.0.0 Safari/537.36","Origin":"https://pay.ds.163.com","Referer":"https://pay.ds.163.com/","GL-ClientType":"60","GL-DeviceId":"9d63497c-0d37-4ef5-a718-d20f58f5816a","GL-Uid":"21c4ec56a4dc44f8825c9ec5fc7e7dc6","GL-CheckSum":"7fa508e9a149859608fc0301016d1513647d97be","Content-Length":"97","Accept-Encoding":"gzip, compress, deflate, br"}
[响应结果] {"httpStatus":200,"data":{"code":40008,"errmsg":"当前库存已不足，敬请参与下期活动噢"}}
============================================================
============================================================
[请求时间] 2026/8/3 12:00:14.348
[响应时间] 2026/8/3 12:00:14.425
[耗时] 77ms
[请求路径] https://inf.ds.163.com/v1/web/exp/week-coupon/acquire
[请求方式] POST
[请求参数] {"query":null,"body":{"couponId":"687086e33d0d02335c1804f4","stockId":"687086e33d0d02335c1804f4_WEEKLY_1785729600000"}}
[请求头] {"Accept":"application/json, text/plain, */*","Content-Type":"application/json;charset=UTF-8","GL-X-XSRF-TOKEN":"f3776aef-4aba-4939-bb0c-d9b6b9ad568c","User-Agent":"Mozilla/5.0 (Windows NT 10.0; Win64; x64) AppleWebKit/537.36 (KHTML, like Gecko) Chrome/122.0.0.0 Safari/537.36","Origin":"https://pay.ds.163.com","Referer":"https://pay.ds.163.com/","GL-ClientType":"60","GL-DeviceId":"9d63497c-0d37-4ef5-a718-d20f58f5816a","GL-Uid":"21c4ec56a4dc44f8825c9ec5fc7e7dc6","GL-CheckSum":"7fa508e9a149859608fc0301016d1513647d97be","Content-Length":"97","Accept-Encoding":"gzip, compress, deflate, br"}
[响应结果] {"httpStatus":200,"data":{"code":40008,"errmsg":"当前库存已不足，敬请参与下期活动噢"}}
============================================================
============================================================
[请求时间] 2026/8/3 12:00:15.427
[响应时间] 2026/8/3 12:00:15.483
[耗时] 56ms
[请求路径] https://inf.ds.163.com/v1/web/exp/week-coupon/acquire
[请求方式] POST
[请求参数] {"query":null,"body":{"couponId":"687086e33d0d02335c1804f4","stockId":"687086e33d0d02335c1804f4_WEEKLY_1785729600000"}}
[请求头] {"Accept":"application/json, text/plain, */*","Content-Type":"application/json;charset=UTF-8","GL-X-XSRF-TOKEN":"f3776aef-4aba-4939-bb0c-d9b6b9ad568c","User-Agent":"Mozilla/5.0 (Windows NT 10.0; Win64; x64) AppleWebKit/537.36 (KHTML, like Gecko) Chrome/122.0.0.0 Safari/537.36","Origin":"https://pay.ds.163.com","Referer":"https://pay.ds.163.com/","GL-ClientType":"60","GL-DeviceId":"9d63497c-0d37-4ef5-a718-d20f58f5816a","GL-Uid":"21c4ec56a4dc44f8825c9ec5fc7e7dc6","GL-CheckSum":"7fa508e9a149859608fc0301016d1513647d97be","Content-Length":"97","Accept-Encoding":"gzip, compress, deflate, br"}
[响应结果] {"httpStatus":200,"data":{"code":40008,"errmsg":"当前库存已不足，敬请参与下期活动噢"}}
============================================================
============================================================
[请求时间] 2026/8/3 12:00:16.497
[响应时间] 2026/8/3 12:00:16.580
[耗时] 83ms
[请求路径] https://inf.ds.163.com/v1/web/exp/week-coupon/acquire
[请求方式] POST
[请求参数] {"query":null,"body":{"couponId":"687086e33d0d02335c1804f4","stockId":"687086e33d0d02335c1804f4_WEEKLY_1785729600000"}}
[请求头] {"Accept":"application/json, text/plain, */*","Content-Type":"application/json;charset=UTF-8","GL-X-XSRF-TOKEN":"f3776aef-4aba-4939-bb0c-d9b6b9ad568c","User-Agent":"Mozilla/5.0 (Windows NT 10.0; Win64; x64) AppleWebKit/537.36 (KHTML, like Gecko) Chrome/122.0.0.0 Safari/537.36","Origin":"https://pay.ds.163.com","Referer":"https://pay.ds.163.com/","GL-ClientType":"60","GL-DeviceId":"9d63497c-0d37-4ef5-a718-d20f58f5816a","GL-Uid":"21c4ec56a4dc44f8825c9ec5fc7e7dc6","GL-CheckSum":"7fa508e9a149859608fc0301016d1513647d97be","Content-Length":"97","Accept-Encoding":"gzip, compress, deflate, br"}
[响应结果] {"httpStatus":200,"data":{"code":40008,"errmsg":"当前库存已不足，敬请参与下期活动噢"}}
============================================================
============================================================
[请求时间] 2026/8/3 12:00:17.587
[响应时间] 2026/8/3 12:00:17.705
[耗时] 118ms
[请求路径] https://inf.ds.163.com/v1/web/exp/week-coupon/acquire
[请求方式] POST
[请求参数] {"query":null,"body":{"couponId":"687086e33d0d02335c1804f4","stockId":"687086e33d0d02335c1804f4_WEEKLY_1785729600000"}}
[请求头] {"Accept":"application/json, text/plain, */*","Content-Type":"application/json;charset=UTF-8","GL-X-XSRF-TOKEN":"f3776aef-4aba-4939-bb0c-d9b6b9ad568c","User-Agent":"Mozilla/5.0 (Windows NT 10.0; Win64; x64) AppleWebKit/537.36 (KHTML, like Gecko) Chrome/122.0.0.0 Safari/537.36","Origin":"https://pay.ds.163.com","Referer":"https://pay.ds.163.com/","GL-ClientType":"60","GL-DeviceId":"9d63497c-0d37-4ef5-a718-d20f58f5816a","GL-Uid":"21c4ec56a4dc44f8825c9ec5fc7e7dc6","GL-CheckSum":"7fa508e9a149859608fc0301016d1513647d97be","Content-Length":"97","Accept-Encoding":"gzip, compress, deflate, br"}
[响应结果] {"httpStatus":200,"data":{"code":40008,"errmsg":"当前库存已不足，敬请参与下期活动噢"}}
============================================================
============================================================
[请求时间] 2026/8/3 12:00:18.705
[响应时间] 2026/8/3 12:00:18.783
[耗时] 78ms
[请求路径] https://inf.ds.163.com/v1/web/exp/week-coupon/acquire
[请求方式] POST
[请求参数] {"query":null,"body":{"couponId":"687086e33d0d02335c1804f4","stockId":"687086e33d0d02335c1804f4_WEEKLY_1785729600000"}}
[请求头] {"Accept":"application/json, text/plain, */*","Content-Type":"application/json;charset=UTF-8","GL-X-XSRF-TOKEN":"f3776aef-4aba-4939-bb0c-d9b6b9ad568c","User-Agent":"Mozilla/5.0 (Windows NT 10.0; Win64; x64) AppleWebKit/537.36 (KHTML, like Gecko) Chrome/122.0.0.0 Safari/537.36","Origin":"https://pay.ds.163.com","Referer":"https://pay.ds.163.com/","GL-ClientType":"60","GL-DeviceId":"9d63497c-0d37-4ef5-a718-d20f58f5816a","GL-Uid":"21c4ec56a4dc44f8825c9ec5fc7e7dc6","GL-CheckSum":"7fa508e9a149859608fc0301016d1513647d97be","Content-Length":"97","Accept-Encoding":"gzip, compress, deflate, br"}
[响应结果] {"httpStatus":200,"data":{"code":40008,"errmsg":"当前库存已不足，敬请参与下期活动噢"}}
============================================================
============================================================
[请求时间] 2026/8/3 12:00:19.784
[响应时间] 2026/8/3 12:00:19.853
[耗时] 69ms
[请求路径] https://inf.ds.163.com/v1/web/exp/week-coupon/acquire
[请求方式] POST
[请求参数] {"query":null,"body":{"couponId":"687086e33d0d02335c1804f4","stockId":"687086e33d0d02335c1804f4_WEEKLY_1785729600000"}}
[请求头] {"Accept":"application/json, text/plain, */*","Content-Type":"application/json;charset=UTF-8","GL-X-XSRF-TOKEN":"f3776aef-4aba-4939-bb0c-d9b6b9ad568c","User-Agent":"Mozilla/5.0 (Windows NT 10.0; Win64; x64) AppleWebKit/537.36 (KHTML, like Gecko) Chrome/122.0.0.0 Safari/537.36","Origin":"https://pay.ds.163.com","Referer":"https://pay.ds.163.com/","GL-ClientType":"60","GL-DeviceId":"9d63497c-0d37-4ef5-a718-d20f58f5816a","GL-Uid":"21c4ec56a4dc44f8825c9ec5fc7e7dc6","GL-CheckSum":"7fa508e9a149859608fc0301016d1513647d97be","Content-Length":"97","Accept-Encoding":"gzip, compress, deflate, br"}
[响应结果] {"httpStatus":200,"data":{"code":40008,"errmsg":"当前库存已不足，敬请参与下期活动噢"}}
============================================================
============================================================
[请求时间] 2026/8/3 12:00:20.855
[响应时间] 2026/8/3 12:00:20.933
[耗时] 78ms
[请求路径] https://inf.ds.163.com/v1/web/exp/week-coupon/acquire
[请求方式] POST
[请求参数] {"query":null,"body":{"couponId":"687086e33d0d02335c1804f4","stockId":"687086e33d0d02335c1804f4_WEEKLY_1785729600000"}}
[请求头] {"Accept":"application/json, text/plain, */*","Content-Type":"application/json;charset=UTF-8","GL-X-XSRF-TOKEN":"f3776aef-4aba-4939-bb0c-d9b6b9ad568c","User-Agent":"Mozilla/5.0 (Windows NT 10.0; Win64; x64) AppleWebKit/537.36 (KHTML, like Gecko) Chrome/122.0.0.0 Safari/537.36","Origin":"https://pay.ds.163.com","Referer":"https://pay.ds.163.com/","GL-ClientType":"60","GL-DeviceId":"9d63497c-0d37-4ef5-a718-d20f58f5816a","GL-Uid":"21c4ec56a4dc44f8825c9ec5fc7e7dc6","GL-CheckSum":"7fa508e9a149859608fc0301016d1513647d97be","Content-Length":"97","Accept-Encoding":"gzip, compress, deflate, br"}
[响应结果] {"httpStatus":200,"data":{"code":40008,"errmsg":"当前库存已不足，敬请参与下期活动噢"}}
============================================================
============================================================
[请求时间] 2026/8/3 12:00:21.933
[响应时间] 2026/8/3 12:00:22.004
[耗时] 71ms
[请求路径] https://inf.ds.163.com/v1/web/exp/week-coupon/acquire
[请求方式] POST
[请求参数] {"query":null,"body":{"couponId":"687086e33d0d02335c1804f4","stockId":"687086e33d0d02335c1804f4_WEEKLY_1785729600000"}}
[请求头] {"Accept":"application/json, text/plain, */*","Content-Type":"application/json;charset=UTF-8","GL-X-XSRF-TOKEN":"f3776aef-4aba-4939-bb0c-d9b6b9ad568c","User-Agent":"Mozilla/5.0 (Windows NT 10.0; Win64; x64) AppleWebKit/537.36 (KHTML, like Gecko) Chrome/122.0.0.0 Safari/537.36","Origin":"https://pay.ds.163.com","Referer":"https://pay.ds.163.com/","GL-ClientType":"60","GL-DeviceId":"9d63497c-0d37-4ef5-a718-d20f58f5816a","GL-Uid":"21c4ec56a4dc44f8825c9ec5fc7e7dc6","GL-CheckSum":"7fa508e9a149859608fc0301016d1513647d97be","Content-Length":"97","Accept-Encoding":"gzip, compress, deflate, br"}
[响应结果] {"httpStatus":200,"data":{"code":40008,"errmsg":"当前库存已不足，敬请参与下期活动噢"}}
============================================================
============================================================
[请求时间] 2026/8/3 12:00:23.006
[响应时间] 2026/8/3 12:00:23.081
[耗时] 75ms
[请求路径] https://inf.ds.163.com/v1/web/exp/week-coupon/acquire
[请求方式] POST
[请求参数] {"query":null,"body":{"couponId":"687086e33d0d02335c1804f4","stockId":"687086e33d0d02335c1804f4_WEEKLY_1785729600000"}}
[请求头] {"Accept":"application/json, text/plain, */*","Content-Type":"application/json;charset=UTF-8","GL-X-XSRF-TOKEN":"f3776aef-4aba-4939-bb0c-d9b6b9ad568c","User-Agent":"Mozilla/5.0 (Windows NT 10.0; Win64; x64) AppleWebKit/537.36 (KHTML, like Gecko) Chrome/122.0.0.0 Safari/537.36","Origin":"https://pay.ds.163.com","Referer":"https://pay.ds.163.com/","GL-ClientType":"60","GL-DeviceId":"9d63497c-0d37-4ef5-a718-d20f58f5816a","GL-Uid":"21c4ec56a4dc44f8825c9ec5fc7e7dc6","GL-CheckSum":"7fa508e9a149859608fc0301016d1513647d97be","Content-Length":"97","Accept-Encoding":"gzip, compress, deflate, br"}
[响应结果] {"httpStatus":200,"data":{"code":40008,"errmsg":"当前库存已不足，敬请参与下期活动噢"}}
============================================================
============================================================
[请求时间] 2026/8/3 12:00:24.082
[响应时间] 2026/8/3 12:00:24.150
[耗时] 68ms
[请求路径] https://inf.ds.163.com/v1/web/exp/week-coupon/acquire
[请求方式] POST
[请求参数] {"query":null,"body":{"couponId":"687086e33d0d02335c1804f4","stockId":"687086e33d0d02335c1804f4_WEEKLY_1785729600000"}}
[请求头] {"Accept":"application/json, text/plain, */*","Content-Type":"application/json;charset=UTF-8","GL-X-XSRF-TOKEN":"f3776aef-4aba-4939-bb0c-d9b6b9ad568c","User-Agent":"Mozilla/5.0 (Windows NT 10.0; Win64; x64) AppleWebKit/537.36 (KHTML, like Gecko) Chrome/122.0.0.0 Safari/537.36","Origin":"https://pay.ds.163.com","Referer":"https://pay.ds.163.com/","GL-ClientType":"60","GL-DeviceId":"9d63497c-0d37-4ef5-a718-d20f58f5816a","GL-Uid":"21c4ec56a4dc44f8825c9ec5fc7e7dc6","GL-CheckSum":"7fa508e9a149859608fc0301016d1513647d97be","Content-Length":"97","Accept-Encoding":"gzip, compress, deflate, br"}
[响应结果] {"httpStatus":200,"data":{"code":40008,"errmsg":"当前库存已不足，敬请参与下期活动噢"}}
============================================================
============================================================
[请求时间] 2026/8/3 12:00:25.157
[响应时间] 2026/8/3 12:00:25.236
[耗时] 79ms
[请求路径] https://inf.ds.163.com/v1/web/exp/week-coupon/acquire
[请求方式] POST
[请求参数] {"query":null,"body":{"couponId":"687086e33d0d02335c1804f4","stockId":"687086e33d0d02335c1804f4_WEEKLY_1785729600000"}}
[请求头] {"Accept":"application/json, text/plain, */*","Content-Type":"application/json;charset=UTF-8","GL-X-XSRF-TOKEN":"f3776aef-4aba-4939-bb0c-d9b6b9ad568c","User-Agent":"Mozilla/5.0 (Windows NT 10.0; Win64; x64) AppleWebKit/537.36 (KHTML, like Gecko) Chrome/122.0.0.0 Safari/537.36","Origin":"https://pay.ds.163.com","Referer":"https://pay.ds.163.com/","GL-ClientType":"60","GL-DeviceId":"9d63497c-0d37-4ef5-a718-d20f58f5816a","GL-Uid":"21c4ec56a4dc44f8825c9ec5fc7e7dc6","GL-CheckSum":"7fa508e9a149859608fc0301016d1513647d97be","Content-Length":"97","Accept-Encoding":"gzip, compress, deflate, br"}
[响应结果] {"httpStatus":200,"data":{"code":40008,"errmsg":"当前库存已不足，敬请参与下期活动噢"}}
============================================================
============================================================
[请求时间] 2026/8/3 12:01:09.156
[响应时间] 2026/8/3 12:01:09.356
[耗时] 200ms
[请求路径] https://pay-api.ds.163.com/v1/web/init/server/time
[请求方式] GET
[请求参数] {"query":null,"body":null}
[请求头] {"Accept":"application/json, text/plain, */*","Content-Type":"application/json;charset=UTF-8","User-Agent":"Mozilla/5.0 (Windows NT 10.0; Win64; x64) AppleWebKit/537.36 (KHTML, like Gecko) Chrome/122.0.0.0 Safari/537.36","Origin":"https://pay.ds.163.com","Referer":"https://pay.ds.163.com/","GL-ClientType":"60","GL-DeviceId":"9d63497c-0d37-4ef5-a718-d20f58f5816a","GL-Uid":"21c4ec56a4dc44f8825c9ec5fc7e7dc6","GL-X-XSRF-TOKEN":"f3776aef-4aba-4939-bb0c-d9b6b9ad568c","Accept-Encoding":"gzip, compress, deflate, br"}
[响应结果] {"httpStatus":404,"data":"<!DOCTYPE HTML PUBLIC \"-//W3C//DTD HTML 3.2 Final//EN\">\n<title>404 Not Found</title>\n<h1>Not Found</h1>\n<p>The requested URL was not found on the server. If you entered the URL manually please check your spelling and try again.</p>\n"}
============================================================
============================================================
[请求时间] 2026/8/3 12:01:09.353
[响应时间] 2026/8/3 12:01:09.490
[耗时] 137ms
[请求路径] https://pay-api.ds.163.com/api/nlogin
[请求方式] GET
[请求参数] {"query":{},"body":null}
[请求头] {"Accept":"application/json, text/plain, */*","Content-Type":"application/json;charset=UTF-8","GL-X-XSRF-TOKEN":"f3776aef-4aba-4939-bb0c-d9b6b9ad568c","User-Agent":"Mozilla/5.0 (Windows NT 10.0; Win64; x64) AppleWebKit/537.36 (KHTML, like Gecko) Chrome/122.0.0.0 Safari/537.36","Origin":"https://pay.ds.163.com","Referer":"https://pay.ds.163.com/","GL-ClientType":"60","GL-DeviceId":"9d63497c-0d37-4ef5-a718-d20f58f5816a","GL-Uid":"21c4ec56a4dc44f8825c9ec5fc7e7dc6","Accept-Encoding":"gzip, compress, deflate, br"}
[响应结果] {"httpStatus":200,"data":{"code":413,"msg":"登录失败"}}
============================================================
============================================================
[请求时间] 2026/8/3 12:01:09.490
[响应时间] 2026/8/3 12:01:09.647
[耗时] 157ms
[请求路径] https://inf.ds.163.com/v1/web/cooperate/plutus/cookie-exchange
[请求方式] GET
[请求参数] {"query":null,"body":null}
[请求头] {"Accept":"application/json, text/plain, */*","Content-Type":"application/json;charset=UTF-8","GL-X-XSRF-TOKEN":"f3776aef-4aba-4939-bb0c-d9b6b9ad568c","User-Agent":"Mozilla/5.0 (Windows NT 10.0; Win64; x64) AppleWebKit/537.36 (KHTML, like Gecko) Chrome/122.0.0.0 Safari/537.36","Origin":"https://pay.ds.163.com","Referer":"https://pay.ds.163.com/","GL-ClientType":"60","GL-DeviceId":"9d63497c-0d37-4ef5-a718-d20f58f5816a","GL-Uid":"21c4ec56a4dc44f8825c9ec5fc7e7dc6","Accept-Encoding":"gzip, compress, deflate, br"}
[响应结果] {"httpStatus":200,"data":{"result":{"user":{"uid":"21c4ec56a4dc44f8825c9ec5fc7e7dc6","nick":"春醉江南","icon":"https://ok.166.net/reunionpub/3_20231028_18b7450a667464651.png","intro":"","gender":2,"updateTime":1779541425917,"userSourceType":"URS"},"newUser":false},"code":200,"errmsg":"OK"}}
============================================================
============================================================
[请求时间] 2026/8/3 12:01:09.646
[响应时间] 2026/8/3 12:01:09.788
[耗时] 142ms
[请求路径] https://pay-api.ds.163.com/v1/web/init/server/time
[请求方式] GET
[请求参数] {"query":null,"body":null}
[请求头] {"Accept":"application/json, text/plain, */*","Content-Type":"application/json;charset=UTF-8","GL-X-XSRF-TOKEN":"f3776aef-4aba-4939-bb0c-d9b6b9ad568c","User-Agent":"Mozilla/5.0 (Windows NT 10.0; Win64; x64) AppleWebKit/537.36 (KHTML, like Gecko) Chrome/122.0.0.0 Safari/537.36","Origin":"https://pay.ds.163.com","Referer":"https://pay.ds.163.com/","GL-ClientType":"60","GL-DeviceId":"9d63497c-0d37-4ef5-a718-d20f58f5816a","GL-Uid":"21c4ec56a4dc44f8825c9ec5fc7e7dc6","Accept-Encoding":"gzip, compress, deflate, br"}
[响应结果] {"httpStatus":404,"data":"<!DOCTYPE HTML PUBLIC \"-//W3C//DTD HTML 3.2 Final//EN\">\n<title>404 Not Found</title>\n<h1>Not Found</h1>\n<p>The requested URL was not found on the server. If you entered the URL manually please check your spelling and try again.</p>\n"}
============================================================
============================================================
[请求时间] 2026/8/3 12:01:09.786
[响应时间] 2026/8/3 12:01:09.883
[耗时] 97ms
[请求路径] https://inf.ds.163.com/v1/web/exp/xy/user/get-info
[请求方式] POST
[请求参数] {"query":null,"body":{}}
[请求头] {"Accept":"application/json, text/plain, */*","Content-Type":"application/json;charset=UTF-8","GL-X-XSRF-TOKEN":"f3776aef-4aba-4939-bb0c-d9b6b9ad568c","User-Agent":"Mozilla/5.0 (Windows NT 10.0; Win64; x64) AppleWebKit/537.36 (KHTML, like Gecko) Chrome/122.0.0.0 Safari/537.36","Origin":"https://pay.ds.163.com","Referer":"https://pay.ds.163.com/","GL-ClientType":"60","GL-DeviceId":"9d63497c-0d37-4ef5-a718-d20f58f5816a","GL-Uid":"21c4ec56a4dc44f8825c9ec5fc7e7dc6","GL-CheckSum":"2c1fec9e89be9672afba8f4b54eab28a0ca9b518","Content-Length":"2","Accept-Encoding":"gzip, compress, deflate, br"}
[响应结果] {"httpStatus":200,"data":{"result":{"growthPoint":179413,"currentLv":"V5","diffNextLvGrowthPoint":120587,"currentLvExpireDate":"20270704","currentLvExpire":1814630400000,"nextLv":"V6","activeGames":["l36"],"last365LoginGames":["l36","h55"],"initDate":"20260704","lastLv":"V5"},"code":200,"errmsg":"OK"}}
============================================================
============================================================
[请求时间] 2026/8/3 12:01:09.882
[响应时间] 2026/8/3 12:01:09.959
[耗时] 77ms
[请求路径] https://inf.ds.163.com/v1/web/exp/week-coupon/showing-list-v2
[请求方式] POST
[请求参数] {"query":null,"body":{}}
[请求头] {"Accept":"application/json, text/plain, */*","Content-Type":"application/json;charset=UTF-8","GL-X-XSRF-TOKEN":"f3776aef-4aba-4939-bb0c-d9b6b9ad568c","User-Agent":"Mozilla/5.0 (Windows NT 10.0; Win64; x64) AppleWebKit/537.36 (KHTML, like Gecko) Chrome/122.0.0.0 Safari/537.36","Origin":"https://pay.ds.163.com","Referer":"https://pay.ds.163.com/","GL-ClientType":"60","GL-DeviceId":"9d63497c-0d37-4ef5-a718-d20f58f5816a","GL-Uid":"21c4ec56a4dc44f8825c9ec5fc7e7dc6","GL-CheckSum":"2c1fec9e89be9672afba8f4b54eab28a0ca9b518","Content-Length":"2","Accept-Encoding":"gzip, compress, deflate, br"}
[响应结果] {"httpStatus":200,"data":{"result":{"coupons":[{"couponId":"687076e69f3efd24cb2bed9c","name":"V1","amount":1,"xyLevel":"V1","seckillTime":"WEEKLY","periods":[{"weekDay":5,"seckillStartTime":1785470400000,"seckillEndTime":1785729599999,"status":"ENDED"},{"weekDay":1,"seckillStartTime":1785729600000,"seckillEndTime":1785902399999,"status":"PROGRESSING"},{"weekDay":3,"seckillStartTime":1785902400000,"seckillEndTime":1786075199999,"status":"NOT_STARTED"},{"weekDay":5,"seckillStartTime":1786075200000,"seckillEndTime":1786334399999,"status":"NOT_STARTED"},{"weekDay":1,"seckillStartTime":1786334400000,"seckillEndTime":1786507199999,"status":"NOT_STARTED"},{"weekDay":3,"seckillStartTime":1786507200000,"seckillEndTime":1786679999999,"status":"NOT_STARTED"}]},{"couponId":"68708657f56f912f57e063bf","name":"V2","amount":2,"xyLevel":"V2","seckillTime":"WEEKLY","periods":[{"weekDay":5,"seckillStartTime":1785470400000,"seckillEndTime":1785729599999,"status":"ENDED"},{"weekDay":1,"seckillStartTime":1785729600000,"seckillEndTime":1785902399999,"status":"PROGRESSING"},{"weekDay":3,"seckillStartTime":1785902400000,"seckillEndTime":1786075199999,"status":"NOT_STARTED"},{"weekDay":5,"seckillStartTime":1786075200000,"seckillEndTime":1786334399999,"status":"NOT_STARTED"},{"weekDay":1,"seckillStartTime":1786334400000,"seckillEndTime":1786507199999,"status":"NOT_STARTED"},{"weekDay":3,"seckillStartTime":1786507200000,"seckillEndTime":1786679999999,"status":"NOT_STARTED"}]},{"couponId":"6870867989fddd2bbdec96bc","name":"V3","amount":3,"xyLevel":"V3","seckillTime":"WEEKLY","periods":[{"weekDay":5,"seckillStartTime":1785470400000,"seckillEndTime":1785729599999,"status":"ENDED"},{"weekDay":1,"seckillStartTime":1785729600000,"seckillEndTime":1785902399999,"status":"PROGRESSING"},{"weekDay":3,"seckillStartTime":1785902400000,"seckillEndTime":1786075199999,"status":"NOT_STARTED"},{"weekDay":5,"seckillStartTime":1786075200000,"seckillEndTime":1786334399999,"status":"NOT_STARTED"},{"weekDay":1,"seckillStartTime":1786334400000,"seckillEndTime":1786507199999,"status":"NOT_STARTED"},{"weekDay":3,"seckillStartTime":1786507200000,"seckillEndTime":1786679999999,"status":"NOT_STARTED"}]},{"couponId":"6870869cf56f912f57e063c0","name":"V4","amount":8,"xyLevel":"V4","seckillTime":"WEEKLY","periods":[{"weekDay":5,"seckillStartTime":1785470400000,"seckillEndTime":1785729599999,"status":"ENDED"},{"weekDay":1,"seckillStartTime":1785729600000,"seckillEndTime":1785902399999,"status":"PROGRESSING"},{"weekDay":3,"seckillStartTime":1785902400000,"seckillEndTime":1786075199999,"status":"NOT_STARTED"},{"weekDay":5,"seckillStartTime":1786075200000,"seckillEndTime":1786334399999,"status":"NOT_STARTED"},{"weekDay":1,"seckillStartTime":1786334400000,"seckillEndTime":1786507199999,"status":"NOT_STARTED"},{"weekDay":3,"seckillStartTime":1786507200000,"seckillEndTime":1786679999999,"status":"NOT_STARTED"}]},{"couponId":"687086e33d0d02335c1804f4","name":"V5","amount":18,"xyLevel":"V5","seckillTime":"WEEKLY","periods":[{"weekDay":5,"seckillStartTime":1785470400000,"seckillEndTime":1785729599999,"status":"ENDED"},{"weekDay":1,"seckillStartTime":1785729600000,"seckillEndTime":1785902399999,"status":"PROGRESSING","acquiredStatus":"OUT_OF_STOCK","stockId":"687086e33d0d02335c1804f4_WEEKLY_1785729600000","stockRemain":0},{"weekDay":3,"seckillStartTime":1785902400000,"seckillEndTime":1786075199999,"status":"NOT_STARTED"},{"weekDay":5,"seckillStartTime":1786075200000,"seckillEndTime":1786334399999,"status":"NOT_STARTED"},{"weekDay":1,"seckillStartTime":1786334400000,"seckillEndTime":1786507199999,"status":"NOT_STARTED"},{"weekDay":3,"seckillStartTime":1786507200000,"seckillEndTime":1786679999999,"status":"NOT_STARTED"}]},{"couponId":"68708705f56f912f57e063c3","name":"V6","amount":30,"xyLevel":"V6","seckillTime":"WEEKLY","periods":[{"weekDay":5,"seckillStartTime":1785470400000,"seckillEndTime":1785729599999,"status":"ENDED"},{"weekDay":1,"seckillStartTime":1785729600000,"seckillEndTime":1785902399999,"status":"PROGRESSING"},{"weekDay":3,"seckillStartTime":1785902400000,"seckillEndTime":1786075199999,"status":"NOT_STARTED"},{"weekDay":5,"seckillStartTime":1786075200000,"seckillEndTime":1786334399999,"status":"NOT_STARTED"},{"weekDay":1,"seckillStartTime":1786334400000,"seckillEndTime":1786507199999,"status":"NOT_STARTED"},{"weekDay":3,"seckillStartTime":1786507200000,"seckillEndTime":1786679999999,"status":"NOT_STARTED"}]},{"couponId":"6870872e89fddd2bbdec96bd","name":"V7","amount":75,"xyLevel":"V7","seckillTime":"WEEKLY","periods":[{"weekDay":5,"seckillStartTime":1785470400000,"seckillEndTime":1785729599999,"status":"ENDED"},{"weekDay":1,"seckillStartTime":1785729600000,"seckillEndTime":1785902399999,"status":"PROGRESSING"},{"weekDay":3,"seckillStartTime":1785902400000,"seckillEndTime":1786075199999,"status":"NOT_STARTED"},{"weekDay":5,"seckillStartTime":1786075200000,"seckillEndTime":1786334399999,"status":"NOT_STARTED"},{"weekDay":1,"seckillStartTime":1786334400000,"seckillEndTime":1786507199999,"status":"NOT_STARTED"},{"weekDay":3,"seckillStartTime":1786507200000,"seckillEndTime":1786679999999,"status":"NOT_STARTED"}]}]},"code":200,"errmsg":"OK"}}
============================================================
============================================================
[请求时间] 2026/8/3 12:01:10.355
[响应时间] 2026/8/3 12:01:10.445
[耗时] 90ms
[请求路径] https://inf.ds.163.com/v1/web/exp/week-coupon/showing-list-v2
[请求方式] POST
[请求参数] {"query":null,"body":{}}
[请求头] {"Accept":"application/json, text/plain, */*","Content-Type":"application/json;charset=UTF-8","GL-X-XSRF-TOKEN":"f3776aef-4aba-4939-bb0c-d9b6b9ad568c","User-Agent":"Mozilla/5.0 (Windows NT 10.0; Win64; x64) AppleWebKit/537.36 (KHTML, like Gecko) Chrome/122.0.0.0 Safari/537.36","Origin":"https://pay.ds.163.com","Referer":"https://pay.ds.163.com/","GL-ClientType":"60","GL-DeviceId":"9d63497c-0d37-4ef5-a718-d20f58f5816a","GL-Uid":"21c4ec56a4dc44f8825c9ec5fc7e7dc6","GL-CheckSum":"2c1fec9e89be9672afba8f4b54eab28a0ca9b518","Content-Length":"2","Accept-Encoding":"gzip, compress, deflate, br"}
[响应结果] {"httpStatus":200,"data":{"result":{"coupons":[{"couponId":"687076e69f3efd24cb2bed9c","name":"V1","amount":1,"xyLevel":"V1","seckillTime":"WEEKLY","periods":[{"weekDay":5,"seckillStartTime":1785470400000,"seckillEndTime":1785729599999,"status":"ENDED"},{"weekDay":1,"seckillStartTime":1785729600000,"seckillEndTime":1785902399999,"status":"PROGRESSING"},{"weekDay":3,"seckillStartTime":1785902400000,"seckillEndTime":1786075199999,"status":"NOT_STARTED"},{"weekDay":5,"seckillStartTime":1786075200000,"seckillEndTime":1786334399999,"status":"NOT_STARTED"},{"weekDay":1,"seckillStartTime":1786334400000,"seckillEndTime":1786507199999,"status":"NOT_STARTED"},{"weekDay":3,"seckillStartTime":1786507200000,"seckillEndTime":1786679999999,"status":"NOT_STARTED"}]},{"couponId":"68708657f56f912f57e063bf","name":"V2","amount":2,"xyLevel":"V2","seckillTime":"WEEKLY","periods":[{"weekDay":5,"seckillStartTime":1785470400000,"seckillEndTime":1785729599999,"status":"ENDED"},{"weekDay":1,"seckillStartTime":1785729600000,"seckillEndTime":1785902399999,"status":"PROGRESSING"},{"weekDay":3,"seckillStartTime":1785902400000,"seckillEndTime":1786075199999,"status":"NOT_STARTED"},{"weekDay":5,"seckillStartTime":1786075200000,"seckillEndTime":1786334399999,"status":"NOT_STARTED"},{"weekDay":1,"seckillStartTime":1786334400000,"seckillEndTime":1786507199999,"status":"NOT_STARTED"},{"weekDay":3,"seckillStartTime":1786507200000,"seckillEndTime":1786679999999,"status":"NOT_STARTED"}]},{"couponId":"6870867989fddd2bbdec96bc","name":"V3","amount":3,"xyLevel":"V3","seckillTime":"WEEKLY","periods":[{"weekDay":5,"seckillStartTime":1785470400000,"seckillEndTime":1785729599999,"status":"ENDED"},{"weekDay":1,"seckillStartTime":1785729600000,"seckillEndTime":1785902399999,"status":"PROGRESSING"},{"weekDay":3,"seckillStartTime":1785902400000,"seckillEndTime":1786075199999,"status":"NOT_STARTED"},{"weekDay":5,"seckillStartTime":1786075200000,"seckillEndTime":1786334399999,"status":"NOT_STARTED"},{"weekDay":1,"seckillStartTime":1786334400000,"seckillEndTime":1786507199999,"status":"NOT_STARTED"},{"weekDay":3,"seckillStartTime":1786507200000,"seckillEndTime":1786679999999,"status":"NOT_STARTED"}]},{"couponId":"6870869cf56f912f57e063c0","name":"V4","amount":8,"xyLevel":"V4","seckillTime":"WEEKLY","periods":[{"weekDay":5,"seckillStartTime":1785470400000,"seckillEndTime":1785729599999,"status":"ENDED"},{"weekDay":1,"seckillStartTime":1785729600000,"seckillEndTime":1785902399999,"status":"PROGRESSING"},{"weekDay":3,"seckillStartTime":1785902400000,"seckillEndTime":1786075199999,"status":"NOT_STARTED"},{"weekDay":5,"seckillStartTime":1786075200000,"seckillEndTime":1786334399999,"status":"NOT_STARTED"},{"weekDay":1,"seckillStartTime":1786334400000,"seckillEndTime":1786507199999,"status":"NOT_STARTED"},{"weekDay":3,"seckillStartTime":1786507200000,"seckillEndTime":1786679999999,"status":"NOT_STARTED"}]},{"couponId":"687086e33d0d02335c1804f4","name":"V5","amount":18,"xyLevel":"V5","seckillTime":"WEEKLY","periods":[{"weekDay":5,"seckillStartTime":1785470400000,"seckillEndTime":1785729599999,"status":"ENDED"},{"weekDay":1,"seckillStartTime":1785729600000,"seckillEndTime":1785902399999,"status":"PROGRESSING","acquiredStatus":"OUT_OF_STOCK","stockId":"687086e33d0d02335c1804f4_WEEKLY_1785729600000","stockRemain":0},{"weekDay":3,"seckillStartTime":1785902400000,"seckillEndTime":1786075199999,"status":"NOT_STARTED"},{"weekDay":5,"seckillStartTime":1786075200000,"seckillEndTime":1786334399999,"status":"NOT_STARTED"},{"weekDay":1,"seckillStartTime":1786334400000,"seckillEndTime":1786507199999,"status":"NOT_STARTED"},{"weekDay":3,"seckillStartTime":1786507200000,"seckillEndTime":1786679999999,"status":"NOT_STARTED"}]},{"couponId":"68708705f56f912f57e063c3","name":"V6","amount":30,"xyLevel":"V6","seckillTime":"WEEKLY","periods":[{"weekDay":5,"seckillStartTime":1785470400000,"seckillEndTime":1785729599999,"status":"ENDED"},{"weekDay":1,"seckillStartTime":1785729600000,"seckillEndTime":1785902399999,"status":"PROGRESSING"},{"weekDay":3,"seckillStartTime":1785902400000,"seckillEndTime":1786075199999,"status":"NOT_STARTED"},{"weekDay":5,"seckillStartTime":1786075200000,"seckillEndTime":1786334399999,"status":"NOT_STARTED"},{"weekDay":1,"seckillStartTime":1786334400000,"seckillEndTime":1786507199999,"status":"NOT_STARTED"},{"weekDay":3,"seckillStartTime":1786507200000,"seckillEndTime":1786679999999,"status":"NOT_STARTED"}]},{"couponId":"6870872e89fddd2bbdec96bd","name":"V7","amount":75,"xyLevel":"V7","seckillTime":"WEEKLY","periods":[{"weekDay":5,"seckillStartTime":1785470400000,"seckillEndTime":1785729599999,"status":"ENDED"},{"weekDay":1,"seckillStartTime":1785729600000,"seckillEndTime":1785902399999,"status":"PROGRESSING"},{"weekDay":3,"seckillStartTime":1785902400000,"seckillEndTime":1786075199999,"status":"NOT_STARTED"},{"weekDay":5,"seckillStartTime":1786075200000,"seckillEndTime":1786334399999,"status":"NOT_STARTED"},{"weekDay":1,"seckillStartTime":1786334400000,"seckillEndTime":1786507199999,"status":"NOT_STARTED"},{"weekDay":3,"seckillStartTime":1786507200000,"seckillEndTime":1786679999999,"status":"NOT_STARTED"}]}]},"code":200,"errmsg":"OK"}}
============================================================
============================================================
[请求时间] 2026/8/3 12:01:10.444
[响应时间] 2026/8/3 12:01:10.596
[耗时] 152ms
[请求路径] https://pay-api.ds.163.com/v1/web/init/server/time
[请求方式] GET
[请求参数] {"query":null,"body":null}
[请求头] {"Accept":"application/json, text/plain, */*","Content-Type":"application/json;charset=UTF-8","GL-X-XSRF-TOKEN":"f3776aef-4aba-4939-bb0c-d9b6b9ad568c","User-Agent":"Mozilla/5.0 (Windows NT 10.0; Win64; x64) AppleWebKit/537.36 (KHTML, like Gecko) Chrome/122.0.0.0 Safari/537.36","Origin":"https://pay.ds.163.com","Referer":"https://pay.ds.163.com/","GL-ClientType":"60","GL-DeviceId":"9d63497c-0d37-4ef5-a718-d20f58f5816a","GL-Uid":"21c4ec56a4dc44f8825c9ec5fc7e7dc6","Accept-Encoding":"gzip, compress, deflate, br"}
[响应结果] {"httpStatus":404,"data":"<!DOCTYPE HTML PUBLIC \"-//W3C//DTD HTML 3.2 Final//EN\">\n<title>404 Not Found</title>\n<h1>Not Found</h1>\n<p>The requested URL was not found on the server. If you entered the URL manually please check your spelling and try again.</p>\n"}
============================================================
============================================================
[请求时间] 2026/8/3 12:01:10.595
[响应时间] 2026/8/3 12:01:10.736
[耗时] 141ms
[请求路径] https://pay-api.ds.163.com/api/nlogin
[请求方式] GET
[请求参数] {"query":{},"body":null}
[请求头] {"Accept":"application/json, text/plain, */*","Content-Type":"application/json;charset=UTF-8","GL-X-XSRF-TOKEN":"f3776aef-4aba-4939-bb0c-d9b6b9ad568c","User-Agent":"Mozilla/5.0 (Windows NT 10.0; Win64; x64) AppleWebKit/537.36 (KHTML, like Gecko) Chrome/122.0.0.0 Safari/537.36","Origin":"https://pay.ds.163.com","Referer":"https://pay.ds.163.com/","GL-ClientType":"60","GL-DeviceId":"9d63497c-0d37-4ef5-a718-d20f58f5816a","GL-Uid":"21c4ec56a4dc44f8825c9ec5fc7e7dc6","Accept-Encoding":"gzip, compress, deflate, br"}
[响应结果] {"httpStatus":200,"data":{"code":413,"msg":"登录失败"}}
============================================================
============================================================
[请求时间] 2026/8/3 12:01:22.627
[响应时间] 2026/8/3 12:01:22.823
[耗时] 196ms
[请求路径] https://pay-api.ds.163.com/v1/web/init/server/time
[请求方式] GET
[请求参数] {"query":null,"body":null}
[请求头] {"Accept":"application/json, text/plain, */*","Content-Type":"application/json;charset=UTF-8","User-Agent":"Mozilla/5.0 (Windows NT 10.0; Win64; x64) AppleWebKit/537.36 (KHTML, like Gecko) Chrome/122.0.0.0 Safari/537.36","Origin":"https://pay.ds.163.com","Referer":"https://pay.ds.163.com/","GL-ClientType":"60","GL-DeviceId":"9d63497c-0d37-4ef5-a718-d20f58f5816a","GL-Uid":"21c4ec56a4dc44f8825c9ec5fc7e7dc6","GL-X-XSRF-TOKEN":"f3776aef-4aba-4939-bb0c-d9b6b9ad568c","Accept-Encoding":"gzip, compress, deflate, br"}
[响应结果] {"httpStatus":404,"data":"<!DOCTYPE HTML PUBLIC \"-//W3C//DTD HTML 3.2 Final//EN\">\n<title>404 Not Found</title>\n<h1>Not Found</h1>\n<p>The requested URL was not found on the server. If you entered the URL manually please check your spelling and try again.</p>\n"}
============================================================
============================================================
[请求时间] 2026/8/3 12:01:22.822
[响应时间] 2026/8/3 12:01:22.962
[耗时] 140ms
[请求路径] https://pay-api.ds.163.com/api/nlogin
[请求方式] GET
[请求参数] {"query":{},"body":null}
[请求头] {"Accept":"application/json, text/plain, */*","Content-Type":"application/json;charset=UTF-8","GL-X-XSRF-TOKEN":"f3776aef-4aba-4939-bb0c-d9b6b9ad568c","User-Agent":"Mozilla/5.0 (Windows NT 10.0; Win64; x64) AppleWebKit/537.36 (KHTML, like Gecko) Chrome/122.0.0.0 Safari/537.36","Origin":"https://pay.ds.163.com","Referer":"https://pay.ds.163.com/","GL-ClientType":"60","GL-DeviceId":"9d63497c-0d37-4ef5-a718-d20f58f5816a","GL-Uid":"21c4ec56a4dc44f8825c9ec5fc7e7dc6","Accept-Encoding":"gzip, compress, deflate, br"}
[响应结果] {"httpStatus":200,"data":{"code":413,"msg":"登录失败"}}
============================================================
============================================================
[请求时间] 2026/8/3 12:01:22.960
[响应时间] 2026/8/3 12:01:23.096
[耗时] 136ms
[请求路径] https://inf.ds.163.com/v1/web/cooperate/plutus/cookie-exchange
[请求方式] GET
[请求参数] {"query":null,"body":null}
[请求头] {"Accept":"application/json, text/plain, */*","Content-Type":"application/json;charset=UTF-8","GL-X-XSRF-TOKEN":"f3776aef-4aba-4939-bb0c-d9b6b9ad568c","User-Agent":"Mozilla/5.0 (Windows NT 10.0; Win64; x64) AppleWebKit/537.36 (KHTML, like Gecko) Chrome/122.0.0.0 Safari/537.36","Origin":"https://pay.ds.163.com","Referer":"https://pay.ds.163.com/","GL-ClientType":"60","GL-DeviceId":"9d63497c-0d37-4ef5-a718-d20f58f5816a","GL-Uid":"21c4ec56a4dc44f8825c9ec5fc7e7dc6","Accept-Encoding":"gzip, compress, deflate, br"}
[响应结果] {"httpStatus":200,"data":{"result":{"user":{"uid":"21c4ec56a4dc44f8825c9ec5fc7e7dc6","nick":"春醉江南","icon":"https://ok.166.net/reunionpub/3_20231028_18b7450a667464651.png","intro":"","gender":2,"updateTime":1779541425917,"userSourceType":"URS"},"newUser":false},"code":200,"errmsg":"OK"}}
============================================================
============================================================
[请求时间] 2026/8/3 12:01:23.095
[响应时间] 2026/8/3 12:01:23.232
[耗时] 137ms
[请求路径] https://pay-api.ds.163.com/v1/web/init/server/time
[请求方式] GET
[请求参数] {"query":null,"body":null}
[请求头] {"Accept":"application/json, text/plain, */*","Content-Type":"application/json;charset=UTF-8","GL-X-XSRF-TOKEN":"f3776aef-4aba-4939-bb0c-d9b6b9ad568c","User-Agent":"Mozilla/5.0 (Windows NT 10.0; Win64; x64) AppleWebKit/537.36 (KHTML, like Gecko) Chrome/122.0.0.0 Safari/537.36","Origin":"https://pay.ds.163.com","Referer":"https://pay.ds.163.com/","GL-ClientType":"60","GL-DeviceId":"9d63497c-0d37-4ef5-a718-d20f58f5816a","GL-Uid":"21c4ec56a4dc44f8825c9ec5fc7e7dc6","Accept-Encoding":"gzip, compress, deflate, br"}
[响应结果] {"httpStatus":404,"data":"<!DOCTYPE HTML PUBLIC \"-//W3C//DTD HTML 3.2 Final//EN\">\n<title>404 Not Found</title>\n<h1>Not Found</h1>\n<p>The requested URL was not found on the server. If you entered the URL manually please check your spelling and try again.</p>\n"}
============================================================
============================================================
[请求时间] 2026/8/3 12:01:23.231
[响应时间] 2026/8/3 12:01:23.317
[耗时] 86ms
[请求路径] https://inf.ds.163.com/v1/web/exp/xy/user/get-info
[请求方式] POST
[请求参数] {"query":null,"body":{}}
[请求头] {"Accept":"application/json, text/plain, */*","Content-Type":"application/json;charset=UTF-8","GL-X-XSRF-TOKEN":"f3776aef-4aba-4939-bb0c-d9b6b9ad568c","User-Agent":"Mozilla/5.0 (Windows NT 10.0; Win64; x64) AppleWebKit/537.36 (KHTML, like Gecko) Chrome/122.0.0.0 Safari/537.36","Origin":"https://pay.ds.163.com","Referer":"https://pay.ds.163.com/","GL-ClientType":"60","GL-DeviceId":"9d63497c-0d37-4ef5-a718-d20f58f5816a","GL-Uid":"21c4ec56a4dc44f8825c9ec5fc7e7dc6","GL-CheckSum":"2c1fec9e89be9672afba8f4b54eab28a0ca9b518","Content-Length":"2","Accept-Encoding":"gzip, compress, deflate, br"}
[响应结果] {"httpStatus":200,"data":{"result":{"growthPoint":179413,"currentLv":"V5","diffNextLvGrowthPoint":120587,"currentLvExpireDate":"20270704","currentLvExpire":1814630400000,"nextLv":"V6","activeGames":["l36"],"last365LoginGames":["l36","h55"],"initDate":"20260704","lastLv":"V5"},"code":200,"errmsg":"OK"}}
============================================================
============================================================
[请求时间] 2026/8/3 12:01:23.314
[响应时间] 2026/8/3 12:01:23.403
[耗时] 89ms
[请求路径] https://inf.ds.163.com/v1/web/exp/week-coupon/showing-list-v2
[请求方式] POST
[请求参数] {"query":null,"body":{}}
[请求头] {"Accept":"application/json, text/plain, */*","Content-Type":"application/json;charset=UTF-8","GL-X-XSRF-TOKEN":"f3776aef-4aba-4939-bb0c-d9b6b9ad568c","User-Agent":"Mozilla/5.0 (Windows NT 10.0; Win64; x64) AppleWebKit/537.36 (KHTML, like Gecko) Chrome/122.0.0.0 Safari/537.36","Origin":"https://pay.ds.163.com","Referer":"https://pay.ds.163.com/","GL-ClientType":"60","GL-DeviceId":"9d63497c-0d37-4ef5-a718-d20f58f5816a","GL-Uid":"21c4ec56a4dc44f8825c9ec5fc7e7dc6","GL-CheckSum":"2c1fec9e89be9672afba8f4b54eab28a0ca9b518","Content-Length":"2","Accept-Encoding":"gzip, compress, deflate, br"}
[响应结果] {"httpStatus":200,"data":{"result":{"coupons":[{"couponId":"687076e69f3efd24cb2bed9c","name":"V1","amount":1,"xyLevel":"V1","seckillTime":"WEEKLY","periods":[{"weekDay":5,"seckillStartTime":1785470400000,"seckillEndTime":1785729599999,"status":"ENDED"},{"weekDay":1,"seckillStartTime":1785729600000,"seckillEndTime":1785902399999,"status":"PROGRESSING"},{"weekDay":3,"seckillStartTime":1785902400000,"seckillEndTime":1786075199999,"status":"NOT_STARTED"},{"weekDay":5,"seckillStartTime":1786075200000,"seckillEndTime":1786334399999,"status":"NOT_STARTED"},{"weekDay":1,"seckillStartTime":1786334400000,"seckillEndTime":1786507199999,"status":"NOT_STARTED"},{"weekDay":3,"seckillStartTime":1786507200000,"seckillEndTime":1786679999999,"status":"NOT_STARTED"}]},{"couponId":"68708657f56f912f57e063bf","name":"V2","amount":2,"xyLevel":"V2","seckillTime":"WEEKLY","periods":[{"weekDay":5,"seckillStartTime":1785470400000,"seckillEndTime":1785729599999,"status":"ENDED"},{"weekDay":1,"seckillStartTime":1785729600000,"seckillEndTime":1785902399999,"status":"PROGRESSING"},{"weekDay":3,"seckillStartTime":1785902400000,"seckillEndTime":1786075199999,"status":"NOT_STARTED"},{"weekDay":5,"seckillStartTime":1786075200000,"seckillEndTime":1786334399999,"status":"NOT_STARTED"},{"weekDay":1,"seckillStartTime":1786334400000,"seckillEndTime":1786507199999,"status":"NOT_STARTED"},{"weekDay":3,"seckillStartTime":1786507200000,"seckillEndTime":1786679999999,"status":"NOT_STARTED"}]},{"couponId":"6870867989fddd2bbdec96bc","name":"V3","amount":3,"xyLevel":"V3","seckillTime":"WEEKLY","periods":[{"weekDay":5,"seckillStartTime":1785470400000,"seckillEndTime":1785729599999,"status":"ENDED"},{"weekDay":1,"seckillStartTime":1785729600000,"seckillEndTime":1785902399999,"status":"PROGRESSING"},{"weekDay":3,"seckillStartTime":1785902400000,"seckillEndTime":1786075199999,"status":"NOT_STARTED"},{"weekDay":5,"seckillStartTime":1786075200000,"seckillEndTime":1786334399999,"status":"NOT_STARTED"},{"weekDay":1,"seckillStartTime":1786334400000,"seckillEndTime":1786507199999,"status":"NOT_STARTED"},{"weekDay":3,"seckillStartTime":1786507200000,"seckillEndTime":1786679999999,"status":"NOT_STARTED"}]},{"couponId":"6870869cf56f912f57e063c0","name":"V4","amount":8,"xyLevel":"V4","seckillTime":"WEEKLY","periods":[{"weekDay":5,"seckillStartTime":1785470400000,"seckillEndTime":1785729599999,"status":"ENDED"},{"weekDay":1,"seckillStartTime":1785729600000,"seckillEndTime":1785902399999,"status":"PROGRESSING"},{"weekDay":3,"seckillStartTime":1785902400000,"seckillEndTime":1786075199999,"status":"NOT_STARTED"},{"weekDay":5,"seckillStartTime":1786075200000,"seckillEndTime":1786334399999,"status":"NOT_STARTED"},{"weekDay":1,"seckillStartTime":1786334400000,"seckillEndTime":1786507199999,"status":"NOT_STARTED"},{"weekDay":3,"seckillStartTime":1786507200000,"seckillEndTime":1786679999999,"status":"NOT_STARTED"}]},{"couponId":"687086e33d0d02335c1804f4","name":"V5","amount":18,"xyLevel":"V5","seckillTime":"WEEKLY","periods":[{"weekDay":5,"seckillStartTime":1785470400000,"seckillEndTime":1785729599999,"status":"ENDED"},{"weekDay":1,"seckillStartTime":1785729600000,"seckillEndTime":1785902399999,"status":"PROGRESSING","acquiredStatus":"OUT_OF_STOCK","stockId":"687086e33d0d02335c1804f4_WEEKLY_1785729600000","stockRemain":0},{"weekDay":3,"seckillStartTime":1785902400000,"seckillEndTime":1786075199999,"status":"NOT_STARTED"},{"weekDay":5,"seckillStartTime":1786075200000,"seckillEndTime":1786334399999,"status":"NOT_STARTED"},{"weekDay":1,"seckillStartTime":1786334400000,"seckillEndTime":1786507199999,"status":"NOT_STARTED"},{"weekDay":3,"seckillStartTime":1786507200000,"seckillEndTime":1786679999999,"status":"NOT_STARTED"}]},{"couponId":"68708705f56f912f57e063c3","name":"V6","amount":30,"xyLevel":"V6","seckillTime":"WEEKLY","periods":[{"weekDay":5,"seckillStartTime":1785470400000,"seckillEndTime":1785729599999,"status":"ENDED"},{"weekDay":1,"seckillStartTime":1785729600000,"seckillEndTime":1785902399999,"status":"PROGRESSING"},{"weekDay":3,"seckillStartTime":1785902400000,"seckillEndTime":1786075199999,"status":"NOT_STARTED"},{"weekDay":5,"seckillStartTime":1786075200000,"seckillEndTime":1786334399999,"status":"NOT_STARTED"},{"weekDay":1,"seckillStartTime":1786334400000,"seckillEndTime":1786507199999,"status":"NOT_STARTED"},{"weekDay":3,"seckillStartTime":1786507200000,"seckillEndTime":1786679999999,"status":"NOT_STARTED"}]},{"couponId":"6870872e89fddd2bbdec96bd","name":"V7","amount":75,"xyLevel":"V7","seckillTime":"WEEKLY","periods":[{"weekDay":5,"seckillStartTime":1785470400000,"seckillEndTime":1785729599999,"status":"ENDED"},{"weekDay":1,"seckillStartTime":1785729600000,"seckillEndTime":1785902399999,"status":"PROGRESSING"},{"weekDay":3,"seckillStartTime":1785902400000,"seckillEndTime":1786075199999,"status":"NOT_STARTED"},{"weekDay":5,"seckillStartTime":1786075200000,"seckillEndTime":1786334399999,"status":"NOT_STARTED"},{"weekDay":1,"seckillStartTime":1786334400000,"seckillEndTime":1786507199999,"status":"NOT_STARTED"},{"weekDay":3,"seckillStartTime":1786507200000,"seckillEndTime":1786679999999,"status":"NOT_STARTED"}]}]},"code":200,"errmsg":"OK"}}
============================================================
============================================================
[请求时间] 2026/8/3 12:01:23.739
[响应时间] 2026/8/3 12:01:23.802
[耗时] 63ms
[请求路径] https://inf.ds.163.com/v1/web/exp/week-coupon/showing-list-v2
[请求方式] POST
[请求参数] {"query":null,"body":{}}
[请求头] {"Accept":"application/json, text/plain, */*","Content-Type":"application/json;charset=UTF-8","GL-X-XSRF-TOKEN":"f3776aef-4aba-4939-bb0c-d9b6b9ad568c","User-Agent":"Mozilla/5.0 (Windows NT 10.0; Win64; x64) AppleWebKit/537.36 (KHTML, like Gecko) Chrome/122.0.0.0 Safari/537.36","Origin":"https://pay.ds.163.com","Referer":"https://pay.ds.163.com/","GL-ClientType":"60","GL-DeviceId":"9d63497c-0d37-4ef5-a718-d20f58f5816a","GL-Uid":"21c4ec56a4dc44f8825c9ec5fc7e7dc6","GL-CheckSum":"2c1fec9e89be9672afba8f4b54eab28a0ca9b518","Content-Length":"2","Accept-Encoding":"gzip, compress, deflate, br"}
[响应结果] {"httpStatus":200,"data":{"result":{"coupons":[{"couponId":"687076e69f3efd24cb2bed9c","name":"V1","amount":1,"xyLevel":"V1","seckillTime":"WEEKLY","periods":[{"weekDay":5,"seckillStartTime":1785470400000,"seckillEndTime":1785729599999,"status":"ENDED"},{"weekDay":1,"seckillStartTime":1785729600000,"seckillEndTime":1785902399999,"status":"PROGRESSING"},{"weekDay":3,"seckillStartTime":1785902400000,"seckillEndTime":1786075199999,"status":"NOT_STARTED"},{"weekDay":5,"seckillStartTime":1786075200000,"seckillEndTime":1786334399999,"status":"NOT_STARTED"},{"weekDay":1,"seckillStartTime":1786334400000,"seckillEndTime":1786507199999,"status":"NOT_STARTED"},{"weekDay":3,"seckillStartTime":1786507200000,"seckillEndTime":1786679999999,"status":"NOT_STARTED"}]},{"couponId":"68708657f56f912f57e063bf","name":"V2","amount":2,"xyLevel":"V2","seckillTime":"WEEKLY","periods":[{"weekDay":5,"seckillStartTime":1785470400000,"seckillEndTime":1785729599999,"status":"ENDED"},{"weekDay":1,"seckillStartTime":1785729600000,"seckillEndTime":1785902399999,"status":"PROGRESSING"},{"weekDay":3,"seckillStartTime":1785902400000,"seckillEndTime":1786075199999,"status":"NOT_STARTED"},{"weekDay":5,"seckillStartTime":1786075200000,"seckillEndTime":1786334399999,"status":"NOT_STARTED"},{"weekDay":1,"seckillStartTime":1786334400000,"seckillEndTime":1786507199999,"status":"NOT_STARTED"},{"weekDay":3,"seckillStartTime":1786507200000,"seckillEndTime":1786679999999,"status":"NOT_STARTED"}]},{"couponId":"6870867989fddd2bbdec96bc","name":"V3","amount":3,"xyLevel":"V3","seckillTime":"WEEKLY","periods":[{"weekDay":5,"seckillStartTime":1785470400000,"seckillEndTime":1785729599999,"status":"ENDED"},{"weekDay":1,"seckillStartTime":1785729600000,"seckillEndTime":1785902399999,"status":"PROGRESSING"},{"weekDay":3,"seckillStartTime":1785902400000,"seckillEndTime":1786075199999,"status":"NOT_STARTED"},{"weekDay":5,"seckillStartTime":1786075200000,"seckillEndTime":1786334399999,"status":"NOT_STARTED"},{"weekDay":1,"seckillStartTime":1786334400000,"seckillEndTime":1786507199999,"status":"NOT_STARTED"},{"weekDay":3,"seckillStartTime":1786507200000,"seckillEndTime":1786679999999,"status":"NOT_STARTED"}]},{"couponId":"6870869cf56f912f57e063c0","name":"V4","amount":8,"xyLevel":"V4","seckillTime":"WEEKLY","periods":[{"weekDay":5,"seckillStartTime":1785470400000,"seckillEndTime":1785729599999,"status":"ENDED"},{"weekDay":1,"seckillStartTime":1785729600000,"seckillEndTime":1785902399999,"status":"PROGRESSING"},{"weekDay":3,"seckillStartTime":1785902400000,"seckillEndTime":1786075199999,"status":"NOT_STARTED"},{"weekDay":5,"seckillStartTime":1786075200000,"seckillEndTime":1786334399999,"status":"NOT_STARTED"},{"weekDay":1,"seckillStartTime":1786334400000,"seckillEndTime":1786507199999,"status":"NOT_STARTED"},{"weekDay":3,"seckillStartTime":1786507200000,"seckillEndTime":1786679999999,"status":"NOT_STARTED"}]},{"couponId":"687086e33d0d02335c1804f4","name":"V5","amount":18,"xyLevel":"V5","seckillTime":"WEEKLY","periods":[{"weekDay":5,"seckillStartTime":1785470400000,"seckillEndTime":1785729599999,"status":"ENDED"},{"weekDay":1,"seckillStartTime":1785729600000,"seckillEndTime":1785902399999,"status":"PROGRESSING","acquiredStatus":"OUT_OF_STOCK","stockId":"687086e33d0d02335c1804f4_WEEKLY_1785729600000","stockRemain":0},{"weekDay":3,"seckillStartTime":1785902400000,"seckillEndTime":1786075199999,"status":"NOT_STARTED"},{"weekDay":5,"seckillStartTime":1786075200000,"seckillEndTime":1786334399999,"status":"NOT_STARTED"},{"weekDay":1,"seckillStartTime":1786334400000,"seckillEndTime":1786507199999,"status":"NOT_STARTED"},{"weekDay":3,"seckillStartTime":1786507200000,"seckillEndTime":1786679999999,"status":"NOT_STARTED"}]},{"couponId":"68708705f56f912f57e063c3","name":"V6","amount":30,"xyLevel":"V6","seckillTime":"WEEKLY","periods":[{"weekDay":5,"seckillStartTime":1785470400000,"seckillEndTime":1785729599999,"status":"ENDED"},{"weekDay":1,"seckillStartTime":1785729600000,"seckillEndTime":1785902399999,"status":"PROGRESSING"},{"weekDay":3,"seckillStartTime":1785902400000,"seckillEndTime":1786075199999,"status":"NOT_STARTED"},{"weekDay":5,"seckillStartTime":1786075200000,"seckillEndTime":1786334399999,"status":"NOT_STARTED"},{"weekDay":1,"seckillStartTime":1786334400000,"seckillEndTime":1786507199999,"status":"NOT_STARTED"},{"weekDay":3,"seckillStartTime":1786507200000,"seckillEndTime":1786679999999,"status":"NOT_STARTED"}]},{"couponId":"6870872e89fddd2bbdec96bd","name":"V7","amount":75,"xyLevel":"V7","seckillTime":"WEEKLY","periods":[{"weekDay":5,"seckillStartTime":1785470400000,"seckillEndTime":1785729599999,"status":"ENDED"},{"weekDay":1,"seckillStartTime":1785729600000,"seckillEndTime":1785902399999,"status":"PROGRESSING"},{"weekDay":3,"seckillStartTime":1785902400000,"seckillEndTime":1786075199999,"status":"NOT_STARTED"},{"weekDay":5,"seckillStartTime":1786075200000,"seckillEndTime":1786334399999,"status":"NOT_STARTED"},{"weekDay":1,"seckillStartTime":1786334400000,"seckillEndTime":1786507199999,"status":"NOT_STARTED"},{"weekDay":3,"seckillStartTime":1786507200000,"seckillEndTime":1786679999999,"status":"NOT_STARTED"}]}]},"code":200,"errmsg":"OK"}}
============================================================
============================================================
[请求时间] 2026/8/3 12:01:23.802
[响应时间] 2026/8/3 12:01:23.948
[耗时] 146ms
[请求路径] https://pay-api.ds.163.com/v1/web/init/server/time
[请求方式] GET
[请求参数] {"query":null,"body":null}
[请求头] {"Accept":"application/json, text/plain, */*","Content-Type":"application/json;charset=UTF-8","GL-X-XSRF-TOKEN":"f3776aef-4aba-4939-bb0c-d9b6b9ad568c","User-Agent":"Mozilla/5.0 (Windows NT 10.0; Win64; x64) AppleWebKit/537.36 (KHTML, like Gecko) Chrome/122.0.0.0 Safari/537.36","Origin":"https://pay.ds.163.com","Referer":"https://pay.ds.163.com/","GL-ClientType":"60","GL-DeviceId":"9d63497c-0d37-4ef5-a718-d20f58f5816a","GL-Uid":"21c4ec56a4dc44f8825c9ec5fc7e7dc6","Accept-Encoding":"gzip, compress, deflate, br"}
[响应结果] {"httpStatus":404,"data":"<!DOCTYPE HTML PUBLIC \"-//W3C//DTD HTML 3.2 Final//EN\">\n<title>404 Not Found</title>\n<h1>Not Found</h1>\n<p>The requested URL was not found on the server. If you entered the URL manually please check your spelling and try again.</p>\n"}
============================================================
============================================================
[请求时间] 2026/8/3 12:01:23.947
[响应时间] 2026/8/3 12:01:24.099
[耗时] 152ms
[请求路径] https://pay-api.ds.163.com/api/nlogin
[请求方式] GET
[请求参数] {"query":{},"body":null}
[请求头] {"Accept":"application/json, text/plain, */*","Content-Type":"application/json;charset=UTF-8","GL-X-XSRF-TOKEN":"f3776aef-4aba-4939-bb0c-d9b6b9ad568c","User-Agent":"Mozilla/5.0 (Windows NT 10.0; Win64; x64) AppleWebKit/537.36 (KHTML, like Gecko) Chrome/122.0.0.0 Safari/537.36","Origin":"https://pay.ds.163.com","Referer":"https://pay.ds.163.com/","GL-ClientType":"60","GL-DeviceId":"9d63497c-0d37-4ef5-a718-d20f58f5816a","GL-Uid":"21c4ec56a4dc44f8825c9ec5fc7e7dc6","Accept-Encoding":"gzip, compress, deflate, br"}
[响应结果] {"httpStatus":200,"data":{"code":413,"msg":"登录失败"}}
============================================================
============================================================
[请求时间] 2026/8/3 12:01:27.619
[响应时间] 2026/8/3 12:01:27.776
[耗时] 157ms
[请求路径] https://pay-api.ds.163.com/v1/web/init/server/time
[请求方式] GET
[请求参数] {"query":null,"body":null}
[请求头] {"Accept":"application/json, text/plain, */*","Content-Type":"application/json;charset=UTF-8","GL-X-XSRF-TOKEN":"f3776aef-4aba-4939-bb0c-d9b6b9ad568c","User-Agent":"Mozilla/5.0 (Windows NT 10.0; Win64; x64) AppleWebKit/537.36 (KHTML, like Gecko) Chrome/122.0.0.0 Safari/537.36","Origin":"https://pay.ds.163.com","Referer":"https://pay.ds.163.com/","GL-ClientType":"60","GL-DeviceId":"9d63497c-0d37-4ef5-a718-d20f58f5816a","GL-Uid":"21c4ec56a4dc44f8825c9ec5fc7e7dc6","Accept-Encoding":"gzip, compress, deflate, br"}
[响应结果] {"httpStatus":404,"data":"<!DOCTYPE HTML PUBLIC \"-//W3C//DTD HTML 3.2 Final//EN\">\n<title>404 Not Found</title>\n<h1>Not Found</h1>\n<p>The requested URL was not found on the server. If you entered the URL manually please check your spelling and try again.</p>\n"}
============================================================
============================================================
[请求时间] 2026/8/3 12:01:29.123
[响应时间] 2026/8/3 12:01:29.217
[耗时] 94ms
[请求路径] https://inf.ds.163.com/v1/web/exp/week-coupon/acquire
[请求方式] POST
[请求参数] {"query":null,"body":{"couponId":"687086e33d0d02335c1804f4","stockId":"687086e33d0d02335c1804f4_WEEKLY_1785729600000"}}
[请求头] {"Accept":"application/json, text/plain, */*","Content-Type":"application/json;charset=UTF-8","GL-X-XSRF-TOKEN":"f3776aef-4aba-4939-bb0c-d9b6b9ad568c","User-Agent":"Mozilla/5.0 (Windows NT 10.0; Win64; x64) AppleWebKit/537.36 (KHTML, like Gecko) Chrome/122.0.0.0 Safari/537.36","Origin":"https://pay.ds.163.com","Referer":"https://pay.ds.163.com/","GL-ClientType":"60","GL-DeviceId":"9d63497c-0d37-4ef5-a718-d20f58f5816a","GL-Uid":"21c4ec56a4dc44f8825c9ec5fc7e7dc6","GL-CheckSum":"7fa508e9a149859608fc0301016d1513647d97be","Content-Length":"97","Accept-Encoding":"gzip, compress, deflate, br"}
[响应结果] {"httpStatus":200,"data":{"code":40008,"errmsg":"当前库存已不足，敬请参与下期活动噢"}}
============================================================
============================================================
[请求时间] 2026/8/3 12:01:30.229
[响应时间] 2026/8/3 12:01:30.293
[耗时] 64ms
[请求路径] https://inf.ds.163.com/v1/web/exp/week-coupon/acquire
[请求方式] POST
[请求参数] {"query":null,"body":{"couponId":"687086e33d0d02335c1804f4","stockId":"687086e33d0d02335c1804f4_WEEKLY_1785729600000"}}
[请求头] {"Accept":"application/json, text/plain, */*","Content-Type":"application/json;charset=UTF-8","GL-X-XSRF-TOKEN":"f3776aef-4aba-4939-bb0c-d9b6b9ad568c","User-Agent":"Mozilla/5.0 (Windows NT 10.0; Win64; x64) AppleWebKit/537.36 (KHTML, like Gecko) Chrome/122.0.0.0 Safari/537.36","Origin":"https://pay.ds.163.com","Referer":"https://pay.ds.163.com/","GL-ClientType":"60","GL-DeviceId":"9d63497c-0d37-4ef5-a718-d20f58f5816a","GL-Uid":"21c4ec56a4dc44f8825c9ec5fc7e7dc6","GL-CheckSum":"7fa508e9a149859608fc0301016d1513647d97be","Content-Length":"97","Accept-Encoding":"gzip, compress, deflate, br"}
[响应结果] {"httpStatus":200,"data":{"code":40008,"errmsg":"当前库存已不足，敬请参与下期活动噢"}}
============================================================
============================================================
[请求时间] 2026/8/3 12:01:31.297
[响应时间] 2026/8/3 12:01:31.372
[耗时] 75ms
[请求路径] https://inf.ds.163.com/v1/web/exp/week-coupon/acquire
[请求方式] POST
[请求参数] {"query":null,"body":{"couponId":"687086e33d0d02335c1804f4","stockId":"687086e33d0d02335c1804f4_WEEKLY_1785729600000"}}
[请求头] {"Accept":"application/json, text/plain, */*","Content-Type":"application/json;charset=UTF-8","GL-X-XSRF-TOKEN":"f3776aef-4aba-4939-bb0c-d9b6b9ad568c","User-Agent":"Mozilla/5.0 (Windows NT 10.0; Win64; x64) AppleWebKit/537.36 (KHTML, like Gecko) Chrome/122.0.0.0 Safari/537.36","Origin":"https://pay.ds.163.com","Referer":"https://pay.ds.163.com/","GL-ClientType":"60","GL-DeviceId":"9d63497c-0d37-4ef5-a718-d20f58f5816a","GL-Uid":"21c4ec56a4dc44f8825c9ec5fc7e7dc6","GL-CheckSum":"7fa508e9a149859608fc0301016d1513647d97be","Content-Length":"97","Accept-Encoding":"gzip, compress, deflate, br"}
[响应结果] {"httpStatus":200,"data":{"code":40008,"errmsg":"当前库存已不足，敬请参与下期活动噢"}}
============================================================
============================================================
[请求时间] 2026/8/3 12:01:32.375
[响应时间] 2026/8/3 12:01:32.445
[耗时] 70ms
[请求路径] https://inf.ds.163.com/v1/web/exp/week-coupon/acquire
[请求方式] POST
[请求参数] {"query":null,"body":{"couponId":"687086e33d0d02335c1804f4","stockId":"687086e33d0d02335c1804f4_WEEKLY_1785729600000"}}
[请求头] {"Accept":"application/json, text/plain, */*","Content-Type":"application/json;charset=UTF-8","GL-X-XSRF-TOKEN":"f3776aef-4aba-4939-bb0c-d9b6b9ad568c","User-Agent":"Mozilla/5.0 (Windows NT 10.0; Win64; x64) AppleWebKit/537.36 (KHTML, like Gecko) Chrome/122.0.0.0 Safari/537.36","Origin":"https://pay.ds.163.com","Referer":"https://pay.ds.163.com/","GL-ClientType":"60","GL-DeviceId":"9d63497c-0d37-4ef5-a718-d20f58f5816a","GL-Uid":"21c4ec56a4dc44f8825c9ec5fc7e7dc6","GL-CheckSum":"7fa508e9a149859608fc0301016d1513647d97be","Content-Length":"97","Accept-Encoding":"gzip, compress, deflate, br"}
[响应结果] {"httpStatus":200,"data":{"code":40008,"errmsg":"当前库存已不足，敬请参与下期活动噢"}}
============================================================
============================================================
[请求时间] 2026/8/3 12:01:33.452
[响应时间] 2026/8/3 12:01:33.516
[耗时] 64ms
[请求路径] https://inf.ds.163.com/v1/web/exp/week-coupon/acquire
[请求方式] POST
[请求参数] {"query":null,"body":{"couponId":"687086e33d0d02335c1804f4","stockId":"687086e33d0d02335c1804f4_WEEKLY_1785729600000"}}
[请求头] {"Accept":"application/json, text/plain, */*","Content-Type":"application/json;charset=UTF-8","GL-X-XSRF-TOKEN":"f3776aef-4aba-4939-bb0c-d9b6b9ad568c","User-Agent":"Mozilla/5.0 (Windows NT 10.0; Win64; x64) AppleWebKit/537.36 (KHTML, like Gecko) Chrome/122.0.0.0 Safari/537.36","Origin":"https://pay.ds.163.com","Referer":"https://pay.ds.163.com/","GL-ClientType":"60","GL-DeviceId":"9d63497c-0d37-4ef5-a718-d20f58f5816a","GL-Uid":"21c4ec56a4dc44f8825c9ec5fc7e7dc6","GL-CheckSum":"7fa508e9a149859608fc0301016d1513647d97be","Content-Length":"97","Accept-Encoding":"gzip, compress, deflate, br"}
[响应结果] {"httpStatus":200,"data":{"code":40008,"errmsg":"当前库存已不足，敬请参与下期活动噢"}}
============================================================
============================================================
[请求时间] 2026/8/3 12:01:34.527
[响应时间] 2026/8/3 12:01:34.613
[耗时] 86ms
[请求路径] https://inf.ds.163.com/v1/web/exp/week-coupon/acquire
[请求方式] POST
[请求参数] {"query":null,"body":{"couponId":"687086e33d0d02335c1804f4","stockId":"687086e33d0d02335c1804f4_WEEKLY_1785729600000"}}
[请求头] {"Accept":"application/json, text/plain, */*","Content-Type":"application/json;charset=UTF-8","GL-X-XSRF-TOKEN":"f3776aef-4aba-4939-bb0c-d9b6b9ad568c","User-Agent":"Mozilla/5.0 (Windows NT 10.0; Win64; x64) AppleWebKit/537.36 (KHTML, like Gecko) Chrome/122.0.0.0 Safari/537.36","Origin":"https://pay.ds.163.com","Referer":"https://pay.ds.163.com/","GL-ClientType":"60","GL-DeviceId":"9d63497c-0d37-4ef5-a718-d20f58f5816a","GL-Uid":"21c4ec56a4dc44f8825c9ec5fc7e7dc6","GL-CheckSum":"7fa508e9a149859608fc0301016d1513647d97be","Content-Length":"97","Accept-Encoding":"gzip, compress, deflate, br"}
[响应结果] {"httpStatus":200,"data":{"code":40008,"errmsg":"当前库存已不足，敬请参与下期活动噢"}}
============================================================
============================================================
[请求时间] 2026/8/3 12:01:35.620
[响应时间] 2026/8/3 12:01:35.688
[耗时] 68ms
[请求路径] https://inf.ds.163.com/v1/web/exp/week-coupon/acquire
[请求方式] POST
[请求参数] {"query":null,"body":{"couponId":"687086e33d0d02335c1804f4","stockId":"687086e33d0d02335c1804f4_WEEKLY_1785729600000"}}
[请求头] {"Accept":"application/json, text/plain, */*","Content-Type":"application/json;charset=UTF-8","GL-X-XSRF-TOKEN":"f3776aef-4aba-4939-bb0c-d9b6b9ad568c","User-Agent":"Mozilla/5.0 (Windows NT 10.0; Win64; x64) AppleWebKit/537.36 (KHTML, like Gecko) Chrome/122.0.0.0 Safari/537.36","Origin":"https://pay.ds.163.com","Referer":"https://pay.ds.163.com/","GL-ClientType":"60","GL-DeviceId":"9d63497c-0d37-4ef5-a718-d20f58f5816a","GL-Uid":"21c4ec56a4dc44f8825c9ec5fc7e7dc6","GL-CheckSum":"7fa508e9a149859608fc0301016d1513647d97be","Content-Length":"97","Accept-Encoding":"gzip, compress, deflate, br"}
[响应结果] {"httpStatus":200,"data":{"code":40008,"errmsg":"当前库存已不足，敬请参与下期活动噢"}}
============================================================
============================================================
[请求时间] 2026/8/3 12:01:36.702
[响应时间] 2026/8/3 12:01:36.795
[耗时] 93ms
[请求路径] https://inf.ds.163.com/v1/web/exp/week-coupon/acquire
[请求方式] POST
[请求参数] {"query":null,"body":{"couponId":"687086e33d0d02335c1804f4","stockId":"687086e33d0d02335c1804f4_WEEKLY_1785729600000"}}
[请求头] {"Accept":"application/json, text/plain, */*","Content-Type":"application/json;charset=UTF-8","GL-X-XSRF-TOKEN":"f3776aef-4aba-4939-bb0c-d9b6b9ad568c","User-Agent":"Mozilla/5.0 (Windows NT 10.0; Win64; x64) AppleWebKit/537.36 (KHTML, like Gecko) Chrome/122.0.0.0 Safari/537.36","Origin":"https://pay.ds.163.com","Referer":"https://pay.ds.163.com/","GL-ClientType":"60","GL-DeviceId":"9d63497c-0d37-4ef5-a718-d20f58f5816a","GL-Uid":"21c4ec56a4dc44f8825c9ec5fc7e7dc6","GL-CheckSum":"7fa508e9a149859608fc0301016d1513647d97be","Content-Length":"97","Accept-Encoding":"gzip, compress, deflate, br"}
[响应结果] {"httpStatus":200,"data":{"code":40008,"errmsg":"当前库存已不足，敬请参与下期活动噢"}}
============================================================
============================================================
[请求时间] 2026/8/3 17:33:11.683
[响应时间] 2026/8/3 17:33:11.872
[耗时] 189ms
[请求路径] https://pay-api.ds.163.com/v1/web/init/server/time
[请求方式] GET
[请求参数] {"query":null,"body":null}
[请求头] {"Accept":"application/json, text/plain, */*","Content-Type":"application/json;charset=UTF-8","User-Agent":"Mozilla/5.0 (Windows NT 10.0; Win64; x64) AppleWebKit/537.36 (KHTML, like Gecko) Chrome/122.0.0.0 Safari/537.36","Origin":"https://pay.ds.163.com","Referer":"https://pay.ds.163.com/","GL-ClientType":"60","GL-DeviceId":"9d63497c-0d37-4ef5-a718-d20f58f5816a","GL-Uid":"21c4ec56a4dc44f8825c9ec5fc7e7dc6","GL-X-XSRF-TOKEN":"f3776aef-4aba-4939-bb0c-d9b6b9ad568c","Accept-Encoding":"gzip, compress, deflate, br"}
[响应结果] {"httpStatus":404,"data":"<!DOCTYPE HTML PUBLIC \"-//W3C//DTD HTML 3.2 Final//EN\">\n<title>404 Not Found</title>\n<h1>Not Found</h1>\n<p>The requested URL was not found on the server. If you entered the URL manually please check your spelling and try again.</p>\n"}
============================================================
============================================================
[请求时间] 2026/8/3 17:33:11.870
[响应时间] 2026/8/3 17:33:12.602
[耗时] 732ms
[请求路径] https://pay-api.ds.163.com/api/nlogin
[请求方式] GET
[请求参数] {"query":{},"body":null}
[请求头] {"Accept":"application/json, text/plain, */*","Content-Type":"application/json;charset=UTF-8","GL-X-XSRF-TOKEN":"f3776aef-4aba-4939-bb0c-d9b6b9ad568c","User-Agent":"Mozilla/5.0 (Windows NT 10.0; Win64; x64) AppleWebKit/537.36 (KHTML, like Gecko) Chrome/122.0.0.0 Safari/537.36","Origin":"https://pay.ds.163.com","Referer":"https://pay.ds.163.com/","GL-ClientType":"60","GL-DeviceId":"9d63497c-0d37-4ef5-a718-d20f58f5816a","GL-Uid":"21c4ec56a4dc44f8825c9ec5fc7e7dc6","Accept-Encoding":"gzip, compress, deflate, br"}
[响应结果] {"httpStatus":200,"data":{"code":413,"msg":"登录失败"}}
============================================================
============================================================
[请求时间] 2026/8/3 17:33:12.601
[响应时间] 2026/8/3 17:33:12.768
[耗时] 167ms
[请求路径] https://inf.ds.163.com/v1/web/cooperate/plutus/cookie-exchange
[请求方式] GET
[请求参数] {"query":null,"body":null}
[请求头] {"Accept":"application/json, text/plain, */*","Content-Type":"application/json;charset=UTF-8","GL-X-XSRF-TOKEN":"f3776aef-4aba-4939-bb0c-d9b6b9ad568c","User-Agent":"Mozilla/5.0 (Windows NT 10.0; Win64; x64) AppleWebKit/537.36 (KHTML, like Gecko) Chrome/122.0.0.0 Safari/537.36","Origin":"https://pay.ds.163.com","Referer":"https://pay.ds.163.com/","GL-ClientType":"60","GL-DeviceId":"9d63497c-0d37-4ef5-a718-d20f58f5816a","GL-Uid":"21c4ec56a4dc44f8825c9ec5fc7e7dc6","Accept-Encoding":"gzip, compress, deflate, br"}
[响应结果] {"httpStatus":200,"data":{"result":{"user":{"uid":"21c4ec56a4dc44f8825c9ec5fc7e7dc6","nick":"春醉江南","icon":"https://ok.166.net/reunionpub/3_20231028_18b7450a667464651.png","intro":"","gender":2,"updateTime":1779541425917,"userSourceType":"URS"},"newUser":false},"code":200,"errmsg":"OK"}}
============================================================
============================================================
[请求时间] 2026/8/3 17:33:12.768
[响应时间] 2026/8/3 17:33:12.909
[耗时] 141ms
[请求路径] https://pay-api.ds.163.com/v1/web/init/server/time
[请求方式] GET
[请求参数] {"query":null,"body":null}
[请求头] {"Accept":"application/json, text/plain, */*","Content-Type":"application/json;charset=UTF-8","GL-X-XSRF-TOKEN":"f3776aef-4aba-4939-bb0c-d9b6b9ad568c","User-Agent":"Mozilla/5.0 (Windows NT 10.0; Win64; x64) AppleWebKit/537.36 (KHTML, like Gecko) Chrome/122.0.0.0 Safari/537.36","Origin":"https://pay.ds.163.com","Referer":"https://pay.ds.163.com/","GL-ClientType":"60","GL-DeviceId":"9d63497c-0d37-4ef5-a718-d20f58f5816a","GL-Uid":"21c4ec56a4dc44f8825c9ec5fc7e7dc6","Accept-Encoding":"gzip, compress, deflate, br"}
[响应结果] {"httpStatus":404,"data":"<!DOCTYPE HTML PUBLIC \"-//W3C//DTD HTML 3.2 Final//EN\">\n<title>404 Not Found</title>\n<h1>Not Found</h1>\n<p>The requested URL was not found on the server. If you entered the URL manually please check your spelling and try again.</p>\n"}
============================================================
============================================================
[请求时间] 2026/8/3 17:33:12.905
[响应时间] 2026/8/3 17:33:13.014
[耗时] 109ms
[请求路径] https://inf.ds.163.com/v1/web/exp/xy/user/get-info
[请求方式] POST
[请求参数] {"query":null,"body":{}}
[请求头] {"Accept":"application/json, text/plain, */*","Content-Type":"application/json;charset=UTF-8","GL-X-XSRF-TOKEN":"f3776aef-4aba-4939-bb0c-d9b6b9ad568c","User-Agent":"Mozilla/5.0 (Windows NT 10.0; Win64; x64) AppleWebKit/537.36 (KHTML, like Gecko) Chrome/122.0.0.0 Safari/537.36","Origin":"https://pay.ds.163.com","Referer":"https://pay.ds.163.com/","GL-ClientType":"60","GL-DeviceId":"9d63497c-0d37-4ef5-a718-d20f58f5816a","GL-Uid":"21c4ec56a4dc44f8825c9ec5fc7e7dc6","GL-CheckSum":"2c1fec9e89be9672afba8f4b54eab28a0ca9b518","Content-Length":"2","Accept-Encoding":"gzip, compress, deflate, br"}
[响应结果] {"httpStatus":200,"data":{"result":{"growthPoint":179423,"currentLv":"V5","diffNextLvGrowthPoint":120577,"currentLvExpireDate":"20270704","currentLvExpire":1814630400000,"nextLv":"V6","activeGames":["l36"],"last365LoginGames":["h55","l36"],"initDate":"20260704","lastLv":"V5"},"code":200,"errmsg":"OK"}}
============================================================
============================================================
[请求时间] 2026/8/3 17:33:13.014
[响应时间] 2026/8/3 17:33:13.092
[耗时] 78ms
[请求路径] https://inf.ds.163.com/v1/web/exp/week-coupon/showing-list-v2
[请求方式] POST
[请求参数] {"query":null,"body":{}}
[请求头] {"Accept":"application/json, text/plain, */*","Content-Type":"application/json;charset=UTF-8","GL-X-XSRF-TOKEN":"f3776aef-4aba-4939-bb0c-d9b6b9ad568c","User-Agent":"Mozilla/5.0 (Windows NT 10.0; Win64; x64) AppleWebKit/537.36 (KHTML, like Gecko) Chrome/122.0.0.0 Safari/537.36","Origin":"https://pay.ds.163.com","Referer":"https://pay.ds.163.com/","GL-ClientType":"60","GL-DeviceId":"9d63497c-0d37-4ef5-a718-d20f58f5816a","GL-Uid":"21c4ec56a4dc44f8825c9ec5fc7e7dc6","GL-CheckSum":"2c1fec9e89be9672afba8f4b54eab28a0ca9b518","Content-Length":"2","Accept-Encoding":"gzip, compress, deflate, br"}
[响应结果] {"httpStatus":200,"data":{"result":{"coupons":[{"couponId":"687076e69f3efd24cb2bed9c","name":"V1","amount":1,"xyLevel":"V1","seckillTime":"WEEKLY","periods":[{"weekDay":5,"seckillStartTime":1785470400000,"seckillEndTime":1785729599999,"status":"ENDED"},{"weekDay":1,"seckillStartTime":1785729600000,"seckillEndTime":1785902399999,"status":"PROGRESSING"},{"weekDay":3,"seckillStartTime":1785902400000,"seckillEndTime":1786075199999,"status":"NOT_STARTED"},{"weekDay":5,"seckillStartTime":1786075200000,"seckillEndTime":1786334399999,"status":"NOT_STARTED"},{"weekDay":1,"seckillStartTime":1786334400000,"seckillEndTime":1786507199999,"status":"NOT_STARTED"},{"weekDay":3,"seckillStartTime":1786507200000,"seckillEndTime":1786679999999,"status":"NOT_STARTED"}]},{"couponId":"68708657f56f912f57e063bf","name":"V2","amount":2,"xyLevel":"V2","seckillTime":"WEEKLY","periods":[{"weekDay":5,"seckillStartTime":1785470400000,"seckillEndTime":1785729599999,"status":"ENDED"},{"weekDay":1,"seckillStartTime":1785729600000,"seckillEndTime":1785902399999,"status":"PROGRESSING"},{"weekDay":3,"seckillStartTime":1785902400000,"seckillEndTime":1786075199999,"status":"NOT_STARTED"},{"weekDay":5,"seckillStartTime":1786075200000,"seckillEndTime":1786334399999,"status":"NOT_STARTED"},{"weekDay":1,"seckillStartTime":1786334400000,"seckillEndTime":1786507199999,"status":"NOT_STARTED"},{"weekDay":3,"seckillStartTime":1786507200000,"seckillEndTime":1786679999999,"status":"NOT_STARTED"}]},{"couponId":"6870867989fddd2bbdec96bc","name":"V3","amount":3,"xyLevel":"V3","seckillTime":"WEEKLY","periods":[{"weekDay":5,"seckillStartTime":1785470400000,"seckillEndTime":1785729599999,"status":"ENDED"},{"weekDay":1,"seckillStartTime":1785729600000,"seckillEndTime":1785902399999,"status":"PROGRESSING"},{"weekDay":3,"seckillStartTime":1785902400000,"seckillEndTime":1786075199999,"status":"NOT_STARTED"},{"weekDay":5,"seckillStartTime":1786075200000,"seckillEndTime":1786334399999,"status":"NOT_STARTED"},{"weekDay":1,"seckillStartTime":1786334400000,"seckillEndTime":1786507199999,"status":"NOT_STARTED"},{"weekDay":3,"seckillStartTime":1786507200000,"seckillEndTime":1786679999999,"status":"NOT_STARTED"}]},{"couponId":"6870869cf56f912f57e063c0","name":"V4","amount":8,"xyLevel":"V4","seckillTime":"WEEKLY","periods":[{"weekDay":5,"seckillStartTime":1785470400000,"seckillEndTime":1785729599999,"status":"ENDED"},{"weekDay":1,"seckillStartTime":1785729600000,"seckillEndTime":1785902399999,"status":"PROGRESSING"},{"weekDay":3,"seckillStartTime":1785902400000,"seckillEndTime":1786075199999,"status":"NOT_STARTED"},{"weekDay":5,"seckillStartTime":1786075200000,"seckillEndTime":1786334399999,"status":"NOT_STARTED"},{"weekDay":1,"seckillStartTime":1786334400000,"seckillEndTime":1786507199999,"status":"NOT_STARTED"},{"weekDay":3,"seckillStartTime":1786507200000,"seckillEndTime":1786679999999,"status":"NOT_STARTED"}]},{"couponId":"687086e33d0d02335c1804f4","name":"V5","amount":18,"xyLevel":"V5","seckillTime":"WEEKLY","periods":[{"weekDay":5,"seckillStartTime":1785470400000,"seckillEndTime":1785729599999,"status":"ENDED"},{"weekDay":1,"seckillStartTime":1785729600000,"seckillEndTime":1785902399999,"status":"PROGRESSING","acquiredStatus":"OUT_OF_STOCK","stockId":"687086e33d0d02335c1804f4_WEEKLY_1785729600000","stockRemain":0},{"weekDay":3,"seckillStartTime":1785902400000,"seckillEndTime":1786075199999,"status":"NOT_STARTED"},{"weekDay":5,"seckillStartTime":1786075200000,"seckillEndTime":1786334399999,"status":"NOT_STARTED"},{"weekDay":1,"seckillStartTime":1786334400000,"seckillEndTime":1786507199999,"status":"NOT_STARTED"},{"weekDay":3,"seckillStartTime":1786507200000,"seckillEndTime":1786679999999,"status":"NOT_STARTED"}]},{"couponId":"68708705f56f912f57e063c3","name":"V6","amount":30,"xyLevel":"V6","seckillTime":"WEEKLY","periods":[{"weekDay":5,"seckillStartTime":1785470400000,"seckillEndTime":1785729599999,"status":"ENDED"},{"weekDay":1,"seckillStartTime":1785729600000,"seckillEndTime":1785902399999,"status":"PROGRESSING"},{"weekDay":3,"seckillStartTime":1785902400000,"seckillEndTime":1786075199999,"status":"NOT_STARTED"},{"weekDay":5,"seckillStartTime":1786075200000,"seckillEndTime":1786334399999,"status":"NOT_STARTED"},{"weekDay":1,"seckillStartTime":1786334400000,"seckillEndTime":1786507199999,"status":"NOT_STARTED"},{"weekDay":3,"seckillStartTime":1786507200000,"seckillEndTime":1786679999999,"status":"NOT_STARTED"}]},{"couponId":"6870872e89fddd2bbdec96bd","name":"V7","amount":75,"xyLevel":"V7","seckillTime":"WEEKLY","periods":[{"weekDay":5,"seckillStartTime":1785470400000,"seckillEndTime":1785729599999,"status":"ENDED"},{"weekDay":1,"seckillStartTime":1785729600000,"seckillEndTime":1785902399999,"status":"PROGRESSING"},{"weekDay":3,"seckillStartTime":1785902400000,"seckillEndTime":1786075199999,"status":"NOT_STARTED"},{"weekDay":5,"seckillStartTime":1786075200000,"seckillEndTime":1786334399999,"status":"NOT_STARTED"},{"weekDay":1,"seckillStartTime":1786334400000,"seckillEndTime":1786507199999,"status":"NOT_STARTED"},{"weekDay":3,"seckillStartTime":1786507200000,"seckillEndTime":1786679999999,"status":"NOT_STARTED"}]}]},"code":200,"errmsg":"OK"}}
============================================================
============================================================
[请求时间] 2026/8/3 17:33:13.195
[响应时间] 2026/8/3 17:33:13.250
[耗时] 55ms
[请求路径] https://inf.ds.163.com/v1/web/exp/week-coupon/showing-list-v2
[请求方式] POST
[请求参数] {"query":null,"body":{}}
[请求头] {"Accept":"application/json, text/plain, */*","Content-Type":"application/json;charset=UTF-8","GL-X-XSRF-TOKEN":"f3776aef-4aba-4939-bb0c-d9b6b9ad568c","User-Agent":"Mozilla/5.0 (Windows NT 10.0; Win64; x64) AppleWebKit/537.36 (KHTML, like Gecko) Chrome/122.0.0.0 Safari/537.36","Origin":"https://pay.ds.163.com","Referer":"https://pay.ds.163.com/","GL-ClientType":"60","GL-DeviceId":"9d63497c-0d37-4ef5-a718-d20f58f5816a","GL-Uid":"21c4ec56a4dc44f8825c9ec5fc7e7dc6","GL-CheckSum":"2c1fec9e89be9672afba8f4b54eab28a0ca9b518","Content-Length":"2","Accept-Encoding":"gzip, compress, deflate, br"}
[响应结果] {"httpStatus":200,"data":{"result":{"coupons":[{"couponId":"687076e69f3efd24cb2bed9c","name":"V1","amount":1,"xyLevel":"V1","seckillTime":"WEEKLY","periods":[{"weekDay":5,"seckillStartTime":1785470400000,"seckillEndTime":1785729599999,"status":"ENDED"},{"weekDay":1,"seckillStartTime":1785729600000,"seckillEndTime":1785902399999,"status":"PROGRESSING"},{"weekDay":3,"seckillStartTime":1785902400000,"seckillEndTime":1786075199999,"status":"NOT_STARTED"},{"weekDay":5,"seckillStartTime":1786075200000,"seckillEndTime":1786334399999,"status":"NOT_STARTED"},{"weekDay":1,"seckillStartTime":1786334400000,"seckillEndTime":1786507199999,"status":"NOT_STARTED"},{"weekDay":3,"seckillStartTime":1786507200000,"seckillEndTime":1786679999999,"status":"NOT_STARTED"}]},{"couponId":"68708657f56f912f57e063bf","name":"V2","amount":2,"xyLevel":"V2","seckillTime":"WEEKLY","periods":[{"weekDay":5,"seckillStartTime":1785470400000,"seckillEndTime":1785729599999,"status":"ENDED"},{"weekDay":1,"seckillStartTime":1785729600000,"seckillEndTime":1785902399999,"status":"PROGRESSING"},{"weekDay":3,"seckillStartTime":1785902400000,"seckillEndTime":1786075199999,"status":"NOT_STARTED"},{"weekDay":5,"seckillStartTime":1786075200000,"seckillEndTime":1786334399999,"status":"NOT_STARTED"},{"weekDay":1,"seckillStartTime":1786334400000,"seckillEndTime":1786507199999,"status":"NOT_STARTED"},{"weekDay":3,"seckillStartTime":1786507200000,"seckillEndTime":1786679999999,"status":"NOT_STARTED"}]},{"couponId":"6870867989fddd2bbdec96bc","name":"V3","amount":3,"xyLevel":"V3","seckillTime":"WEEKLY","periods":[{"weekDay":5,"seckillStartTime":1785470400000,"seckillEndTime":1785729599999,"status":"ENDED"},{"weekDay":1,"seckillStartTime":1785729600000,"seckillEndTime":1785902399999,"status":"PROGRESSING"},{"weekDay":3,"seckillStartTime":1785902400000,"seckillEndTime":1786075199999,"status":"NOT_STARTED"},{"weekDay":5,"seckillStartTime":1786075200000,"seckillEndTime":1786334399999,"status":"NOT_STARTED"},{"weekDay":1,"seckillStartTime":1786334400000,"seckillEndTime":1786507199999,"status":"NOT_STARTED"},{"weekDay":3,"seckillStartTime":1786507200000,"seckillEndTime":1786679999999,"status":"NOT_STARTED"}]},{"couponId":"6870869cf56f912f57e063c0","name":"V4","amount":8,"xyLevel":"V4","seckillTime":"WEEKLY","periods":[{"weekDay":5,"seckillStartTime":1785470400000,"seckillEndTime":1785729599999,"status":"ENDED"},{"weekDay":1,"seckillStartTime":1785729600000,"seckillEndTime":1785902399999,"status":"PROGRESSING"},{"weekDay":3,"seckillStartTime":1785902400000,"seckillEndTime":1786075199999,"status":"NOT_STARTED"},{"weekDay":5,"seckillStartTime":1786075200000,"seckillEndTime":1786334399999,"status":"NOT_STARTED"},{"weekDay":1,"seckillStartTime":1786334400000,"seckillEndTime":1786507199999,"status":"NOT_STARTED"},{"weekDay":3,"seckillStartTime":1786507200000,"seckillEndTime":1786679999999,"status":"NOT_STARTED"}]},{"couponId":"687086e33d0d02335c1804f4","name":"V5","amount":18,"xyLevel":"V5","seckillTime":"WEEKLY","periods":[{"weekDay":5,"seckillStartTime":1785470400000,"seckillEndTime":1785729599999,"status":"ENDED"},{"weekDay":1,"seckillStartTime":1785729600000,"seckillEndTime":1785902399999,"status":"PROGRESSING","acquiredStatus":"OUT_OF_STOCK","stockId":"687086e33d0d02335c1804f4_WEEKLY_1785729600000","stockRemain":0},{"weekDay":3,"seckillStartTime":1785902400000,"seckillEndTime":1786075199999,"status":"NOT_STARTED"},{"weekDay":5,"seckillStartTime":1786075200000,"seckillEndTime":1786334399999,"status":"NOT_STARTED"},{"weekDay":1,"seckillStartTime":1786334400000,"seckillEndTime":1786507199999,"status":"NOT_STARTED"},{"weekDay":3,"seckillStartTime":1786507200000,"seckillEndTime":1786679999999,"status":"NOT_STARTED"}]},{"couponId":"68708705f56f912f57e063c3","name":"V6","amount":30,"xyLevel":"V6","seckillTime":"WEEKLY","periods":[{"weekDay":5,"seckillStartTime":1785470400000,"seckillEndTime":1785729599999,"status":"ENDED"},{"weekDay":1,"seckillStartTime":1785729600000,"seckillEndTime":1785902399999,"status":"PROGRESSING"},{"weekDay":3,"seckillStartTime":1785902400000,"seckillEndTime":1786075199999,"status":"NOT_STARTED"},{"weekDay":5,"seckillStartTime":1786075200000,"seckillEndTime":1786334399999,"status":"NOT_STARTED"},{"weekDay":1,"seckillStartTime":1786334400000,"seckillEndTime":1786507199999,"status":"NOT_STARTED"},{"weekDay":3,"seckillStartTime":1786507200000,"seckillEndTime":1786679999999,"status":"NOT_STARTED"}]},{"couponId":"6870872e89fddd2bbdec96bd","name":"V7","amount":75,"xyLevel":"V7","seckillTime":"WEEKLY","periods":[{"weekDay":5,"seckillStartTime":1785470400000,"seckillEndTime":1785729599999,"status":"ENDED"},{"weekDay":1,"seckillStartTime":1785729600000,"seckillEndTime":1785902399999,"status":"PROGRESSING"},{"weekDay":3,"seckillStartTime":1785902400000,"seckillEndTime":1786075199999,"status":"NOT_STARTED"},{"weekDay":5,"seckillStartTime":1786075200000,"seckillEndTime":1786334399999,"status":"NOT_STARTED"},{"weekDay":1,"seckillStartTime":1786334400000,"seckillEndTime":1786507199999,"status":"NOT_STARTED"},{"weekDay":3,"seckillStartTime":1786507200000,"seckillEndTime":1786679999999,"status":"NOT_STARTED"}]}]},"code":200,"errmsg":"OK"}}
============================================================
============================================================
[请求时间] 2026/8/3 17:33:13.249
[响应时间] 2026/8/3 17:33:13.383
[耗时] 134ms
[请求路径] https://pay-api.ds.163.com/v1/web/init/server/time
[请求方式] GET
[请求参数] {"query":null,"body":null}
[请求头] {"Accept":"application/json, text/plain, */*","Content-Type":"application/json;charset=UTF-8","GL-X-XSRF-TOKEN":"f3776aef-4aba-4939-bb0c-d9b6b9ad568c","User-Agent":"Mozilla/5.0 (Windows NT 10.0; Win64; x64) AppleWebKit/537.36 (KHTML, like Gecko) Chrome/122.0.0.0 Safari/537.36","Origin":"https://pay.ds.163.com","Referer":"https://pay.ds.163.com/","GL-ClientType":"60","GL-DeviceId":"9d63497c-0d37-4ef5-a718-d20f58f5816a","GL-Uid":"21c4ec56a4dc44f8825c9ec5fc7e7dc6","Accept-Encoding":"gzip, compress, deflate, br"}
[响应结果] {"httpStatus":404,"data":"<!DOCTYPE HTML PUBLIC \"-//W3C//DTD HTML 3.2 Final//EN\">\n<title>404 Not Found</title>\n<h1>Not Found</h1>\n<p>The requested URL was not found on the server. If you entered the URL manually please check your spelling and try again.</p>\n"}
============================================================
============================================================
[请求时间] 2026/8/3 17:33:13.382
[响应时间] 2026/8/3 17:33:13.529
[耗时] 147ms
[请求路径] https://pay-api.ds.163.com/api/nlogin
[请求方式] GET
[请求参数] {"query":{},"body":null}
[请求头] {"Accept":"application/json, text/plain, */*","Content-Type":"application/json;charset=UTF-8","GL-X-XSRF-TOKEN":"f3776aef-4aba-4939-bb0c-d9b6b9ad568c","User-Agent":"Mozilla/5.0 (Windows NT 10.0; Win64; x64) AppleWebKit/537.36 (KHTML, like Gecko) Chrome/122.0.0.0 Safari/537.36","Origin":"https://pay.ds.163.com","Referer":"https://pay.ds.163.com/","GL-ClientType":"60","GL-DeviceId":"9d63497c-0d37-4ef5-a718-d20f58f5816a","GL-Uid":"21c4ec56a4dc44f8825c9ec5fc7e7dc6","Accept-Encoding":"gzip, compress, deflate, br"}
[响应结果] {"httpStatus":200,"data":{"code":413,"msg":"登录失败"}}
============================================================
============================================================
[请求时间] 2026/8/3 17:33:17.333
[响应时间] 2026/8/3 17:33:17.503
[耗时] 170ms
[请求路径] https://pay-api.ds.163.com/v1/web/init/server/time
[请求方式] GET
[请求参数] {"query":null,"body":null}
[请求头] {"Accept":"application/json, text/plain, */*","Content-Type":"application/json;charset=UTF-8","GL-X-XSRF-TOKEN":"f3776aef-4aba-4939-bb0c-d9b6b9ad568c","User-Agent":"Mozilla/5.0 (Windows NT 10.0; Win64; x64) AppleWebKit/537.36 (KHTML, like Gecko) Chrome/122.0.0.0 Safari/537.36","Origin":"https://pay.ds.163.com","Referer":"https://pay.ds.163.com/","GL-ClientType":"60","GL-DeviceId":"9d63497c-0d37-4ef5-a718-d20f58f5816a","GL-Uid":"21c4ec56a4dc44f8825c9ec5fc7e7dc6","Accept-Encoding":"gzip, compress, deflate, br"}
[响应结果] {"httpStatus":404,"data":"<!DOCTYPE HTML PUBLIC \"-//W3C//DTD HTML 3.2 Final//EN\">\n<title>404 Not Found</title>\n<h1>Not Found</h1>\n<p>The requested URL was not found on the server. If you entered the URL manually please check your spelling and try again.</p>\n"}
============================================================
============================================================
[请求时间] 2026/8/3 17:33:18.844
[响应时间] 2026/8/3 17:33:18.955
[耗时] 111ms
[请求路径] https://inf.ds.163.com/v1/web/exp/week-coupon/acquire
[请求方式] POST
[请求参数] {"query":null,"body":{"couponId":"687086e33d0d02335c1804f4","stockId":"687086e33d0d02335c1804f4_WEEKLY_1785902400000"}}
[请求头] {"Accept":"application/json, text/plain, */*","Content-Type":"application/json;charset=UTF-8","GL-X-XSRF-TOKEN":"f3776aef-4aba-4939-bb0c-d9b6b9ad568c","User-Agent":"Mozilla/5.0 (Windows NT 10.0; Win64; x64) AppleWebKit/537.36 (KHTML, like Gecko) Chrome/122.0.0.0 Safari/537.36","Origin":"https://pay.ds.163.com","Referer":"https://pay.ds.163.com/","GL-ClientType":"60","GL-DeviceId":"9d63497c-0d37-4ef5-a718-d20f58f5816a","GL-Uid":"21c4ec56a4dc44f8825c9ec5fc7e7dc6","GL-CheckSum":"e9e9aa3d37f8bd705db68bf3aadcbbba88e1de10","Content-Length":"97","Accept-Encoding":"gzip, compress, deflate, br"}
[响应结果] {"httpStatus":200,"data":{"code":803,"errmsg":"库存已失效"}}
============================================================
============================================================
[请求时间] 2026/8/3 17:33:18.949
[响应时间] 2026/8/3 17:33:19.021
[耗时] 72ms
[请求路径] https://inf.ds.163.com/v1/web/exp/week-coupon/showing-list-v2
[请求方式] POST
[请求参数] {"query":null,"body":{}}
[请求头] {"Accept":"application/json, text/plain, */*","Content-Type":"application/json;charset=UTF-8","GL-X-XSRF-TOKEN":"f3776aef-4aba-4939-bb0c-d9b6b9ad568c","User-Agent":"Mozilla/5.0 (Windows NT 10.0; Win64; x64) AppleWebKit/537.36 (KHTML, like Gecko) Chrome/122.0.0.0 Safari/537.36","Origin":"https://pay.ds.163.com","Referer":"https://pay.ds.163.com/","GL-ClientType":"60","GL-DeviceId":"9d63497c-0d37-4ef5-a718-d20f58f5816a","GL-Uid":"21c4ec56a4dc44f8825c9ec5fc7e7dc6","GL-CheckSum":"2c1fec9e89be9672afba8f4b54eab28a0ca9b518","Content-Length":"2","Accept-Encoding":"gzip, compress, deflate, br"}
[响应结果] {"httpStatus":200,"data":{"result":{"coupons":[{"couponId":"687076e69f3efd24cb2bed9c","name":"V1","amount":1,"xyLevel":"V1","seckillTime":"WEEKLY","periods":[{"weekDay":5,"seckillStartTime":1785470400000,"seckillEndTime":1785729599999,"status":"ENDED"},{"weekDay":1,"seckillStartTime":1785729600000,"seckillEndTime":1785902399999,"status":"PROGRESSING"},{"weekDay":3,"seckillStartTime":1785902400000,"seckillEndTime":1786075199999,"status":"NOT_STARTED"},{"weekDay":5,"seckillStartTime":1786075200000,"seckillEndTime":1786334399999,"status":"NOT_STARTED"},{"weekDay":1,"seckillStartTime":1786334400000,"seckillEndTime":1786507199999,"status":"NOT_STARTED"},{"weekDay":3,"seckillStartTime":1786507200000,"seckillEndTime":1786679999999,"status":"NOT_STARTED"}]},{"couponId":"68708657f56f912f57e063bf","name":"V2","amount":2,"xyLevel":"V2","seckillTime":"WEEKLY","periods":[{"weekDay":5,"seckillStartTime":1785470400000,"seckillEndTime":1785729599999,"status":"ENDED"},{"weekDay":1,"seckillStartTime":1785729600000,"seckillEndTime":1785902399999,"status":"PROGRESSING"},{"weekDay":3,"seckillStartTime":1785902400000,"seckillEndTime":1786075199999,"status":"NOT_STARTED"},{"weekDay":5,"seckillStartTime":1786075200000,"seckillEndTime":1786334399999,"status":"NOT_STARTED"},{"weekDay":1,"seckillStartTime":1786334400000,"seckillEndTime":1786507199999,"status":"NOT_STARTED"},{"weekDay":3,"seckillStartTime":1786507200000,"seckillEndTime":1786679999999,"status":"NOT_STARTED"}]},{"couponId":"6870867989fddd2bbdec96bc","name":"V3","amount":3,"xyLevel":"V3","seckillTime":"WEEKLY","periods":[{"weekDay":5,"seckillStartTime":1785470400000,"seckillEndTime":1785729599999,"status":"ENDED"},{"weekDay":1,"seckillStartTime":1785729600000,"seckillEndTime":1785902399999,"status":"PROGRESSING"},{"weekDay":3,"seckillStartTime":1785902400000,"seckillEndTime":1786075199999,"status":"NOT_STARTED"},{"weekDay":5,"seckillStartTime":1786075200000,"seckillEndTime":1786334399999,"status":"NOT_STARTED"},{"weekDay":1,"seckillStartTime":1786334400000,"seckillEndTime":1786507199999,"status":"NOT_STARTED"},{"weekDay":3,"seckillStartTime":1786507200000,"seckillEndTime":1786679999999,"status":"NOT_STARTED"}]},{"couponId":"6870869cf56f912f57e063c0","name":"V4","amount":8,"xyLevel":"V4","seckillTime":"WEEKLY","periods":[{"weekDay":5,"seckillStartTime":1785470400000,"seckillEndTime":1785729599999,"status":"ENDED"},{"weekDay":1,"seckillStartTime":1785729600000,"seckillEndTime":1785902399999,"status":"PROGRESSING"},{"weekDay":3,"seckillStartTime":1785902400000,"seckillEndTime":1786075199999,"status":"NOT_STARTED"},{"weekDay":5,"seckillStartTime":1786075200000,"seckillEndTime":1786334399999,"status":"NOT_STARTED"},{"weekDay":1,"seckillStartTime":1786334400000,"seckillEndTime":1786507199999,"status":"NOT_STARTED"},{"weekDay":3,"seckillStartTime":1786507200000,"seckillEndTime":1786679999999,"status":"NOT_STARTED"}]},{"couponId":"687086e33d0d02335c1804f4","name":"V5","amount":18,"xyLevel":"V5","seckillTime":"WEEKLY","periods":[{"weekDay":5,"seckillStartTime":1785470400000,"seckillEndTime":1785729599999,"status":"ENDED"},{"weekDay":1,"seckillStartTime":1785729600000,"seckillEndTime":1785902399999,"status":"PROGRESSING","acquiredStatus":"OUT_OF_STOCK","stockId":"687086e33d0d02335c1804f4_WEEKLY_1785729600000","stockRemain":0},{"weekDay":3,"seckillStartTime":1785902400000,"seckillEndTime":1786075199999,"status":"NOT_STARTED"},{"weekDay":5,"seckillStartTime":1786075200000,"seckillEndTime":1786334399999,"status":"NOT_STARTED"},{"weekDay":1,"seckillStartTime":1786334400000,"seckillEndTime":1786507199999,"status":"NOT_STARTED"},{"weekDay":3,"seckillStartTime":1786507200000,"seckillEndTime":1786679999999,"status":"NOT_STARTED"}]},{"couponId":"68708705f56f912f57e063c3","name":"V6","amount":30,"xyLevel":"V6","seckillTime":"WEEKLY","periods":[{"weekDay":5,"seckillStartTime":1785470400000,"seckillEndTime":1785729599999,"status":"ENDED"},{"weekDay":1,"seckillStartTime":1785729600000,"seckillEndTime":1785902399999,"status":"PROGRESSING"},{"weekDay":3,"seckillStartTime":1785902400000,"seckillEndTime":1786075199999,"status":"NOT_STARTED"},{"weekDay":5,"seckillStartTime":1786075200000,"seckillEndTime":1786334399999,"status":"NOT_STARTED"},{"weekDay":1,"seckillStartTime":1786334400000,"seckillEndTime":1786507199999,"status":"NOT_STARTED"},{"weekDay":3,"seckillStartTime":1786507200000,"seckillEndTime":1786679999999,"status":"NOT_STARTED"}]},{"couponId":"6870872e89fddd2bbdec96bd","name":"V7","amount":75,"xyLevel":"V7","seckillTime":"WEEKLY","periods":[{"weekDay":5,"seckillStartTime":1785470400000,"seckillEndTime":1785729599999,"status":"ENDED"},{"weekDay":1,"seckillStartTime":1785729600000,"seckillEndTime":1785902399999,"status":"PROGRESSING"},{"weekDay":3,"seckillStartTime":1785902400000,"seckillEndTime":1786075199999,"status":"NOT_STARTED"},{"weekDay":5,"seckillStartTime":1786075200000,"seckillEndTime":1786334399999,"status":"NOT_STARTED"},{"weekDay":1,"seckillStartTime":1786334400000,"seckillEndTime":1786507199999,"status":"NOT_STARTED"},{"weekDay":3,"seckillStartTime":1786507200000,"seckillEndTime":1786679999999,"status":"NOT_STARTED"}]}]},"code":200,"errmsg":"OK"}}
============================================================
============================================================
[请求时间] 2026/8/3 17:33:20.033
[响应时间] 2026/8/3 17:33:20.119
[耗时] 86ms
[请求路径] https://inf.ds.163.com/v1/web/exp/week-coupon/acquire
[请求方式] POST
[请求参数] {"query":null,"body":{"couponId":"687086e33d0d02335c1804f4","stockId":"687086e33d0d02335c1804f4_WEEKLY_1785902400000"}}
[请求头] {"Accept":"application/json, text/plain, */*","Content-Type":"application/json;charset=UTF-8","GL-X-XSRF-TOKEN":"f3776aef-4aba-4939-bb0c-d9b6b9ad568c","User-Agent":"Mozilla/5.0 (Windows NT 10.0; Win64; x64) AppleWebKit/537.36 (KHTML, like Gecko) Chrome/122.0.0.0 Safari/537.36","Origin":"https://pay.ds.163.com","Referer":"https://pay.ds.163.com/","GL-ClientType":"60","GL-DeviceId":"9d63497c-0d37-4ef5-a718-d20f58f5816a","GL-Uid":"21c4ec56a4dc44f8825c9ec5fc7e7dc6","GL-CheckSum":"e9e9aa3d37f8bd705db68bf3aadcbbba88e1de10","Content-Length":"97","Accept-Encoding":"gzip, compress, deflate, br"}
[响应结果] {"httpStatus":200,"data":{"code":803,"errmsg":"库存已失效"}}
============================================================
============================================================
[请求时间] 2026/8/3 17:33:20.117
[响应时间] 2026/8/3 17:33:20.183
[耗时] 66ms
[请求路径] https://inf.ds.163.com/v1/web/exp/week-coupon/showing-list-v2
[请求方式] POST
[请求参数] {"query":null,"body":{}}
[请求头] {"Accept":"application/json, text/plain, */*","Content-Type":"application/json;charset=UTF-8","GL-X-XSRF-TOKEN":"f3776aef-4aba-4939-bb0c-d9b6b9ad568c","User-Agent":"Mozilla/5.0 (Windows NT 10.0; Win64; x64) AppleWebKit/537.36 (KHTML, like Gecko) Chrome/122.0.0.0 Safari/537.36","Origin":"https://pay.ds.163.com","Referer":"https://pay.ds.163.com/","GL-ClientType":"60","GL-DeviceId":"9d63497c-0d37-4ef5-a718-d20f58f5816a","GL-Uid":"21c4ec56a4dc44f8825c9ec5fc7e7dc6","GL-CheckSum":"2c1fec9e89be9672afba8f4b54eab28a0ca9b518","Content-Length":"2","Accept-Encoding":"gzip, compress, deflate, br"}
[响应结果] {"httpStatus":200,"data":{"result":{"coupons":[{"couponId":"687076e69f3efd24cb2bed9c","name":"V1","amount":1,"xyLevel":"V1","seckillTime":"WEEKLY","periods":[{"weekDay":5,"seckillStartTime":1785470400000,"seckillEndTime":1785729599999,"status":"ENDED"},{"weekDay":1,"seckillStartTime":1785729600000,"seckillEndTime":1785902399999,"status":"PROGRESSING"},{"weekDay":3,"seckillStartTime":1785902400000,"seckillEndTime":1786075199999,"status":"NOT_STARTED"},{"weekDay":5,"seckillStartTime":1786075200000,"seckillEndTime":1786334399999,"status":"NOT_STARTED"},{"weekDay":1,"seckillStartTime":1786334400000,"seckillEndTime":1786507199999,"status":"NOT_STARTED"},{"weekDay":3,"seckillStartTime":1786507200000,"seckillEndTime":1786679999999,"status":"NOT_STARTED"}]},{"couponId":"68708657f56f912f57e063bf","name":"V2","amount":2,"xyLevel":"V2","seckillTime":"WEEKLY","periods":[{"weekDay":5,"seckillStartTime":1785470400000,"seckillEndTime":1785729599999,"status":"ENDED"},{"weekDay":1,"seckillStartTime":1785729600000,"seckillEndTime":1785902399999,"status":"PROGRESSING"},{"weekDay":3,"seckillStartTime":1785902400000,"seckillEndTime":1786075199999,"status":"NOT_STARTED"},{"weekDay":5,"seckillStartTime":1786075200000,"seckillEndTime":1786334399999,"status":"NOT_STARTED"},{"weekDay":1,"seckillStartTime":1786334400000,"seckillEndTime":1786507199999,"status":"NOT_STARTED"},{"weekDay":3,"seckillStartTime":1786507200000,"seckillEndTime":1786679999999,"status":"NOT_STARTED"}]},{"couponId":"6870867989fddd2bbdec96bc","name":"V3","amount":3,"xyLevel":"V3","seckillTime":"WEEKLY","periods":[{"weekDay":5,"seckillStartTime":1785470400000,"seckillEndTime":1785729599999,"status":"ENDED"},{"weekDay":1,"seckillStartTime":1785729600000,"seckillEndTime":1785902399999,"status":"PROGRESSING"},{"weekDay":3,"seckillStartTime":1785902400000,"seckillEndTime":1786075199999,"status":"NOT_STARTED"},{"weekDay":5,"seckillStartTime":1786075200000,"seckillEndTime":1786334399999,"status":"NOT_STARTED"},{"weekDay":1,"seckillStartTime":1786334400000,"seckillEndTime":1786507199999,"status":"NOT_STARTED"},{"weekDay":3,"seckillStartTime":1786507200000,"seckillEndTime":1786679999999,"status":"NOT_STARTED"}]},{"couponId":"6870869cf56f912f57e063c0","name":"V4","amount":8,"xyLevel":"V4","seckillTime":"WEEKLY","periods":[{"weekDay":5,"seckillStartTime":1785470400000,"seckillEndTime":1785729599999,"status":"ENDED"},{"weekDay":1,"seckillStartTime":1785729600000,"seckillEndTime":1785902399999,"status":"PROGRESSING"},{"weekDay":3,"seckillStartTime":1785902400000,"seckillEndTime":1786075199999,"status":"NOT_STARTED"},{"weekDay":5,"seckillStartTime":1786075200000,"seckillEndTime":1786334399999,"status":"NOT_STARTED"},{"weekDay":1,"seckillStartTime":1786334400000,"seckillEndTime":1786507199999,"status":"NOT_STARTED"},{"weekDay":3,"seckillStartTime":1786507200000,"seckillEndTime":1786679999999,"status":"NOT_STARTED"}]},{"couponId":"687086e33d0d02335c1804f4","name":"V5","amount":18,"xyLevel":"V5","seckillTime":"WEEKLY","periods":[{"weekDay":5,"seckillStartTime":1785470400000,"seckillEndTime":1785729599999,"status":"ENDED"},{"weekDay":1,"seckillStartTime":1785729600000,"seckillEndTime":1785902399999,"status":"PROGRESSING","acquiredStatus":"OUT_OF_STOCK","stockId":"687086e33d0d02335c1804f4_WEEKLY_1785729600000","stockRemain":0},{"weekDay":3,"seckillStartTime":1785902400000,"seckillEndTime":1786075199999,"status":"NOT_STARTED"},{"weekDay":5,"seckillStartTime":1786075200000,"seckillEndTime":1786334399999,"status":"NOT_STARTED"},{"weekDay":1,"seckillStartTime":1786334400000,"seckillEndTime":1786507199999,"status":"NOT_STARTED"},{"weekDay":3,"seckillStartTime":1786507200000,"seckillEndTime":1786679999999,"status":"NOT_STARTED"}]},{"couponId":"68708705f56f912f57e063c3","name":"V6","amount":30,"xyLevel":"V6","seckillTime":"WEEKLY","periods":[{"weekDay":5,"seckillStartTime":1785470400000,"seckillEndTime":1785729599999,"status":"ENDED"},{"weekDay":1,"seckillStartTime":1785729600000,"seckillEndTime":1785902399999,"status":"PROGRESSING"},{"weekDay":3,"seckillStartTime":1785902400000,"seckillEndTime":1786075199999,"status":"NOT_STARTED"},{"weekDay":5,"seckillStartTime":1786075200000,"seckillEndTime":1786334399999,"status":"NOT_STARTED"},{"weekDay":1,"seckillStartTime":1786334400000,"seckillEndTime":1786507199999,"status":"NOT_STARTED"},{"weekDay":3,"seckillStartTime":1786507200000,"seckillEndTime":1786679999999,"status":"NOT_STARTED"}]},{"couponId":"6870872e89fddd2bbdec96bd","name":"V7","amount":75,"xyLevel":"V7","seckillTime":"WEEKLY","periods":[{"weekDay":5,"seckillStartTime":1785470400000,"seckillEndTime":1785729599999,"status":"ENDED"},{"weekDay":1,"seckillStartTime":1785729600000,"seckillEndTime":1785902399999,"status":"PROGRESSING"},{"weekDay":3,"seckillStartTime":1785902400000,"seckillEndTime":1786075199999,"status":"NOT_STARTED"},{"weekDay":5,"seckillStartTime":1786075200000,"seckillEndTime":1786334399999,"status":"NOT_STARTED"},{"weekDay":1,"seckillStartTime":1786334400000,"seckillEndTime":1786507199999,"status":"NOT_STARTED"},{"weekDay":3,"seckillStartTime":1786507200000,"seckillEndTime":1786679999999,"status":"NOT_STARTED"}]}]},"code":200,"errmsg":"OK"}}
============================================================
