============================================================
[请求时间] 2026/8/3 09:17:34.844
[响应时间] 2026/8/3 09:17:35.023
[耗时] 179ms
[请求路径] https://pay-api.ds.163.com/v1/web/init/server/time
[请求方式] GET
[请求参数] {"query":null,"body":null}
[请求头] {"Accept":"application/json, text/plain, */*","Content-Type":"application/json;charset=UTF-8","User-Agent":"Mozilla/5.0 (Windows NT 10.0; Win64; x64) AppleWebKit/537.36 (KHTML, like Gecko) Chrome/122.0.0.0 Safari/537.36","Origin":"https://pay.ds.163.com","Referer":"https://pay.ds.163.com/","GL-ClientType":"60","GL-DeviceId":"d6972664-c170-46f6-91f3-8079b501f7ef","GL-Uid":"ab3d60bdd8614464af937bc6c0be87cb","GL-X-XSRF-TOKEN":"96dca0c5-a0a8-42a3-aae7-ff273c8462e7","Accept-Encoding":"gzip, compress, deflate, br"}
[响应结果] {"httpStatus":404,"data":"<!DOCTYPE HTML PUBLIC \"-//W3C//DTD HTML 3.2 Final//EN\">\n<title>404 Not Found</title>\n<h1>Not Found</h1>\n<p>The requested URL was not found on the server. If you entered the URL manually please check your spelling and try again.</p>\n"}
============================================================
============================================================
[请求时间] 2026/8/3 09:17:35.021
[响应时间] 2026/8/3 09:17:35.176
[耗时] 155ms
[请求路径] https://pay-api.ds.163.com/api/nlogin
[请求方式] GET
[请求参数] {"query":{},"body":null}
[请求头] {"Accept":"application/json, text/plain, */*","Content-Type":"application/json;charset=UTF-8","GL-X-XSRF-TOKEN":"96dca0c5-a0a8-42a3-aae7-ff273c8462e7","User-Agent":"Mozilla/5.0 (Windows NT 10.0; Win64; x64) AppleWebKit/537.36 (KHTML, like Gecko) Chrome/122.0.0.0 Safari/537.36","Origin":"https://pay.ds.163.com","Referer":"https://pay.ds.163.com/","GL-ClientType":"60","GL-DeviceId":"d6972664-c170-46f6-91f3-8079b501f7ef","GL-Uid":"ab3d60bdd8614464af937bc6c0be87cb","Accept-Encoding":"gzip, compress, deflate, br"}
[响应结果] {"httpStatus":200,"data":{"code":413,"msg":"登录失败"}}
============================================================
============================================================
[请求时间] 2026/8/3 09:17:35.176
[响应时间] 2026/8/3 09:17:35.326
[耗时] 150ms
[请求路径] https://inf.ds.163.com/v1/web/cooperate/plutus/cookie-exchange
[请求方式] GET
[请求参数] {"query":null,"body":null}
[请求头] {"Accept":"application/json, text/plain, */*","Content-Type":"application/json;charset=UTF-8","GL-X-XSRF-TOKEN":"96dca0c5-a0a8-42a3-aae7-ff273c8462e7","User-Agent":"Mozilla/5.0 (Windows NT 10.0; Win64; x64) AppleWebKit/537.36 (KHTML, like Gecko) Chrome/122.0.0.0 Safari/537.36","Origin":"https://pay.ds.163.com","Referer":"https://pay.ds.163.com/","GL-ClientType":"60","GL-DeviceId":"d6972664-c170-46f6-91f3-8079b501f7ef","GL-Uid":"ab3d60bdd8614464af937bc6c0be87cb","Accept-Encoding":"gzip, compress, deflate, br"}
[响应结果] {"httpStatus":200,"data":{"result":{"user":{"uid":"ab3d60bdd8614464af937bc6c0be87cb","nick":"lnl922","icon":"https://ok.166.net/reunionpub/3_20251102_19a403f87b2484815.jpeg","intro":"","gender":1,"frame":"64b92f13db5e2e0001e826b5","updateTime":1779774174407,"userSourceType":"URS"},"newUser":false},"code":200,"errmsg":"OK"}}
============================================================
============================================================
[请求时间] 2026/8/3 09:17:35.325
[响应时间] 2026/8/3 09:17:35.472
[耗时] 147ms
[请求路径] https://pay-api.ds.163.com/v1/web/init/server/time
[请求方式] GET
[请求参数] {"query":null,"body":null}
[请求头] {"Accept":"application/json, text/plain, */*","Content-Type":"application/json;charset=UTF-8","GL-X-XSRF-TOKEN":"96dca0c5-a0a8-42a3-aae7-ff273c8462e7","User-Agent":"Mozilla/5.0 (Windows NT 10.0; Win64; x64) AppleWebKit/537.36 (KHTML, like Gecko) Chrome/122.0.0.0 Safari/537.36","Origin":"https://pay.ds.163.com","Referer":"https://pay.ds.163.com/","GL-ClientType":"60","GL-DeviceId":"d6972664-c170-46f6-91f3-8079b501f7ef","GL-Uid":"ab3d60bdd8614464af937bc6c0be87cb","Accept-Encoding":"gzip, compress, deflate, br"}
[响应结果] {"httpStatus":404,"data":"<!DOCTYPE HTML PUBLIC \"-//W3C//DTD HTML 3.2 Final//EN\">\n<title>404 Not Found</title>\n<h1>Not Found</h1>\n<p>The requested URL was not found on the server. If you entered the URL manually please check your spelling and try again.</p>\n"}
============================================================
============================================================
[请求时间] 2026/8/3 09:17:35.471
[响应时间] 2026/8/3 09:17:35.591
[耗时] 120ms
[请求路径] https://inf.ds.163.com/v1/web/exp/xy/user/get-info
[请求方式] POST
[请求参数] {"query":null,"body":{}}
[请求头] {"Accept":"application/json, text/plain, */*","Content-Type":"application/json;charset=UTF-8","GL-X-XSRF-TOKEN":"96dca0c5-a0a8-42a3-aae7-ff273c8462e7","User-Agent":"Mozilla/5.0 (Windows NT 10.0; Win64; x64) AppleWebKit/537.36 (KHTML, like Gecko) Chrome/122.0.0.0 Safari/537.36","Origin":"https://pay.ds.163.com","Referer":"https://pay.ds.163.com/","GL-ClientType":"60","GL-DeviceId":"d6972664-c170-46f6-91f3-8079b501f7ef","GL-Uid":"ab3d60bdd8614464af937bc6c0be87cb","GL-CheckSum":"01bea09b7893e9959b40fa75e7f412c007e640fe","Content-Length":"2","Accept-Encoding":"gzip, compress, deflate, br"}
[响应结果] {"httpStatus":200,"data":{"result":{"growthPoint":392482,"currentLv":"V6","diffNextLvGrowthPoint":607518,"currentLvExpireDate":"20270626","currentLvExpire":1813939200000,"nextLv":"V7","activeGames":["l36"],"last365LoginGames":["l36"],"initDate":"20260626","lastLv":"V5"},"code":200,"errmsg":"OK"}}
============================================================
============================================================
[请求时间] 2026/8/3 09:17:35.590
[响应时间] 2026/8/3 09:17:35.666
[耗时] 76ms
[请求路径] https://inf.ds.163.com/v1/web/exp/week-coupon/showing-list-v2
[请求方式] POST
[请求参数] {"query":null,"body":{}}
[请求头] {"Accept":"application/json, text/plain, */*","Content-Type":"application/json;charset=UTF-8","GL-X-XSRF-TOKEN":"96dca0c5-a0a8-42a3-aae7-ff273c8462e7","User-Agent":"Mozilla/5.0 (Windows NT 10.0; Win64; x64) AppleWebKit/537.36 (KHTML, like Gecko) Chrome/122.0.0.0 Safari/537.36","Origin":"https://pay.ds.163.com","Referer":"https://pay.ds.163.com/","GL-ClientType":"60","GL-DeviceId":"d6972664-c170-46f6-91f3-8079b501f7ef","GL-Uid":"ab3d60bdd8614464af937bc6c0be87cb","GL-CheckSum":"01bea09b7893e9959b40fa75e7f412c007e640fe","Content-Length":"2","Accept-Encoding":"gzip, compress, deflate, br"}
[响应结果] {"httpStatus":200,"data":{"result":{"coupons":[{"couponId":"687076e69f3efd24cb2bed9c","name":"V1","amount":1,"xyLevel":"V1","seckillTime":"WEEKLY","periods":[{"weekDay":3,"seckillStartTime":1785297600000,"seckillEndTime":1785470399999,"status":"ENDED"},{"weekDay":5,"seckillStartTime":1785470400000,"seckillEndTime":1785729599999,"status":"PROGRESSING"},{"weekDay":1,"seckillStartTime":1785729600000,"seckillEndTime":1785902399999,"status":"NOT_STARTED"},{"weekDay":3,"seckillStartTime":1785902400000,"seckillEndTime":1786075199999,"status":"NOT_STARTED"},{"weekDay":5,"seckillStartTime":1786075200000,"seckillEndTime":1786334399999,"status":"NOT_STARTED"},{"weekDay":1,"seckillStartTime":1786334400000,"seckillEndTime":1786507199999,"status":"NOT_STARTED"}]},{"couponId":"68708657f56f912f57e063bf","name":"V2","amount":2,"xyLevel":"V2","seckillTime":"WEEKLY","periods":[{"weekDay":3,"seckillStartTime":1785297600000,"seckillEndTime":1785470399999,"status":"ENDED"},{"weekDay":5,"seckillStartTime":1785470400000,"seckillEndTime":1785729599999,"status":"PROGRESSING"},{"weekDay":1,"seckillStartTime":1785729600000,"seckillEndTime":1785902399999,"status":"NOT_STARTED"},{"weekDay":3,"seckillStartTime":1785902400000,"seckillEndTime":1786075199999,"status":"NOT_STARTED"},{"weekDay":5,"seckillStartTime":1786075200000,"seckillEndTime":1786334399999,"status":"NOT_STARTED"},{"weekDay":1,"seckillStartTime":1786334400000,"seckillEndTime":1786507199999,"status":"NOT_STARTED"}]},{"couponId":"6870867989fddd2bbdec96bc","name":"V3","amount":3,"xyLevel":"V3","seckillTime":"WEEKLY","periods":[{"weekDay":3,"seckillStartTime":1785297600000,"seckillEndTime":1785470399999,"status":"ENDED"},{"weekDay":5,"seckillStartTime":1785470400000,"seckillEndTime":1785729599999,"status":"PROGRESSING"},{"weekDay":1,"seckillStartTime":1785729600000,"seckillEndTime":1785902399999,"status":"NOT_STARTED"},{"weekDay":3,"seckillStartTime":1785902400000,"seckillEndTime":1786075199999,"status":"NOT_STARTED"},{"weekDay":5,"seckillStartTime":1786075200000,"seckillEndTime":1786334399999,"status":"NOT_STARTED"},{"weekDay":1,"seckillStartTime":1786334400000,"seckillEndTime":1786507199999,"status":"NOT_STARTED"}]},{"couponId":"6870869cf56f912f57e063c0","name":"V4","amount":8,"xyLevel":"V4","seckillTime":"WEEKLY","periods":[{"weekDay":3,"seckillStartTime":1785297600000,"seckillEndTime":1785470399999,"status":"ENDED"},{"weekDay":5,"seckillStartTime":1785470400000,"seckillEndTime":1785729599999,"status":"PROGRESSING"},{"weekDay":1,"seckillStartTime":1785729600000,"seckillEndTime":1785902399999,"status":"NOT_STARTED"},{"weekDay":3,"seckillStartTime":1785902400000,"seckillEndTime":1786075199999,"status":"NOT_STARTED"},{"weekDay":5,"seckillStartTime":1786075200000,"seckillEndTime":1786334399999,"status":"NOT_STARTED"},{"weekDay":1,"seckillStartTime":1786334400000,"seckillEndTime":1786507199999,"status":"NOT_STARTED"}]},{"couponId":"687086e33d0d02335c1804f4","name":"V5","amount":18,"xyLevel":"V5","seckillTime":"WEEKLY","periods":[{"weekDay":3,"seckillStartTime":1785297600000,"seckillEndTime":1785470399999,"status":"ENDED"},{"weekDay":5,"seckillStartTime":1785470400000,"seckillEndTime":1785729599999,"status":"PROGRESSING"},{"weekDay":1,"seckillStartTime":1785729600000,"seckillEndTime":1785902399999,"status":"NOT_STARTED"},{"weekDay":3,"seckillStartTime":1785902400000,"seckillEndTime":1786075199999,"status":"NOT_STARTED"},{"weekDay":5,"seckillStartTime":1786075200000,"seckillEndTime":1786334399999,"status":"NOT_STARTED"},{"weekDay":1,"seckillStartTime":1786334400000,"seckillEndTime":1786507199999,"status":"NOT_STARTED"}]},{"couponId":"68708705f56f912f57e063c3","name":"V6","amount":30,"xyLevel":"V6","seckillTime":"WEEKLY","periods":[{"weekDay":3,"seckillStartTime":1785297600000,"seckillEndTime":1785470399999,"status":"ENDED"},{"weekDay":5,"seckillStartTime":1785470400000,"seckillEndTime":1785729599999,"status":"PROGRESSING","acquiredStatus":"OUT_OF_STOCK","stockId":"68708705f56f912f57e063c3_WEEKLY_1785470400000","stockRemain":0},{"weekDay":1,"seckillStartTime":1785729600000,"seckillEndTime":1785902399999,"status":"NOT_STARTED"},{"weekDay":3,"seckillStartTime":1785902400000,"seckillEndTime":1786075199999,"status":"NOT_STARTED"},{"weekDay":5,"seckillStartTime":1786075200000,"seckillEndTime":1786334399999,"status":"NOT_STARTED"},{"weekDay":1,"seckillStartTime":1786334400000,"seckillEndTime":1786507199999,"status":"NOT_STARTED"}]},{"couponId":"6870872e89fddd2bbdec96bd","name":"V7","amount":75,"xyLevel":"V7","seckillTime":"WEEKLY","periods":[{"weekDay":3,"seckillStartTime":1785297600000,"seckillEndTime":1785470399999,"status":"ENDED"},{"weekDay":5,"seckillStartTime":1785470400000,"seckillEndTime":1785729599999,"status":"PROGRESSING"},{"weekDay":1,"seckillStartTime":1785729600000,"seckillEndTime":1785902399999,"status":"NOT_STARTED"},{"weekDay":3,"seckillStartTime":1785902400000,"seckillEndTime":1786075199999,"status":"NOT_STARTED"},{"weekDay":5,"seckillStartTime":1786075200000,"seckillEndTime":1786334399999,"status":"NOT_STARTED"},{"weekDay":1,"seckillStartTime":1786334400000,"seckillEndTime":1786507199999,"status":"NOT_STARTED"}]}]},"code":200,"errmsg":"OK"}}
============================================================
============================================================
[请求时间] 2026/8/3 09:17:35.987
[响应时间] 2026/8/3 09:17:36.056
[耗时] 69ms
[请求路径] https://inf.ds.163.com/v1/web/exp/week-coupon/showing-list-v2
[请求方式] POST
[请求参数] {"query":null,"body":{}}
[请求头] {"Accept":"application/json, text/plain, */*","Content-Type":"application/json;charset=UTF-8","GL-X-XSRF-TOKEN":"96dca0c5-a0a8-42a3-aae7-ff273c8462e7","User-Agent":"Mozilla/5.0 (Windows NT 10.0; Win64; x64) AppleWebKit/537.36 (KHTML, like Gecko) Chrome/122.0.0.0 Safari/537.36","Origin":"https://pay.ds.163.com","Referer":"https://pay.ds.163.com/","GL-ClientType":"60","GL-DeviceId":"d6972664-c170-46f6-91f3-8079b501f7ef","GL-Uid":"ab3d60bdd8614464af937bc6c0be87cb","GL-CheckSum":"01bea09b7893e9959b40fa75e7f412c007e640fe","Content-Length":"2","Accept-Encoding":"gzip, compress, deflate, br"}
[响应结果] {"httpStatus":200,"data":{"result":{"coupons":[{"couponId":"687076e69f3efd24cb2bed9c","name":"V1","amount":1,"xyLevel":"V1","seckillTime":"WEEKLY","periods":[{"weekDay":3,"seckillStartTime":1785297600000,"seckillEndTime":1785470399999,"status":"ENDED"},{"weekDay":5,"seckillStartTime":1785470400000,"seckillEndTime":1785729599999,"status":"PROGRESSING"},{"weekDay":1,"seckillStartTime":1785729600000,"seckillEndTime":1785902399999,"status":"NOT_STARTED"},{"weekDay":3,"seckillStartTime":1785902400000,"seckillEndTime":1786075199999,"status":"NOT_STARTED"},{"weekDay":5,"seckillStartTime":1786075200000,"seckillEndTime":1786334399999,"status":"NOT_STARTED"},{"weekDay":1,"seckillStartTime":1786334400000,"seckillEndTime":1786507199999,"status":"NOT_STARTED"}]},{"couponId":"68708657f56f912f57e063bf","name":"V2","amount":2,"xyLevel":"V2","seckillTime":"WEEKLY","periods":[{"weekDay":3,"seckillStartTime":1785297600000,"seckillEndTime":1785470399999,"status":"ENDED"},{"weekDay":5,"seckillStartTime":1785470400000,"seckillEndTime":1785729599999,"status":"PROGRESSING"},{"weekDay":1,"seckillStartTime":1785729600000,"seckillEndTime":1785902399999,"status":"NOT_STARTED"},{"weekDay":3,"seckillStartTime":1785902400000,"seckillEndTime":1786075199999,"status":"NOT_STARTED"},{"weekDay":5,"seckillStartTime":1786075200000,"seckillEndTime":1786334399999,"status":"NOT_STARTED"},{"weekDay":1,"seckillStartTime":1786334400000,"seckillEndTime":1786507199999,"status":"NOT_STARTED"}]},{"couponId":"6870867989fddd2bbdec96bc","name":"V3","amount":3,"xyLevel":"V3","seckillTime":"WEEKLY","periods":[{"weekDay":3,"seckillStartTime":1785297600000,"seckillEndTime":1785470399999,"status":"ENDED"},{"weekDay":5,"seckillStartTime":1785470400000,"seckillEndTime":1785729599999,"status":"PROGRESSING"},{"weekDay":1,"seckillStartTime":1785729600000,"seckillEndTime":1785902399999,"status":"NOT_STARTED"},{"weekDay":3,"seckillStartTime":1785902400000,"seckillEndTime":1786075199999,"status":"NOT_STARTED"},{"weekDay":5,"seckillStartTime":1786075200000,"seckillEndTime":1786334399999,"status":"NOT_STARTED"},{"weekDay":1,"seckillStartTime":1786334400000,"seckillEndTime":1786507199999,"status":"NOT_STARTED"}]},{"couponId":"6870869cf56f912f57e063c0","name":"V4","amount":8,"xyLevel":"V4","seckillTime":"WEEKLY","periods":[{"weekDay":3,"seckillStartTime":1785297600000,"seckillEndTime":1785470399999,"status":"ENDED"},{"weekDay":5,"seckillStartTime":1785470400000,"seckillEndTime":1785729599999,"status":"PROGRESSING"},{"weekDay":1,"seckillStartTime":1785729600000,"seckillEndTime":1785902399999,"status":"NOT_STARTED"},{"weekDay":3,"seckillStartTime":1785902400000,"seckillEndTime":1786075199999,"status":"NOT_STARTED"},{"weekDay":5,"seckillStartTime":1786075200000,"seckillEndTime":1786334399999,"status":"NOT_STARTED"},{"weekDay":1,"seckillStartTime":1786334400000,"seckillEndTime":1786507199999,"status":"NOT_STARTED"}]},{"couponId":"687086e33d0d02335c1804f4","name":"V5","amount":18,"xyLevel":"V5","seckillTime":"WEEKLY","periods":[{"weekDay":3,"seckillStartTime":1785297600000,"seckillEndTime":1785470399999,"status":"ENDED"},{"weekDay":5,"seckillStartTime":1785470400000,"seckillEndTime":1785729599999,"status":"PROGRESSING"},{"weekDay":1,"seckillStartTime":1785729600000,"seckillEndTime":1785902399999,"status":"NOT_STARTED"},{"weekDay":3,"seckillStartTime":1785902400000,"seckillEndTime":1786075199999,"status":"NOT_STARTED"},{"weekDay":5,"seckillStartTime":1786075200000,"seckillEndTime":1786334399999,"status":"NOT_STARTED"},{"weekDay":1,"seckillStartTime":1786334400000,"seckillEndTime":1786507199999,"status":"NOT_STARTED"}]},{"couponId":"68708705f56f912f57e063c3","name":"V6","amount":30,"xyLevel":"V6","seckillTime":"WEEKLY","periods":[{"weekDay":3,"seckillStartTime":1785297600000,"seckillEndTime":1785470399999,"status":"ENDED"},{"weekDay":5,"seckillStartTime":1785470400000,"seckillEndTime":1785729599999,"status":"PROGRESSING","acquiredStatus":"OUT_OF_STOCK","stockId":"68708705f56f912f57e063c3_WEEKLY_1785470400000","stockRemain":0},{"weekDay":1,"seckillStartTime":1785729600000,"seckillEndTime":1785902399999,"status":"NOT_STARTED"},{"weekDay":3,"seckillStartTime":1785902400000,"seckillEndTime":1786075199999,"status":"NOT_STARTED"},{"weekDay":5,"seckillStartTime":1786075200000,"seckillEndTime":1786334399999,"status":"NOT_STARTED"},{"weekDay":1,"seckillStartTime":1786334400000,"seckillEndTime":1786507199999,"status":"NOT_STARTED"}]},{"couponId":"6870872e89fddd2bbdec96bd","name":"V7","amount":75,"xyLevel":"V7","seckillTime":"WEEKLY","periods":[{"weekDay":3,"seckillStartTime":1785297600000,"seckillEndTime":1785470399999,"status":"ENDED"},{"weekDay":5,"seckillStartTime":1785470400000,"seckillEndTime":1785729599999,"status":"PROGRESSING"},{"weekDay":1,"seckillStartTime":1785729600000,"seckillEndTime":1785902399999,"status":"NOT_STARTED"},{"weekDay":3,"seckillStartTime":1785902400000,"seckillEndTime":1786075199999,"status":"NOT_STARTED"},{"weekDay":5,"seckillStartTime":1786075200000,"seckillEndTime":1786334399999,"status":"NOT_STARTED"},{"weekDay":1,"seckillStartTime":1786334400000,"seckillEndTime":1786507199999,"status":"NOT_STARTED"}]}]},"code":200,"errmsg":"OK"}}
============================================================
============================================================
[请求时间] 2026/8/3 09:17:36.056
[响应时间] 2026/8/3 09:17:36.207
[耗时] 151ms
[请求路径] https://pay-api.ds.163.com/v1/web/init/server/time
[请求方式] GET
[请求参数] {"query":null,"body":null}
[请求头] {"Accept":"application/json, text/plain, */*","Content-Type":"application/json;charset=UTF-8","GL-X-XSRF-TOKEN":"96dca0c5-a0a8-42a3-aae7-ff273c8462e7","User-Agent":"Mozilla/5.0 (Windows NT 10.0; Win64; x64) AppleWebKit/537.36 (KHTML, like Gecko) Chrome/122.0.0.0 Safari/537.36","Origin":"https://pay.ds.163.com","Referer":"https://pay.ds.163.com/","GL-ClientType":"60","GL-DeviceId":"d6972664-c170-46f6-91f3-8079b501f7ef","GL-Uid":"ab3d60bdd8614464af937bc6c0be87cb","Accept-Encoding":"gzip, compress, deflate, br"}
[响应结果] {"httpStatus":404,"data":"<!DOCTYPE HTML PUBLIC \"-//W3C//DTD HTML 3.2 Final//EN\">\n<title>404 Not Found</title>\n<h1>Not Found</h1>\n<p>The requested URL was not found on the server. If you entered the URL manually please check your spelling and try again.</p>\n"}
============================================================
============================================================
[请求时间] 2026/8/3 09:17:36.207
[响应时间] 2026/8/3 09:17:36.345
[耗时] 138ms
[请求路径] https://pay-api.ds.163.com/api/nlogin
[请求方式] GET
[请求参数] {"query":{},"body":null}
[请求头] {"Accept":"application/json, text/plain, */*","Content-Type":"application/json;charset=UTF-8","GL-X-XSRF-TOKEN":"96dca0c5-a0a8-42a3-aae7-ff273c8462e7","User-Agent":"Mozilla/5.0 (Windows NT 10.0; Win64; x64) AppleWebKit/537.36 (KHTML, like Gecko) Chrome/122.0.0.0 Safari/537.36","Origin":"https://pay.ds.163.com","Referer":"https://pay.ds.163.com/","GL-ClientType":"60","GL-DeviceId":"d6972664-c170-46f6-91f3-8079b501f7ef","GL-Uid":"ab3d60bdd8614464af937bc6c0be87cb","Accept-Encoding":"gzip, compress, deflate, br"}
[响应结果] {"httpStatus":200,"data":{"code":413,"msg":"登录失败"}}
============================================================
============================================================
[请求时间] 2026/8/3 09:23:09.110
[响应时间] 2026/8/3 09:23:09.284
[耗时] 174ms
[请求路径] https://pay-api.ds.163.com/v1/web/init/server/time
[请求方式] GET
[请求参数] {"query":null,"body":null}
[请求头] {"Accept":"application/json, text/plain, */*","Content-Type":"application/json;charset=UTF-8","User-Agent":"Mozilla/5.0 (Windows NT 10.0; Win64; x64) AppleWebKit/537.36 (KHTML, like Gecko) Chrome/122.0.0.0 Safari/537.36","Origin":"https://pay.ds.163.com","Referer":"https://pay.ds.163.com/","GL-ClientType":"60","GL-DeviceId":"d6972664-c170-46f6-91f3-8079b501f7ef","GL-Uid":"ab3d60bdd8614464af937bc6c0be87cb","GL-X-XSRF-TOKEN":"96dca0c5-a0a8-42a3-aae7-ff273c8462e7","Accept-Encoding":"gzip, compress, deflate, br"}
[响应结果] {"httpStatus":404,"data":"<!DOCTYPE HTML PUBLIC \"-//W3C//DTD HTML 3.2 Final//EN\">\n<title>404 Not Found</title>\n<h1>Not Found</h1>\n<p>The requested URL was not found on the server. If you entered the URL manually please check your spelling and try again.</p>\n"}
============================================================
============================================================
[请求时间] 2026/8/3 09:23:09.282
[响应时间] 2026/8/3 09:23:09.413
[耗时] 131ms
[请求路径] https://pay-api.ds.163.com/api/nlogin
[请求方式] GET
[请求参数] {"query":{},"body":null}
[请求头] {"Accept":"application/json, text/plain, */*","Content-Type":"application/json;charset=UTF-8","GL-X-XSRF-TOKEN":"96dca0c5-a0a8-42a3-aae7-ff273c8462e7","User-Agent":"Mozilla/5.0 (Windows NT 10.0; Win64; x64) AppleWebKit/537.36 (KHTML, like Gecko) Chrome/122.0.0.0 Safari/537.36","Origin":"https://pay.ds.163.com","Referer":"https://pay.ds.163.com/","GL-ClientType":"60","GL-DeviceId":"d6972664-c170-46f6-91f3-8079b501f7ef","GL-Uid":"ab3d60bdd8614464af937bc6c0be87cb","Accept-Encoding":"gzip, compress, deflate, br"}
[响应结果] {"httpStatus":200,"data":{"code":413,"msg":"登录失败"}}
============================================================
============================================================
[请求时间] 2026/8/3 09:23:09.413
[响应时间] 2026/8/3 09:23:09.590
[耗时] 177ms
[请求路径] https://inf.ds.163.com/v1/web/cooperate/plutus/cookie-exchange
[请求方式] GET
[请求参数] {"query":null,"body":null}
[请求头] {"Accept":"application/json, text/plain, */*","Content-Type":"application/json;charset=UTF-8","GL-X-XSRF-TOKEN":"96dca0c5-a0a8-42a3-aae7-ff273c8462e7","User-Agent":"Mozilla/5.0 (Windows NT 10.0; Win64; x64) AppleWebKit/537.36 (KHTML, like Gecko) Chrome/122.0.0.0 Safari/537.36","Origin":"https://pay.ds.163.com","Referer":"https://pay.ds.163.com/","GL-ClientType":"60","GL-DeviceId":"d6972664-c170-46f6-91f3-8079b501f7ef","GL-Uid":"ab3d60bdd8614464af937bc6c0be87cb","Accept-Encoding":"gzip, compress, deflate, br"}
[响应结果] {"httpStatus":200,"data":{"result":{"user":{"uid":"ab3d60bdd8614464af937bc6c0be87cb","nick":"lnl922","icon":"https://ok.166.net/reunionpub/3_20251102_19a403f87b2484815.jpeg","intro":"","gender":1,"frame":"64b92f13db5e2e0001e826b5","updateTime":1779774174407,"userSourceType":"URS"},"newUser":false},"code":200,"errmsg":"OK"}}
============================================================
============================================================
[请求时间] 2026/8/3 09:23:09.589
[响应时间] 2026/8/3 09:23:09.730
[耗时] 141ms
[请求路径] https://pay-api.ds.163.com/v1/web/init/server/time
[请求方式] GET
[请求参数] {"query":null,"body":null}
[请求头] {"Accept":"application/json, text/plain, */*","Content-Type":"application/json;charset=UTF-8","GL-X-XSRF-TOKEN":"96dca0c5-a0a8-42a3-aae7-ff273c8462e7","User-Agent":"Mozilla/5.0 (Windows NT 10.0; Win64; x64) AppleWebKit/537.36 (KHTML, like Gecko) Chrome/122.0.0.0 Safari/537.36","Origin":"https://pay.ds.163.com","Referer":"https://pay.ds.163.com/","GL-ClientType":"60","GL-DeviceId":"d6972664-c170-46f6-91f3-8079b501f7ef","GL-Uid":"ab3d60bdd8614464af937bc6c0be87cb","Accept-Encoding":"gzip, compress, deflate, br"}
[响应结果] {"httpStatus":404,"data":"<!DOCTYPE HTML PUBLIC \"-//W3C//DTD HTML 3.2 Final//EN\">\n<title>404 Not Found</title>\n<h1>Not Found</h1>\n<p>The requested URL was not found on the server. If you entered the URL manually please check your spelling and try again.</p>\n"}
============================================================
============================================================
[请求时间] 2026/8/3 09:23:09.729
[响应时间] 2026/8/3 09:23:09.846
[耗时] 117ms
[请求路径] https://inf.ds.163.com/v1/web/exp/xy/user/get-info
[请求方式] POST
[请求参数] {"query":null,"body":{}}
[请求头] {"Accept":"application/json, text/plain, */*","Content-Type":"application/json;charset=UTF-8","GL-X-XSRF-TOKEN":"96dca0c5-a0a8-42a3-aae7-ff273c8462e7","User-Agent":"Mozilla/5.0 (Windows NT 10.0; Win64; x64) AppleWebKit/537.36 (KHTML, like Gecko) Chrome/122.0.0.0 Safari/537.36","Origin":"https://pay.ds.163.com","Referer":"https://pay.ds.163.com/","GL-ClientType":"60","GL-DeviceId":"d6972664-c170-46f6-91f3-8079b501f7ef","GL-Uid":"ab3d60bdd8614464af937bc6c0be87cb","GL-CheckSum":"01bea09b7893e9959b40fa75e7f412c007e640fe","Content-Length":"2","Accept-Encoding":"gzip, compress, deflate, br"}
[响应结果] {"httpStatus":200,"data":{"result":{"growthPoint":392482,"currentLv":"V6","diffNextLvGrowthPoint":607518,"currentLvExpireDate":"20270626","currentLvExpire":1813939200000,"nextLv":"V7","activeGames":["l36"],"last365LoginGames":["l36"],"initDate":"20260626","lastLv":"V5"},"code":200,"errmsg":"OK"}}
============================================================
============================================================
[请求时间] 2026/8/3 09:23:09.845
[响应时间] 2026/8/3 09:23:09.919
[耗时] 74ms
[请求路径] https://inf.ds.163.com/v1/web/exp/week-coupon/showing-list-v2
[请求方式] POST
[请求参数] {"query":null,"body":{}}
[请求头] {"Accept":"application/json, text/plain, */*","Content-Type":"application/json;charset=UTF-8","GL-X-XSRF-TOKEN":"96dca0c5-a0a8-42a3-aae7-ff273c8462e7","User-Agent":"Mozilla/5.0 (Windows NT 10.0; Win64; x64) AppleWebKit/537.36 (KHTML, like Gecko) Chrome/122.0.0.0 Safari/537.36","Origin":"https://pay.ds.163.com","Referer":"https://pay.ds.163.com/","GL-ClientType":"60","GL-DeviceId":"d6972664-c170-46f6-91f3-8079b501f7ef","GL-Uid":"ab3d60bdd8614464af937bc6c0be87cb","GL-CheckSum":"01bea09b7893e9959b40fa75e7f412c007e640fe","Content-Length":"2","Accept-Encoding":"gzip, compress, deflate, br"}
[响应结果] {"httpStatus":200,"data":{"result":{"coupons":[{"couponId":"687076e69f3efd24cb2bed9c","name":"V1","amount":1,"xyLevel":"V1","seckillTime":"WEEKLY","periods":[{"weekDay":3,"seckillStartTime":1785297600000,"seckillEndTime":1785470399999,"status":"ENDED"},{"weekDay":5,"seckillStartTime":1785470400000,"seckillEndTime":1785729599999,"status":"PROGRESSING"},{"weekDay":1,"seckillStartTime":1785729600000,"seckillEndTime":1785902399999,"status":"NOT_STARTED"},{"weekDay":3,"seckillStartTime":1785902400000,"seckillEndTime":1786075199999,"status":"NOT_STARTED"},{"weekDay":5,"seckillStartTime":1786075200000,"seckillEndTime":1786334399999,"status":"NOT_STARTED"},{"weekDay":1,"seckillStartTime":1786334400000,"seckillEndTime":1786507199999,"status":"NOT_STARTED"}]},{"couponId":"68708657f56f912f57e063bf","name":"V2","amount":2,"xyLevel":"V2","seckillTime":"WEEKLY","periods":[{"weekDay":3,"seckillStartTime":1785297600000,"seckillEndTime":1785470399999,"status":"ENDED"},{"weekDay":5,"seckillStartTime":1785470400000,"seckillEndTime":1785729599999,"status":"PROGRESSING"},{"weekDay":1,"seckillStartTime":1785729600000,"seckillEndTime":1785902399999,"status":"NOT_STARTED"},{"weekDay":3,"seckillStartTime":1785902400000,"seckillEndTime":1786075199999,"status":"NOT_STARTED"},{"weekDay":5,"seckillStartTime":1786075200000,"seckillEndTime":1786334399999,"status":"NOT_STARTED"},{"weekDay":1,"seckillStartTime":1786334400000,"seckillEndTime":1786507199999,"status":"NOT_STARTED"}]},{"couponId":"6870867989fddd2bbdec96bc","name":"V3","amount":3,"xyLevel":"V3","seckillTime":"WEEKLY","periods":[{"weekDay":3,"seckillStartTime":1785297600000,"seckillEndTime":1785470399999,"status":"ENDED"},{"weekDay":5,"seckillStartTime":1785470400000,"seckillEndTime":1785729599999,"status":"PROGRESSING"},{"weekDay":1,"seckillStartTime":1785729600000,"seckillEndTime":1785902399999,"status":"NOT_STARTED"},{"weekDay":3,"seckillStartTime":1785902400000,"seckillEndTime":1786075199999,"status":"NOT_STARTED"},{"weekDay":5,"seckillStartTime":1786075200000,"seckillEndTime":1786334399999,"status":"NOT_STARTED"},{"weekDay":1,"seckillStartTime":1786334400000,"seckillEndTime":1786507199999,"status":"NOT_STARTED"}]},{"couponId":"6870869cf56f912f57e063c0","name":"V4","amount":8,"xyLevel":"V4","seckillTime":"WEEKLY","periods":[{"weekDay":3,"seckillStartTime":1785297600000,"seckillEndTime":1785470399999,"status":"ENDED"},{"weekDay":5,"seckillStartTime":1785470400000,"seckillEndTime":1785729599999,"status":"PROGRESSING"},{"weekDay":1,"seckillStartTime":1785729600000,"seckillEndTime":1785902399999,"status":"NOT_STARTED"},{"weekDay":3,"seckillStartTime":1785902400000,"seckillEndTime":1786075199999,"status":"NOT_STARTED"},{"weekDay":5,"seckillStartTime":1786075200000,"seckillEndTime":1786334399999,"status":"NOT_STARTED"},{"weekDay":1,"seckillStartTime":1786334400000,"seckillEndTime":1786507199999,"status":"NOT_STARTED"}]},{"couponId":"687086e33d0d02335c1804f4","name":"V5","amount":18,"xyLevel":"V5","seckillTime":"WEEKLY","periods":[{"weekDay":3,"seckillStartTime":1785297600000,"seckillEndTime":1785470399999,"status":"ENDED"},{"weekDay":5,"seckillStartTime":1785470400000,"seckillEndTime":1785729599999,"status":"PROGRESSING"},{"weekDay":1,"seckillStartTime":1785729600000,"seckillEndTime":1785902399999,"status":"NOT_STARTED"},{"weekDay":3,"seckillStartTime":1785902400000,"seckillEndTime":1786075199999,"status":"NOT_STARTED"},{"weekDay":5,"seckillStartTime":1786075200000,"seckillEndTime":1786334399999,"status":"NOT_STARTED"},{"weekDay":1,"seckillStartTime":1786334400000,"seckillEndTime":1786507199999,"status":"NOT_STARTED"}]},{"couponId":"68708705f56f912f57e063c3","name":"V6","amount":30,"xyLevel":"V6","seckillTime":"WEEKLY","periods":[{"weekDay":3,"seckillStartTime":1785297600000,"seckillEndTime":1785470399999,"status":"ENDED"},{"weekDay":5,"seckillStartTime":1785470400000,"seckillEndTime":1785729599999,"status":"PROGRESSING","acquiredStatus":"OUT_OF_STOCK","stockId":"68708705f56f912f57e063c3_WEEKLY_1785470400000","stockRemain":0},{"weekDay":1,"seckillStartTime":1785729600000,"seckillEndTime":1785902399999,"status":"NOT_STARTED"},{"weekDay":3,"seckillStartTime":1785902400000,"seckillEndTime":1786075199999,"status":"NOT_STARTED"},{"weekDay":5,"seckillStartTime":1786075200000,"seckillEndTime":1786334399999,"status":"NOT_STARTED"},{"weekDay":1,"seckillStartTime":1786334400000,"seckillEndTime":1786507199999,"status":"NOT_STARTED"}]},{"couponId":"6870872e89fddd2bbdec96bd","name":"V7","amount":75,"xyLevel":"V7","seckillTime":"WEEKLY","periods":[{"weekDay":3,"seckillStartTime":1785297600000,"seckillEndTime":1785470399999,"status":"ENDED"},{"weekDay":5,"seckillStartTime":1785470400000,"seckillEndTime":1785729599999,"status":"PROGRESSING"},{"weekDay":1,"seckillStartTime":1785729600000,"seckillEndTime":1785902399999,"status":"NOT_STARTED"},{"weekDay":3,"seckillStartTime":1785902400000,"seckillEndTime":1786075199999,"status":"NOT_STARTED"},{"weekDay":5,"seckillStartTime":1786075200000,"seckillEndTime":1786334399999,"status":"NOT_STARTED"},{"weekDay":1,"seckillStartTime":1786334400000,"seckillEndTime":1786507199999,"status":"NOT_STARTED"}]}]},"code":200,"errmsg":"OK"}}
============================================================
============================================================
[请求时间] 2026/8/3 09:23:10.228
[响应时间] 2026/8/3 09:23:10.301
[耗时] 73ms
[请求路径] https://inf.ds.163.com/v1/web/exp/week-coupon/showing-list-v2
[请求方式] POST
[请求参数] {"query":null,"body":{}}
[请求头] {"Accept":"application/json, text/plain, */*","Content-Type":"application/json;charset=UTF-8","GL-X-XSRF-TOKEN":"96dca0c5-a0a8-42a3-aae7-ff273c8462e7","User-Agent":"Mozilla/5.0 (Windows NT 10.0; Win64; x64) AppleWebKit/537.36 (KHTML, like Gecko) Chrome/122.0.0.0 Safari/537.36","Origin":"https://pay.ds.163.com","Referer":"https://pay.ds.163.com/","GL-ClientType":"60","GL-DeviceId":"d6972664-c170-46f6-91f3-8079b501f7ef","GL-Uid":"ab3d60bdd8614464af937bc6c0be87cb","GL-CheckSum":"01bea09b7893e9959b40fa75e7f412c007e640fe","Content-Length":"2","Accept-Encoding":"gzip, compress, deflate, br"}
[响应结果] {"httpStatus":200,"data":{"result":{"coupons":[{"couponId":"687076e69f3efd24cb2bed9c","name":"V1","amount":1,"xyLevel":"V1","seckillTime":"WEEKLY","periods":[{"weekDay":3,"seckillStartTime":1785297600000,"seckillEndTime":1785470399999,"status":"ENDED"},{"weekDay":5,"seckillStartTime":1785470400000,"seckillEndTime":1785729599999,"status":"PROGRESSING"},{"weekDay":1,"seckillStartTime":1785729600000,"seckillEndTime":1785902399999,"status":"NOT_STARTED"},{"weekDay":3,"seckillStartTime":1785902400000,"seckillEndTime":1786075199999,"status":"NOT_STARTED"},{"weekDay":5,"seckillStartTime":1786075200000,"seckillEndTime":1786334399999,"status":"NOT_STARTED"},{"weekDay":1,"seckillStartTime":1786334400000,"seckillEndTime":1786507199999,"status":"NOT_STARTED"}]},{"couponId":"68708657f56f912f57e063bf","name":"V2","amount":2,"xyLevel":"V2","seckillTime":"WEEKLY","periods":[{"weekDay":3,"seckillStartTime":1785297600000,"seckillEndTime":1785470399999,"status":"ENDED"},{"weekDay":5,"seckillStartTime":1785470400000,"seckillEndTime":1785729599999,"status":"PROGRESSING"},{"weekDay":1,"seckillStartTime":1785729600000,"seckillEndTime":1785902399999,"status":"NOT_STARTED"},{"weekDay":3,"seckillStartTime":1785902400000,"seckillEndTime":1786075199999,"status":"NOT_STARTED"},{"weekDay":5,"seckillStartTime":1786075200000,"seckillEndTime":1786334399999,"status":"NOT_STARTED"},{"weekDay":1,"seckillStartTime":1786334400000,"seckillEndTime":1786507199999,"status":"NOT_STARTED"}]},{"couponId":"6870867989fddd2bbdec96bc","name":"V3","amount":3,"xyLevel":"V3","seckillTime":"WEEKLY","periods":[{"weekDay":3,"seckillStartTime":1785297600000,"seckillEndTime":1785470399999,"status":"ENDED"},{"weekDay":5,"seckillStartTime":1785470400000,"seckillEndTime":1785729599999,"status":"PROGRESSING"},{"weekDay":1,"seckillStartTime":1785729600000,"seckillEndTime":1785902399999,"status":"NOT_STARTED"},{"weekDay":3,"seckillStartTime":1785902400000,"seckillEndTime":1786075199999,"status":"NOT_STARTED"},{"weekDay":5,"seckillStartTime":1786075200000,"seckillEndTime":1786334399999,"status":"NOT_STARTED"},{"weekDay":1,"seckillStartTime":1786334400000,"seckillEndTime":1786507199999,"status":"NOT_STARTED"}]},{"couponId":"6870869cf56f912f57e063c0","name":"V4","amount":8,"xyLevel":"V4","seckillTime":"WEEKLY","periods":[{"weekDay":3,"seckillStartTime":1785297600000,"seckillEndTime":1785470399999,"status":"ENDED"},{"weekDay":5,"seckillStartTime":1785470400000,"seckillEndTime":1785729599999,"status":"PROGRESSING"},{"weekDay":1,"seckillStartTime":1785729600000,"seckillEndTime":1785902399999,"status":"NOT_STARTED"},{"weekDay":3,"seckillStartTime":1785902400000,"seckillEndTime":1786075199999,"status":"NOT_STARTED"},{"weekDay":5,"seckillStartTime":1786075200000,"seckillEndTime":1786334399999,"status":"NOT_STARTED"},{"weekDay":1,"seckillStartTime":1786334400000,"seckillEndTime":1786507199999,"status":"NOT_STARTED"}]},{"couponId":"687086e33d0d02335c1804f4","name":"V5","amount":18,"xyLevel":"V5","seckillTime":"WEEKLY","periods":[{"weekDay":3,"seckillStartTime":1785297600000,"seckillEndTime":1785470399999,"status":"ENDED"},{"weekDay":5,"seckillStartTime":1785470400000,"seckillEndTime":1785729599999,"status":"PROGRESSING"},{"weekDay":1,"seckillStartTime":1785729600000,"seckillEndTime":1785902399999,"status":"NOT_STARTED"},{"weekDay":3,"seckillStartTime":1785902400000,"seckillEndTime":1786075199999,"status":"NOT_STARTED"},{"weekDay":5,"seckillStartTime":1786075200000,"seckillEndTime":1786334399999,"status":"NOT_STARTED"},{"weekDay":1,"seckillStartTime":1786334400000,"seckillEndTime":1786507199999,"status":"NOT_STARTED"}]},{"couponId":"68708705f56f912f57e063c3","name":"V6","amount":30,"xyLevel":"V6","seckillTime":"WEEKLY","periods":[{"weekDay":3,"seckillStartTime":1785297600000,"seckillEndTime":1785470399999,"status":"ENDED"},{"weekDay":5,"seckillStartTime":1785470400000,"seckillEndTime":1785729599999,"status":"PROGRESSING","acquiredStatus":"OUT_OF_STOCK","stockId":"68708705f56f912f57e063c3_WEEKLY_1785470400000","stockRemain":0},{"weekDay":1,"seckillStartTime":1785729600000,"seckillEndTime":1785902399999,"status":"NOT_STARTED"},{"weekDay":3,"seckillStartTime":1785902400000,"seckillEndTime":1786075199999,"status":"NOT_STARTED"},{"weekDay":5,"seckillStartTime":1786075200000,"seckillEndTime":1786334399999,"status":"NOT_STARTED"},{"weekDay":1,"seckillStartTime":1786334400000,"seckillEndTime":1786507199999,"status":"NOT_STARTED"}]},{"couponId":"6870872e89fddd2bbdec96bd","name":"V7","amount":75,"xyLevel":"V7","seckillTime":"WEEKLY","periods":[{"weekDay":3,"seckillStartTime":1785297600000,"seckillEndTime":1785470399999,"status":"ENDED"},{"weekDay":5,"seckillStartTime":1785470400000,"seckillEndTime":1785729599999,"status":"PROGRESSING"},{"weekDay":1,"seckillStartTime":1785729600000,"seckillEndTime":1785902399999,"status":"NOT_STARTED"},{"weekDay":3,"seckillStartTime":1785902400000,"seckillEndTime":1786075199999,"status":"NOT_STARTED"},{"weekDay":5,"seckillStartTime":1786075200000,"seckillEndTime":1786334399999,"status":"NOT_STARTED"},{"weekDay":1,"seckillStartTime":1786334400000,"seckillEndTime":1786507199999,"status":"NOT_STARTED"}]}]},"code":200,"errmsg":"OK"}}
============================================================
============================================================
[请求时间] 2026/8/3 09:23:10.300
[响应时间] 2026/8/3 09:23:10.448
[耗时] 148ms
[请求路径] https://pay-api.ds.163.com/v1/web/init/server/time
[请求方式] GET
[请求参数] {"query":null,"body":null}
[请求头] {"Accept":"application/json, text/plain, */*","Content-Type":"application/json;charset=UTF-8","GL-X-XSRF-TOKEN":"96dca0c5-a0a8-42a3-aae7-ff273c8462e7","User-Agent":"Mozilla/5.0 (Windows NT 10.0; Win64; x64) AppleWebKit/537.36 (KHTML, like Gecko) Chrome/122.0.0.0 Safari/537.36","Origin":"https://pay.ds.163.com","Referer":"https://pay.ds.163.com/","GL-ClientType":"60","GL-DeviceId":"d6972664-c170-46f6-91f3-8079b501f7ef","GL-Uid":"ab3d60bdd8614464af937bc6c0be87cb","Accept-Encoding":"gzip, compress, deflate, br"}
[响应结果] {"httpStatus":404,"data":"<!DOCTYPE HTML PUBLIC \"-//W3C//DTD HTML 3.2 Final//EN\">\n<title>404 Not Found</title>\n<h1>Not Found</h1>\n<p>The requested URL was not found on the server. If you entered the URL manually please check your spelling and try again.</p>\n"}
============================================================
============================================================
[请求时间] 2026/8/3 09:23:10.445
[响应时间] 2026/8/3 09:23:10.596
[耗时] 151ms
[请求路径] https://pay-api.ds.163.com/api/nlogin
[请求方式] GET
[请求参数] {"query":{},"body":null}
[请求头] {"Accept":"application/json, text/plain, */*","Content-Type":"application/json;charset=UTF-8","GL-X-XSRF-TOKEN":"96dca0c5-a0a8-42a3-aae7-ff273c8462e7","User-Agent":"Mozilla/5.0 (Windows NT 10.0; Win64; x64) AppleWebKit/537.36 (KHTML, like Gecko) Chrome/122.0.0.0 Safari/537.36","Origin":"https://pay.ds.163.com","Referer":"https://pay.ds.163.com/","GL-ClientType":"60","GL-DeviceId":"d6972664-c170-46f6-91f3-8079b501f7ef","GL-Uid":"ab3d60bdd8614464af937bc6c0be87cb","Accept-Encoding":"gzip, compress, deflate, br"}
[响应结果] {"httpStatus":200,"data":{"code":413,"msg":"登录失败"}}
============================================================
============================================================
[请求时间] 2026/8/3 09:25:51.374
[响应时间] 2026/8/3 09:25:51.555
[耗时] 181ms
[请求路径] https://pay-api.ds.163.com/v1/web/init/server/time
[请求方式] GET
[请求参数] {"query":null,"body":null}
[请求头] {"Accept":"application/json, text/plain, */*","Content-Type":"application/json;charset=UTF-8","User-Agent":"Mozilla/5.0 (Windows NT 10.0; Win64; x64) AppleWebKit/537.36 (KHTML, like Gecko) Chrome/122.0.0.0 Safari/537.36","Origin":"https://pay.ds.163.com","Referer":"https://pay.ds.163.com/","GL-ClientType":"60","GL-DeviceId":"d6972664-c170-46f6-91f3-8079b501f7ef","GL-Uid":"ab3d60bdd8614464af937bc6c0be87cb","GL-X-XSRF-TOKEN":"96dca0c5-a0a8-42a3-aae7-ff273c8462e7","Accept-Encoding":"gzip, compress, deflate, br"}
[响应结果] {"httpStatus":404,"data":"<!DOCTYPE HTML PUBLIC \"-//W3C//DTD HTML 3.2 Final//EN\">\n<title>404 Not Found</title>\n<h1>Not Found</h1>\n<p>The requested URL was not found on the server. If you entered the URL manually please check your spelling and try again.</p>\n"}
============================================================
============================================================
[请求时间] 2026/8/3 09:25:51.554
[响应时间] 2026/8/3 09:25:51.693
[耗时] 139ms
[请求路径] https://pay-api.ds.163.com/api/nlogin
[请求方式] GET
[请求参数] {"query":{},"body":null}
[请求头] {"Accept":"application/json, text/plain, */*","Content-Type":"application/json;charset=UTF-8","GL-X-XSRF-TOKEN":"96dca0c5-a0a8-42a3-aae7-ff273c8462e7","User-Agent":"Mozilla/5.0 (Windows NT 10.0; Win64; x64) AppleWebKit/537.36 (KHTML, like Gecko) Chrome/122.0.0.0 Safari/537.36","Origin":"https://pay.ds.163.com","Referer":"https://pay.ds.163.com/","GL-ClientType":"60","GL-DeviceId":"d6972664-c170-46f6-91f3-8079b501f7ef","GL-Uid":"ab3d60bdd8614464af937bc6c0be87cb","Accept-Encoding":"gzip, compress, deflate, br"}
[响应结果] {"httpStatus":200,"data":{"code":413,"msg":"登录失败"}}
============================================================
============================================================
[请求时间] 2026/8/3 09:25:51.692
[响应时间] 2026/8/3 09:25:51.867
[耗时] 175ms
[请求路径] https://inf.ds.163.com/v1/web/cooperate/plutus/cookie-exchange
[请求方式] GET
[请求参数] {"query":null,"body":null}
[请求头] {"Accept":"application/json, text/plain, */*","Content-Type":"application/json;charset=UTF-8","GL-X-XSRF-TOKEN":"96dca0c5-a0a8-42a3-aae7-ff273c8462e7","User-Agent":"Mozilla/5.0 (Windows NT 10.0; Win64; x64) AppleWebKit/537.36 (KHTML, like Gecko) Chrome/122.0.0.0 Safari/537.36","Origin":"https://pay.ds.163.com","Referer":"https://pay.ds.163.com/","GL-ClientType":"60","GL-DeviceId":"d6972664-c170-46f6-91f3-8079b501f7ef","GL-Uid":"ab3d60bdd8614464af937bc6c0be87cb","Accept-Encoding":"gzip, compress, deflate, br"}
[响应结果] {"httpStatus":200,"data":{"result":{"user":{"uid":"ab3d60bdd8614464af937bc6c0be87cb","nick":"lnl922","icon":"https://ok.166.net/reunionpub/3_20251102_19a403f87b2484815.jpeg","intro":"","gender":1,"frame":"64b92f13db5e2e0001e826b5","updateTime":1779774174407,"userSourceType":"URS"},"newUser":false},"code":200,"errmsg":"OK"}}
============================================================
============================================================
[请求时间] 2026/8/3 09:25:51.866
[响应时间] 2026/8/3 09:25:51.994
[耗时] 128ms
[请求路径] https://pay-api.ds.163.com/v1/web/init/server/time
[请求方式] GET
[请求参数] {"query":null,"body":null}
[请求头] {"Accept":"application/json, text/plain, */*","Content-Type":"application/json;charset=UTF-8","GL-X-XSRF-TOKEN":"96dca0c5-a0a8-42a3-aae7-ff273c8462e7","User-Agent":"Mozilla/5.0 (Windows NT 10.0; Win64; x64) AppleWebKit/537.36 (KHTML, like Gecko) Chrome/122.0.0.0 Safari/537.36","Origin":"https://pay.ds.163.com","Referer":"https://pay.ds.163.com/","GL-ClientType":"60","GL-DeviceId":"d6972664-c170-46f6-91f3-8079b501f7ef","GL-Uid":"ab3d60bdd8614464af937bc6c0be87cb","Accept-Encoding":"gzip, compress, deflate, br"}
[响应结果] {"httpStatus":404,"data":"<!DOCTYPE HTML PUBLIC \"-//W3C//DTD HTML 3.2 Final//EN\">\n<title>404 Not Found</title>\n<h1>Not Found</h1>\n<p>The requested URL was not found on the server. If you entered the URL manually please check your spelling and try again.</p>\n"}
============================================================
============================================================
[请求时间] 2026/8/3 09:25:51.994
[响应时间] 2026/8/3 09:25:52.067
[耗时] 73ms
[请求路径] https://inf.ds.163.com/v1/web/exp/xy/user/get-info
[请求方式] POST
[请求参数] {"query":null,"body":{}}
[请求头] {"Accept":"application/json, text/plain, */*","Content-Type":"application/json;charset=UTF-8","GL-X-XSRF-TOKEN":"96dca0c5-a0a8-42a3-aae7-ff273c8462e7","User-Agent":"Mozilla/5.0 (Windows NT 10.0; Win64; x64) AppleWebKit/537.36 (KHTML, like Gecko) Chrome/122.0.0.0 Safari/537.36","Origin":"https://pay.ds.163.com","Referer":"https://pay.ds.163.com/","GL-ClientType":"60","GL-DeviceId":"d6972664-c170-46f6-91f3-8079b501f7ef","GL-Uid":"ab3d60bdd8614464af937bc6c0be87cb","GL-CheckSum":"01bea09b7893e9959b40fa75e7f412c007e640fe","Content-Length":"2","Accept-Encoding":"gzip, compress, deflate, br"}
[响应结果] {"httpStatus":200,"data":{"result":{"growthPoint":392482,"currentLv":"V6","diffNextLvGrowthPoint":607518,"currentLvExpireDate":"20270626","currentLvExpire":1813939200000,"nextLv":"V7","activeGames":["l36"],"last365LoginGames":["l36"],"initDate":"20260626","lastLv":"V5"},"code":200,"errmsg":"OK"}}
============================================================
============================================================
[请求时间] 2026/8/3 09:25:52.066
[响应时间] 2026/8/3 09:25:52.136
[耗时] 70ms
[请求路径] https://inf.ds.163.com/v1/web/exp/week-coupon/showing-list-v2
[请求方式] POST
[请求参数] {"query":null,"body":{}}
[请求头] {"Accept":"application/json, text/plain, */*","Content-Type":"application/json;charset=UTF-8","GL-X-XSRF-TOKEN":"96dca0c5-a0a8-42a3-aae7-ff273c8462e7","User-Agent":"Mozilla/5.0 (Windows NT 10.0; Win64; x64) AppleWebKit/537.36 (KHTML, like Gecko) Chrome/122.0.0.0 Safari/537.36","Origin":"https://pay.ds.163.com","Referer":"https://pay.ds.163.com/","GL-ClientType":"60","GL-DeviceId":"d6972664-c170-46f6-91f3-8079b501f7ef","GL-Uid":"ab3d60bdd8614464af937bc6c0be87cb","GL-CheckSum":"01bea09b7893e9959b40fa75e7f412c007e640fe","Content-Length":"2","Accept-Encoding":"gzip, compress, deflate, br"}
[响应结果] {"httpStatus":200,"data":{"result":{"coupons":[{"couponId":"687076e69f3efd24cb2bed9c","name":"V1","amount":1,"xyLevel":"V1","seckillTime":"WEEKLY","periods":[{"weekDay":3,"seckillStartTime":1785297600000,"seckillEndTime":1785470399999,"status":"ENDED"},{"weekDay":5,"seckillStartTime":1785470400000,"seckillEndTime":1785729599999,"status":"PROGRESSING"},{"weekDay":1,"seckillStartTime":1785729600000,"seckillEndTime":1785902399999,"status":"NOT_STARTED"},{"weekDay":3,"seckillStartTime":1785902400000,"seckillEndTime":1786075199999,"status":"NOT_STARTED"},{"weekDay":5,"seckillStartTime":1786075200000,"seckillEndTime":1786334399999,"status":"NOT_STARTED"},{"weekDay":1,"seckillStartTime":1786334400000,"seckillEndTime":1786507199999,"status":"NOT_STARTED"}]},{"couponId":"68708657f56f912f57e063bf","name":"V2","amount":2,"xyLevel":"V2","seckillTime":"WEEKLY","periods":[{"weekDay":3,"seckillStartTime":1785297600000,"seckillEndTime":1785470399999,"status":"ENDED"},{"weekDay":5,"seckillStartTime":1785470400000,"seckillEndTime":1785729599999,"status":"PROGRESSING"},{"weekDay":1,"seckillStartTime":1785729600000,"seckillEndTime":1785902399999,"status":"NOT_STARTED"},{"weekDay":3,"seckillStartTime":1785902400000,"seckillEndTime":1786075199999,"status":"NOT_STARTED"},{"weekDay":5,"seckillStartTime":1786075200000,"seckillEndTime":1786334399999,"status":"NOT_STARTED"},{"weekDay":1,"seckillStartTime":1786334400000,"seckillEndTime":1786507199999,"status":"NOT_STARTED"}]},{"couponId":"6870867989fddd2bbdec96bc","name":"V3","amount":3,"xyLevel":"V3","seckillTime":"WEEKLY","periods":[{"weekDay":3,"seckillStartTime":1785297600000,"seckillEndTime":1785470399999,"status":"ENDED"},{"weekDay":5,"seckillStartTime":1785470400000,"seckillEndTime":1785729599999,"status":"PROGRESSING"},{"weekDay":1,"seckillStartTime":1785729600000,"seckillEndTime":1785902399999,"status":"NOT_STARTED"},{"weekDay":3,"seckillStartTime":1785902400000,"seckillEndTime":1786075199999,"status":"NOT_STARTED"},{"weekDay":5,"seckillStartTime":1786075200000,"seckillEndTime":1786334399999,"status":"NOT_STARTED"},{"weekDay":1,"seckillStartTime":1786334400000,"seckillEndTime":1786507199999,"status":"NOT_STARTED"}]},{"couponId":"6870869cf56f912f57e063c0","name":"V4","amount":8,"xyLevel":"V4","seckillTime":"WEEKLY","periods":[{"weekDay":3,"seckillStartTime":1785297600000,"seckillEndTime":1785470399999,"status":"ENDED"},{"weekDay":5,"seckillStartTime":1785470400000,"seckillEndTime":1785729599999,"status":"PROGRESSING"},{"weekDay":1,"seckillStartTime":1785729600000,"seckillEndTime":1785902399999,"status":"NOT_STARTED"},{"weekDay":3,"seckillStartTime":1785902400000,"seckillEndTime":1786075199999,"status":"NOT_STARTED"},{"weekDay":5,"seckillStartTime":1786075200000,"seckillEndTime":1786334399999,"status":"NOT_STARTED"},{"weekDay":1,"seckillStartTime":1786334400000,"seckillEndTime":1786507199999,"status":"NOT_STARTED"}]},{"couponId":"687086e33d0d02335c1804f4","name":"V5","amount":18,"xyLevel":"V5","seckillTime":"WEEKLY","periods":[{"weekDay":3,"seckillStartTime":1785297600000,"seckillEndTime":1785470399999,"status":"ENDED"},{"weekDay":5,"seckillStartTime":1785470400000,"seckillEndTime":1785729599999,"status":"PROGRESSING"},{"weekDay":1,"seckillStartTime":1785729600000,"seckillEndTime":1785902399999,"status":"NOT_STARTED"},{"weekDay":3,"seckillStartTime":1785902400000,"seckillEndTime":1786075199999,"status":"NOT_STARTED"},{"weekDay":5,"seckillStartTime":1786075200000,"seckillEndTime":1786334399999,"status":"NOT_STARTED"},{"weekDay":1,"seckillStartTime":1786334400000,"seckillEndTime":1786507199999,"status":"NOT_STARTED"}]},{"couponId":"68708705f56f912f57e063c3","name":"V6","amount":30,"xyLevel":"V6","seckillTime":"WEEKLY","periods":[{"weekDay":3,"seckillStartTime":1785297600000,"seckillEndTime":1785470399999,"status":"ENDED"},{"weekDay":5,"seckillStartTime":1785470400000,"seckillEndTime":1785729599999,"status":"PROGRESSING","acquiredStatus":"OUT_OF_STOCK","stockId":"68708705f56f912f57e063c3_WEEKLY_1785470400000","stockRemain":0},{"weekDay":1,"seckillStartTime":1785729600000,"seckillEndTime":1785902399999,"status":"NOT_STARTED"},{"weekDay":3,"seckillStartTime":1785902400000,"seckillEndTime":1786075199999,"status":"NOT_STARTED"},{"weekDay":5,"seckillStartTime":1786075200000,"seckillEndTime":1786334399999,"status":"NOT_STARTED"},{"weekDay":1,"seckillStartTime":1786334400000,"seckillEndTime":1786507199999,"status":"NOT_STARTED"}]},{"couponId":"6870872e89fddd2bbdec96bd","name":"V7","amount":75,"xyLevel":"V7","seckillTime":"WEEKLY","periods":[{"weekDay":3,"seckillStartTime":1785297600000,"seckillEndTime":1785470399999,"status":"ENDED"},{"weekDay":5,"seckillStartTime":1785470400000,"seckillEndTime":1785729599999,"status":"PROGRESSING"},{"weekDay":1,"seckillStartTime":1785729600000,"seckillEndTime":1785902399999,"status":"NOT_STARTED"},{"weekDay":3,"seckillStartTime":1785902400000,"seckillEndTime":1786075199999,"status":"NOT_STARTED"},{"weekDay":5,"seckillStartTime":1786075200000,"seckillEndTime":1786334399999,"status":"NOT_STARTED"},{"weekDay":1,"seckillStartTime":1786334400000,"seckillEndTime":1786507199999,"status":"NOT_STARTED"}]}]},"code":200,"errmsg":"OK"}}
============================================================
============================================================
[请求时间] 2026/8/3 09:25:52.442
[响应时间] 2026/8/3 09:25:52.529
[耗时] 87ms
[请求路径] https://inf.ds.163.com/v1/web/exp/week-coupon/showing-list-v2
[请求方式] POST
[请求参数] {"query":null,"body":{}}
[请求头] {"Accept":"application/json, text/plain, */*","Content-Type":"application/json;charset=UTF-8","GL-X-XSRF-TOKEN":"96dca0c5-a0a8-42a3-aae7-ff273c8462e7","User-Agent":"Mozilla/5.0 (Windows NT 10.0; Win64; x64) AppleWebKit/537.36 (KHTML, like Gecko) Chrome/122.0.0.0 Safari/537.36","Origin":"https://pay.ds.163.com","Referer":"https://pay.ds.163.com/","GL-ClientType":"60","GL-DeviceId":"d6972664-c170-46f6-91f3-8079b501f7ef","GL-Uid":"ab3d60bdd8614464af937bc6c0be87cb","GL-CheckSum":"01bea09b7893e9959b40fa75e7f412c007e640fe","Content-Length":"2","Accept-Encoding":"gzip, compress, deflate, br"}
[响应结果] {"httpStatus":200,"data":{"result":{"coupons":[{"couponId":"687076e69f3efd24cb2bed9c","name":"V1","amount":1,"xyLevel":"V1","seckillTime":"WEEKLY","periods":[{"weekDay":3,"seckillStartTime":1785297600000,"seckillEndTime":1785470399999,"status":"ENDED"},{"weekDay":5,"seckillStartTime":1785470400000,"seckillEndTime":1785729599999,"status":"PROGRESSING"},{"weekDay":1,"seckillStartTime":1785729600000,"seckillEndTime":1785902399999,"status":"NOT_STARTED"},{"weekDay":3,"seckillStartTime":1785902400000,"seckillEndTime":1786075199999,"status":"NOT_STARTED"},{"weekDay":5,"seckillStartTime":1786075200000,"seckillEndTime":1786334399999,"status":"NOT_STARTED"},{"weekDay":1,"seckillStartTime":1786334400000,"seckillEndTime":1786507199999,"status":"NOT_STARTED"}]},{"couponId":"68708657f56f912f57e063bf","name":"V2","amount":2,"xyLevel":"V2","seckillTime":"WEEKLY","periods":[{"weekDay":3,"seckillStartTime":1785297600000,"seckillEndTime":1785470399999,"status":"ENDED"},{"weekDay":5,"seckillStartTime":1785470400000,"seckillEndTime":1785729599999,"status":"PROGRESSING"},{"weekDay":1,"seckillStartTime":1785729600000,"seckillEndTime":1785902399999,"status":"NOT_STARTED"},{"weekDay":3,"seckillStartTime":1785902400000,"seckillEndTime":1786075199999,"status":"NOT_STARTED"},{"weekDay":5,"seckillStartTime":1786075200000,"seckillEndTime":1786334399999,"status":"NOT_STARTED"},{"weekDay":1,"seckillStartTime":1786334400000,"seckillEndTime":1786507199999,"status":"NOT_STARTED"}]},{"couponId":"6870867989fddd2bbdec96bc","name":"V3","amount":3,"xyLevel":"V3","seckillTime":"WEEKLY","periods":[{"weekDay":3,"seckillStartTime":1785297600000,"seckillEndTime":1785470399999,"status":"ENDED"},{"weekDay":5,"seckillStartTime":1785470400000,"seckillEndTime":1785729599999,"status":"PROGRESSING"},{"weekDay":1,"seckillStartTime":1785729600000,"seckillEndTime":1785902399999,"status":"NOT_STARTED"},{"weekDay":3,"seckillStartTime":1785902400000,"seckillEndTime":1786075199999,"status":"NOT_STARTED"},{"weekDay":5,"seckillStartTime":1786075200000,"seckillEndTime":1786334399999,"status":"NOT_STARTED"},{"weekDay":1,"seckillStartTime":1786334400000,"seckillEndTime":1786507199999,"status":"NOT_STARTED"}]},{"couponId":"6870869cf56f912f57e063c0","name":"V4","amount":8,"xyLevel":"V4","seckillTime":"WEEKLY","periods":[{"weekDay":3,"seckillStartTime":1785297600000,"seckillEndTime":1785470399999,"status":"ENDED"},{"weekDay":5,"seckillStartTime":1785470400000,"seckillEndTime":1785729599999,"status":"PROGRESSING"},{"weekDay":1,"seckillStartTime":1785729600000,"seckillEndTime":1785902399999,"status":"NOT_STARTED"},{"weekDay":3,"seckillStartTime":1785902400000,"seckillEndTime":1786075199999,"status":"NOT_STARTED"},{"weekDay":5,"seckillStartTime":1786075200000,"seckillEndTime":1786334399999,"status":"NOT_STARTED"},{"weekDay":1,"seckillStartTime":1786334400000,"seckillEndTime":1786507199999,"status":"NOT_STARTED"}]},{"couponId":"687086e33d0d02335c1804f4","name":"V5","amount":18,"xyLevel":"V5","seckillTime":"WEEKLY","periods":[{"weekDay":3,"seckillStartTime":1785297600000,"seckillEndTime":1785470399999,"status":"ENDED"},{"weekDay":5,"seckillStartTime":1785470400000,"seckillEndTime":1785729599999,"status":"PROGRESSING"},{"weekDay":1,"seckillStartTime":1785729600000,"seckillEndTime":1785902399999,"status":"NOT_STARTED"},{"weekDay":3,"seckillStartTime":1785902400000,"seckillEndTime":1786075199999,"status":"NOT_STARTED"},{"weekDay":5,"seckillStartTime":1786075200000,"seckillEndTime":1786334399999,"status":"NOT_STARTED"},{"weekDay":1,"seckillStartTime":1786334400000,"seckillEndTime":1786507199999,"status":"NOT_STARTED"}]},{"couponId":"68708705f56f912f57e063c3","name":"V6","amount":30,"xyLevel":"V6","seckillTime":"WEEKLY","periods":[{"weekDay":3,"seckillStartTime":1785297600000,"seckillEndTime":1785470399999,"status":"ENDED"},{"weekDay":5,"seckillStartTime":1785470400000,"seckillEndTime":1785729599999,"status":"PROGRESSING","acquiredStatus":"OUT_OF_STOCK","stockId":"68708705f56f912f57e063c3_WEEKLY_1785470400000","stockRemain":0},{"weekDay":1,"seckillStartTime":1785729600000,"seckillEndTime":1785902399999,"status":"NOT_STARTED"},{"weekDay":3,"seckillStartTime":1785902400000,"seckillEndTime":1786075199999,"status":"NOT_STARTED"},{"weekDay":5,"seckillStartTime":1786075200000,"seckillEndTime":1786334399999,"status":"NOT_STARTED"},{"weekDay":1,"seckillStartTime":1786334400000,"seckillEndTime":1786507199999,"status":"NOT_STARTED"}]},{"couponId":"6870872e89fddd2bbdec96bd","name":"V7","amount":75,"xyLevel":"V7","seckillTime":"WEEKLY","periods":[{"weekDay":3,"seckillStartTime":1785297600000,"seckillEndTime":1785470399999,"status":"ENDED"},{"weekDay":5,"seckillStartTime":1785470400000,"seckillEndTime":1785729599999,"status":"PROGRESSING"},{"weekDay":1,"seckillStartTime":1785729600000,"seckillEndTime":1785902399999,"status":"NOT_STARTED"},{"weekDay":3,"seckillStartTime":1785902400000,"seckillEndTime":1786075199999,"status":"NOT_STARTED"},{"weekDay":5,"seckillStartTime":1786075200000,"seckillEndTime":1786334399999,"status":"NOT_STARTED"},{"weekDay":1,"seckillStartTime":1786334400000,"seckillEndTime":1786507199999,"status":"NOT_STARTED"}]}]},"code":200,"errmsg":"OK"}}
============================================================
============================================================
[请求时间] 2026/8/3 09:25:52.527
[响应时间] 2026/8/3 09:25:52.674
[耗时] 147ms
[请求路径] https://pay-api.ds.163.com/v1/web/init/server/time
[请求方式] GET
[请求参数] {"query":null,"body":null}
[请求头] {"Accept":"application/json, text/plain, */*","Content-Type":"application/json;charset=UTF-8","GL-X-XSRF-TOKEN":"96dca0c5-a0a8-42a3-aae7-ff273c8462e7","User-Agent":"Mozilla/5.0 (Windows NT 10.0; Win64; x64) AppleWebKit/537.36 (KHTML, like Gecko) Chrome/122.0.0.0 Safari/537.36","Origin":"https://pay.ds.163.com","Referer":"https://pay.ds.163.com/","GL-ClientType":"60","GL-DeviceId":"d6972664-c170-46f6-91f3-8079b501f7ef","GL-Uid":"ab3d60bdd8614464af937bc6c0be87cb","Accept-Encoding":"gzip, compress, deflate, br"}
[响应结果] {"httpStatus":404,"data":"<!DOCTYPE HTML PUBLIC \"-//W3C//DTD HTML 3.2 Final//EN\">\n<title>404 Not Found</title>\n<h1>Not Found</h1>\n<p>The requested URL was not found on the server. If you entered the URL manually please check your spelling and try again.</p>\n"}
============================================================
============================================================
[请求时间] 2026/8/3 09:25:52.668
[响应时间] 2026/8/3 09:25:52.808
[耗时] 140ms
[请求路径] https://pay-api.ds.163.com/api/nlogin
[请求方式] GET
[请求参数] {"query":{},"body":null}
[请求头] {"Accept":"application/json, text/plain, */*","Content-Type":"application/json;charset=UTF-8","GL-X-XSRF-TOKEN":"96dca0c5-a0a8-42a3-aae7-ff273c8462e7","User-Agent":"Mozilla/5.0 (Windows NT 10.0; Win64; x64) AppleWebKit/537.36 (KHTML, like Gecko) Chrome/122.0.0.0 Safari/537.36","Origin":"https://pay.ds.163.com","Referer":"https://pay.ds.163.com/","GL-ClientType":"60","GL-DeviceId":"d6972664-c170-46f6-91f3-8079b501f7ef","GL-Uid":"ab3d60bdd8614464af937bc6c0be87cb","Accept-Encoding":"gzip, compress, deflate, br"}
[响应结果] {"httpStatus":200,"data":{"code":413,"msg":"登录失败"}}
============================================================
============================================================
[请求时间] 2026/8/3 09:33:31.314
[响应时间] 2026/8/3 09:33:31.483
[耗时] 169ms
[请求路径] https://pay-api.ds.163.com/v1/web/init/server/time
[请求方式] GET
[请求参数] {"query":null,"body":null}
[请求头] {"Accept":"application/json, text/plain, */*","Content-Type":"application/json;charset=UTF-8","User-Agent":"Mozilla/5.0 (Windows NT 10.0; Win64; x64) AppleWebKit/537.36 (KHTML, like Gecko) Chrome/122.0.0.0 Safari/537.36","Origin":"https://pay.ds.163.com","Referer":"https://pay.ds.163.com/","GL-ClientType":"60","GL-DeviceId":"d6972664-c170-46f6-91f3-8079b501f7ef","GL-Uid":"ab3d60bdd8614464af937bc6c0be87cb","GL-X-XSRF-TOKEN":"96dca0c5-a0a8-42a3-aae7-ff273c8462e7","Accept-Encoding":"gzip, compress, deflate, br"}
[响应结果] {"httpStatus":404,"data":"<!DOCTYPE HTML PUBLIC \"-//W3C//DTD HTML 3.2 Final//EN\">\n<title>404 Not Found</title>\n<h1>Not Found</h1>\n<p>The requested URL was not found on the server. If you entered the URL manually please check your spelling and try again.</p>\n"}
============================================================
============================================================
[请求时间] 2026/8/3 09:33:31.481
[响应时间] 2026/8/3 09:33:31.625
[耗时] 144ms
[请求路径] https://pay-api.ds.163.com/api/nlogin
[请求方式] GET
[请求参数] {"query":{},"body":null}
[请求头] {"Accept":"application/json, text/plain, */*","Content-Type":"application/json;charset=UTF-8","GL-X-XSRF-TOKEN":"96dca0c5-a0a8-42a3-aae7-ff273c8462e7","User-Agent":"Mozilla/5.0 (Windows NT 10.0; Win64; x64) AppleWebKit/537.36 (KHTML, like Gecko) Chrome/122.0.0.0 Safari/537.36","Origin":"https://pay.ds.163.com","Referer":"https://pay.ds.163.com/","GL-ClientType":"60","GL-DeviceId":"d6972664-c170-46f6-91f3-8079b501f7ef","GL-Uid":"ab3d60bdd8614464af937bc6c0be87cb","Accept-Encoding":"gzip, compress, deflate, br"}
[响应结果] {"httpStatus":200,"data":{"code":413,"msg":"登录失败"}}
============================================================
============================================================
[请求时间] 2026/8/3 09:33:31.625
[响应时间] 2026/8/3 09:33:31.748
[耗时] 123ms
[请求路径] https://inf.ds.163.com/v1/web/cooperate/plutus/cookie-exchange
[请求方式] GET
[请求参数] {"query":null,"body":null}
[请求头] {"Accept":"application/json, text/plain, */*","Content-Type":"application/json;charset=UTF-8","GL-X-XSRF-TOKEN":"96dca0c5-a0a8-42a3-aae7-ff273c8462e7","User-Agent":"Mozilla/5.0 (Windows NT 10.0; Win64; x64) AppleWebKit/537.36 (KHTML, like Gecko) Chrome/122.0.0.0 Safari/537.36","Origin":"https://pay.ds.163.com","Referer":"https://pay.ds.163.com/","GL-ClientType":"60","GL-DeviceId":"d6972664-c170-46f6-91f3-8079b501f7ef","GL-Uid":"ab3d60bdd8614464af937bc6c0be87cb","Accept-Encoding":"gzip, compress, deflate, br"}
[响应结果] {"httpStatus":200,"data":{"result":{"user":{"uid":"ab3d60bdd8614464af937bc6c0be87cb","nick":"lnl922","icon":"https://ok.166.net/reunionpub/3_20251102_19a403f87b2484815.jpeg","intro":"","gender":1,"frame":"64b92f13db5e2e0001e826b5","updateTime":1779774174407,"userSourceType":"URS"},"newUser":false},"code":200,"errmsg":"OK"}}
============================================================
============================================================
[请求时间] 2026/8/3 09:33:31.748
[响应时间] 2026/8/3 09:33:31.874
[耗时] 126ms
[请求路径] https://pay-api.ds.163.com/v1/web/init/server/time
[请求方式] GET
[请求参数] {"query":null,"body":null}
[请求头] {"Accept":"application/json, text/plain, */*","Content-Type":"application/json;charset=UTF-8","GL-X-XSRF-TOKEN":"96dca0c5-a0a8-42a3-aae7-ff273c8462e7","User-Agent":"Mozilla/5.0 (Windows NT 10.0; Win64; x64) AppleWebKit/537.36 (KHTML, like Gecko) Chrome/122.0.0.0 Safari/537.36","Origin":"https://pay.ds.163.com","Referer":"https://pay.ds.163.com/","GL-ClientType":"60","GL-DeviceId":"d6972664-c170-46f6-91f3-8079b501f7ef","GL-Uid":"ab3d60bdd8614464af937bc6c0be87cb","Accept-Encoding":"gzip, compress, deflate, br"}
[响应结果] {"httpStatus":404,"data":"<!DOCTYPE HTML PUBLIC \"-//W3C//DTD HTML 3.2 Final//EN\">\n<title>404 Not Found</title>\n<h1>Not Found</h1>\n<p>The requested URL was not found on the server. If you entered the URL manually please check your spelling and try again.</p>\n"}
============================================================
============================================================
[请求时间] 2026/8/3 09:33:31.873
[响应时间] 2026/8/3 09:33:31.974
[耗时] 101ms
[请求路径] https://inf.ds.163.com/v1/web/exp/xy/user/get-info
[请求方式] POST
[请求参数] {"query":null,"body":{}}
[请求头] {"Accept":"application/json, text/plain, */*","Content-Type":"application/json;charset=UTF-8","GL-X-XSRF-TOKEN":"96dca0c5-a0a8-42a3-aae7-ff273c8462e7","User-Agent":"Mozilla/5.0 (Windows NT 10.0; Win64; x64) AppleWebKit/537.36 (KHTML, like Gecko) Chrome/122.0.0.0 Safari/537.36","Origin":"https://pay.ds.163.com","Referer":"https://pay.ds.163.com/","GL-ClientType":"60","GL-DeviceId":"d6972664-c170-46f6-91f3-8079b501f7ef","GL-Uid":"ab3d60bdd8614464af937bc6c0be87cb","GL-CheckSum":"01bea09b7893e9959b40fa75e7f412c007e640fe","Content-Length":"2","Accept-Encoding":"gzip, compress, deflate, br"}
[响应结果] {"httpStatus":200,"data":{"result":{"growthPoint":392482,"currentLv":"V6","diffNextLvGrowthPoint":607518,"currentLvExpireDate":"20270626","currentLvExpire":1813939200000,"nextLv":"V7","activeGames":["l36"],"last365LoginGames":["l36"],"initDate":"20260626","lastLv":"V5"},"code":200,"errmsg":"OK"}}
============================================================
============================================================
[请求时间] 2026/8/3 09:33:31.974
[响应时间] 2026/8/3 09:33:32.026
[耗时] 52ms
[请求路径] https://inf.ds.163.com/v1/web/exp/week-coupon/showing-list-v2
[请求方式] POST
[请求参数] {"query":null,"body":{}}
[请求头] {"Accept":"application/json, text/plain, */*","Content-Type":"application/json;charset=UTF-8","GL-X-XSRF-TOKEN":"96dca0c5-a0a8-42a3-aae7-ff273c8462e7","User-Agent":"Mozilla/5.0 (Windows NT 10.0; Win64; x64) AppleWebKit/537.36 (KHTML, like Gecko) Chrome/122.0.0.0 Safari/537.36","Origin":"https://pay.ds.163.com","Referer":"https://pay.ds.163.com/","GL-ClientType":"60","GL-DeviceId":"d6972664-c170-46f6-91f3-8079b501f7ef","GL-Uid":"ab3d60bdd8614464af937bc6c0be87cb","GL-CheckSum":"01bea09b7893e9959b40fa75e7f412c007e640fe","Content-Length":"2","Accept-Encoding":"gzip, compress, deflate, br"}
[响应结果] {"httpStatus":200,"data":{"result":{"coupons":[{"couponId":"687076e69f3efd24cb2bed9c","name":"V1","amount":1,"xyLevel":"V1","seckillTime":"WEEKLY","periods":[{"weekDay":3,"seckillStartTime":1785297600000,"seckillEndTime":1785470399999,"status":"ENDED"},{"weekDay":5,"seckillStartTime":1785470400000,"seckillEndTime":1785729599999,"status":"PROGRESSING"},{"weekDay":1,"seckillStartTime":1785729600000,"seckillEndTime":1785902399999,"status":"NOT_STARTED"},{"weekDay":3,"seckillStartTime":1785902400000,"seckillEndTime":1786075199999,"status":"NOT_STARTED"},{"weekDay":5,"seckillStartTime":1786075200000,"seckillEndTime":1786334399999,"status":"NOT_STARTED"},{"weekDay":1,"seckillStartTime":1786334400000,"seckillEndTime":1786507199999,"status":"NOT_STARTED"}]},{"couponId":"68708657f56f912f57e063bf","name":"V2","amount":2,"xyLevel":"V2","seckillTime":"WEEKLY","periods":[{"weekDay":3,"seckillStartTime":1785297600000,"seckillEndTime":1785470399999,"status":"ENDED"},{"weekDay":5,"seckillStartTime":1785470400000,"seckillEndTime":1785729599999,"status":"PROGRESSING"},{"weekDay":1,"seckillStartTime":1785729600000,"seckillEndTime":1785902399999,"status":"NOT_STARTED"},{"weekDay":3,"seckillStartTime":1785902400000,"seckillEndTime":1786075199999,"status":"NOT_STARTED"},{"weekDay":5,"seckillStartTime":1786075200000,"seckillEndTime":1786334399999,"status":"NOT_STARTED"},{"weekDay":1,"seckillStartTime":1786334400000,"seckillEndTime":1786507199999,"status":"NOT_STARTED"}]},{"couponId":"6870867989fddd2bbdec96bc","name":"V3","amount":3,"xyLevel":"V3","seckillTime":"WEEKLY","periods":[{"weekDay":3,"seckillStartTime":1785297600000,"seckillEndTime":1785470399999,"status":"ENDED"},{"weekDay":5,"seckillStartTime":1785470400000,"seckillEndTime":1785729599999,"status":"PROGRESSING"},{"weekDay":1,"seckillStartTime":1785729600000,"seckillEndTime":1785902399999,"status":"NOT_STARTED"},{"weekDay":3,"seckillStartTime":1785902400000,"seckillEndTime":1786075199999,"status":"NOT_STARTED"},{"weekDay":5,"seckillStartTime":1786075200000,"seckillEndTime":1786334399999,"status":"NOT_STARTED"},{"weekDay":1,"seckillStartTime":1786334400000,"seckillEndTime":1786507199999,"status":"NOT_STARTED"}]},{"couponId":"6870869cf56f912f57e063c0","name":"V4","amount":8,"xyLevel":"V4","seckillTime":"WEEKLY","periods":[{"weekDay":3,"seckillStartTime":1785297600000,"seckillEndTime":1785470399999,"status":"ENDED"},{"weekDay":5,"seckillStartTime":1785470400000,"seckillEndTime":1785729599999,"status":"PROGRESSING"},{"weekDay":1,"seckillStartTime":1785729600000,"seckillEndTime":1785902399999,"status":"NOT_STARTED"},{"weekDay":3,"seckillStartTime":1785902400000,"seckillEndTime":1786075199999,"status":"NOT_STARTED"},{"weekDay":5,"seckillStartTime":1786075200000,"seckillEndTime":1786334399999,"status":"NOT_STARTED"},{"weekDay":1,"seckillStartTime":1786334400000,"seckillEndTime":1786507199999,"status":"NOT_STARTED"}]},{"couponId":"687086e33d0d02335c1804f4","name":"V5","amount":18,"xyLevel":"V5","seckillTime":"WEEKLY","periods":[{"weekDay":3,"seckillStartTime":1785297600000,"seckillEndTime":1785470399999,"status":"ENDED"},{"weekDay":5,"seckillStartTime":1785470400000,"seckillEndTime":1785729599999,"status":"PROGRESSING"},{"weekDay":1,"seckillStartTime":1785729600000,"seckillEndTime":1785902399999,"status":"NOT_STARTED"},{"weekDay":3,"seckillStartTime":1785902400000,"seckillEndTime":1786075199999,"status":"NOT_STARTED"},{"weekDay":5,"seckillStartTime":1786075200000,"seckillEndTime":1786334399999,"status":"NOT_STARTED"},{"weekDay":1,"seckillStartTime":1786334400000,"seckillEndTime":1786507199999,"status":"NOT_STARTED"}]},{"couponId":"68708705f56f912f57e063c3","name":"V6","amount":30,"xyLevel":"V6","seckillTime":"WEEKLY","periods":[{"weekDay":3,"seckillStartTime":1785297600000,"seckillEndTime":1785470399999,"status":"ENDED"},{"weekDay":5,"seckillStartTime":1785470400000,"seckillEndTime":1785729599999,"status":"PROGRESSING","acquiredStatus":"OUT_OF_STOCK","stockId":"68708705f56f912f57e063c3_WEEKLY_1785470400000","stockRemain":0},{"weekDay":1,"seckillStartTime":1785729600000,"seckillEndTime":1785902399999,"status":"NOT_STARTED"},{"weekDay":3,"seckillStartTime":1785902400000,"seckillEndTime":1786075199999,"status":"NOT_STARTED"},{"weekDay":5,"seckillStartTime":1786075200000,"seckillEndTime":1786334399999,"status":"NOT_STARTED"},{"weekDay":1,"seckillStartTime":1786334400000,"seckillEndTime":1786507199999,"status":"NOT_STARTED"}]},{"couponId":"6870872e89fddd2bbdec96bd","name":"V7","amount":75,"xyLevel":"V7","seckillTime":"WEEKLY","periods":[{"weekDay":3,"seckillStartTime":1785297600000,"seckillEndTime":1785470399999,"status":"ENDED"},{"weekDay":5,"seckillStartTime":1785470400000,"seckillEndTime":1785729599999,"status":"PROGRESSING"},{"weekDay":1,"seckillStartTime":1785729600000,"seckillEndTime":1785902399999,"status":"NOT_STARTED"},{"weekDay":3,"seckillStartTime":1785902400000,"seckillEndTime":1786075199999,"status":"NOT_STARTED"},{"weekDay":5,"seckillStartTime":1786075200000,"seckillEndTime":1786334399999,"status":"NOT_STARTED"},{"weekDay":1,"seckillStartTime":1786334400000,"seckillEndTime":1786507199999,"status":"NOT_STARTED"}]}]},"code":200,"errmsg":"OK"}}
============================================================
============================================================
[请求时间] 2026/8/3 09:33:32.312
[响应时间] 2026/8/3 09:33:32.387
[耗时] 75ms
[请求路径] https://inf.ds.163.com/v1/web/exp/week-coupon/showing-list-v2
[请求方式] POST
[请求参数] {"query":null,"body":{}}
[请求头] {"Accept":"application/json, text/plain, */*","Content-Type":"application/json;charset=UTF-8","GL-X-XSRF-TOKEN":"96dca0c5-a0a8-42a3-aae7-ff273c8462e7","User-Agent":"Mozilla/5.0 (Windows NT 10.0; Win64; x64) AppleWebKit/537.36 (KHTML, like Gecko) Chrome/122.0.0.0 Safari/537.36","Origin":"https://pay.ds.163.com","Referer":"https://pay.ds.163.com/","GL-ClientType":"60","GL-DeviceId":"d6972664-c170-46f6-91f3-8079b501f7ef","GL-Uid":"ab3d60bdd8614464af937bc6c0be87cb","GL-CheckSum":"01bea09b7893e9959b40fa75e7f412c007e640fe","Content-Length":"2","Accept-Encoding":"gzip, compress, deflate, br"}
[响应结果] {"httpStatus":200,"data":{"result":{"coupons":[{"couponId":"687076e69f3efd24cb2bed9c","name":"V1","amount":1,"xyLevel":"V1","seckillTime":"WEEKLY","periods":[{"weekDay":3,"seckillStartTime":1785297600000,"seckillEndTime":1785470399999,"status":"ENDED"},{"weekDay":5,"seckillStartTime":1785470400000,"seckillEndTime":1785729599999,"status":"PROGRESSING"},{"weekDay":1,"seckillStartTime":1785729600000,"seckillEndTime":1785902399999,"status":"NOT_STARTED"},{"weekDay":3,"seckillStartTime":1785902400000,"seckillEndTime":1786075199999,"status":"NOT_STARTED"},{"weekDay":5,"seckillStartTime":1786075200000,"seckillEndTime":1786334399999,"status":"NOT_STARTED"},{"weekDay":1,"seckillStartTime":1786334400000,"seckillEndTime":1786507199999,"status":"NOT_STARTED"}]},{"couponId":"68708657f56f912f57e063bf","name":"V2","amount":2,"xyLevel":"V2","seckillTime":"WEEKLY","periods":[{"weekDay":3,"seckillStartTime":1785297600000,"seckillEndTime":1785470399999,"status":"ENDED"},{"weekDay":5,"seckillStartTime":1785470400000,"seckillEndTime":1785729599999,"status":"PROGRESSING"},{"weekDay":1,"seckillStartTime":1785729600000,"seckillEndTime":1785902399999,"status":"NOT_STARTED"},{"weekDay":3,"seckillStartTime":1785902400000,"seckillEndTime":1786075199999,"status":"NOT_STARTED"},{"weekDay":5,"seckillStartTime":1786075200000,"seckillEndTime":1786334399999,"status":"NOT_STARTED"},{"weekDay":1,"seckillStartTime":1786334400000,"seckillEndTime":1786507199999,"status":"NOT_STARTED"}]},{"couponId":"6870867989fddd2bbdec96bc","name":"V3","amount":3,"xyLevel":"V3","seckillTime":"WEEKLY","periods":[{"weekDay":3,"seckillStartTime":1785297600000,"seckillEndTime":1785470399999,"status":"ENDED"},{"weekDay":5,"seckillStartTime":1785470400000,"seckillEndTime":1785729599999,"status":"PROGRESSING"},{"weekDay":1,"seckillStartTime":1785729600000,"seckillEndTime":1785902399999,"status":"NOT_STARTED"},{"weekDay":3,"seckillStartTime":1785902400000,"seckillEndTime":1786075199999,"status":"NOT_STARTED"},{"weekDay":5,"seckillStartTime":1786075200000,"seckillEndTime":1786334399999,"status":"NOT_STARTED"},{"weekDay":1,"seckillStartTime":1786334400000,"seckillEndTime":1786507199999,"status":"NOT_STARTED"}]},{"couponId":"6870869cf56f912f57e063c0","name":"V4","amount":8,"xyLevel":"V4","seckillTime":"WEEKLY","periods":[{"weekDay":3,"seckillStartTime":1785297600000,"seckillEndTime":1785470399999,"status":"ENDED"},{"weekDay":5,"seckillStartTime":1785470400000,"seckillEndTime":1785729599999,"status":"PROGRESSING"},{"weekDay":1,"seckillStartTime":1785729600000,"seckillEndTime":1785902399999,"status":"NOT_STARTED"},{"weekDay":3,"seckillStartTime":1785902400000,"seckillEndTime":1786075199999,"status":"NOT_STARTED"},{"weekDay":5,"seckillStartTime":1786075200000,"seckillEndTime":1786334399999,"status":"NOT_STARTED"},{"weekDay":1,"seckillStartTime":1786334400000,"seckillEndTime":1786507199999,"status":"NOT_STARTED"}]},{"couponId":"687086e33d0d02335c1804f4","name":"V5","amount":18,"xyLevel":"V5","seckillTime":"WEEKLY","periods":[{"weekDay":3,"seckillStartTime":1785297600000,"seckillEndTime":1785470399999,"status":"ENDED"},{"weekDay":5,"seckillStartTime":1785470400000,"seckillEndTime":1785729599999,"status":"PROGRESSING"},{"weekDay":1,"seckillStartTime":1785729600000,"seckillEndTime":1785902399999,"status":"NOT_STARTED"},{"weekDay":3,"seckillStartTime":1785902400000,"seckillEndTime":1786075199999,"status":"NOT_STARTED"},{"weekDay":5,"seckillStartTime":1786075200000,"seckillEndTime":1786334399999,"status":"NOT_STARTED"},{"weekDay":1,"seckillStartTime":1786334400000,"seckillEndTime":1786507199999,"status":"NOT_STARTED"}]},{"couponId":"68708705f56f912f57e063c3","name":"V6","amount":30,"xyLevel":"V6","seckillTime":"WEEKLY","periods":[{"weekDay":3,"seckillStartTime":1785297600000,"seckillEndTime":1785470399999,"status":"ENDED"},{"weekDay":5,"seckillStartTime":1785470400000,"seckillEndTime":1785729599999,"status":"PROGRESSING","acquiredStatus":"OUT_OF_STOCK","stockId":"68708705f56f912f57e063c3_WEEKLY_1785470400000","stockRemain":0},{"weekDay":1,"seckillStartTime":1785729600000,"seckillEndTime":1785902399999,"status":"NOT_STARTED"},{"weekDay":3,"seckillStartTime":1785902400000,"seckillEndTime":1786075199999,"status":"NOT_STARTED"},{"weekDay":5,"seckillStartTime":1786075200000,"seckillEndTime":1786334399999,"status":"NOT_STARTED"},{"weekDay":1,"seckillStartTime":1786334400000,"seckillEndTime":1786507199999,"status":"NOT_STARTED"}]},{"couponId":"6870872e89fddd2bbdec96bd","name":"V7","amount":75,"xyLevel":"V7","seckillTime":"WEEKLY","periods":[{"weekDay":3,"seckillStartTime":1785297600000,"seckillEndTime":1785470399999,"status":"ENDED"},{"weekDay":5,"seckillStartTime":1785470400000,"seckillEndTime":1785729599999,"status":"PROGRESSING"},{"weekDay":1,"seckillStartTime":1785729600000,"seckillEndTime":1785902399999,"status":"NOT_STARTED"},{"weekDay":3,"seckillStartTime":1785902400000,"seckillEndTime":1786075199999,"status":"NOT_STARTED"},{"weekDay":5,"seckillStartTime":1786075200000,"seckillEndTime":1786334399999,"status":"NOT_STARTED"},{"weekDay":1,"seckillStartTime":1786334400000,"seckillEndTime":1786507199999,"status":"NOT_STARTED"}]}]},"code":200,"errmsg":"OK"}}
============================================================
============================================================
[请求时间] 2026/8/3 09:33:32.386
[响应时间] 2026/8/3 09:33:32.535
[耗时] 149ms
[请求路径] https://pay-api.ds.163.com/v1/web/init/server/time
[请求方式] GET
[请求参数] {"query":null,"body":null}
[请求头] {"Accept":"application/json, text/plain, */*","Content-Type":"application/json;charset=UTF-8","GL-X-XSRF-TOKEN":"96dca0c5-a0a8-42a3-aae7-ff273c8462e7","User-Agent":"Mozilla/5.0 (Windows NT 10.0; Win64; x64) AppleWebKit/537.36 (KHTML, like Gecko) Chrome/122.0.0.0 Safari/537.36","Origin":"https://pay.ds.163.com","Referer":"https://pay.ds.163.com/","GL-ClientType":"60","GL-DeviceId":"d6972664-c170-46f6-91f3-8079b501f7ef","GL-Uid":"ab3d60bdd8614464af937bc6c0be87cb","Accept-Encoding":"gzip, compress, deflate, br"}
[响应结果] {"httpStatus":404,"data":"<!DOCTYPE HTML PUBLIC \"-//W3C//DTD HTML 3.2 Final//EN\">\n<title>404 Not Found</title>\n<h1>Not Found</h1>\n<p>The requested URL was not found on the server. If you entered the URL manually please check your spelling and try again.</p>\n"}
============================================================
============================================================
[请求时间] 2026/8/3 09:33:32.534
[响应时间] 2026/8/3 09:33:32.671
[耗时] 137ms
[请求路径] https://pay-api.ds.163.com/api/nlogin
[请求方式] GET
[请求参数] {"query":{},"body":null}
[请求头] {"Accept":"application/json, text/plain, */*","Content-Type":"application/json;charset=UTF-8","GL-X-XSRF-TOKEN":"96dca0c5-a0a8-42a3-aae7-ff273c8462e7","User-Agent":"Mozilla/5.0 (Windows NT 10.0; Win64; x64) AppleWebKit/537.36 (KHTML, like Gecko) Chrome/122.0.0.0 Safari/537.36","Origin":"https://pay.ds.163.com","Referer":"https://pay.ds.163.com/","GL-ClientType":"60","GL-DeviceId":"d6972664-c170-46f6-91f3-8079b501f7ef","GL-Uid":"ab3d60bdd8614464af937bc6c0be87cb","Accept-Encoding":"gzip, compress, deflate, br"}
[响应结果] {"httpStatus":200,"data":{"code":413,"msg":"登录失败"}}
============================================================
============================================================
[请求时间] 2026/8/3 09:39:28.284
[响应时间] 2026/8/3 09:39:28.470
[耗时] 186ms
[请求路径] https://pay-api.ds.163.com/v1/web/init/server/time
[请求方式] GET
[请求参数] {"query":null,"body":null}
[请求头] {"Accept":"application/json, text/plain, */*","Content-Type":"application/json;charset=UTF-8","User-Agent":"Mozilla/5.0 (Windows NT 10.0; Win64; x64) AppleWebKit/537.36 (KHTML, like Gecko) Chrome/122.0.0.0 Safari/537.36","Origin":"https://pay.ds.163.com","Referer":"https://pay.ds.163.com/","GL-ClientType":"60","GL-DeviceId":"d6972664-c170-46f6-91f3-8079b501f7ef","GL-Uid":"ab3d60bdd8614464af937bc6c0be87cb","GL-X-XSRF-TOKEN":"96dca0c5-a0a8-42a3-aae7-ff273c8462e7","Accept-Encoding":"gzip, compress, deflate, br"}
[响应结果] {"httpStatus":404,"data":"<!DOCTYPE HTML PUBLIC \"-//W3C//DTD HTML 3.2 Final//EN\">\n<title>404 Not Found</title>\n<h1>Not Found</h1>\n<p>The requested URL was not found on the server. If you entered the URL manually please check your spelling and try again.</p>\n"}
============================================================
============================================================
[请求时间] 2026/8/3 09:39:28.468
[响应时间] 2026/8/3 09:39:28.603
[耗时] 135ms
[请求路径] https://pay-api.ds.163.com/api/nlogin
[请求方式] GET
[请求参数] {"query":{},"body":null}
[请求头] {"Accept":"application/json, text/plain, */*","Content-Type":"application/json;charset=UTF-8","GL-X-XSRF-TOKEN":"96dca0c5-a0a8-42a3-aae7-ff273c8462e7","User-Agent":"Mozilla/5.0 (Windows NT 10.0; Win64; x64) AppleWebKit/537.36 (KHTML, like Gecko) Chrome/122.0.0.0 Safari/537.36","Origin":"https://pay.ds.163.com","Referer":"https://pay.ds.163.com/","GL-ClientType":"60","GL-DeviceId":"d6972664-c170-46f6-91f3-8079b501f7ef","GL-Uid":"ab3d60bdd8614464af937bc6c0be87cb","Accept-Encoding":"gzip, compress, deflate, br"}
[响应结果] {"httpStatus":200,"data":{"code":413,"msg":"登录失败"}}
============================================================
============================================================
[请求时间] 2026/8/3 09:39:28.602
[响应时间] 2026/8/3 09:39:28.732
[耗时] 130ms
[请求路径] https://inf.ds.163.com/v1/web/cooperate/plutus/cookie-exchange
[请求方式] GET
[请求参数] {"query":null,"body":null}
[请求头] {"Accept":"application/json, text/plain, */*","Content-Type":"application/json;charset=UTF-8","GL-X-XSRF-TOKEN":"96dca0c5-a0a8-42a3-aae7-ff273c8462e7","User-Agent":"Mozilla/5.0 (Windows NT 10.0; Win64; x64) AppleWebKit/537.36 (KHTML, like Gecko) Chrome/122.0.0.0 Safari/537.36","Origin":"https://pay.ds.163.com","Referer":"https://pay.ds.163.com/","GL-ClientType":"60","GL-DeviceId":"d6972664-c170-46f6-91f3-8079b501f7ef","GL-Uid":"ab3d60bdd8614464af937bc6c0be87cb","Accept-Encoding":"gzip, compress, deflate, br"}
[响应结果] {"httpStatus":200,"data":{"result":{"user":{"uid":"ab3d60bdd8614464af937bc6c0be87cb","nick":"lnl922","icon":"https://ok.166.net/reunionpub/3_20251102_19a403f87b2484815.jpeg","intro":"","gender":1,"frame":"64b92f13db5e2e0001e826b5","updateTime":1779774174407,"userSourceType":"URS"},"newUser":false},"code":200,"errmsg":"OK"}}
============================================================
============================================================
[请求时间] 2026/8/3 09:39:28.732
[响应时间] 2026/8/3 09:39:28.873
[耗时] 141ms
[请求路径] https://pay-api.ds.163.com/v1/web/init/server/time
[请求方式] GET
[请求参数] {"query":null,"body":null}
[请求头] {"Accept":"application/json, text/plain, */*","Content-Type":"application/json;charset=UTF-8","GL-X-XSRF-TOKEN":"96dca0c5-a0a8-42a3-aae7-ff273c8462e7","User-Agent":"Mozilla/5.0 (Windows NT 10.0; Win64; x64) AppleWebKit/537.36 (KHTML, like Gecko) Chrome/122.0.0.0 Safari/537.36","Origin":"https://pay.ds.163.com","Referer":"https://pay.ds.163.com/","GL-ClientType":"60","GL-DeviceId":"d6972664-c170-46f6-91f3-8079b501f7ef","GL-Uid":"ab3d60bdd8614464af937bc6c0be87cb","Accept-Encoding":"gzip, compress, deflate, br"}
[响应结果] {"httpStatus":404,"data":"<!DOCTYPE HTML PUBLIC \"-//W3C//DTD HTML 3.2 Final//EN\">\n<title>404 Not Found</title>\n<h1>Not Found</h1>\n<p>The requested URL was not found on the server. If you entered the URL manually please check your spelling and try again.</p>\n"}
============================================================
============================================================
[请求时间] 2026/8/3 09:39:28.872
[响应时间] 2026/8/3 09:39:28.996
[耗时] 124ms
[请求路径] https://inf.ds.163.com/v1/web/exp/xy/user/get-info
[请求方式] POST
[请求参数] {"query":null,"body":{}}
[请求头] {"Accept":"application/json, text/plain, */*","Content-Type":"application/json;charset=UTF-8","GL-X-XSRF-TOKEN":"96dca0c5-a0a8-42a3-aae7-ff273c8462e7","User-Agent":"Mozilla/5.0 (Windows NT 10.0; Win64; x64) AppleWebKit/537.36 (KHTML, like Gecko) Chrome/122.0.0.0 Safari/537.36","Origin":"https://pay.ds.163.com","Referer":"https://pay.ds.163.com/","GL-ClientType":"60","GL-DeviceId":"d6972664-c170-46f6-91f3-8079b501f7ef","GL-Uid":"ab3d60bdd8614464af937bc6c0be87cb","GL-CheckSum":"01bea09b7893e9959b40fa75e7f412c007e640fe","Content-Length":"2","Accept-Encoding":"gzip, compress, deflate, br"}
[响应结果] {"httpStatus":200,"data":{"result":{"growthPoint":392482,"currentLv":"V6","diffNextLvGrowthPoint":607518,"currentLvExpireDate":"20270626","currentLvExpire":1813939200000,"nextLv":"V7","activeGames":["l36"],"last365LoginGames":["l36"],"initDate":"20260626","lastLv":"V5"},"code":200,"errmsg":"OK"}}
============================================================
============================================================
[请求时间] 2026/8/3 09:39:28.996
[响应时间] 2026/8/3 09:39:29.063
[耗时] 67ms
[请求路径] https://inf.ds.163.com/v1/web/exp/week-coupon/showing-list-v2
[请求方式] POST
[请求参数] {"query":null,"body":{}}
[请求头] {"Accept":"application/json, text/plain, */*","Content-Type":"application/json;charset=UTF-8","GL-X-XSRF-TOKEN":"96dca0c5-a0a8-42a3-aae7-ff273c8462e7","User-Agent":"Mozilla/5.0 (Windows NT 10.0; Win64; x64) AppleWebKit/537.36 (KHTML, like Gecko) Chrome/122.0.0.0 Safari/537.36","Origin":"https://pay.ds.163.com","Referer":"https://pay.ds.163.com/","GL-ClientType":"60","GL-DeviceId":"d6972664-c170-46f6-91f3-8079b501f7ef","GL-Uid":"ab3d60bdd8614464af937bc6c0be87cb","GL-CheckSum":"01bea09b7893e9959b40fa75e7f412c007e640fe","Content-Length":"2","Accept-Encoding":"gzip, compress, deflate, br"}
[响应结果] {"httpStatus":200,"data":{"result":{"coupons":[{"couponId":"687076e69f3efd24cb2bed9c","name":"V1","amount":1,"xyLevel":"V1","seckillTime":"WEEKLY","periods":[{"weekDay":3,"seckillStartTime":1785297600000,"seckillEndTime":1785470399999,"status":"ENDED"},{"weekDay":5,"seckillStartTime":1785470400000,"seckillEndTime":1785729599999,"status":"PROGRESSING"},{"weekDay":1,"seckillStartTime":1785729600000,"seckillEndTime":1785902399999,"status":"NOT_STARTED"},{"weekDay":3,"seckillStartTime":1785902400000,"seckillEndTime":1786075199999,"status":"NOT_STARTED"},{"weekDay":5,"seckillStartTime":1786075200000,"seckillEndTime":1786334399999,"status":"NOT_STARTED"},{"weekDay":1,"seckillStartTime":1786334400000,"seckillEndTime":1786507199999,"status":"NOT_STARTED"}]},{"couponId":"68708657f56f912f57e063bf","name":"V2","amount":2,"xyLevel":"V2","seckillTime":"WEEKLY","periods":[{"weekDay":3,"seckillStartTime":1785297600000,"seckillEndTime":1785470399999,"status":"ENDED"},{"weekDay":5,"seckillStartTime":1785470400000,"seckillEndTime":1785729599999,"status":"PROGRESSING"},{"weekDay":1,"seckillStartTime":1785729600000,"seckillEndTime":1785902399999,"status":"NOT_STARTED"},{"weekDay":3,"seckillStartTime":1785902400000,"seckillEndTime":1786075199999,"status":"NOT_STARTED"},{"weekDay":5,"seckillStartTime":1786075200000,"seckillEndTime":1786334399999,"status":"NOT_STARTED"},{"weekDay":1,"seckillStartTime":1786334400000,"seckillEndTime":1786507199999,"status":"NOT_STARTED"}]},{"couponId":"6870867989fddd2bbdec96bc","name":"V3","amount":3,"xyLevel":"V3","seckillTime":"WEEKLY","periods":[{"weekDay":3,"seckillStartTime":1785297600000,"seckillEndTime":1785470399999,"status":"ENDED"},{"weekDay":5,"seckillStartTime":1785470400000,"seckillEndTime":1785729599999,"status":"PROGRESSING"},{"weekDay":1,"seckillStartTime":1785729600000,"seckillEndTime":1785902399999,"status":"NOT_STARTED"},{"weekDay":3,"seckillStartTime":1785902400000,"seckillEndTime":1786075199999,"status":"NOT_STARTED"},{"weekDay":5,"seckillStartTime":1786075200000,"seckillEndTime":1786334399999,"status":"NOT_STARTED"},{"weekDay":1,"seckillStartTime":1786334400000,"seckillEndTime":1786507199999,"status":"NOT_STARTED"}]},{"couponId":"6870869cf56f912f57e063c0","name":"V4","amount":8,"xyLevel":"V4","seckillTime":"WEEKLY","periods":[{"weekDay":3,"seckillStartTime":1785297600000,"seckillEndTime":1785470399999,"status":"ENDED"},{"weekDay":5,"seckillStartTime":1785470400000,"seckillEndTime":1785729599999,"status":"PROGRESSING"},{"weekDay":1,"seckillStartTime":1785729600000,"seckillEndTime":1785902399999,"status":"NOT_STARTED"},{"weekDay":3,"seckillStartTime":1785902400000,"seckillEndTime":1786075199999,"status":"NOT_STARTED"},{"weekDay":5,"seckillStartTime":1786075200000,"seckillEndTime":1786334399999,"status":"NOT_STARTED"},{"weekDay":1,"seckillStartTime":1786334400000,"seckillEndTime":1786507199999,"status":"NOT_STARTED"}]},{"couponId":"687086e33d0d02335c1804f4","name":"V5","amount":18,"xyLevel":"V5","seckillTime":"WEEKLY","periods":[{"weekDay":3,"seckillStartTime":1785297600000,"seckillEndTime":1785470399999,"status":"ENDED"},{"weekDay":5,"seckillStartTime":1785470400000,"seckillEndTime":1785729599999,"status":"PROGRESSING"},{"weekDay":1,"seckillStartTime":1785729600000,"seckillEndTime":1785902399999,"status":"NOT_STARTED"},{"weekDay":3,"seckillStartTime":1785902400000,"seckillEndTime":1786075199999,"status":"NOT_STARTED"},{"weekDay":5,"seckillStartTime":1786075200000,"seckillEndTime":1786334399999,"status":"NOT_STARTED"},{"weekDay":1,"seckillStartTime":1786334400000,"seckillEndTime":1786507199999,"status":"NOT_STARTED"}]},{"couponId":"68708705f56f912f57e063c3","name":"V6","amount":30,"xyLevel":"V6","seckillTime":"WEEKLY","periods":[{"weekDay":3,"seckillStartTime":1785297600000,"seckillEndTime":1785470399999,"status":"ENDED"},{"weekDay":5,"seckillStartTime":1785470400000,"seckillEndTime":1785729599999,"status":"PROGRESSING","acquiredStatus":"OUT_OF_STOCK","stockId":"68708705f56f912f57e063c3_WEEKLY_1785470400000","stockRemain":0},{"weekDay":1,"seckillStartTime":1785729600000,"seckillEndTime":1785902399999,"status":"NOT_STARTED"},{"weekDay":3,"seckillStartTime":1785902400000,"seckillEndTime":1786075199999,"status":"NOT_STARTED"},{"weekDay":5,"seckillStartTime":1786075200000,"seckillEndTime":1786334399999,"status":"NOT_STARTED"},{"weekDay":1,"seckillStartTime":1786334400000,"seckillEndTime":1786507199999,"status":"NOT_STARTED"}]},{"couponId":"6870872e89fddd2bbdec96bd","name":"V7","amount":75,"xyLevel":"V7","seckillTime":"WEEKLY","periods":[{"weekDay":3,"seckillStartTime":1785297600000,"seckillEndTime":1785470399999,"status":"ENDED"},{"weekDay":5,"seckillStartTime":1785470400000,"seckillEndTime":1785729599999,"status":"PROGRESSING"},{"weekDay":1,"seckillStartTime":1785729600000,"seckillEndTime":1785902399999,"status":"NOT_STARTED"},{"weekDay":3,"seckillStartTime":1785902400000,"seckillEndTime":1786075199999,"status":"NOT_STARTED"},{"weekDay":5,"seckillStartTime":1786075200000,"seckillEndTime":1786334399999,"status":"NOT_STARTED"},{"weekDay":1,"seckillStartTime":1786334400000,"seckillEndTime":1786507199999,"status":"NOT_STARTED"}]}]},"code":200,"errmsg":"OK"}}
============================================================
============================================================
[请求时间] 2026/8/3 09:39:29.414
[响应时间] 2026/8/3 09:39:29.525
[耗时] 111ms
[请求路径] https://inf.ds.163.com/v1/web/exp/week-coupon/showing-list-v2
[请求方式] POST
[请求参数] {"query":null,"body":{}}
[请求头] {"Accept":"application/json, text/plain, */*","Content-Type":"application/json;charset=UTF-8","GL-X-XSRF-TOKEN":"96dca0c5-a0a8-42a3-aae7-ff273c8462e7","User-Agent":"Mozilla/5.0 (Windows NT 10.0; Win64; x64) AppleWebKit/537.36 (KHTML, like Gecko) Chrome/122.0.0.0 Safari/537.36","Origin":"https://pay.ds.163.com","Referer":"https://pay.ds.163.com/","GL-ClientType":"60","GL-DeviceId":"d6972664-c170-46f6-91f3-8079b501f7ef","GL-Uid":"ab3d60bdd8614464af937bc6c0be87cb","GL-CheckSum":"01bea09b7893e9959b40fa75e7f412c007e640fe","Content-Length":"2","Accept-Encoding":"gzip, compress, deflate, br"}
[响应结果] {"httpStatus":200,"data":{"result":{"coupons":[{"couponId":"687076e69f3efd24cb2bed9c","name":"V1","amount":1,"xyLevel":"V1","seckillTime":"WEEKLY","periods":[{"weekDay":3,"seckillStartTime":1785297600000,"seckillEndTime":1785470399999,"status":"ENDED"},{"weekDay":5,"seckillStartTime":1785470400000,"seckillEndTime":1785729599999,"status":"PROGRESSING"},{"weekDay":1,"seckillStartTime":1785729600000,"seckillEndTime":1785902399999,"status":"NOT_STARTED"},{"weekDay":3,"seckillStartTime":1785902400000,"seckillEndTime":1786075199999,"status":"NOT_STARTED"},{"weekDay":5,"seckillStartTime":1786075200000,"seckillEndTime":1786334399999,"status":"NOT_STARTED"},{"weekDay":1,"seckillStartTime":1786334400000,"seckillEndTime":1786507199999,"status":"NOT_STARTED"}]},{"couponId":"68708657f56f912f57e063bf","name":"V2","amount":2,"xyLevel":"V2","seckillTime":"WEEKLY","periods":[{"weekDay":3,"seckillStartTime":1785297600000,"seckillEndTime":1785470399999,"status":"ENDED"},{"weekDay":5,"seckillStartTime":1785470400000,"seckillEndTime":1785729599999,"status":"PROGRESSING"},{"weekDay":1,"seckillStartTime":1785729600000,"seckillEndTime":1785902399999,"status":"NOT_STARTED"},{"weekDay":3,"seckillStartTime":1785902400000,"seckillEndTime":1786075199999,"status":"NOT_STARTED"},{"weekDay":5,"seckillStartTime":1786075200000,"seckillEndTime":1786334399999,"status":"NOT_STARTED"},{"weekDay":1,"seckillStartTime":1786334400000,"seckillEndTime":1786507199999,"status":"NOT_STARTED"}]},{"couponId":"6870867989fddd2bbdec96bc","name":"V3","amount":3,"xyLevel":"V3","seckillTime":"WEEKLY","periods":[{"weekDay":3,"seckillStartTime":1785297600000,"seckillEndTime":1785470399999,"status":"ENDED"},{"weekDay":5,"seckillStartTime":1785470400000,"seckillEndTime":1785729599999,"status":"PROGRESSING"},{"weekDay":1,"seckillStartTime":1785729600000,"seckillEndTime":1785902399999,"status":"NOT_STARTED"},{"weekDay":3,"seckillStartTime":1785902400000,"seckillEndTime":1786075199999,"status":"NOT_STARTED"},{"weekDay":5,"seckillStartTime":1786075200000,"seckillEndTime":1786334399999,"status":"NOT_STARTED"},{"weekDay":1,"seckillStartTime":1786334400000,"seckillEndTime":1786507199999,"status":"NOT_STARTED"}]},{"couponId":"6870869cf56f912f57e063c0","name":"V4","amount":8,"xyLevel":"V4","seckillTime":"WEEKLY","periods":[{"weekDay":3,"seckillStartTime":1785297600000,"seckillEndTime":1785470399999,"status":"ENDED"},{"weekDay":5,"seckillStartTime":1785470400000,"seckillEndTime":1785729599999,"status":"PROGRESSING"},{"weekDay":1,"seckillStartTime":1785729600000,"seckillEndTime":1785902399999,"status":"NOT_STARTED"},{"weekDay":3,"seckillStartTime":1785902400000,"seckillEndTime":1786075199999,"status":"NOT_STARTED"},{"weekDay":5,"seckillStartTime":1786075200000,"seckillEndTime":1786334399999,"status":"NOT_STARTED"},{"weekDay":1,"seckillStartTime":1786334400000,"seckillEndTime":1786507199999,"status":"NOT_STARTED"}]},{"couponId":"687086e33d0d02335c1804f4","name":"V5","amount":18,"xyLevel":"V5","seckillTime":"WEEKLY","periods":[{"weekDay":3,"seckillStartTime":1785297600000,"seckillEndTime":1785470399999,"status":"ENDED"},{"weekDay":5,"seckillStartTime":1785470400000,"seckillEndTime":1785729599999,"status":"PROGRESSING"},{"weekDay":1,"seckillStartTime":1785729600000,"seckillEndTime":1785902399999,"status":"NOT_STARTED"},{"weekDay":3,"seckillStartTime":1785902400000,"seckillEndTime":1786075199999,"status":"NOT_STARTED"},{"weekDay":5,"seckillStartTime":1786075200000,"seckillEndTime":1786334399999,"status":"NOT_STARTED"},{"weekDay":1,"seckillStartTime":1786334400000,"seckillEndTime":1786507199999,"status":"NOT_STARTED"}]},{"couponId":"68708705f56f912f57e063c3","name":"V6","amount":30,"xyLevel":"V6","seckillTime":"WEEKLY","periods":[{"weekDay":3,"seckillStartTime":1785297600000,"seckillEndTime":1785470399999,"status":"ENDED"},{"weekDay":5,"seckillStartTime":1785470400000,"seckillEndTime":1785729599999,"status":"PROGRESSING","acquiredStatus":"OUT_OF_STOCK","stockId":"68708705f56f912f57e063c3_WEEKLY_1785470400000","stockRemain":0},{"weekDay":1,"seckillStartTime":1785729600000,"seckillEndTime":1785902399999,"status":"NOT_STARTED"},{"weekDay":3,"seckillStartTime":1785902400000,"seckillEndTime":1786075199999,"status":"NOT_STARTED"},{"weekDay":5,"seckillStartTime":1786075200000,"seckillEndTime":1786334399999,"status":"NOT_STARTED"},{"weekDay":1,"seckillStartTime":1786334400000,"seckillEndTime":1786507199999,"status":"NOT_STARTED"}]},{"couponId":"6870872e89fddd2bbdec96bd","name":"V7","amount":75,"xyLevel":"V7","seckillTime":"WEEKLY","periods":[{"weekDay":3,"seckillStartTime":1785297600000,"seckillEndTime":1785470399999,"status":"ENDED"},{"weekDay":5,"seckillStartTime":1785470400000,"seckillEndTime":1785729599999,"status":"PROGRESSING"},{"weekDay":1,"seckillStartTime":1785729600000,"seckillEndTime":1785902399999,"status":"NOT_STARTED"},{"weekDay":3,"seckillStartTime":1785902400000,"seckillEndTime":1786075199999,"status":"NOT_STARTED"},{"weekDay":5,"seckillStartTime":1786075200000,"seckillEndTime":1786334399999,"status":"NOT_STARTED"},{"weekDay":1,"seckillStartTime":1786334400000,"seckillEndTime":1786507199999,"status":"NOT_STARTED"}]}]},"code":200,"errmsg":"OK"}}
============================================================
============================================================
[请求时间] 2026/8/3 09:39:29.524
[响应时间] 2026/8/3 09:39:29.671
[耗时] 147ms
[请求路径] https://pay-api.ds.163.com/v1/web/init/server/time
[请求方式] GET
[请求参数] {"query":null,"body":null}
[请求头] {"Accept":"application/json, text/plain, */*","Content-Type":"application/json;charset=UTF-8","GL-X-XSRF-TOKEN":"96dca0c5-a0a8-42a3-aae7-ff273c8462e7","User-Agent":"Mozilla/5.0 (Windows NT 10.0; Win64; x64) AppleWebKit/537.36 (KHTML, like Gecko) Chrome/122.0.0.0 Safari/537.36","Origin":"https://pay.ds.163.com","Referer":"https://pay.ds.163.com/","GL-ClientType":"60","GL-DeviceId":"d6972664-c170-46f6-91f3-8079b501f7ef","GL-Uid":"ab3d60bdd8614464af937bc6c0be87cb","Accept-Encoding":"gzip, compress, deflate, br"}
[响应结果] {"httpStatus":404,"data":"<!DOCTYPE HTML PUBLIC \"-//W3C//DTD HTML 3.2 Final//EN\">\n<title>404 Not Found</title>\n<h1>Not Found</h1>\n<p>The requested URL was not found on the server. If you entered the URL manually please check your spelling and try again.</p>\n"}
============================================================
============================================================
[请求时间] 2026/8/3 09:39:29.669
[响应时间] 2026/8/3 09:39:29.813
[耗时] 144ms
[请求路径] https://pay-api.ds.163.com/api/nlogin
[请求方式] GET
[请求参数] {"query":{},"body":null}
[请求头] {"Accept":"application/json, text/plain, */*","Content-Type":"application/json;charset=UTF-8","GL-X-XSRF-TOKEN":"96dca0c5-a0a8-42a3-aae7-ff273c8462e7","User-Agent":"Mozilla/5.0 (Windows NT 10.0; Win64; x64) AppleWebKit/537.36 (KHTML, like Gecko) Chrome/122.0.0.0 Safari/537.36","Origin":"https://pay.ds.163.com","Referer":"https://pay.ds.163.com/","GL-ClientType":"60","GL-DeviceId":"d6972664-c170-46f6-91f3-8079b501f7ef","GL-Uid":"ab3d60bdd8614464af937bc6c0be87cb","Accept-Encoding":"gzip, compress, deflate, br"}
[响应结果] {"httpStatus":200,"data":{"code":413,"msg":"登录失败"}}
============================================================
============================================================
[请求时间] 2026/8/3 11:00:26.207
[响应时间] 2026/8/3 11:00:26.404
[耗时] 197ms
[请求路径] https://pay-api.ds.163.com/v1/web/init/server/time
[请求方式] GET
[请求参数] {"query":null,"body":null}
[请求头] {"Accept":"application/json, text/plain, */*","Content-Type":"application/json;charset=UTF-8","User-Agent":"Mozilla/5.0 (Windows NT 10.0; Win64; x64) AppleWebKit/537.36 (KHTML, like Gecko) Chrome/122.0.0.0 Safari/537.36","Origin":"https://pay.ds.163.com","Referer":"https://pay.ds.163.com/","GL-ClientType":"60","GL-DeviceId":"d6972664-c170-46f6-91f3-8079b501f7ef","GL-Uid":"ab3d60bdd8614464af937bc6c0be87cb","GL-X-XSRF-TOKEN":"96dca0c5-a0a8-42a3-aae7-ff273c8462e7","Accept-Encoding":"gzip, compress, deflate, br"}
[响应结果] {"httpStatus":404,"data":"<!DOCTYPE HTML PUBLIC \"-//W3C//DTD HTML 3.2 Final//EN\">\n<title>404 Not Found</title>\n<h1>Not Found</h1>\n<p>The requested URL was not found on the server. If you entered the URL manually please check your spelling and try again.</p>\n"}
============================================================
============================================================
[请求时间] 2026/8/3 11:00:26.403
[响应时间] 2026/8/3 11:00:26.540
[耗时] 137ms
[请求路径] https://pay-api.ds.163.com/api/nlogin
[请求方式] GET
[请求参数] {"query":{},"body":null}
[请求头] {"Accept":"application/json, text/plain, */*","Content-Type":"application/json;charset=UTF-8","GL-X-XSRF-TOKEN":"96dca0c5-a0a8-42a3-aae7-ff273c8462e7","User-Agent":"Mozilla/5.0 (Windows NT 10.0; Win64; x64) AppleWebKit/537.36 (KHTML, like Gecko) Chrome/122.0.0.0 Safari/537.36","Origin":"https://pay.ds.163.com","Referer":"https://pay.ds.163.com/","GL-ClientType":"60","GL-DeviceId":"d6972664-c170-46f6-91f3-8079b501f7ef","GL-Uid":"ab3d60bdd8614464af937bc6c0be87cb","Accept-Encoding":"gzip, compress, deflate, br"}
[响应结果] {"httpStatus":200,"data":{"code":413,"msg":"登录失败"}}
============================================================
============================================================
[请求时间] 2026/8/3 11:00:26.538
[响应时间] 2026/8/3 11:00:26.679
[耗时] 141ms
[请求路径] https://inf.ds.163.com/v1/web/cooperate/plutus/cookie-exchange
[请求方式] GET
[请求参数] {"query":null,"body":null}
[请求头] {"Accept":"application/json, text/plain, */*","Content-Type":"application/json;charset=UTF-8","GL-X-XSRF-TOKEN":"96dca0c5-a0a8-42a3-aae7-ff273c8462e7","User-Agent":"Mozilla/5.0 (Windows NT 10.0; Win64; x64) AppleWebKit/537.36 (KHTML, like Gecko) Chrome/122.0.0.0 Safari/537.36","Origin":"https://pay.ds.163.com","Referer":"https://pay.ds.163.com/","GL-ClientType":"60","GL-DeviceId":"d6972664-c170-46f6-91f3-8079b501f7ef","GL-Uid":"ab3d60bdd8614464af937bc6c0be87cb","Accept-Encoding":"gzip, compress, deflate, br"}
[响应结果] {"httpStatus":200,"data":{"result":{"user":{"uid":"ab3d60bdd8614464af937bc6c0be87cb","nick":"lnl922","icon":"https://ok.166.net/reunionpub/3_20251102_19a403f87b2484815.jpeg","intro":"","gender":1,"frame":"64b92f13db5e2e0001e826b5","updateTime":1779774174407,"userSourceType":"URS"},"newUser":false},"code":200,"errmsg":"OK"}}
============================================================
============================================================
[请求时间] 2026/8/3 11:00:26.678
[响应时间] 2026/8/3 11:00:26.808
[耗时] 130ms
[请求路径] https://pay-api.ds.163.com/v1/web/init/server/time
[请求方式] GET
[请求参数] {"query":null,"body":null}
[请求头] {"Accept":"application/json, text/plain, */*","Content-Type":"application/json;charset=UTF-8","GL-X-XSRF-TOKEN":"96dca0c5-a0a8-42a3-aae7-ff273c8462e7","User-Agent":"Mozilla/5.0 (Windows NT 10.0; Win64; x64) AppleWebKit/537.36 (KHTML, like Gecko) Chrome/122.0.0.0 Safari/537.36","Origin":"https://pay.ds.163.com","Referer":"https://pay.ds.163.com/","GL-ClientType":"60","GL-DeviceId":"d6972664-c170-46f6-91f3-8079b501f7ef","GL-Uid":"ab3d60bdd8614464af937bc6c0be87cb","Accept-Encoding":"gzip, compress, deflate, br"}
[响应结果] {"httpStatus":404,"data":"<!DOCTYPE HTML PUBLIC \"-//W3C//DTD HTML 3.2 Final//EN\">\n<title>404 Not Found</title>\n<h1>Not Found</h1>\n<p>The requested URL was not found on the server. If you entered the URL manually please check your spelling and try again.</p>\n"}
============================================================
============================================================
[请求时间] 2026/8/3 11:00:26.807
[响应时间] 2026/8/3 11:00:26.916
[耗时] 109ms
[请求路径] https://inf.ds.163.com/v1/web/exp/xy/user/get-info
[请求方式] POST
[请求参数] {"query":null,"body":{}}
[请求头] {"Accept":"application/json, text/plain, */*","Content-Type":"application/json;charset=UTF-8","GL-X-XSRF-TOKEN":"96dca0c5-a0a8-42a3-aae7-ff273c8462e7","User-Agent":"Mozilla/5.0 (Windows NT 10.0; Win64; x64) AppleWebKit/537.36 (KHTML, like Gecko) Chrome/122.0.0.0 Safari/537.36","Origin":"https://pay.ds.163.com","Referer":"https://pay.ds.163.com/","GL-ClientType":"60","GL-DeviceId":"d6972664-c170-46f6-91f3-8079b501f7ef","GL-Uid":"ab3d60bdd8614464af937bc6c0be87cb","GL-CheckSum":"01bea09b7893e9959b40fa75e7f412c007e640fe","Content-Length":"2","Accept-Encoding":"gzip, compress, deflate, br"}
[响应结果] {"httpStatus":200,"data":{"result":{"growthPoint":392482,"currentLv":"V6","diffNextLvGrowthPoint":607518,"currentLvExpireDate":"20270626","currentLvExpire":1813939200000,"nextLv":"V7","activeGames":["l36"],"last365LoginGames":["l36"],"initDate":"20260626","lastLv":"V5"},"code":200,"errmsg":"OK"}}
============================================================
============================================================
[请求时间] 2026/8/3 11:00:26.916
[响应时间] 2026/8/3 11:00:26.986
[耗时] 70ms
[请求路径] https://inf.ds.163.com/v1/web/exp/week-coupon/showing-list-v2
[请求方式] POST
[请求参数] {"query":null,"body":{}}
[请求头] {"Accept":"application/json, text/plain, */*","Content-Type":"application/json;charset=UTF-8","GL-X-XSRF-TOKEN":"96dca0c5-a0a8-42a3-aae7-ff273c8462e7","User-Agent":"Mozilla/5.0 (Windows NT 10.0; Win64; x64) AppleWebKit/537.36 (KHTML, like Gecko) Chrome/122.0.0.0 Safari/537.36","Origin":"https://pay.ds.163.com","Referer":"https://pay.ds.163.com/","GL-ClientType":"60","GL-DeviceId":"d6972664-c170-46f6-91f3-8079b501f7ef","GL-Uid":"ab3d60bdd8614464af937bc6c0be87cb","GL-CheckSum":"01bea09b7893e9959b40fa75e7f412c007e640fe","Content-Length":"2","Accept-Encoding":"gzip, compress, deflate, br"}
[响应结果] {"httpStatus":200,"data":{"result":{"coupons":[{"couponId":"687076e69f3efd24cb2bed9c","name":"V1","amount":1,"xyLevel":"V1","seckillTime":"WEEKLY","periods":[{"weekDay":3,"seckillStartTime":1785297600000,"seckillEndTime":1785470399999,"status":"ENDED"},{"weekDay":5,"seckillStartTime":1785470400000,"seckillEndTime":1785729599999,"status":"PROGRESSING"},{"weekDay":1,"seckillStartTime":1785729600000,"seckillEndTime":1785902399999,"status":"NOT_STARTED"},{"weekDay":3,"seckillStartTime":1785902400000,"seckillEndTime":1786075199999,"status":"NOT_STARTED"},{"weekDay":5,"seckillStartTime":1786075200000,"seckillEndTime":1786334399999,"status":"NOT_STARTED"},{"weekDay":1,"seckillStartTime":1786334400000,"seckillEndTime":1786507199999,"status":"NOT_STARTED"}]},{"couponId":"68708657f56f912f57e063bf","name":"V2","amount":2,"xyLevel":"V2","seckillTime":"WEEKLY","periods":[{"weekDay":3,"seckillStartTime":1785297600000,"seckillEndTime":1785470399999,"status":"ENDED"},{"weekDay":5,"seckillStartTime":1785470400000,"seckillEndTime":1785729599999,"status":"PROGRESSING"},{"weekDay":1,"seckillStartTime":1785729600000,"seckillEndTime":1785902399999,"status":"NOT_STARTED"},{"weekDay":3,"seckillStartTime":1785902400000,"seckillEndTime":1786075199999,"status":"NOT_STARTED"},{"weekDay":5,"seckillStartTime":1786075200000,"seckillEndTime":1786334399999,"status":"NOT_STARTED"},{"weekDay":1,"seckillStartTime":1786334400000,"seckillEndTime":1786507199999,"status":"NOT_STARTED"}]},{"couponId":"6870867989fddd2bbdec96bc","name":"V3","amount":3,"xyLevel":"V3","seckillTime":"WEEKLY","periods":[{"weekDay":3,"seckillStartTime":1785297600000,"seckillEndTime":1785470399999,"status":"ENDED"},{"weekDay":5,"seckillStartTime":1785470400000,"seckillEndTime":1785729599999,"status":"PROGRESSING"},{"weekDay":1,"seckillStartTime":1785729600000,"seckillEndTime":1785902399999,"status":"NOT_STARTED"},{"weekDay":3,"seckillStartTime":1785902400000,"seckillEndTime":1786075199999,"status":"NOT_STARTED"},{"weekDay":5,"seckillStartTime":1786075200000,"seckillEndTime":1786334399999,"status":"NOT_STARTED"},{"weekDay":1,"seckillStartTime":1786334400000,"seckillEndTime":1786507199999,"status":"NOT_STARTED"}]},{"couponId":"6870869cf56f912f57e063c0","name":"V4","amount":8,"xyLevel":"V4","seckillTime":"WEEKLY","periods":[{"weekDay":3,"seckillStartTime":1785297600000,"seckillEndTime":1785470399999,"status":"ENDED"},{"weekDay":5,"seckillStartTime":1785470400000,"seckillEndTime":1785729599999,"status":"PROGRESSING"},{"weekDay":1,"seckillStartTime":1785729600000,"seckillEndTime":1785902399999,"status":"NOT_STARTED"},{"weekDay":3,"seckillStartTime":1785902400000,"seckillEndTime":1786075199999,"status":"NOT_STARTED"},{"weekDay":5,"seckillStartTime":1786075200000,"seckillEndTime":1786334399999,"status":"NOT_STARTED"},{"weekDay":1,"seckillStartTime":1786334400000,"seckillEndTime":1786507199999,"status":"NOT_STARTED"}]},{"couponId":"687086e33d0d02335c1804f4","name":"V5","amount":18,"xyLevel":"V5","seckillTime":"WEEKLY","periods":[{"weekDay":3,"seckillStartTime":1785297600000,"seckillEndTime":1785470399999,"status":"ENDED"},{"weekDay":5,"seckillStartTime":1785470400000,"seckillEndTime":1785729599999,"status":"PROGRESSING"},{"weekDay":1,"seckillStartTime":1785729600000,"seckillEndTime":1785902399999,"status":"NOT_STARTED"},{"weekDay":3,"seckillStartTime":1785902400000,"seckillEndTime":1786075199999,"status":"NOT_STARTED"},{"weekDay":5,"seckillStartTime":1786075200000,"seckillEndTime":1786334399999,"status":"NOT_STARTED"},{"weekDay":1,"seckillStartTime":1786334400000,"seckillEndTime":1786507199999,"status":"NOT_STARTED"}]},{"couponId":"68708705f56f912f57e063c3","name":"V6","amount":30,"xyLevel":"V6","seckillTime":"WEEKLY","periods":[{"weekDay":3,"seckillStartTime":1785297600000,"seckillEndTime":1785470399999,"status":"ENDED"},{"weekDay":5,"seckillStartTime":1785470400000,"seckillEndTime":1785729599999,"status":"PROGRESSING","acquiredStatus":"OUT_OF_STOCK","stockId":"68708705f56f912f57e063c3_WEEKLY_1785470400000","stockRemain":0},{"weekDay":1,"seckillStartTime":1785729600000,"seckillEndTime":1785902399999,"status":"NOT_STARTED"},{"weekDay":3,"seckillStartTime":1785902400000,"seckillEndTime":1786075199999,"status":"NOT_STARTED"},{"weekDay":5,"seckillStartTime":1786075200000,"seckillEndTime":1786334399999,"status":"NOT_STARTED"},{"weekDay":1,"seckillStartTime":1786334400000,"seckillEndTime":1786507199999,"status":"NOT_STARTED"}]},{"couponId":"6870872e89fddd2bbdec96bd","name":"V7","amount":75,"xyLevel":"V7","seckillTime":"WEEKLY","periods":[{"weekDay":3,"seckillStartTime":1785297600000,"seckillEndTime":1785470399999,"status":"ENDED"},{"weekDay":5,"seckillStartTime":1785470400000,"seckillEndTime":1785729599999,"status":"PROGRESSING"},{"weekDay":1,"seckillStartTime":1785729600000,"seckillEndTime":1785902399999,"status":"NOT_STARTED"},{"weekDay":3,"seckillStartTime":1785902400000,"seckillEndTime":1786075199999,"status":"NOT_STARTED"},{"weekDay":5,"seckillStartTime":1786075200000,"seckillEndTime":1786334399999,"status":"NOT_STARTED"},{"weekDay":1,"seckillStartTime":1786334400000,"seckillEndTime":1786507199999,"status":"NOT_STARTED"}]}]},"code":200,"errmsg":"OK"}}
============================================================
============================================================
[请求时间] 2026/8/3 11:00:27.352
[响应时间] 2026/8/3 11:00:27.427
[耗时] 75ms
[请求路径] https://inf.ds.163.com/v1/web/exp/week-coupon/showing-list-v2
[请求方式] POST
[请求参数] {"query":null,"body":{}}
[请求头] {"Accept":"application/json, text/plain, */*","Content-Type":"application/json;charset=UTF-8","GL-X-XSRF-TOKEN":"96dca0c5-a0a8-42a3-aae7-ff273c8462e7","User-Agent":"Mozilla/5.0 (Windows NT 10.0; Win64; x64) AppleWebKit/537.36 (KHTML, like Gecko) Chrome/122.0.0.0 Safari/537.36","Origin":"https://pay.ds.163.com","Referer":"https://pay.ds.163.com/","GL-ClientType":"60","GL-DeviceId":"d6972664-c170-46f6-91f3-8079b501f7ef","GL-Uid":"ab3d60bdd8614464af937bc6c0be87cb","GL-CheckSum":"01bea09b7893e9959b40fa75e7f412c007e640fe","Content-Length":"2","Accept-Encoding":"gzip, compress, deflate, br"}
[响应结果] {"httpStatus":200,"data":{"result":{"coupons":[{"couponId":"687076e69f3efd24cb2bed9c","name":"V1","amount":1,"xyLevel":"V1","seckillTime":"WEEKLY","periods":[{"weekDay":3,"seckillStartTime":1785297600000,"seckillEndTime":1785470399999,"status":"ENDED"},{"weekDay":5,"seckillStartTime":1785470400000,"seckillEndTime":1785729599999,"status":"PROGRESSING"},{"weekDay":1,"seckillStartTime":1785729600000,"seckillEndTime":1785902399999,"status":"NOT_STARTED"},{"weekDay":3,"seckillStartTime":1785902400000,"seckillEndTime":1786075199999,"status":"NOT_STARTED"},{"weekDay":5,"seckillStartTime":1786075200000,"seckillEndTime":1786334399999,"status":"NOT_STARTED"},{"weekDay":1,"seckillStartTime":1786334400000,"seckillEndTime":1786507199999,"status":"NOT_STARTED"}]},{"couponId":"68708657f56f912f57e063bf","name":"V2","amount":2,"xyLevel":"V2","seckillTime":"WEEKLY","periods":[{"weekDay":3,"seckillStartTime":1785297600000,"seckillEndTime":1785470399999,"status":"ENDED"},{"weekDay":5,"seckillStartTime":1785470400000,"seckillEndTime":1785729599999,"status":"PROGRESSING"},{"weekDay":1,"seckillStartTime":1785729600000,"seckillEndTime":1785902399999,"status":"NOT_STARTED"},{"weekDay":3,"seckillStartTime":1785902400000,"seckillEndTime":1786075199999,"status":"NOT_STARTED"},{"weekDay":5,"seckillStartTime":1786075200000,"seckillEndTime":1786334399999,"status":"NOT_STARTED"},{"weekDay":1,"seckillStartTime":1786334400000,"seckillEndTime":1786507199999,"status":"NOT_STARTED"}]},{"couponId":"6870867989fddd2bbdec96bc","name":"V3","amount":3,"xyLevel":"V3","seckillTime":"WEEKLY","periods":[{"weekDay":3,"seckillStartTime":1785297600000,"seckillEndTime":1785470399999,"status":"ENDED"},{"weekDay":5,"seckillStartTime":1785470400000,"seckillEndTime":1785729599999,"status":"PROGRESSING"},{"weekDay":1,"seckillStartTime":1785729600000,"seckillEndTime":1785902399999,"status":"NOT_STARTED"},{"weekDay":3,"seckillStartTime":1785902400000,"seckillEndTime":1786075199999,"status":"NOT_STARTED"},{"weekDay":5,"seckillStartTime":1786075200000,"seckillEndTime":1786334399999,"status":"NOT_STARTED"},{"weekDay":1,"seckillStartTime":1786334400000,"seckillEndTime":1786507199999,"status":"NOT_STARTED"}]},{"couponId":"6870869cf56f912f57e063c0","name":"V4","amount":8,"xyLevel":"V4","seckillTime":"WEEKLY","periods":[{"weekDay":3,"seckillStartTime":1785297600000,"seckillEndTime":1785470399999,"status":"ENDED"},{"weekDay":5,"seckillStartTime":1785470400000,"seckillEndTime":1785729599999,"status":"PROGRESSING"},{"weekDay":1,"seckillStartTime":1785729600000,"seckillEndTime":1785902399999,"status":"NOT_STARTED"},{"weekDay":3,"seckillStartTime":1785902400000,"seckillEndTime":1786075199999,"status":"NOT_STARTED"},{"weekDay":5,"seckillStartTime":1786075200000,"seckillEndTime":1786334399999,"status":"NOT_STARTED"},{"weekDay":1,"seckillStartTime":1786334400000,"seckillEndTime":1786507199999,"status":"NOT_STARTED"}]},{"couponId":"687086e33d0d02335c1804f4","name":"V5","amount":18,"xyLevel":"V5","seckillTime":"WEEKLY","periods":[{"weekDay":3,"seckillStartTime":1785297600000,"seckillEndTime":1785470399999,"status":"ENDED"},{"weekDay":5,"seckillStartTime":1785470400000,"seckillEndTime":1785729599999,"status":"PROGRESSING"},{"weekDay":1,"seckillStartTime":1785729600000,"seckillEndTime":1785902399999,"status":"NOT_STARTED"},{"weekDay":3,"seckillStartTime":1785902400000,"seckillEndTime":1786075199999,"status":"NOT_STARTED"},{"weekDay":5,"seckillStartTime":1786075200000,"seckillEndTime":1786334399999,"status":"NOT_STARTED"},{"weekDay":1,"seckillStartTime":1786334400000,"seckillEndTime":1786507199999,"status":"NOT_STARTED"}]},{"couponId":"68708705f56f912f57e063c3","name":"V6","amount":30,"xyLevel":"V6","seckillTime":"WEEKLY","periods":[{"weekDay":3,"seckillStartTime":1785297600000,"seckillEndTime":1785470399999,"status":"ENDED"},{"weekDay":5,"seckillStartTime":1785470400000,"seckillEndTime":1785729599999,"status":"PROGRESSING","acquiredStatus":"OUT_OF_STOCK","stockId":"68708705f56f912f57e063c3_WEEKLY_1785470400000","stockRemain":0},{"weekDay":1,"seckillStartTime":1785729600000,"seckillEndTime":1785902399999,"status":"NOT_STARTED"},{"weekDay":3,"seckillStartTime":1785902400000,"seckillEndTime":1786075199999,"status":"NOT_STARTED"},{"weekDay":5,"seckillStartTime":1786075200000,"seckillEndTime":1786334399999,"status":"NOT_STARTED"},{"weekDay":1,"seckillStartTime":1786334400000,"seckillEndTime":1786507199999,"status":"NOT_STARTED"}]},{"couponId":"6870872e89fddd2bbdec96bd","name":"V7","amount":75,"xyLevel":"V7","seckillTime":"WEEKLY","periods":[{"weekDay":3,"seckillStartTime":1785297600000,"seckillEndTime":1785470399999,"status":"ENDED"},{"weekDay":5,"seckillStartTime":1785470400000,"seckillEndTime":1785729599999,"status":"PROGRESSING"},{"weekDay":1,"seckillStartTime":1785729600000,"seckillEndTime":1785902399999,"status":"NOT_STARTED"},{"weekDay":3,"seckillStartTime":1785902400000,"seckillEndTime":1786075199999,"status":"NOT_STARTED"},{"weekDay":5,"seckillStartTime":1786075200000,"seckillEndTime":1786334399999,"status":"NOT_STARTED"},{"weekDay":1,"seckillStartTime":1786334400000,"seckillEndTime":1786507199999,"status":"NOT_STARTED"}]}]},"code":200,"errmsg":"OK"}}
============================================================
============================================================
[请求时间] 2026/8/3 11:00:27.426
[响应时间] 2026/8/3 11:00:27.596
[耗时] 170ms
[请求路径] https://pay-api.ds.163.com/v1/web/init/server/time
[请求方式] GET
[请求参数] {"query":null,"body":null}
[请求头] {"Accept":"application/json, text/plain, */*","Content-Type":"application/json;charset=UTF-8","GL-X-XSRF-TOKEN":"96dca0c5-a0a8-42a3-aae7-ff273c8462e7","User-Agent":"Mozilla/5.0 (Windows NT 10.0; Win64; x64) AppleWebKit/537.36 (KHTML, like Gecko) Chrome/122.0.0.0 Safari/537.36","Origin":"https://pay.ds.163.com","Referer":"https://pay.ds.163.com/","GL-ClientType":"60","GL-DeviceId":"d6972664-c170-46f6-91f3-8079b501f7ef","GL-Uid":"ab3d60bdd8614464af937bc6c0be87cb","Accept-Encoding":"gzip, compress, deflate, br"}
[响应结果] {"httpStatus":404,"data":"<!DOCTYPE HTML PUBLIC \"-//W3C//DTD HTML 3.2 Final//EN\">\n<title>404 Not Found</title>\n<h1>Not Found</h1>\n<p>The requested URL was not found on the server. If you entered the URL manually please check your spelling and try again.</p>\n"}
============================================================
============================================================
[请求时间] 2026/8/3 11:00:27.595
[响应时间] 2026/8/3 11:00:27.723
[耗时] 128ms
[请求路径] https://pay-api.ds.163.com/api/nlogin
[请求方式] GET
[请求参数] {"query":{},"body":null}
[请求头] {"Accept":"application/json, text/plain, */*","Content-Type":"application/json;charset=UTF-8","GL-X-XSRF-TOKEN":"96dca0c5-a0a8-42a3-aae7-ff273c8462e7","User-Agent":"Mozilla/5.0 (Windows NT 10.0; Win64; x64) AppleWebKit/537.36 (KHTML, like Gecko) Chrome/122.0.0.0 Safari/537.36","Origin":"https://pay.ds.163.com","Referer":"https://pay.ds.163.com/","GL-ClientType":"60","GL-DeviceId":"d6972664-c170-46f6-91f3-8079b501f7ef","GL-Uid":"ab3d60bdd8614464af937bc6c0be87cb","Accept-Encoding":"gzip, compress, deflate, br"}
[响应结果] {"httpStatus":200,"data":{"code":413,"msg":"登录失败"}}
============================================================
============================================================
[请求时间] 2026/8/3 11:32:12.531
[响应时间] 2026/8/3 11:32:12.701
[耗时] 170ms
[请求路径] https://pay-api.ds.163.com/v1/web/init/server/time
[请求方式] GET
[请求参数] {"query":null,"body":null}
[请求头] {"Accept":"application/json, text/plain, */*","Content-Type":"application/json;charset=UTF-8","User-Agent":"Mozilla/5.0 (Windows NT 10.0; Win64; x64) AppleWebKit/537.36 (KHTML, like Gecko) Chrome/122.0.0.0 Safari/537.36","Origin":"https://pay.ds.163.com","Referer":"https://pay.ds.163.com/","GL-ClientType":"60","GL-DeviceId":"d6972664-c170-46f6-91f3-8079b501f7ef","GL-Uid":"ab3d60bdd8614464af937bc6c0be87cb","GL-X-XSRF-TOKEN":"96dca0c5-a0a8-42a3-aae7-ff273c8462e7","Accept-Encoding":"gzip, compress, deflate, br"}
[响应结果] {"httpStatus":404,"data":"<!DOCTYPE HTML PUBLIC \"-//W3C//DTD HTML 3.2 Final//EN\">\n<title>404 Not Found</title>\n<h1>Not Found</h1>\n<p>The requested URL was not found on the server. If you entered the URL manually please check your spelling and try again.</p>\n"}
============================================================
============================================================
[请求时间] 2026/8/3 11:32:12.701
[响应时间] 2026/8/3 11:32:12.841
[耗时] 140ms
[请求路径] https://pay-api.ds.163.com/api/nlogin
[请求方式] GET
[请求参数] {"query":{},"body":null}
[请求头] {"Accept":"application/json, text/plain, */*","Content-Type":"application/json;charset=UTF-8","GL-X-XSRF-TOKEN":"96dca0c5-a0a8-42a3-aae7-ff273c8462e7","User-Agent":"Mozilla/5.0 (Windows NT 10.0; Win64; x64) AppleWebKit/537.36 (KHTML, like Gecko) Chrome/122.0.0.0 Safari/537.36","Origin":"https://pay.ds.163.com","Referer":"https://pay.ds.163.com/","GL-ClientType":"60","GL-DeviceId":"d6972664-c170-46f6-91f3-8079b501f7ef","GL-Uid":"ab3d60bdd8614464af937bc6c0be87cb","Accept-Encoding":"gzip, compress, deflate, br"}
[响应结果] {"httpStatus":200,"data":{"code":413,"msg":"登录失败"}}
============================================================
============================================================
[请求时间] 2026/8/3 11:32:12.840
[响应时间] 2026/8/3 11:32:13.006
[耗时] 166ms
[请求路径] https://inf.ds.163.com/v1/web/cooperate/plutus/cookie-exchange
[请求方式] GET
[请求参数] {"query":null,"body":null}
[请求头] {"Accept":"application/json, text/plain, */*","Content-Type":"application/json;charset=UTF-8","GL-X-XSRF-TOKEN":"96dca0c5-a0a8-42a3-aae7-ff273c8462e7","User-Agent":"Mozilla/5.0 (Windows NT 10.0; Win64; x64) AppleWebKit/537.36 (KHTML, like Gecko) Chrome/122.0.0.0 Safari/537.36","Origin":"https://pay.ds.163.com","Referer":"https://pay.ds.163.com/","GL-ClientType":"60","GL-DeviceId":"d6972664-c170-46f6-91f3-8079b501f7ef","GL-Uid":"ab3d60bdd8614464af937bc6c0be87cb","Accept-Encoding":"gzip, compress, deflate, br"}
[响应结果] {"httpStatus":200,"data":{"result":{"user":{"uid":"ab3d60bdd8614464af937bc6c0be87cb","nick":"lnl922","icon":"https://ok.166.net/reunionpub/3_20251102_19a403f87b2484815.jpeg","intro":"","gender":1,"frame":"64b92f13db5e2e0001e826b5","updateTime":1779774174407,"userSourceType":"URS"},"newUser":false},"code":200,"errmsg":"OK"}}
============================================================
============================================================
[请求时间] 2026/8/3 11:32:13.005
[响应时间] 2026/8/3 11:32:13.150
[耗时] 145ms
[请求路径] https://pay-api.ds.163.com/v1/web/init/server/time
[请求方式] GET
[请求参数] {"query":null,"body":null}
[请求头] {"Accept":"application/json, text/plain, */*","Content-Type":"application/json;charset=UTF-8","GL-X-XSRF-TOKEN":"96dca0c5-a0a8-42a3-aae7-ff273c8462e7","User-Agent":"Mozilla/5.0 (Windows NT 10.0; Win64; x64) AppleWebKit/537.36 (KHTML, like Gecko) Chrome/122.0.0.0 Safari/537.36","Origin":"https://pay.ds.163.com","Referer":"https://pay.ds.163.com/","GL-ClientType":"60","GL-DeviceId":"d6972664-c170-46f6-91f3-8079b501f7ef","GL-Uid":"ab3d60bdd8614464af937bc6c0be87cb","Accept-Encoding":"gzip, compress, deflate, br"}
[响应结果] {"httpStatus":404,"data":"<!DOCTYPE HTML PUBLIC \"-//W3C//DTD HTML 3.2 Final//EN\">\n<title>404 Not Found</title>\n<h1>Not Found</h1>\n<p>The requested URL was not found on the server. If you entered the URL manually please check your spelling and try again.</p>\n"}
============================================================
============================================================
[请求时间] 2026/8/3 11:32:13.149
[响应时间] 2026/8/3 11:32:13.289
[耗时] 140ms
[请求路径] https://inf.ds.163.com/v1/web/exp/xy/user/get-info
[请求方式] POST
[请求参数] {"query":null,"body":{}}
[请求头] {"Accept":"application/json, text/plain, */*","Content-Type":"application/json;charset=UTF-8","GL-X-XSRF-TOKEN":"96dca0c5-a0a8-42a3-aae7-ff273c8462e7","User-Agent":"Mozilla/5.0 (Windows NT 10.0; Win64; x64) AppleWebKit/537.36 (KHTML, like Gecko) Chrome/122.0.0.0 Safari/537.36","Origin":"https://pay.ds.163.com","Referer":"https://pay.ds.163.com/","GL-ClientType":"60","GL-DeviceId":"d6972664-c170-46f6-91f3-8079b501f7ef","GL-Uid":"ab3d60bdd8614464af937bc6c0be87cb","GL-CheckSum":"01bea09b7893e9959b40fa75e7f412c007e640fe","Content-Length":"2","Accept-Encoding":"gzip, compress, deflate, br"}
[响应结果] {"httpStatus":200,"data":{"result":{"growthPoint":392482,"currentLv":"V6","diffNextLvGrowthPoint":607518,"currentLvExpireDate":"20270626","currentLvExpire":1813939200000,"nextLv":"V7","activeGames":["l36"],"last365LoginGames":["l36"],"initDate":"20260626","lastLv":"V5"},"code":200,"errmsg":"OK"}}
============================================================
============================================================
[请求时间] 2026/8/3 11:32:13.285
[响应时间] 2026/8/3 11:32:13.347
[耗时] 62ms
[请求路径] https://inf.ds.163.com/v1/web/exp/week-coupon/showing-list-v2
[请求方式] POST
[请求参数] {"query":null,"body":{}}
[请求头] {"Accept":"application/json, text/plain, */*","Content-Type":"application/json;charset=UTF-8","GL-X-XSRF-TOKEN":"96dca0c5-a0a8-42a3-aae7-ff273c8462e7","User-Agent":"Mozilla/5.0 (Windows NT 10.0; Win64; x64) AppleWebKit/537.36 (KHTML, like Gecko) Chrome/122.0.0.0 Safari/537.36","Origin":"https://pay.ds.163.com","Referer":"https://pay.ds.163.com/","GL-ClientType":"60","GL-DeviceId":"d6972664-c170-46f6-91f3-8079b501f7ef","GL-Uid":"ab3d60bdd8614464af937bc6c0be87cb","GL-CheckSum":"01bea09b7893e9959b40fa75e7f412c007e640fe","Content-Length":"2","Accept-Encoding":"gzip, compress, deflate, br"}
[响应结果] {"httpStatus":200,"data":{"result":{"coupons":[{"couponId":"687076e69f3efd24cb2bed9c","name":"V1","amount":1,"xyLevel":"V1","seckillTime":"WEEKLY","periods":[{"weekDay":3,"seckillStartTime":1785297600000,"seckillEndTime":1785470399999,"status":"ENDED"},{"weekDay":5,"seckillStartTime":1785470400000,"seckillEndTime":1785729599999,"status":"PROGRESSING"},{"weekDay":1,"seckillStartTime":1785729600000,"seckillEndTime":1785902399999,"status":"NOT_STARTED"},{"weekDay":3,"seckillStartTime":1785902400000,"seckillEndTime":1786075199999,"status":"NOT_STARTED"},{"weekDay":5,"seckillStartTime":1786075200000,"seckillEndTime":1786334399999,"status":"NOT_STARTED"},{"weekDay":1,"seckillStartTime":1786334400000,"seckillEndTime":1786507199999,"status":"NOT_STARTED"}]},{"couponId":"68708657f56f912f57e063bf","name":"V2","amount":2,"xyLevel":"V2","seckillTime":"WEEKLY","periods":[{"weekDay":3,"seckillStartTime":1785297600000,"seckillEndTime":1785470399999,"status":"ENDED"},{"weekDay":5,"seckillStartTime":1785470400000,"seckillEndTime":1785729599999,"status":"PROGRESSING"},{"weekDay":1,"seckillStartTime":1785729600000,"seckillEndTime":1785902399999,"status":"NOT_STARTED"},{"weekDay":3,"seckillStartTime":1785902400000,"seckillEndTime":1786075199999,"status":"NOT_STARTED"},{"weekDay":5,"seckillStartTime":1786075200000,"seckillEndTime":1786334399999,"status":"NOT_STARTED"},{"weekDay":1,"seckillStartTime":1786334400000,"seckillEndTime":1786507199999,"status":"NOT_STARTED"}]},{"couponId":"6870867989fddd2bbdec96bc","name":"V3","amount":3,"xyLevel":"V3","seckillTime":"WEEKLY","periods":[{"weekDay":3,"seckillStartTime":1785297600000,"seckillEndTime":1785470399999,"status":"ENDED"},{"weekDay":5,"seckillStartTime":1785470400000,"seckillEndTime":1785729599999,"status":"PROGRESSING"},{"weekDay":1,"seckillStartTime":1785729600000,"seckillEndTime":1785902399999,"status":"NOT_STARTED"},{"weekDay":3,"seckillStartTime":1785902400000,"seckillEndTime":1786075199999,"status":"NOT_STARTED"},{"weekDay":5,"seckillStartTime":1786075200000,"seckillEndTime":1786334399999,"status":"NOT_STARTED"},{"weekDay":1,"seckillStartTime":1786334400000,"seckillEndTime":1786507199999,"status":"NOT_STARTED"}]},{"couponId":"6870869cf56f912f57e063c0","name":"V4","amount":8,"xyLevel":"V4","seckillTime":"WEEKLY","periods":[{"weekDay":3,"seckillStartTime":1785297600000,"seckillEndTime":1785470399999,"status":"ENDED"},{"weekDay":5,"seckillStartTime":1785470400000,"seckillEndTime":1785729599999,"status":"PROGRESSING"},{"weekDay":1,"seckillStartTime":1785729600000,"seckillEndTime":1785902399999,"status":"NOT_STARTED"},{"weekDay":3,"seckillStartTime":1785902400000,"seckillEndTime":1786075199999,"status":"NOT_STARTED"},{"weekDay":5,"seckillStartTime":1786075200000,"seckillEndTime":1786334399999,"status":"NOT_STARTED"},{"weekDay":1,"seckillStartTime":1786334400000,"seckillEndTime":1786507199999,"status":"NOT_STARTED"}]},{"couponId":"687086e33d0d02335c1804f4","name":"V5","amount":18,"xyLevel":"V5","seckillTime":"WEEKLY","periods":[{"weekDay":3,"seckillStartTime":1785297600000,"seckillEndTime":1785470399999,"status":"ENDED"},{"weekDay":5,"seckillStartTime":1785470400000,"seckillEndTime":1785729599999,"status":"PROGRESSING"},{"weekDay":1,"seckillStartTime":1785729600000,"seckillEndTime":1785902399999,"status":"NOT_STARTED"},{"weekDay":3,"seckillStartTime":1785902400000,"seckillEndTime":1786075199999,"status":"NOT_STARTED"},{"weekDay":5,"seckillStartTime":1786075200000,"seckillEndTime":1786334399999,"status":"NOT_STARTED"},{"weekDay":1,"seckillStartTime":1786334400000,"seckillEndTime":1786507199999,"status":"NOT_STARTED"}]},{"couponId":"68708705f56f912f57e063c3","name":"V6","amount":30,"xyLevel":"V6","seckillTime":"WEEKLY","periods":[{"weekDay":3,"seckillStartTime":1785297600000,"seckillEndTime":1785470399999,"status":"ENDED"},{"weekDay":5,"seckillStartTime":1785470400000,"seckillEndTime":1785729599999,"status":"PROGRESSING","acquiredStatus":"OUT_OF_STOCK","stockId":"68708705f56f912f57e063c3_WEEKLY_1785470400000","stockRemain":0},{"weekDay":1,"seckillStartTime":1785729600000,"seckillEndTime":1785902399999,"status":"NOT_STARTED"},{"weekDay":3,"seckillStartTime":1785902400000,"seckillEndTime":1786075199999,"status":"NOT_STARTED"},{"weekDay":5,"seckillStartTime":1786075200000,"seckillEndTime":1786334399999,"status":"NOT_STARTED"},{"weekDay":1,"seckillStartTime":1786334400000,"seckillEndTime":1786507199999,"status":"NOT_STARTED"}]},{"couponId":"6870872e89fddd2bbdec96bd","name":"V7","amount":75,"xyLevel":"V7","seckillTime":"WEEKLY","periods":[{"weekDay":3,"seckillStartTime":1785297600000,"seckillEndTime":1785470399999,"status":"ENDED"},{"weekDay":5,"seckillStartTime":1785470400000,"seckillEndTime":1785729599999,"status":"PROGRESSING"},{"weekDay":1,"seckillStartTime":1785729600000,"seckillEndTime":1785902399999,"status":"NOT_STARTED"},{"weekDay":3,"seckillStartTime":1785902400000,"seckillEndTime":1786075199999,"status":"NOT_STARTED"},{"weekDay":5,"seckillStartTime":1786075200000,"seckillEndTime":1786334399999,"status":"NOT_STARTED"},{"weekDay":1,"seckillStartTime":1786334400000,"seckillEndTime":1786507199999,"status":"NOT_STARTED"}]}]},"code":200,"errmsg":"OK"}}
============================================================
============================================================
[请求时间] 2026/8/3 11:32:13.705
[响应时间] 2026/8/3 11:32:13.771
[耗时] 66ms
[请求路径] https://inf.ds.163.com/v1/web/exp/week-coupon/showing-list-v2
[请求方式] POST
[请求参数] {"query":null,"body":{}}
[请求头] {"Accept":"application/json, text/plain, */*","Content-Type":"application/json;charset=UTF-8","GL-X-XSRF-TOKEN":"96dca0c5-a0a8-42a3-aae7-ff273c8462e7","User-Agent":"Mozilla/5.0 (Windows NT 10.0; Win64; x64) AppleWebKit/537.36 (KHTML, like Gecko) Chrome/122.0.0.0 Safari/537.36","Origin":"https://pay.ds.163.com","Referer":"https://pay.ds.163.com/","GL-ClientType":"60","GL-DeviceId":"d6972664-c170-46f6-91f3-8079b501f7ef","GL-Uid":"ab3d60bdd8614464af937bc6c0be87cb","GL-CheckSum":"01bea09b7893e9959b40fa75e7f412c007e640fe","Content-Length":"2","Accept-Encoding":"gzip, compress, deflate, br"}
[响应结果] {"httpStatus":200,"data":{"result":{"coupons":[{"couponId":"687076e69f3efd24cb2bed9c","name":"V1","amount":1,"xyLevel":"V1","seckillTime":"WEEKLY","periods":[{"weekDay":3,"seckillStartTime":1785297600000,"seckillEndTime":1785470399999,"status":"ENDED"},{"weekDay":5,"seckillStartTime":1785470400000,"seckillEndTime":1785729599999,"status":"PROGRESSING"},{"weekDay":1,"seckillStartTime":1785729600000,"seckillEndTime":1785902399999,"status":"NOT_STARTED"},{"weekDay":3,"seckillStartTime":1785902400000,"seckillEndTime":1786075199999,"status":"NOT_STARTED"},{"weekDay":5,"seckillStartTime":1786075200000,"seckillEndTime":1786334399999,"status":"NOT_STARTED"},{"weekDay":1,"seckillStartTime":1786334400000,"seckillEndTime":1786507199999,"status":"NOT_STARTED"}]},{"couponId":"68708657f56f912f57e063bf","name":"V2","amount":2,"xyLevel":"V2","seckillTime":"WEEKLY","periods":[{"weekDay":3,"seckillStartTime":1785297600000,"seckillEndTime":1785470399999,"status":"ENDED"},{"weekDay":5,"seckillStartTime":1785470400000,"seckillEndTime":1785729599999,"status":"PROGRESSING"},{"weekDay":1,"seckillStartTime":1785729600000,"seckillEndTime":1785902399999,"status":"NOT_STARTED"},{"weekDay":3,"seckillStartTime":1785902400000,"seckillEndTime":1786075199999,"status":"NOT_STARTED"},{"weekDay":5,"seckillStartTime":1786075200000,"seckillEndTime":1786334399999,"status":"NOT_STARTED"},{"weekDay":1,"seckillStartTime":1786334400000,"seckillEndTime":1786507199999,"status":"NOT_STARTED"}]},{"couponId":"6870867989fddd2bbdec96bc","name":"V3","amount":3,"xyLevel":"V3","seckillTime":"WEEKLY","periods":[{"weekDay":3,"seckillStartTime":1785297600000,"seckillEndTime":1785470399999,"status":"ENDED"},{"weekDay":5,"seckillStartTime":1785470400000,"seckillEndTime":1785729599999,"status":"PROGRESSING"},{"weekDay":1,"seckillStartTime":1785729600000,"seckillEndTime":1785902399999,"status":"NOT_STARTED"},{"weekDay":3,"seckillStartTime":1785902400000,"seckillEndTime":1786075199999,"status":"NOT_STARTED"},{"weekDay":5,"seckillStartTime":1786075200000,"seckillEndTime":1786334399999,"status":"NOT_STARTED"},{"weekDay":1,"seckillStartTime":1786334400000,"seckillEndTime":1786507199999,"status":"NOT_STARTED"}]},{"couponId":"6870869cf56f912f57e063c0","name":"V4","amount":8,"xyLevel":"V4","seckillTime":"WEEKLY","periods":[{"weekDay":3,"seckillStartTime":1785297600000,"seckillEndTime":1785470399999,"status":"ENDED"},{"weekDay":5,"seckillStartTime":1785470400000,"seckillEndTime":1785729599999,"status":"PROGRESSING"},{"weekDay":1,"seckillStartTime":1785729600000,"seckillEndTime":1785902399999,"status":"NOT_STARTED"},{"weekDay":3,"seckillStartTime":1785902400000,"seckillEndTime":1786075199999,"status":"NOT_STARTED"},{"weekDay":5,"seckillStartTime":1786075200000,"seckillEndTime":1786334399999,"status":"NOT_STARTED"},{"weekDay":1,"seckillStartTime":1786334400000,"seckillEndTime":1786507199999,"status":"NOT_STARTED"}]},{"couponId":"687086e33d0d02335c1804f4","name":"V5","amount":18,"xyLevel":"V5","seckillTime":"WEEKLY","periods":[{"weekDay":3,"seckillStartTime":1785297600000,"seckillEndTime":1785470399999,"status":"ENDED"},{"weekDay":5,"seckillStartTime":1785470400000,"seckillEndTime":1785729599999,"status":"PROGRESSING"},{"weekDay":1,"seckillStartTime":1785729600000,"seckillEndTime":1785902399999,"status":"NOT_STARTED"},{"weekDay":3,"seckillStartTime":1785902400000,"seckillEndTime":1786075199999,"status":"NOT_STARTED"},{"weekDay":5,"seckillStartTime":1786075200000,"seckillEndTime":1786334399999,"status":"NOT_STARTED"},{"weekDay":1,"seckillStartTime":1786334400000,"seckillEndTime":1786507199999,"status":"NOT_STARTED"}]},{"couponId":"68708705f56f912f57e063c3","name":"V6","amount":30,"xyLevel":"V6","seckillTime":"WEEKLY","periods":[{"weekDay":3,"seckillStartTime":1785297600000,"seckillEndTime":1785470399999,"status":"ENDED"},{"weekDay":5,"seckillStartTime":1785470400000,"seckillEndTime":1785729599999,"status":"PROGRESSING","acquiredStatus":"OUT_OF_STOCK","stockId":"68708705f56f912f57e063c3_WEEKLY_1785470400000","stockRemain":0},{"weekDay":1,"seckillStartTime":1785729600000,"seckillEndTime":1785902399999,"status":"NOT_STARTED"},{"weekDay":3,"seckillStartTime":1785902400000,"seckillEndTime":1786075199999,"status":"NOT_STARTED"},{"weekDay":5,"seckillStartTime":1786075200000,"seckillEndTime":1786334399999,"status":"NOT_STARTED"},{"weekDay":1,"seckillStartTime":1786334400000,"seckillEndTime":1786507199999,"status":"NOT_STARTED"}]},{"couponId":"6870872e89fddd2bbdec96bd","name":"V7","amount":75,"xyLevel":"V7","seckillTime":"WEEKLY","periods":[{"weekDay":3,"seckillStartTime":1785297600000,"seckillEndTime":1785470399999,"status":"ENDED"},{"weekDay":5,"seckillStartTime":1785470400000,"seckillEndTime":1785729599999,"status":"PROGRESSING"},{"weekDay":1,"seckillStartTime":1785729600000,"seckillEndTime":1785902399999,"status":"NOT_STARTED"},{"weekDay":3,"seckillStartTime":1785902400000,"seckillEndTime":1786075199999,"status":"NOT_STARTED"},{"weekDay":5,"seckillStartTime":1786075200000,"seckillEndTime":1786334399999,"status":"NOT_STARTED"},{"weekDay":1,"seckillStartTime":1786334400000,"seckillEndTime":1786507199999,"status":"NOT_STARTED"}]}]},"code":200,"errmsg":"OK"}}
============================================================
============================================================
[请求时间] 2026/8/3 11:32:13.771
[响应时间] 2026/8/3 11:32:13.909
[耗时] 138ms
[请求路径] https://pay-api.ds.163.com/v1/web/init/server/time
[请求方式] GET
[请求参数] {"query":null,"body":null}
[请求头] {"Accept":"application/json, text/plain, */*","Content-Type":"application/json;charset=UTF-8","GL-X-XSRF-TOKEN":"96dca0c5-a0a8-42a3-aae7-ff273c8462e7","User-Agent":"Mozilla/5.0 (Windows NT 10.0; Win64; x64) AppleWebKit/537.36 (KHTML, like Gecko) Chrome/122.0.0.0 Safari/537.36","Origin":"https://pay.ds.163.com","Referer":"https://pay.ds.163.com/","GL-ClientType":"60","GL-DeviceId":"d6972664-c170-46f6-91f3-8079b501f7ef","GL-Uid":"ab3d60bdd8614464af937bc6c0be87cb","Accept-Encoding":"gzip, compress, deflate, br"}
[响应结果] {"httpStatus":404,"data":"<!DOCTYPE HTML PUBLIC \"-//W3C//DTD HTML 3.2 Final//EN\">\n<title>404 Not Found</title>\n<h1>Not Found</h1>\n<p>The requested URL was not found on the server. If you entered the URL manually please check your spelling and try again.</p>\n"}
============================================================
============================================================
[请求时间] 2026/8/3 11:32:13.908
[响应时间] 2026/8/3 11:32:14.049
[耗时] 141ms
[请求路径] https://pay-api.ds.163.com/api/nlogin
[请求方式] GET
[请求参数] {"query":{},"body":null}
[请求头] {"Accept":"application/json, text/plain, */*","Content-Type":"application/json;charset=UTF-8","GL-X-XSRF-TOKEN":"96dca0c5-a0a8-42a3-aae7-ff273c8462e7","User-Agent":"Mozilla/5.0 (Windows NT 10.0; Win64; x64) AppleWebKit/537.36 (KHTML, like Gecko) Chrome/122.0.0.0 Safari/537.36","Origin":"https://pay.ds.163.com","Referer":"https://pay.ds.163.com/","GL-ClientType":"60","GL-DeviceId":"d6972664-c170-46f6-91f3-8079b501f7ef","GL-Uid":"ab3d60bdd8614464af937bc6c0be87cb","Accept-Encoding":"gzip, compress, deflate, br"}
[响应结果] {"httpStatus":200,"data":{"code":413,"msg":"登录失败"}}
============================================================
============================================================
[请求时间] 2026/8/3 11:47:51.644
[响应时间] 2026/8/3 11:47:51.844
[耗时] 200ms
[请求路径] https://pay-api.ds.163.com/v1/web/init/server/time
[请求方式] GET
[请求参数] {"query":null,"body":null}
[请求头] {"Accept":"application/json, text/plain, */*","Content-Type":"application/json;charset=UTF-8","User-Agent":"Mozilla/5.0 (Windows NT 10.0; Win64; x64) AppleWebKit/537.36 (KHTML, like Gecko) Chrome/122.0.0.0 Safari/537.36","Origin":"https://pay.ds.163.com","Referer":"https://pay.ds.163.com/","GL-ClientType":"60","GL-DeviceId":"d6972664-c170-46f6-91f3-8079b501f7ef","GL-Uid":"ab3d60bdd8614464af937bc6c0be87cb","GL-X-XSRF-TOKEN":"96dca0c5-a0a8-42a3-aae7-ff273c8462e7","Accept-Encoding":"gzip, compress, deflate, br"}
[响应结果] {"httpStatus":404,"data":"<!DOCTYPE HTML PUBLIC \"-//W3C//DTD HTML 3.2 Final//EN\">\n<title>404 Not Found</title>\n<h1>Not Found</h1>\n<p>The requested URL was not found on the server. If you entered the URL manually please check your spelling and try again.</p>\n"}
============================================================
============================================================
[请求时间] 2026/8/3 11:47:51.843
[响应时间] 2026/8/3 11:47:51.983
[耗时] 140ms
[请求路径] https://pay-api.ds.163.com/api/nlogin
[请求方式] GET
[请求参数] {"query":{},"body":null}
[请求头] {"Accept":"application/json, text/plain, */*","Content-Type":"application/json;charset=UTF-8","GL-X-XSRF-TOKEN":"96dca0c5-a0a8-42a3-aae7-ff273c8462e7","User-Agent":"Mozilla/5.0 (Windows NT 10.0; Win64; x64) AppleWebKit/537.36 (KHTML, like Gecko) Chrome/122.0.0.0 Safari/537.36","Origin":"https://pay.ds.163.com","Referer":"https://pay.ds.163.com/","GL-ClientType":"60","GL-DeviceId":"d6972664-c170-46f6-91f3-8079b501f7ef","GL-Uid":"ab3d60bdd8614464af937bc6c0be87cb","Accept-Encoding":"gzip, compress, deflate, br"}
[响应结果] {"httpStatus":200,"data":{"code":413,"msg":"登录失败"}}
============================================================
============================================================
[请求时间] 2026/8/3 11:47:51.982
[响应时间] 2026/8/3 11:47:52.116
[耗时] 134ms
[请求路径] https://inf.ds.163.com/v1/web/cooperate/plutus/cookie-exchange
[请求方式] GET
[请求参数] {"query":null,"body":null}
[请求头] {"Accept":"application/json, text/plain, */*","Content-Type":"application/json;charset=UTF-8","GL-X-XSRF-TOKEN":"96dca0c5-a0a8-42a3-aae7-ff273c8462e7","User-Agent":"Mozilla/5.0 (Windows NT 10.0; Win64; x64) AppleWebKit/537.36 (KHTML, like Gecko) Chrome/122.0.0.0 Safari/537.36","Origin":"https://pay.ds.163.com","Referer":"https://pay.ds.163.com/","GL-ClientType":"60","GL-DeviceId":"d6972664-c170-46f6-91f3-8079b501f7ef","GL-Uid":"ab3d60bdd8614464af937bc6c0be87cb","Accept-Encoding":"gzip, compress, deflate, br"}
[响应结果] {"httpStatus":200,"data":{"result":{"user":{"uid":"ab3d60bdd8614464af937bc6c0be87cb","nick":"lnl922","icon":"https://ok.166.net/reunionpub/3_20251102_19a403f87b2484815.jpeg","intro":"","gender":1,"frame":"64b92f13db5e2e0001e826b5","updateTime":1779774174407,"userSourceType":"URS"},"newUser":false},"code":200,"errmsg":"OK"}}
============================================================
============================================================
[请求时间] 2026/8/3 11:47:52.116
[响应时间] 2026/8/3 11:47:52.254
[耗时] 138ms
[请求路径] https://pay-api.ds.163.com/v1/web/init/server/time
[请求方式] GET
[请求参数] {"query":null,"body":null}
[请求头] {"Accept":"application/json, text/plain, */*","Content-Type":"application/json;charset=UTF-8","GL-X-XSRF-TOKEN":"96dca0c5-a0a8-42a3-aae7-ff273c8462e7","User-Agent":"Mozilla/5.0 (Windows NT 10.0; Win64; x64) AppleWebKit/537.36 (KHTML, like Gecko) Chrome/122.0.0.0 Safari/537.36","Origin":"https://pay.ds.163.com","Referer":"https://pay.ds.163.com/","GL-ClientType":"60","GL-DeviceId":"d6972664-c170-46f6-91f3-8079b501f7ef","GL-Uid":"ab3d60bdd8614464af937bc6c0be87cb","Accept-Encoding":"gzip, compress, deflate, br"}
[响应结果] {"httpStatus":404,"data":"<!DOCTYPE HTML PUBLIC \"-//W3C//DTD HTML 3.2 Final//EN\">\n<title>404 Not Found</title>\n<h1>Not Found</h1>\n<p>The requested URL was not found on the server. If you entered the URL manually please check your spelling and try again.</p>\n"}
============================================================
============================================================
[请求时间] 2026/8/3 11:47:52.254
[响应时间] 2026/8/3 11:47:52.369
[耗时] 115ms
[请求路径] https://inf.ds.163.com/v1/web/exp/xy/user/get-info
[请求方式] POST
[请求参数] {"query":null,"body":{}}
[请求头] {"Accept":"application/json, text/plain, */*","Content-Type":"application/json;charset=UTF-8","GL-X-XSRF-TOKEN":"96dca0c5-a0a8-42a3-aae7-ff273c8462e7","User-Agent":"Mozilla/5.0 (Windows NT 10.0; Win64; x64) AppleWebKit/537.36 (KHTML, like Gecko) Chrome/122.0.0.0 Safari/537.36","Origin":"https://pay.ds.163.com","Referer":"https://pay.ds.163.com/","GL-ClientType":"60","GL-DeviceId":"d6972664-c170-46f6-91f3-8079b501f7ef","GL-Uid":"ab3d60bdd8614464af937bc6c0be87cb","GL-CheckSum":"01bea09b7893e9959b40fa75e7f412c007e640fe","Content-Length":"2","Accept-Encoding":"gzip, compress, deflate, br"}
[响应结果] {"httpStatus":200,"data":{"result":{"growthPoint":392482,"currentLv":"V6","diffNextLvGrowthPoint":607518,"currentLvExpireDate":"20270626","currentLvExpire":1813939200000,"nextLv":"V7","activeGames":["l36"],"last365LoginGames":["l36"],"initDate":"20260626","lastLv":"V5"},"code":200,"errmsg":"OK"}}
============================================================
============================================================
[请求时间] 2026/8/3 11:47:52.368
[响应时间] 2026/8/3 11:47:52.426
[耗时] 58ms
[请求路径] https://inf.ds.163.com/v1/web/exp/week-coupon/showing-list-v2
[请求方式] POST
[请求参数] {"query":null,"body":{}}
[请求头] {"Accept":"application/json, text/plain, */*","Content-Type":"application/json;charset=UTF-8","GL-X-XSRF-TOKEN":"96dca0c5-a0a8-42a3-aae7-ff273c8462e7","User-Agent":"Mozilla/5.0 (Windows NT 10.0; Win64; x64) AppleWebKit/537.36 (KHTML, like Gecko) Chrome/122.0.0.0 Safari/537.36","Origin":"https://pay.ds.163.com","Referer":"https://pay.ds.163.com/","GL-ClientType":"60","GL-DeviceId":"d6972664-c170-46f6-91f3-8079b501f7ef","GL-Uid":"ab3d60bdd8614464af937bc6c0be87cb","GL-CheckSum":"01bea09b7893e9959b40fa75e7f412c007e640fe","Content-Length":"2","Accept-Encoding":"gzip, compress, deflate, br"}
[响应结果] {"httpStatus":200,"data":{"result":{"coupons":[{"couponId":"687076e69f3efd24cb2bed9c","name":"V1","amount":1,"xyLevel":"V1","seckillTime":"WEEKLY","periods":[{"weekDay":3,"seckillStartTime":1785297600000,"seckillEndTime":1785470399999,"status":"ENDED"},{"weekDay":5,"seckillStartTime":1785470400000,"seckillEndTime":1785729599999,"status":"PROGRESSING"},{"weekDay":1,"seckillStartTime":1785729600000,"seckillEndTime":1785902399999,"status":"NOT_STARTED"},{"weekDay":3,"seckillStartTime":1785902400000,"seckillEndTime":1786075199999,"status":"NOT_STARTED"},{"weekDay":5,"seckillStartTime":1786075200000,"seckillEndTime":1786334399999,"status":"NOT_STARTED"},{"weekDay":1,"seckillStartTime":1786334400000,"seckillEndTime":1786507199999,"status":"NOT_STARTED"}]},{"couponId":"68708657f56f912f57e063bf","name":"V2","amount":2,"xyLevel":"V2","seckillTime":"WEEKLY","periods":[{"weekDay":3,"seckillStartTime":1785297600000,"seckillEndTime":1785470399999,"status":"ENDED"},{"weekDay":5,"seckillStartTime":1785470400000,"seckillEndTime":1785729599999,"status":"PROGRESSING"},{"weekDay":1,"seckillStartTime":1785729600000,"seckillEndTime":1785902399999,"status":"NOT_STARTED"},{"weekDay":3,"seckillStartTime":1785902400000,"seckillEndTime":1786075199999,"status":"NOT_STARTED"},{"weekDay":5,"seckillStartTime":1786075200000,"seckillEndTime":1786334399999,"status":"NOT_STARTED"},{"weekDay":1,"seckillStartTime":1786334400000,"seckillEndTime":1786507199999,"status":"NOT_STARTED"}]},{"couponId":"6870867989fddd2bbdec96bc","name":"V3","amount":3,"xyLevel":"V3","seckillTime":"WEEKLY","periods":[{"weekDay":3,"seckillStartTime":1785297600000,"seckillEndTime":1785470399999,"status":"ENDED"},{"weekDay":5,"seckillStartTime":1785470400000,"seckillEndTime":1785729599999,"status":"PROGRESSING"},{"weekDay":1,"seckillStartTime":1785729600000,"seckillEndTime":1785902399999,"status":"NOT_STARTED"},{"weekDay":3,"seckillStartTime":1785902400000,"seckillEndTime":1786075199999,"status":"NOT_STARTED"},{"weekDay":5,"seckillStartTime":1786075200000,"seckillEndTime":1786334399999,"status":"NOT_STARTED"},{"weekDay":1,"seckillStartTime":1786334400000,"seckillEndTime":1786507199999,"status":"NOT_STARTED"}]},{"couponId":"6870869cf56f912f57e063c0","name":"V4","amount":8,"xyLevel":"V4","seckillTime":"WEEKLY","periods":[{"weekDay":3,"seckillStartTime":1785297600000,"seckillEndTime":1785470399999,"status":"ENDED"},{"weekDay":5,"seckillStartTime":1785470400000,"seckillEndTime":1785729599999,"status":"PROGRESSING"},{"weekDay":1,"seckillStartTime":1785729600000,"seckillEndTime":1785902399999,"status":"NOT_STARTED"},{"weekDay":3,"seckillStartTime":1785902400000,"seckillEndTime":1786075199999,"status":"NOT_STARTED"},{"weekDay":5,"seckillStartTime":1786075200000,"seckillEndTime":1786334399999,"status":"NOT_STARTED"},{"weekDay":1,"seckillStartTime":1786334400000,"seckillEndTime":1786507199999,"status":"NOT_STARTED"}]},{"couponId":"687086e33d0d02335c1804f4","name":"V5","amount":18,"xyLevel":"V5","seckillTime":"WEEKLY","periods":[{"weekDay":3,"seckillStartTime":1785297600000,"seckillEndTime":1785470399999,"status":"ENDED"},{"weekDay":5,"seckillStartTime":1785470400000,"seckillEndTime":1785729599999,"status":"PROGRESSING"},{"weekDay":1,"seckillStartTime":1785729600000,"seckillEndTime":1785902399999,"status":"NOT_STARTED"},{"weekDay":3,"seckillStartTime":1785902400000,"seckillEndTime":1786075199999,"status":"NOT_STARTED"},{"weekDay":5,"seckillStartTime":1786075200000,"seckillEndTime":1786334399999,"status":"NOT_STARTED"},{"weekDay":1,"seckillStartTime":1786334400000,"seckillEndTime":1786507199999,"status":"NOT_STARTED"}]},{"couponId":"68708705f56f912f57e063c3","name":"V6","amount":30,"xyLevel":"V6","seckillTime":"WEEKLY","periods":[{"weekDay":3,"seckillStartTime":1785297600000,"seckillEndTime":1785470399999,"status":"ENDED"},{"weekDay":5,"seckillStartTime":1785470400000,"seckillEndTime":1785729599999,"status":"PROGRESSING","acquiredStatus":"OUT_OF_STOCK","stockId":"68708705f56f912f57e063c3_WEEKLY_1785470400000","stockRemain":0},{"weekDay":1,"seckillStartTime":1785729600000,"seckillEndTime":1785902399999,"status":"NOT_STARTED"},{"weekDay":3,"seckillStartTime":1785902400000,"seckillEndTime":1786075199999,"status":"NOT_STARTED"},{"weekDay":5,"seckillStartTime":1786075200000,"seckillEndTime":1786334399999,"status":"NOT_STARTED"},{"weekDay":1,"seckillStartTime":1786334400000,"seckillEndTime":1786507199999,"status":"NOT_STARTED"}]},{"couponId":"6870872e89fddd2bbdec96bd","name":"V7","amount":75,"xyLevel":"V7","seckillTime":"WEEKLY","periods":[{"weekDay":3,"seckillStartTime":1785297600000,"seckillEndTime":1785470399999,"status":"ENDED"},{"weekDay":5,"seckillStartTime":1785470400000,"seckillEndTime":1785729599999,"status":"PROGRESSING"},{"weekDay":1,"seckillStartTime":1785729600000,"seckillEndTime":1785902399999,"status":"NOT_STARTED"},{"weekDay":3,"seckillStartTime":1785902400000,"seckillEndTime":1786075199999,"status":"NOT_STARTED"},{"weekDay":5,"seckillStartTime":1786075200000,"seckillEndTime":1786334399999,"status":"NOT_STARTED"},{"weekDay":1,"seckillStartTime":1786334400000,"seckillEndTime":1786507199999,"status":"NOT_STARTED"}]}]},"code":200,"errmsg":"OK"}}
============================================================
============================================================
[请求时间] 2026/8/3 11:47:52.824
[响应时间] 2026/8/3 11:47:52.893
[耗时] 69ms
[请求路径] https://inf.ds.163.com/v1/web/exp/week-coupon/showing-list-v2
[请求方式] POST
[请求参数] {"query":null,"body":{}}
[请求头] {"Accept":"application/json, text/plain, */*","Content-Type":"application/json;charset=UTF-8","GL-X-XSRF-TOKEN":"96dca0c5-a0a8-42a3-aae7-ff273c8462e7","User-Agent":"Mozilla/5.0 (Windows NT 10.0; Win64; x64) AppleWebKit/537.36 (KHTML, like Gecko) Chrome/122.0.0.0 Safari/537.36","Origin":"https://pay.ds.163.com","Referer":"https://pay.ds.163.com/","GL-ClientType":"60","GL-DeviceId":"d6972664-c170-46f6-91f3-8079b501f7ef","GL-Uid":"ab3d60bdd8614464af937bc6c0be87cb","GL-CheckSum":"01bea09b7893e9959b40fa75e7f412c007e640fe","Content-Length":"2","Accept-Encoding":"gzip, compress, deflate, br"}
[响应结果] {"httpStatus":200,"data":{"result":{"coupons":[{"couponId":"687076e69f3efd24cb2bed9c","name":"V1","amount":1,"xyLevel":"V1","seckillTime":"WEEKLY","periods":[{"weekDay":3,"seckillStartTime":1785297600000,"seckillEndTime":1785470399999,"status":"ENDED"},{"weekDay":5,"seckillStartTime":1785470400000,"seckillEndTime":1785729599999,"status":"PROGRESSING"},{"weekDay":1,"seckillStartTime":1785729600000,"seckillEndTime":1785902399999,"status":"NOT_STARTED"},{"weekDay":3,"seckillStartTime":1785902400000,"seckillEndTime":1786075199999,"status":"NOT_STARTED"},{"weekDay":5,"seckillStartTime":1786075200000,"seckillEndTime":1786334399999,"status":"NOT_STARTED"},{"weekDay":1,"seckillStartTime":1786334400000,"seckillEndTime":1786507199999,"status":"NOT_STARTED"}]},{"couponId":"68708657f56f912f57e063bf","name":"V2","amount":2,"xyLevel":"V2","seckillTime":"WEEKLY","periods":[{"weekDay":3,"seckillStartTime":1785297600000,"seckillEndTime":1785470399999,"status":"ENDED"},{"weekDay":5,"seckillStartTime":1785470400000,"seckillEndTime":1785729599999,"status":"PROGRESSING"},{"weekDay":1,"seckillStartTime":1785729600000,"seckillEndTime":1785902399999,"status":"NOT_STARTED"},{"weekDay":3,"seckillStartTime":1785902400000,"seckillEndTime":1786075199999,"status":"NOT_STARTED"},{"weekDay":5,"seckillStartTime":1786075200000,"seckillEndTime":1786334399999,"status":"NOT_STARTED"},{"weekDay":1,"seckillStartTime":1786334400000,"seckillEndTime":1786507199999,"status":"NOT_STARTED"}]},{"couponId":"6870867989fddd2bbdec96bc","name":"V3","amount":3,"xyLevel":"V3","seckillTime":"WEEKLY","periods":[{"weekDay":3,"seckillStartTime":1785297600000,"seckillEndTime":1785470399999,"status":"ENDED"},{"weekDay":5,"seckillStartTime":1785470400000,"seckillEndTime":1785729599999,"status":"PROGRESSING"},{"weekDay":1,"seckillStartTime":1785729600000,"seckillEndTime":1785902399999,"status":"NOT_STARTED"},{"weekDay":3,"seckillStartTime":1785902400000,"seckillEndTime":1786075199999,"status":"NOT_STARTED"},{"weekDay":5,"seckillStartTime":1786075200000,"seckillEndTime":1786334399999,"status":"NOT_STARTED"},{"weekDay":1,"seckillStartTime":1786334400000,"seckillEndTime":1786507199999,"status":"NOT_STARTED"}]},{"couponId":"6870869cf56f912f57e063c0","name":"V4","amount":8,"xyLevel":"V4","seckillTime":"WEEKLY","periods":[{"weekDay":3,"seckillStartTime":1785297600000,"seckillEndTime":1785470399999,"status":"ENDED"},{"weekDay":5,"seckillStartTime":1785470400000,"seckillEndTime":1785729599999,"status":"PROGRESSING"},{"weekDay":1,"seckillStartTime":1785729600000,"seckillEndTime":1785902399999,"status":"NOT_STARTED"},{"weekDay":3,"seckillStartTime":1785902400000,"seckillEndTime":1786075199999,"status":"NOT_STARTED"},{"weekDay":5,"seckillStartTime":1786075200000,"seckillEndTime":1786334399999,"status":"NOT_STARTED"},{"weekDay":1,"seckillStartTime":1786334400000,"seckillEndTime":1786507199999,"status":"NOT_STARTED"}]},{"couponId":"687086e33d0d02335c1804f4","name":"V5","amount":18,"xyLevel":"V5","seckillTime":"WEEKLY","periods":[{"weekDay":3,"seckillStartTime":1785297600000,"seckillEndTime":1785470399999,"status":"ENDED"},{"weekDay":5,"seckillStartTime":1785470400000,"seckillEndTime":1785729599999,"status":"PROGRESSING"},{"weekDay":1,"seckillStartTime":1785729600000,"seckillEndTime":1785902399999,"status":"NOT_STARTED"},{"weekDay":3,"seckillStartTime":1785902400000,"seckillEndTime":1786075199999,"status":"NOT_STARTED"},{"weekDay":5,"seckillStartTime":1786075200000,"seckillEndTime":1786334399999,"status":"NOT_STARTED"},{"weekDay":1,"seckillStartTime":1786334400000,"seckillEndTime":1786507199999,"status":"NOT_STARTED"}]},{"couponId":"68708705f56f912f57e063c3","name":"V6","amount":30,"xyLevel":"V6","seckillTime":"WEEKLY","periods":[{"weekDay":3,"seckillStartTime":1785297600000,"seckillEndTime":1785470399999,"status":"ENDED"},{"weekDay":5,"seckillStartTime":1785470400000,"seckillEndTime":1785729599999,"status":"PROGRESSING","acquiredStatus":"OUT_OF_STOCK","stockId":"68708705f56f912f57e063c3_WEEKLY_1785470400000","stockRemain":0},{"weekDay":1,"seckillStartTime":1785729600000,"seckillEndTime":1785902399999,"status":"NOT_STARTED"},{"weekDay":3,"seckillStartTime":1785902400000,"seckillEndTime":1786075199999,"status":"NOT_STARTED"},{"weekDay":5,"seckillStartTime":1786075200000,"seckillEndTime":1786334399999,"status":"NOT_STARTED"},{"weekDay":1,"seckillStartTime":1786334400000,"seckillEndTime":1786507199999,"status":"NOT_STARTED"}]},{"couponId":"6870872e89fddd2bbdec96bd","name":"V7","amount":75,"xyLevel":"V7","seckillTime":"WEEKLY","periods":[{"weekDay":3,"seckillStartTime":1785297600000,"seckillEndTime":1785470399999,"status":"ENDED"},{"weekDay":5,"seckillStartTime":1785470400000,"seckillEndTime":1785729599999,"status":"PROGRESSING"},{"weekDay":1,"seckillStartTime":1785729600000,"seckillEndTime":1785902399999,"status":"NOT_STARTED"},{"weekDay":3,"seckillStartTime":1785902400000,"seckillEndTime":1786075199999,"status":"NOT_STARTED"},{"weekDay":5,"seckillStartTime":1786075200000,"seckillEndTime":1786334399999,"status":"NOT_STARTED"},{"weekDay":1,"seckillStartTime":1786334400000,"seckillEndTime":1786507199999,"status":"NOT_STARTED"}]}]},"code":200,"errmsg":"OK"}}
============================================================
============================================================
[请求时间] 2026/8/3 11:47:52.893
[响应时间] 2026/8/3 11:47:53.040
[耗时] 147ms
[请求路径] https://pay-api.ds.163.com/v1/web/init/server/time
[请求方式] GET
[请求参数] {"query":null,"body":null}
[请求头] {"Accept":"application/json, text/plain, */*","Content-Type":"application/json;charset=UTF-8","GL-X-XSRF-TOKEN":"96dca0c5-a0a8-42a3-aae7-ff273c8462e7","User-Agent":"Mozilla/5.0 (Windows NT 10.0; Win64; x64) AppleWebKit/537.36 (KHTML, like Gecko) Chrome/122.0.0.0 Safari/537.36","Origin":"https://pay.ds.163.com","Referer":"https://pay.ds.163.com/","GL-ClientType":"60","GL-DeviceId":"d6972664-c170-46f6-91f3-8079b501f7ef","GL-Uid":"ab3d60bdd8614464af937bc6c0be87cb","Accept-Encoding":"gzip, compress, deflate, br"}
[响应结果] {"httpStatus":404,"data":"<!DOCTYPE HTML PUBLIC \"-//W3C//DTD HTML 3.2 Final//EN\">\n<title>404 Not Found</title>\n<h1>Not Found</h1>\n<p>The requested URL was not found on the server. If you entered the URL manually please check your spelling and try again.</p>\n"}
============================================================
============================================================
[请求时间] 2026/8/3 11:47:53.039
[响应时间] 2026/8/3 11:47:53.181
[耗时] 142ms
[请求路径] https://pay-api.ds.163.com/api/nlogin
[请求方式] GET
[请求参数] {"query":{},"body":null}
[请求头] {"Accept":"application/json, text/plain, */*","Content-Type":"application/json;charset=UTF-8","GL-X-XSRF-TOKEN":"96dca0c5-a0a8-42a3-aae7-ff273c8462e7","User-Agent":"Mozilla/5.0 (Windows NT 10.0; Win64; x64) AppleWebKit/537.36 (KHTML, like Gecko) Chrome/122.0.0.0 Safari/537.36","Origin":"https://pay.ds.163.com","Referer":"https://pay.ds.163.com/","GL-ClientType":"60","GL-DeviceId":"d6972664-c170-46f6-91f3-8079b501f7ef","GL-Uid":"ab3d60bdd8614464af937bc6c0be87cb","Accept-Encoding":"gzip, compress, deflate, br"}
[响应结果] {"httpStatus":200,"data":{"code":413,"msg":"登录失败"}}
============================================================
============================================================
[请求时间] 2026/8/3 11:57:55.602
[响应时间] 2026/8/3 11:57:55.782
[耗时] 180ms
[请求路径] https://pay-api.ds.163.com/v1/web/init/server/time
[请求方式] GET
[请求参数] {"query":null,"body":null}
[请求头] {"Accept":"application/json, text/plain, */*","Content-Type":"application/json;charset=UTF-8","User-Agent":"Mozilla/5.0 (Windows NT 10.0; Win64; x64) AppleWebKit/537.36 (KHTML, like Gecko) Chrome/122.0.0.0 Safari/537.36","Origin":"https://pay.ds.163.com","Referer":"https://pay.ds.163.com/","GL-ClientType":"60","GL-DeviceId":"d6972664-c170-46f6-91f3-8079b501f7ef","GL-Uid":"ab3d60bdd8614464af937bc6c0be87cb","GL-X-XSRF-TOKEN":"96dca0c5-a0a8-42a3-aae7-ff273c8462e7","Accept-Encoding":"gzip, compress, deflate, br"}
[响应结果] {"httpStatus":404,"data":"<!DOCTYPE HTML PUBLIC \"-//W3C//DTD HTML 3.2 Final//EN\">\n<title>404 Not Found</title>\n<h1>Not Found</h1>\n<p>The requested URL was not found on the server. If you entered the URL manually please check your spelling and try again.</p>\n"}
============================================================
============================================================
[请求时间] 2026/8/3 11:57:55.782
[响应时间] 2026/8/3 11:57:55.924
[耗时] 142ms
[请求路径] https://pay-api.ds.163.com/api/nlogin
[请求方式] GET
[请求参数] {"query":{},"body":null}
[请求头] {"Accept":"application/json, text/plain, */*","Content-Type":"application/json;charset=UTF-8","GL-X-XSRF-TOKEN":"96dca0c5-a0a8-42a3-aae7-ff273c8462e7","User-Agent":"Mozilla/5.0 (Windows NT 10.0; Win64; x64) AppleWebKit/537.36 (KHTML, like Gecko) Chrome/122.0.0.0 Safari/537.36","Origin":"https://pay.ds.163.com","Referer":"https://pay.ds.163.com/","GL-ClientType":"60","GL-DeviceId":"d6972664-c170-46f6-91f3-8079b501f7ef","GL-Uid":"ab3d60bdd8614464af937bc6c0be87cb","Accept-Encoding":"gzip, compress, deflate, br"}
[响应结果] {"httpStatus":200,"data":{"code":413,"msg":"登录失败"}}
============================================================
============================================================
[请求时间] 2026/8/3 11:57:55.924
[响应时间] 2026/8/3 11:57:56.092
[耗时] 168ms
[请求路径] https://inf.ds.163.com/v1/web/cooperate/plutus/cookie-exchange
[请求方式] GET
[请求参数] {"query":null,"body":null}
[请求头] {"Accept":"application/json, text/plain, */*","Content-Type":"application/json;charset=UTF-8","GL-X-XSRF-TOKEN":"96dca0c5-a0a8-42a3-aae7-ff273c8462e7","User-Agent":"Mozilla/5.0 (Windows NT 10.0; Win64; x64) AppleWebKit/537.36 (KHTML, like Gecko) Chrome/122.0.0.0 Safari/537.36","Origin":"https://pay.ds.163.com","Referer":"https://pay.ds.163.com/","GL-ClientType":"60","GL-DeviceId":"d6972664-c170-46f6-91f3-8079b501f7ef","GL-Uid":"ab3d60bdd8614464af937bc6c0be87cb","Accept-Encoding":"gzip, compress, deflate, br"}
[响应结果] {"httpStatus":200,"data":{"result":{"user":{"uid":"ab3d60bdd8614464af937bc6c0be87cb","nick":"lnl922","icon":"https://ok.166.net/reunionpub/3_20251102_19a403f87b2484815.jpeg","intro":"","gender":1,"frame":"64b92f13db5e2e0001e826b5","updateTime":1779774174407,"userSourceType":"URS"},"newUser":false},"code":200,"errmsg":"OK"}}
============================================================
============================================================
[请求时间] 2026/8/3 11:57:56.091
[响应时间] 2026/8/3 11:57:56.233
[耗时] 142ms
[请求路径] https://pay-api.ds.163.com/v1/web/init/server/time
[请求方式] GET
[请求参数] {"query":null,"body":null}
[请求头] {"Accept":"application/json, text/plain, */*","Content-Type":"application/json;charset=UTF-8","GL-X-XSRF-TOKEN":"96dca0c5-a0a8-42a3-aae7-ff273c8462e7","User-Agent":"Mozilla/5.0 (Windows NT 10.0; Win64; x64) AppleWebKit/537.36 (KHTML, like Gecko) Chrome/122.0.0.0 Safari/537.36","Origin":"https://pay.ds.163.com","Referer":"https://pay.ds.163.com/","GL-ClientType":"60","GL-DeviceId":"d6972664-c170-46f6-91f3-8079b501f7ef","GL-Uid":"ab3d60bdd8614464af937bc6c0be87cb","Accept-Encoding":"gzip, compress, deflate, br"}
[响应结果] {"httpStatus":404,"data":"<!DOCTYPE HTML PUBLIC \"-//W3C//DTD HTML 3.2 Final//EN\">\n<title>404 Not Found</title>\n<h1>Not Found</h1>\n<p>The requested URL was not found on the server. If you entered the URL manually please check your spelling and try again.</p>\n"}
============================================================
============================================================
[请求时间] 2026/8/3 11:57:56.231
[响应时间] 2026/8/3 11:57:56.337
[耗时] 106ms
[请求路径] https://inf.ds.163.com/v1/web/exp/xy/user/get-info
[请求方式] POST
[请求参数] {"query":null,"body":{}}
[请求头] {"Accept":"application/json, text/plain, */*","Content-Type":"application/json;charset=UTF-8","GL-X-XSRF-TOKEN":"96dca0c5-a0a8-42a3-aae7-ff273c8462e7","User-Agent":"Mozilla/5.0 (Windows NT 10.0; Win64; x64) AppleWebKit/537.36 (KHTML, like Gecko) Chrome/122.0.0.0 Safari/537.36","Origin":"https://pay.ds.163.com","Referer":"https://pay.ds.163.com/","GL-ClientType":"60","GL-DeviceId":"d6972664-c170-46f6-91f3-8079b501f7ef","GL-Uid":"ab3d60bdd8614464af937bc6c0be87cb","GL-CheckSum":"01bea09b7893e9959b40fa75e7f412c007e640fe","Content-Length":"2","Accept-Encoding":"gzip, compress, deflate, br"}
[响应结果] {"httpStatus":200,"data":{"result":{"growthPoint":392482,"currentLv":"V6","diffNextLvGrowthPoint":607518,"currentLvExpireDate":"20270626","currentLvExpire":1813939200000,"nextLv":"V7","activeGames":["l36"],"last365LoginGames":["l36"],"initDate":"20260626","lastLv":"V5"},"code":200,"errmsg":"OK"}}
============================================================
============================================================
[请求时间] 2026/8/3 11:57:56.336
[响应时间] 2026/8/3 11:57:56.417
[耗时] 81ms
[请求路径] https://inf.ds.163.com/v1/web/exp/week-coupon/showing-list-v2
[请求方式] POST
[请求参数] {"query":null,"body":{}}
[请求头] {"Accept":"application/json, text/plain, */*","Content-Type":"application/json;charset=UTF-8","GL-X-XSRF-TOKEN":"96dca0c5-a0a8-42a3-aae7-ff273c8462e7","User-Agent":"Mozilla/5.0 (Windows NT 10.0; Win64; x64) AppleWebKit/537.36 (KHTML, like Gecko) Chrome/122.0.0.0 Safari/537.36","Origin":"https://pay.ds.163.com","Referer":"https://pay.ds.163.com/","GL-ClientType":"60","GL-DeviceId":"d6972664-c170-46f6-91f3-8079b501f7ef","GL-Uid":"ab3d60bdd8614464af937bc6c0be87cb","GL-CheckSum":"01bea09b7893e9959b40fa75e7f412c007e640fe","Content-Length":"2","Accept-Encoding":"gzip, compress, deflate, br"}
[响应结果] {"httpStatus":200,"data":{"result":{"coupons":[{"couponId":"687076e69f3efd24cb2bed9c","name":"V1","amount":1,"xyLevel":"V1","seckillTime":"WEEKLY","periods":[{"weekDay":3,"seckillStartTime":1785297600000,"seckillEndTime":1785470399999,"status":"ENDED"},{"weekDay":5,"seckillStartTime":1785470400000,"seckillEndTime":1785729599999,"status":"PROGRESSING"},{"weekDay":1,"seckillStartTime":1785729600000,"seckillEndTime":1785902399999,"status":"NOT_STARTED"},{"weekDay":3,"seckillStartTime":1785902400000,"seckillEndTime":1786075199999,"status":"NOT_STARTED"},{"weekDay":5,"seckillStartTime":1786075200000,"seckillEndTime":1786334399999,"status":"NOT_STARTED"},{"weekDay":1,"seckillStartTime":1786334400000,"seckillEndTime":1786507199999,"status":"NOT_STARTED"}]},{"couponId":"68708657f56f912f57e063bf","name":"V2","amount":2,"xyLevel":"V2","seckillTime":"WEEKLY","periods":[{"weekDay":3,"seckillStartTime":1785297600000,"seckillEndTime":1785470399999,"status":"ENDED"},{"weekDay":5,"seckillStartTime":1785470400000,"seckillEndTime":1785729599999,"status":"PROGRESSING"},{"weekDay":1,"seckillStartTime":1785729600000,"seckillEndTime":1785902399999,"status":"NOT_STARTED"},{"weekDay":3,"seckillStartTime":1785902400000,"seckillEndTime":1786075199999,"status":"NOT_STARTED"},{"weekDay":5,"seckillStartTime":1786075200000,"seckillEndTime":1786334399999,"status":"NOT_STARTED"},{"weekDay":1,"seckillStartTime":1786334400000,"seckillEndTime":1786507199999,"status":"NOT_STARTED"}]},{"couponId":"6870867989fddd2bbdec96bc","name":"V3","amount":3,"xyLevel":"V3","seckillTime":"WEEKLY","periods":[{"weekDay":3,"seckillStartTime":1785297600000,"seckillEndTime":1785470399999,"status":"ENDED"},{"weekDay":5,"seckillStartTime":1785470400000,"seckillEndTime":1785729599999,"status":"PROGRESSING"},{"weekDay":1,"seckillStartTime":1785729600000,"seckillEndTime":1785902399999,"status":"NOT_STARTED"},{"weekDay":3,"seckillStartTime":1785902400000,"seckillEndTime":1786075199999,"status":"NOT_STARTED"},{"weekDay":5,"seckillStartTime":1786075200000,"seckillEndTime":1786334399999,"status":"NOT_STARTED"},{"weekDay":1,"seckillStartTime":1786334400000,"seckillEndTime":1786507199999,"status":"NOT_STARTED"}]},{"couponId":"6870869cf56f912f57e063c0","name":"V4","amount":8,"xyLevel":"V4","seckillTime":"WEEKLY","periods":[{"weekDay":3,"seckillStartTime":1785297600000,"seckillEndTime":1785470399999,"status":"ENDED"},{"weekDay":5,"seckillStartTime":1785470400000,"seckillEndTime":1785729599999,"status":"PROGRESSING"},{"weekDay":1,"seckillStartTime":1785729600000,"seckillEndTime":1785902399999,"status":"NOT_STARTED"},{"weekDay":3,"seckillStartTime":1785902400000,"seckillEndTime":1786075199999,"status":"NOT_STARTED"},{"weekDay":5,"seckillStartTime":1786075200000,"seckillEndTime":1786334399999,"status":"NOT_STARTED"},{"weekDay":1,"seckillStartTime":1786334400000,"seckillEndTime":1786507199999,"status":"NOT_STARTED"}]},{"couponId":"687086e33d0d02335c1804f4","name":"V5","amount":18,"xyLevel":"V5","seckillTime":"WEEKLY","periods":[{"weekDay":3,"seckillStartTime":1785297600000,"seckillEndTime":1785470399999,"status":"ENDED"},{"weekDay":5,"seckillStartTime":1785470400000,"seckillEndTime":1785729599999,"status":"PROGRESSING"},{"weekDay":1,"seckillStartTime":1785729600000,"seckillEndTime":1785902399999,"status":"NOT_STARTED"},{"weekDay":3,"seckillStartTime":1785902400000,"seckillEndTime":1786075199999,"status":"NOT_STARTED"},{"weekDay":5,"seckillStartTime":1786075200000,"seckillEndTime":1786334399999,"status":"NOT_STARTED"},{"weekDay":1,"seckillStartTime":1786334400000,"seckillEndTime":1786507199999,"status":"NOT_STARTED"}]},{"couponId":"68708705f56f912f57e063c3","name":"V6","amount":30,"xyLevel":"V6","seckillTime":"WEEKLY","periods":[{"weekDay":3,"seckillStartTime":1785297600000,"seckillEndTime":1785470399999,"status":"ENDED"},{"weekDay":5,"seckillStartTime":1785470400000,"seckillEndTime":1785729599999,"status":"PROGRESSING","acquiredStatus":"OUT_OF_STOCK","stockId":"68708705f56f912f57e063c3_WEEKLY_1785470400000","stockRemain":0},{"weekDay":1,"seckillStartTime":1785729600000,"seckillEndTime":1785902399999,"status":"NOT_STARTED"},{"weekDay":3,"seckillStartTime":1785902400000,"seckillEndTime":1786075199999,"status":"NOT_STARTED"},{"weekDay":5,"seckillStartTime":1786075200000,"seckillEndTime":1786334399999,"status":"NOT_STARTED"},{"weekDay":1,"seckillStartTime":1786334400000,"seckillEndTime":1786507199999,"status":"NOT_STARTED"}]},{"couponId":"6870872e89fddd2bbdec96bd","name":"V7","amount":75,"xyLevel":"V7","seckillTime":"WEEKLY","periods":[{"weekDay":3,"seckillStartTime":1785297600000,"seckillEndTime":1785470399999,"status":"ENDED"},{"weekDay":5,"seckillStartTime":1785470400000,"seckillEndTime":1785729599999,"status":"PROGRESSING"},{"weekDay":1,"seckillStartTime":1785729600000,"seckillEndTime":1785902399999,"status":"NOT_STARTED"},{"weekDay":3,"seckillStartTime":1785902400000,"seckillEndTime":1786075199999,"status":"NOT_STARTED"},{"weekDay":5,"seckillStartTime":1786075200000,"seckillEndTime":1786334399999,"status":"NOT_STARTED"},{"weekDay":1,"seckillStartTime":1786334400000,"seckillEndTime":1786507199999,"status":"NOT_STARTED"}]}]},"code":200,"errmsg":"OK"}}
============================================================
============================================================
[请求时间] 2026/8/3 11:57:56.800
[响应时间] 2026/8/3 11:57:56.897
[耗时] 97ms
[请求路径] https://inf.ds.163.com/v1/web/exp/week-coupon/showing-list-v2
[请求方式] POST
[请求参数] {"query":null,"body":{}}
[请求头] {"Accept":"application/json, text/plain, */*","Content-Type":"application/json;charset=UTF-8","GL-X-XSRF-TOKEN":"96dca0c5-a0a8-42a3-aae7-ff273c8462e7","User-Agent":"Mozilla/5.0 (Windows NT 10.0; Win64; x64) AppleWebKit/537.36 (KHTML, like Gecko) Chrome/122.0.0.0 Safari/537.36","Origin":"https://pay.ds.163.com","Referer":"https://pay.ds.163.com/","GL-ClientType":"60","GL-DeviceId":"d6972664-c170-46f6-91f3-8079b501f7ef","GL-Uid":"ab3d60bdd8614464af937bc6c0be87cb","GL-CheckSum":"01bea09b7893e9959b40fa75e7f412c007e640fe","Content-Length":"2","Accept-Encoding":"gzip, compress, deflate, br"}
[响应结果] {"httpStatus":200,"data":{"result":{"coupons":[{"couponId":"687076e69f3efd24cb2bed9c","name":"V1","amount":1,"xyLevel":"V1","seckillTime":"WEEKLY","periods":[{"weekDay":3,"seckillStartTime":1785297600000,"seckillEndTime":1785470399999,"status":"ENDED"},{"weekDay":5,"seckillStartTime":1785470400000,"seckillEndTime":1785729599999,"status":"PROGRESSING"},{"weekDay":1,"seckillStartTime":1785729600000,"seckillEndTime":1785902399999,"status":"NOT_STARTED"},{"weekDay":3,"seckillStartTime":1785902400000,"seckillEndTime":1786075199999,"status":"NOT_STARTED"},{"weekDay":5,"seckillStartTime":1786075200000,"seckillEndTime":1786334399999,"status":"NOT_STARTED"},{"weekDay":1,"seckillStartTime":1786334400000,"seckillEndTime":1786507199999,"status":"NOT_STARTED"}]},{"couponId":"68708657f56f912f57e063bf","name":"V2","amount":2,"xyLevel":"V2","seckillTime":"WEEKLY","periods":[{"weekDay":3,"seckillStartTime":1785297600000,"seckillEndTime":1785470399999,"status":"ENDED"},{"weekDay":5,"seckillStartTime":1785470400000,"seckillEndTime":1785729599999,"status":"PROGRESSING"},{"weekDay":1,"seckillStartTime":1785729600000,"seckillEndTime":1785902399999,"status":"NOT_STARTED"},{"weekDay":3,"seckillStartTime":1785902400000,"seckillEndTime":1786075199999,"status":"NOT_STARTED"},{"weekDay":5,"seckillStartTime":1786075200000,"seckillEndTime":1786334399999,"status":"NOT_STARTED"},{"weekDay":1,"seckillStartTime":1786334400000,"seckillEndTime":1786507199999,"status":"NOT_STARTED"}]},{"couponId":"6870867989fddd2bbdec96bc","name":"V3","amount":3,"xyLevel":"V3","seckillTime":"WEEKLY","periods":[{"weekDay":3,"seckillStartTime":1785297600000,"seckillEndTime":1785470399999,"status":"ENDED"},{"weekDay":5,"seckillStartTime":1785470400000,"seckillEndTime":1785729599999,"status":"PROGRESSING"},{"weekDay":1,"seckillStartTime":1785729600000,"seckillEndTime":1785902399999,"status":"NOT_STARTED"},{"weekDay":3,"seckillStartTime":1785902400000,"seckillEndTime":1786075199999,"status":"NOT_STARTED"},{"weekDay":5,"seckillStartTime":1786075200000,"seckillEndTime":1786334399999,"status":"NOT_STARTED"},{"weekDay":1,"seckillStartTime":1786334400000,"seckillEndTime":1786507199999,"status":"NOT_STARTED"}]},{"couponId":"6870869cf56f912f57e063c0","name":"V4","amount":8,"xyLevel":"V4","seckillTime":"WEEKLY","periods":[{"weekDay":3,"seckillStartTime":1785297600000,"seckillEndTime":1785470399999,"status":"ENDED"},{"weekDay":5,"seckillStartTime":1785470400000,"seckillEndTime":1785729599999,"status":"PROGRESSING"},{"weekDay":1,"seckillStartTime":1785729600000,"seckillEndTime":1785902399999,"status":"NOT_STARTED"},{"weekDay":3,"seckillStartTime":1785902400000,"seckillEndTime":1786075199999,"status":"NOT_STARTED"},{"weekDay":5,"seckillStartTime":1786075200000,"seckillEndTime":1786334399999,"status":"NOT_STARTED"},{"weekDay":1,"seckillStartTime":1786334400000,"seckillEndTime":1786507199999,"status":"NOT_STARTED"}]},{"couponId":"687086e33d0d02335c1804f4","name":"V5","amount":18,"xyLevel":"V5","seckillTime":"WEEKLY","periods":[{"weekDay":3,"seckillStartTime":1785297600000,"seckillEndTime":1785470399999,"status":"ENDED"},{"weekDay":5,"seckillStartTime":1785470400000,"seckillEndTime":1785729599999,"status":"PROGRESSING"},{"weekDay":1,"seckillStartTime":1785729600000,"seckillEndTime":1785902399999,"status":"NOT_STARTED"},{"weekDay":3,"seckillStartTime":1785902400000,"seckillEndTime":1786075199999,"status":"NOT_STARTED"},{"weekDay":5,"seckillStartTime":1786075200000,"seckillEndTime":1786334399999,"status":"NOT_STARTED"},{"weekDay":1,"seckillStartTime":1786334400000,"seckillEndTime":1786507199999,"status":"NOT_STARTED"}]},{"couponId":"68708705f56f912f57e063c3","name":"V6","amount":30,"xyLevel":"V6","seckillTime":"WEEKLY","periods":[{"weekDay":3,"seckillStartTime":1785297600000,"seckillEndTime":1785470399999,"status":"ENDED"},{"weekDay":5,"seckillStartTime":1785470400000,"seckillEndTime":1785729599999,"status":"PROGRESSING","acquiredStatus":"OUT_OF_STOCK","stockId":"68708705f56f912f57e063c3_WEEKLY_1785470400000","stockRemain":0},{"weekDay":1,"seckillStartTime":1785729600000,"seckillEndTime":1785902399999,"status":"NOT_STARTED"},{"weekDay":3,"seckillStartTime":1785902400000,"seckillEndTime":1786075199999,"status":"NOT_STARTED"},{"weekDay":5,"seckillStartTime":1786075200000,"seckillEndTime":1786334399999,"status":"NOT_STARTED"},{"weekDay":1,"seckillStartTime":1786334400000,"seckillEndTime":1786507199999,"status":"NOT_STARTED"}]},{"couponId":"6870872e89fddd2bbdec96bd","name":"V7","amount":75,"xyLevel":"V7","seckillTime":"WEEKLY","periods":[{"weekDay":3,"seckillStartTime":1785297600000,"seckillEndTime":1785470399999,"status":"ENDED"},{"weekDay":5,"seckillStartTime":1785470400000,"seckillEndTime":1785729599999,"status":"PROGRESSING"},{"weekDay":1,"seckillStartTime":1785729600000,"seckillEndTime":1785902399999,"status":"NOT_STARTED"},{"weekDay":3,"seckillStartTime":1785902400000,"seckillEndTime":1786075199999,"status":"NOT_STARTED"},{"weekDay":5,"seckillStartTime":1786075200000,"seckillEndTime":1786334399999,"status":"NOT_STARTED"},{"weekDay":1,"seckillStartTime":1786334400000,"seckillEndTime":1786507199999,"status":"NOT_STARTED"}]}]},"code":200,"errmsg":"OK"}}
============================================================
============================================================
[请求时间] 2026/8/3 11:57:56.896
[响应时间] 2026/8/3 11:57:57.038
[耗时] 142ms
[请求路径] https://pay-api.ds.163.com/v1/web/init/server/time
[请求方式] GET
[请求参数] {"query":null,"body":null}
[请求头] {"Accept":"application/json, text/plain, */*","Content-Type":"application/json;charset=UTF-8","GL-X-XSRF-TOKEN":"96dca0c5-a0a8-42a3-aae7-ff273c8462e7","User-Agent":"Mozilla/5.0 (Windows NT 10.0; Win64; x64) AppleWebKit/537.36 (KHTML, like Gecko) Chrome/122.0.0.0 Safari/537.36","Origin":"https://pay.ds.163.com","Referer":"https://pay.ds.163.com/","GL-ClientType":"60","GL-DeviceId":"d6972664-c170-46f6-91f3-8079b501f7ef","GL-Uid":"ab3d60bdd8614464af937bc6c0be87cb","Accept-Encoding":"gzip, compress, deflate, br"}
[响应结果] {"httpStatus":404,"data":"<!DOCTYPE HTML PUBLIC \"-//W3C//DTD HTML 3.2 Final//EN\">\n<title>404 Not Found</title>\n<h1>Not Found</h1>\n<p>The requested URL was not found on the server. If you entered the URL manually please check your spelling and try again.</p>\n"}
============================================================
============================================================
[请求时间] 2026/8/3 11:57:57.036
[响应时间] 2026/8/3 11:57:57.180
[耗时] 144ms
[请求路径] https://pay-api.ds.163.com/api/nlogin
[请求方式] GET
[请求参数] {"query":{},"body":null}
[请求头] {"Accept":"application/json, text/plain, */*","Content-Type":"application/json;charset=UTF-8","GL-X-XSRF-TOKEN":"96dca0c5-a0a8-42a3-aae7-ff273c8462e7","User-Agent":"Mozilla/5.0 (Windows NT 10.0; Win64; x64) AppleWebKit/537.36 (KHTML, like Gecko) Chrome/122.0.0.0 Safari/537.36","Origin":"https://pay.ds.163.com","Referer":"https://pay.ds.163.com/","GL-ClientType":"60","GL-DeviceId":"d6972664-c170-46f6-91f3-8079b501f7ef","GL-Uid":"ab3d60bdd8614464af937bc6c0be87cb","Accept-Encoding":"gzip, compress, deflate, br"}
[响应结果] {"httpStatus":200,"data":{"code":413,"msg":"登录失败"}}
============================================================
============================================================
[请求时间] 2026/8/3 11:59:45.016
[响应时间] 2026/8/3 11:59:45.170
[耗时] 154ms
[请求路径] https://pay-api.ds.163.com/v1/web/init/server/time
[请求方式] GET
[请求参数] {"query":null,"body":null}
[请求头] {"Accept":"application/json, text/plain, */*","Content-Type":"application/json;charset=UTF-8","GL-X-XSRF-TOKEN":"96dca0c5-a0a8-42a3-aae7-ff273c8462e7","User-Agent":"Mozilla/5.0 (Windows NT 10.0; Win64; x64) AppleWebKit/537.36 (KHTML, like Gecko) Chrome/122.0.0.0 Safari/537.36","Origin":"https://pay.ds.163.com","Referer":"https://pay.ds.163.com/","GL-ClientType":"60","GL-DeviceId":"d6972664-c170-46f6-91f3-8079b501f7ef","GL-Uid":"ab3d60bdd8614464af937bc6c0be87cb","Accept-Encoding":"gzip, compress, deflate, br"}
[响应结果] {"httpStatus":404,"data":"<!DOCTYPE HTML PUBLIC \"-//W3C//DTD HTML 3.2 Final//EN\">\n<title>404 Not Found</title>\n<h1>Not Found</h1>\n<p>The requested URL was not found on the server. If you entered the URL manually please check your spelling and try again.</p>\n"}
============================================================
============================================================
[请求时间] 2026/8/3 11:59:45.170
[响应时间] 2026/8/3 11:59:46.239
[耗时] 1069ms
[请求路径] https://pay-api.ds.163.com/api/nlogin
[请求方式] GET
[请求参数] {"query":{},"body":null}
[请求头] {"Accept":"application/json, text/plain, */*","Content-Type":"application/json;charset=UTF-8","GL-X-XSRF-TOKEN":"96dca0c5-a0a8-42a3-aae7-ff273c8462e7","User-Agent":"Mozilla/5.0 (Windows NT 10.0; Win64; x64) AppleWebKit/537.36 (KHTML, like Gecko) Chrome/122.0.0.0 Safari/537.36","Origin":"https://pay.ds.163.com","Referer":"https://pay.ds.163.com/","GL-ClientType":"60","GL-DeviceId":"d6972664-c170-46f6-91f3-8079b501f7ef","GL-Uid":"ab3d60bdd8614464af937bc6c0be87cb","Accept-Encoding":"gzip, compress, deflate, br"}
[响应结果] {"httpStatus":200,"data":{"code":413,"msg":"登录失败"}}
============================================================
============================================================
[请求时间] 2026/8/3 11:59:46.239
[响应时间] 2026/8/3 11:59:46.377
[耗时] 138ms
[请求路径] https://inf.ds.163.com/v1/web/cooperate/plutus/cookie-exchange
[请求方式] GET
[请求参数] {"query":null,"body":null}
[请求头] {"Accept":"application/json, text/plain, */*","Content-Type":"application/json;charset=UTF-8","GL-X-XSRF-TOKEN":"96dca0c5-a0a8-42a3-aae7-ff273c8462e7","User-Agent":"Mozilla/5.0 (Windows NT 10.0; Win64; x64) AppleWebKit/537.36 (KHTML, like Gecko) Chrome/122.0.0.0 Safari/537.36","Origin":"https://pay.ds.163.com","Referer":"https://pay.ds.163.com/","GL-ClientType":"60","GL-DeviceId":"d6972664-c170-46f6-91f3-8079b501f7ef","GL-Uid":"ab3d60bdd8614464af937bc6c0be87cb","Accept-Encoding":"gzip, compress, deflate, br"}
[响应结果] {"httpStatus":200,"data":{"result":{"user":{"uid":"ab3d60bdd8614464af937bc6c0be87cb","nick":"lnl922","icon":"https://ok.166.net/reunionpub/3_20251102_19a403f87b2484815.jpeg","intro":"","gender":1,"frame":"64b92f13db5e2e0001e826b5","updateTime":1779774174407,"userSourceType":"URS"},"newUser":false},"code":200,"errmsg":"OK"}}
============================================================
============================================================
[请求时间] 2026/8/3 11:59:46.376
[响应时间] 2026/8/3 11:59:46.515
[耗时] 139ms
[请求路径] https://pay-api.ds.163.com/v1/web/init/server/time
[请求方式] GET
[请求参数] {"query":null,"body":null}
[请求头] {"Accept":"application/json, text/plain, */*","Content-Type":"application/json;charset=UTF-8","GL-X-XSRF-TOKEN":"96dca0c5-a0a8-42a3-aae7-ff273c8462e7","User-Agent":"Mozilla/5.0 (Windows NT 10.0; Win64; x64) AppleWebKit/537.36 (KHTML, like Gecko) Chrome/122.0.0.0 Safari/537.36","Origin":"https://pay.ds.163.com","Referer":"https://pay.ds.163.com/","GL-ClientType":"60","GL-DeviceId":"d6972664-c170-46f6-91f3-8079b501f7ef","GL-Uid":"ab3d60bdd8614464af937bc6c0be87cb","Accept-Encoding":"gzip, compress, deflate, br"}
[响应结果] {"httpStatus":404,"data":"<!DOCTYPE HTML PUBLIC \"-//W3C//DTD HTML 3.2 Final//EN\">\n<title>404 Not Found</title>\n<h1>Not Found</h1>\n<p>The requested URL was not found on the server. If you entered the URL manually please check your spelling and try again.</p>\n"}
============================================================
============================================================
[请求时间] 2026/8/3 11:59:46.514
[响应时间] 2026/8/3 11:59:46.569
[耗时] 55ms
[请求路径] https://inf.ds.163.com/v1/web/exp/xy/user/get-info
[请求方式] POST
[请求参数] {"query":null,"body":{}}
[请求头] {"Accept":"application/json, text/plain, */*","Content-Type":"application/json;charset=UTF-8","GL-X-XSRF-TOKEN":"96dca0c5-a0a8-42a3-aae7-ff273c8462e7","User-Agent":"Mozilla/5.0 (Windows NT 10.0; Win64; x64) AppleWebKit/537.36 (KHTML, like Gecko) Chrome/122.0.0.0 Safari/537.36","Origin":"https://pay.ds.163.com","Referer":"https://pay.ds.163.com/","GL-ClientType":"60","GL-DeviceId":"d6972664-c170-46f6-91f3-8079b501f7ef","GL-Uid":"ab3d60bdd8614464af937bc6c0be87cb","GL-CheckSum":"01bea09b7893e9959b40fa75e7f412c007e640fe","Content-Length":"2","Accept-Encoding":"gzip, compress, deflate, br"}
[响应结果] {"httpStatus":200,"data":{"result":{"growthPoint":392482,"currentLv":"V6","diffNextLvGrowthPoint":607518,"currentLvExpireDate":"20270626","currentLvExpire":1813939200000,"nextLv":"V7","activeGames":["l36"],"last365LoginGames":["l36"],"initDate":"20260626","lastLv":"V5"},"code":200,"errmsg":"OK"}}
============================================================
============================================================
[请求时间] 2026/8/3 11:59:46.568
[响应时间] 2026/8/3 11:59:46.631
[耗时] 63ms
[请求路径] https://inf.ds.163.com/v1/web/exp/week-coupon/showing-list-v2
[请求方式] POST
[请求参数] {"query":null,"body":{}}
[请求头] {"Accept":"application/json, text/plain, */*","Content-Type":"application/json;charset=UTF-8","GL-X-XSRF-TOKEN":"96dca0c5-a0a8-42a3-aae7-ff273c8462e7","User-Agent":"Mozilla/5.0 (Windows NT 10.0; Win64; x64) AppleWebKit/537.36 (KHTML, like Gecko) Chrome/122.0.0.0 Safari/537.36","Origin":"https://pay.ds.163.com","Referer":"https://pay.ds.163.com/","GL-ClientType":"60","GL-DeviceId":"d6972664-c170-46f6-91f3-8079b501f7ef","GL-Uid":"ab3d60bdd8614464af937bc6c0be87cb","GL-CheckSum":"01bea09b7893e9959b40fa75e7f412c007e640fe","Content-Length":"2","Accept-Encoding":"gzip, compress, deflate, br"}
[响应结果] {"httpStatus":200,"data":{"result":{"coupons":[{"couponId":"687076e69f3efd24cb2bed9c","name":"V1","amount":1,"xyLevel":"V1","seckillTime":"WEEKLY","periods":[{"weekDay":3,"seckillStartTime":1785297600000,"seckillEndTime":1785470399999,"status":"ENDED"},{"weekDay":5,"seckillStartTime":1785470400000,"seckillEndTime":1785729599999,"status":"PROGRESSING"},{"weekDay":1,"seckillStartTime":1785729600000,"seckillEndTime":1785902399999,"status":"NOT_STARTED"},{"weekDay":3,"seckillStartTime":1785902400000,"seckillEndTime":1786075199999,"status":"NOT_STARTED"},{"weekDay":5,"seckillStartTime":1786075200000,"seckillEndTime":1786334399999,"status":"NOT_STARTED"},{"weekDay":1,"seckillStartTime":1786334400000,"seckillEndTime":1786507199999,"status":"NOT_STARTED"}]},{"couponId":"68708657f56f912f57e063bf","name":"V2","amount":2,"xyLevel":"V2","seckillTime":"WEEKLY","periods":[{"weekDay":3,"seckillStartTime":1785297600000,"seckillEndTime":1785470399999,"status":"ENDED"},{"weekDay":5,"seckillStartTime":1785470400000,"seckillEndTime":1785729599999,"status":"PROGRESSING"},{"weekDay":1,"seckillStartTime":1785729600000,"seckillEndTime":1785902399999,"status":"NOT_STARTED"},{"weekDay":3,"seckillStartTime":1785902400000,"seckillEndTime":1786075199999,"status":"NOT_STARTED"},{"weekDay":5,"seckillStartTime":1786075200000,"seckillEndTime":1786334399999,"status":"NOT_STARTED"},{"weekDay":1,"seckillStartTime":1786334400000,"seckillEndTime":1786507199999,"status":"NOT_STARTED"}]},{"couponId":"6870867989fddd2bbdec96bc","name":"V3","amount":3,"xyLevel":"V3","seckillTime":"WEEKLY","periods":[{"weekDay":3,"seckillStartTime":1785297600000,"seckillEndTime":1785470399999,"status":"ENDED"},{"weekDay":5,"seckillStartTime":1785470400000,"seckillEndTime":1785729599999,"status":"PROGRESSING"},{"weekDay":1,"seckillStartTime":1785729600000,"seckillEndTime":1785902399999,"status":"NOT_STARTED"},{"weekDay":3,"seckillStartTime":1785902400000,"seckillEndTime":1786075199999,"status":"NOT_STARTED"},{"weekDay":5,"seckillStartTime":1786075200000,"seckillEndTime":1786334399999,"status":"NOT_STARTED"},{"weekDay":1,"seckillStartTime":1786334400000,"seckillEndTime":1786507199999,"status":"NOT_STARTED"}]},{"couponId":"6870869cf56f912f57e063c0","name":"V4","amount":8,"xyLevel":"V4","seckillTime":"WEEKLY","periods":[{"weekDay":3,"seckillStartTime":1785297600000,"seckillEndTime":1785470399999,"status":"ENDED"},{"weekDay":5,"seckillStartTime":1785470400000,"seckillEndTime":1785729599999,"status":"PROGRESSING"},{"weekDay":1,"seckillStartTime":1785729600000,"seckillEndTime":1785902399999,"status":"NOT_STARTED"},{"weekDay":3,"seckillStartTime":1785902400000,"seckillEndTime":1786075199999,"status":"NOT_STARTED"},{"weekDay":5,"seckillStartTime":1786075200000,"seckillEndTime":1786334399999,"status":"NOT_STARTED"},{"weekDay":1,"seckillStartTime":1786334400000,"seckillEndTime":1786507199999,"status":"NOT_STARTED"}]},{"couponId":"687086e33d0d02335c1804f4","name":"V5","amount":18,"xyLevel":"V5","seckillTime":"WEEKLY","periods":[{"weekDay":3,"seckillStartTime":1785297600000,"seckillEndTime":1785470399999,"status":"ENDED"},{"weekDay":5,"seckillStartTime":1785470400000,"seckillEndTime":1785729599999,"status":"PROGRESSING"},{"weekDay":1,"seckillStartTime":1785729600000,"seckillEndTime":1785902399999,"status":"NOT_STARTED"},{"weekDay":3,"seckillStartTime":1785902400000,"seckillEndTime":1786075199999,"status":"NOT_STARTED"},{"weekDay":5,"seckillStartTime":1786075200000,"seckillEndTime":1786334399999,"status":"NOT_STARTED"},{"weekDay":1,"seckillStartTime":1786334400000,"seckillEndTime":1786507199999,"status":"NOT_STARTED"}]},{"couponId":"68708705f56f912f57e063c3","name":"V6","amount":30,"xyLevel":"V6","seckillTime":"WEEKLY","periods":[{"weekDay":3,"seckillStartTime":1785297600000,"seckillEndTime":1785470399999,"status":"ENDED"},{"weekDay":5,"seckillStartTime":1785470400000,"seckillEndTime":1785729599999,"status":"PROGRESSING","acquiredStatus":"OUT_OF_STOCK","stockId":"68708705f56f912f57e063c3_WEEKLY_1785470400000","stockRemain":0},{"weekDay":1,"seckillStartTime":1785729600000,"seckillEndTime":1785902399999,"status":"NOT_STARTED"},{"weekDay":3,"seckillStartTime":1785902400000,"seckillEndTime":1786075199999,"status":"NOT_STARTED"},{"weekDay":5,"seckillStartTime":1786075200000,"seckillEndTime":1786334399999,"status":"NOT_STARTED"},{"weekDay":1,"seckillStartTime":1786334400000,"seckillEndTime":1786507199999,"status":"NOT_STARTED"}]},{"couponId":"6870872e89fddd2bbdec96bd","name":"V7","amount":75,"xyLevel":"V7","seckillTime":"WEEKLY","periods":[{"weekDay":3,"seckillStartTime":1785297600000,"seckillEndTime":1785470399999,"status":"ENDED"},{"weekDay":5,"seckillStartTime":1785470400000,"seckillEndTime":1785729599999,"status":"PROGRESSING"},{"weekDay":1,"seckillStartTime":1785729600000,"seckillEndTime":1785902399999,"status":"NOT_STARTED"},{"weekDay":3,"seckillStartTime":1785902400000,"seckillEndTime":1786075199999,"status":"NOT_STARTED"},{"weekDay":5,"seckillStartTime":1786075200000,"seckillEndTime":1786334399999,"status":"NOT_STARTED"},{"weekDay":1,"seckillStartTime":1786334400000,"seckillEndTime":1786507199999,"status":"NOT_STARTED"}]}]},"code":200,"errmsg":"OK"}}
============================================================
============================================================
[请求时间] 2026/8/3 11:59:46.730
[响应时间] 2026/8/3 11:59:46.809
[耗时] 79ms
[请求路径] https://inf.ds.163.com/v1/web/exp/week-coupon/showing-list-v2
[请求方式] POST
[请求参数] {"query":null,"body":{}}
[请求头] {"Accept":"application/json, text/plain, */*","Content-Type":"application/json;charset=UTF-8","GL-X-XSRF-TOKEN":"96dca0c5-a0a8-42a3-aae7-ff273c8462e7","User-Agent":"Mozilla/5.0 (Windows NT 10.0; Win64; x64) AppleWebKit/537.36 (KHTML, like Gecko) Chrome/122.0.0.0 Safari/537.36","Origin":"https://pay.ds.163.com","Referer":"https://pay.ds.163.com/","GL-ClientType":"60","GL-DeviceId":"d6972664-c170-46f6-91f3-8079b501f7ef","GL-Uid":"ab3d60bdd8614464af937bc6c0be87cb","GL-CheckSum":"01bea09b7893e9959b40fa75e7f412c007e640fe","Content-Length":"2","Accept-Encoding":"gzip, compress, deflate, br"}
[响应结果] {"httpStatus":200,"data":{"result":{"coupons":[{"couponId":"687076e69f3efd24cb2bed9c","name":"V1","amount":1,"xyLevel":"V1","seckillTime":"WEEKLY","periods":[{"weekDay":3,"seckillStartTime":1785297600000,"seckillEndTime":1785470399999,"status":"ENDED"},{"weekDay":5,"seckillStartTime":1785470400000,"seckillEndTime":1785729599999,"status":"PROGRESSING"},{"weekDay":1,"seckillStartTime":1785729600000,"seckillEndTime":1785902399999,"status":"NOT_STARTED"},{"weekDay":3,"seckillStartTime":1785902400000,"seckillEndTime":1786075199999,"status":"NOT_STARTED"},{"weekDay":5,"seckillStartTime":1786075200000,"seckillEndTime":1786334399999,"status":"NOT_STARTED"},{"weekDay":1,"seckillStartTime":1786334400000,"seckillEndTime":1786507199999,"status":"NOT_STARTED"}]},{"couponId":"68708657f56f912f57e063bf","name":"V2","amount":2,"xyLevel":"V2","seckillTime":"WEEKLY","periods":[{"weekDay":3,"seckillStartTime":1785297600000,"seckillEndTime":1785470399999,"status":"ENDED"},{"weekDay":5,"seckillStartTime":1785470400000,"seckillEndTime":1785729599999,"status":"PROGRESSING"},{"weekDay":1,"seckillStartTime":1785729600000,"seckillEndTime":1785902399999,"status":"NOT_STARTED"},{"weekDay":3,"seckillStartTime":1785902400000,"seckillEndTime":1786075199999,"status":"NOT_STARTED"},{"weekDay":5,"seckillStartTime":1786075200000,"seckillEndTime":1786334399999,"status":"NOT_STARTED"},{"weekDay":1,"seckillStartTime":1786334400000,"seckillEndTime":1786507199999,"status":"NOT_STARTED"}]},{"couponId":"6870867989fddd2bbdec96bc","name":"V3","amount":3,"xyLevel":"V3","seckillTime":"WEEKLY","periods":[{"weekDay":3,"seckillStartTime":1785297600000,"seckillEndTime":1785470399999,"status":"ENDED"},{"weekDay":5,"seckillStartTime":1785470400000,"seckillEndTime":1785729599999,"status":"PROGRESSING"},{"weekDay":1,"seckillStartTime":1785729600000,"seckillEndTime":1785902399999,"status":"NOT_STARTED"},{"weekDay":3,"seckillStartTime":1785902400000,"seckillEndTime":1786075199999,"status":"NOT_STARTED"},{"weekDay":5,"seckillStartTime":1786075200000,"seckillEndTime":1786334399999,"status":"NOT_STARTED"},{"weekDay":1,"seckillStartTime":1786334400000,"seckillEndTime":1786507199999,"status":"NOT_STARTED"}]},{"couponId":"6870869cf56f912f57e063c0","name":"V4","amount":8,"xyLevel":"V4","seckillTime":"WEEKLY","periods":[{"weekDay":3,"seckillStartTime":1785297600000,"seckillEndTime":1785470399999,"status":"ENDED"},{"weekDay":5,"seckillStartTime":1785470400000,"seckillEndTime":1785729599999,"status":"PROGRESSING"},{"weekDay":1,"seckillStartTime":1785729600000,"seckillEndTime":1785902399999,"status":"NOT_STARTED"},{"weekDay":3,"seckillStartTime":1785902400000,"seckillEndTime":1786075199999,"status":"NOT_STARTED"},{"weekDay":5,"seckillStartTime":1786075200000,"seckillEndTime":1786334399999,"status":"NOT_STARTED"},{"weekDay":1,"seckillStartTime":1786334400000,"seckillEndTime":1786507199999,"status":"NOT_STARTED"}]},{"couponId":"687086e33d0d02335c1804f4","name":"V5","amount":18,"xyLevel":"V5","seckillTime":"WEEKLY","periods":[{"weekDay":3,"seckillStartTime":1785297600000,"seckillEndTime":1785470399999,"status":"ENDED"},{"weekDay":5,"seckillStartTime":1785470400000,"seckillEndTime":1785729599999,"status":"PROGRESSING"},{"weekDay":1,"seckillStartTime":1785729600000,"seckillEndTime":1785902399999,"status":"NOT_STARTED"},{"weekDay":3,"seckillStartTime":1785902400000,"seckillEndTime":1786075199999,"status":"NOT_STARTED"},{"weekDay":5,"seckillStartTime":1786075200000,"seckillEndTime":1786334399999,"status":"NOT_STARTED"},{"weekDay":1,"seckillStartTime":1786334400000,"seckillEndTime":1786507199999,"status":"NOT_STARTED"}]},{"couponId":"68708705f56f912f57e063c3","name":"V6","amount":30,"xyLevel":"V6","seckillTime":"WEEKLY","periods":[{"weekDay":3,"seckillStartTime":1785297600000,"seckillEndTime":1785470399999,"status":"ENDED"},{"weekDay":5,"seckillStartTime":1785470400000,"seckillEndTime":1785729599999,"status":"PROGRESSING","acquiredStatus":"OUT_OF_STOCK","stockId":"68708705f56f912f57e063c3_WEEKLY_1785470400000","stockRemain":0},{"weekDay":1,"seckillStartTime":1785729600000,"seckillEndTime":1785902399999,"status":"NOT_STARTED"},{"weekDay":3,"seckillStartTime":1785902400000,"seckillEndTime":1786075199999,"status":"NOT_STARTED"},{"weekDay":5,"seckillStartTime":1786075200000,"seckillEndTime":1786334399999,"status":"NOT_STARTED"},{"weekDay":1,"seckillStartTime":1786334400000,"seckillEndTime":1786507199999,"status":"NOT_STARTED"}]},{"couponId":"6870872e89fddd2bbdec96bd","name":"V7","amount":75,"xyLevel":"V7","seckillTime":"WEEKLY","periods":[{"weekDay":3,"seckillStartTime":1785297600000,"seckillEndTime":1785470399999,"status":"ENDED"},{"weekDay":5,"seckillStartTime":1785470400000,"seckillEndTime":1785729599999,"status":"PROGRESSING"},{"weekDay":1,"seckillStartTime":1785729600000,"seckillEndTime":1785902399999,"status":"NOT_STARTED"},{"weekDay":3,"seckillStartTime":1785902400000,"seckillEndTime":1786075199999,"status":"NOT_STARTED"},{"weekDay":5,"seckillStartTime":1786075200000,"seckillEndTime":1786334399999,"status":"NOT_STARTED"},{"weekDay":1,"seckillStartTime":1786334400000,"seckillEndTime":1786507199999,"status":"NOT_STARTED"}]}]},"code":200,"errmsg":"OK"}}
============================================================
============================================================
[请求时间] 2026/8/3 11:59:46.809
[响应时间] 2026/8/3 11:59:46.942
[耗时] 133ms
[请求路径] https://pay-api.ds.163.com/v1/web/init/server/time
[请求方式] GET
[请求参数] {"query":null,"body":null}
[请求头] {"Accept":"application/json, text/plain, */*","Content-Type":"application/json;charset=UTF-8","GL-X-XSRF-TOKEN":"96dca0c5-a0a8-42a3-aae7-ff273c8462e7","User-Agent":"Mozilla/5.0 (Windows NT 10.0; Win64; x64) AppleWebKit/537.36 (KHTML, like Gecko) Chrome/122.0.0.0 Safari/537.36","Origin":"https://pay.ds.163.com","Referer":"https://pay.ds.163.com/","GL-ClientType":"60","GL-DeviceId":"d6972664-c170-46f6-91f3-8079b501f7ef","GL-Uid":"ab3d60bdd8614464af937bc6c0be87cb","Accept-Encoding":"gzip, compress, deflate, br"}
[响应结果] {"httpStatus":404,"data":"<!DOCTYPE HTML PUBLIC \"-//W3C//DTD HTML 3.2 Final//EN\">\n<title>404 Not Found</title>\n<h1>Not Found</h1>\n<p>The requested URL was not found on the server. If you entered the URL manually please check your spelling and try again.</p>\n"}
============================================================
============================================================
[请求时间] 2026/8/3 11:59:58.417
[响应时间] 2026/8/3 11:59:58.580
[耗时] 163ms
[请求路径] https://pay-api.ds.163.com/v1/web/init/server/time
[请求方式] GET
[请求参数] {"query":null,"body":null}
[请求头] {"Accept":"application/json, text/plain, */*","Content-Type":"application/json;charset=UTF-8","GL-X-XSRF-TOKEN":"96dca0c5-a0a8-42a3-aae7-ff273c8462e7","User-Agent":"Mozilla/5.0 (Windows NT 10.0; Win64; x64) AppleWebKit/537.36 (KHTML, like Gecko) Chrome/122.0.0.0 Safari/537.36","Origin":"https://pay.ds.163.com","Referer":"https://pay.ds.163.com/","GL-ClientType":"60","GL-DeviceId":"d6972664-c170-46f6-91f3-8079b501f7ef","GL-Uid":"ab3d60bdd8614464af937bc6c0be87cb","Accept-Encoding":"gzip, compress, deflate, br"}
[响应结果] {"httpStatus":404,"data":"<!DOCTYPE HTML PUBLIC \"-//W3C//DTD HTML 3.2 Final//EN\">\n<title>404 Not Found</title>\n<h1>Not Found</h1>\n<p>The requested URL was not found on the server. If you entered the URL manually please check your spelling and try again.</p>\n"}
============================================================
============================================================
[请求时间] 2026/8/3 11:59:59.918
[响应时间] 2026/8/3 12:00:00.027
[耗时] 109ms
[请求路径] https://inf.ds.163.com/v1/web/exp/week-coupon/acquire
[请求方式] POST
[请求参数] {"query":null,"body":{"couponId":"68708705f56f912f57e063c3","stockId":"68708705f56f912f57e063c3_WEEKLY_1785729600000"}}
[请求头] {"Accept":"application/json, text/plain, */*","Content-Type":"application/json;charset=UTF-8","GL-X-XSRF-TOKEN":"96dca0c5-a0a8-42a3-aae7-ff273c8462e7","User-Agent":"Mozilla/5.0 (Windows NT 10.0; Win64; x64) AppleWebKit/537.36 (KHTML, like Gecko) Chrome/122.0.0.0 Safari/537.36","Origin":"https://pay.ds.163.com","Referer":"https://pay.ds.163.com/","GL-ClientType":"60","GL-DeviceId":"d6972664-c170-46f6-91f3-8079b501f7ef","GL-Uid":"ab3d60bdd8614464af937bc6c0be87cb","GL-CheckSum":"aa883b3156ad43e7d7ab8499fd5bfa1c695f7859","Content-Length":"97","Accept-Encoding":"gzip, compress, deflate, br"}
[响应结果] {"httpStatus":200,"data":{"code":803,"errmsg":"库存已失效"}}
============================================================
============================================================
[请求时间] 2026/8/3 12:00:00.025
[响应时间] 2026/8/3 12:00:00.562
[耗时] 537ms
[请求路径] https://inf.ds.163.com/v1/web/exp/week-coupon/showing-list-v2
[请求方式] POST
[请求参数] {"query":null,"body":{}}
[请求头] {"Accept":"application/json, text/plain, */*","Content-Type":"application/json;charset=UTF-8","GL-X-XSRF-TOKEN":"96dca0c5-a0a8-42a3-aae7-ff273c8462e7","User-Agent":"Mozilla/5.0 (Windows NT 10.0; Win64; x64) AppleWebKit/537.36 (KHTML, like Gecko) Chrome/122.0.0.0 Safari/537.36","Origin":"https://pay.ds.163.com","Referer":"https://pay.ds.163.com/","GL-ClientType":"60","GL-DeviceId":"d6972664-c170-46f6-91f3-8079b501f7ef","GL-Uid":"ab3d60bdd8614464af937bc6c0be87cb","GL-CheckSum":"01bea09b7893e9959b40fa75e7f412c007e640fe","Content-Length":"2","Accept-Encoding":"gzip, compress, deflate, br"}
[响应结果] {"httpStatus":200,"data":{"result":{"coupons":[{"couponId":"687076e69f3efd24cb2bed9c","name":"V1","amount":1,"xyLevel":"V1","seckillTime":"WEEKLY","periods":[{"weekDay":5,"seckillStartTime":1785470400000,"seckillEndTime":1785729599999,"status":"ENDED"},{"weekDay":1,"seckillStartTime":1785729600000,"seckillEndTime":1785902399999,"status":"PROGRESSING"},{"weekDay":3,"seckillStartTime":1785902400000,"seckillEndTime":1786075199999,"status":"NOT_STARTED"},{"weekDay":5,"seckillStartTime":1786075200000,"seckillEndTime":1786334399999,"status":"NOT_STARTED"},{"weekDay":1,"seckillStartTime":1786334400000,"seckillEndTime":1786507199999,"status":"NOT_STARTED"},{"weekDay":3,"seckillStartTime":1786507200000,"seckillEndTime":1786679999999,"status":"NOT_STARTED"}]},{"couponId":"68708657f56f912f57e063bf","name":"V2","amount":2,"xyLevel":"V2","seckillTime":"WEEKLY","periods":[{"weekDay":5,"seckillStartTime":1785470400000,"seckillEndTime":1785729599999,"status":"ENDED"},{"weekDay":1,"seckillStartTime":1785729600000,"seckillEndTime":1785902399999,"status":"PROGRESSING"},{"weekDay":3,"seckillStartTime":1785902400000,"seckillEndTime":1786075199999,"status":"NOT_STARTED"},{"weekDay":5,"seckillStartTime":1786075200000,"seckillEndTime":1786334399999,"status":"NOT_STARTED"},{"weekDay":1,"seckillStartTime":1786334400000,"seckillEndTime":1786507199999,"status":"NOT_STARTED"},{"weekDay":3,"seckillStartTime":1786507200000,"seckillEndTime":1786679999999,"status":"NOT_STARTED"}]},{"couponId":"6870867989fddd2bbdec96bc","name":"V3","amount":3,"xyLevel":"V3","seckillTime":"WEEKLY","periods":[{"weekDay":5,"seckillStartTime":1785470400000,"seckillEndTime":1785729599999,"status":"ENDED"},{"weekDay":1,"seckillStartTime":1785729600000,"seckillEndTime":1785902399999,"status":"PROGRESSING"},{"weekDay":3,"seckillStartTime":1785902400000,"seckillEndTime":1786075199999,"status":"NOT_STARTED"},{"weekDay":5,"seckillStartTime":1786075200000,"seckillEndTime":1786334399999,"status":"NOT_STARTED"},{"weekDay":1,"seckillStartTime":1786334400000,"seckillEndTime":1786507199999,"status":"NOT_STARTED"},{"weekDay":3,"seckillStartTime":1786507200000,"seckillEndTime":1786679999999,"status":"NOT_STARTED"}]},{"couponId":"6870869cf56f912f57e063c0","name":"V4","amount":8,"xyLevel":"V4","seckillTime":"WEEKLY","periods":[{"weekDay":5,"seckillStartTime":1785470400000,"seckillEndTime":1785729599999,"status":"ENDED"},{"weekDay":1,"seckillStartTime":1785729600000,"seckillEndTime":1785902399999,"status":"PROGRESSING"},{"weekDay":3,"seckillStartTime":1785902400000,"seckillEndTime":1786075199999,"status":"NOT_STARTED"},{"weekDay":5,"seckillStartTime":1786075200000,"seckillEndTime":1786334399999,"status":"NOT_STARTED"},{"weekDay":1,"seckillStartTime":1786334400000,"seckillEndTime":1786507199999,"status":"NOT_STARTED"},{"weekDay":3,"seckillStartTime":1786507200000,"seckillEndTime":1786679999999,"status":"NOT_STARTED"}]},{"couponId":"687086e33d0d02335c1804f4","name":"V5","amount":18,"xyLevel":"V5","seckillTime":"WEEKLY","periods":[{"weekDay":5,"seckillStartTime":1785470400000,"seckillEndTime":1785729599999,"status":"ENDED"},{"weekDay":1,"seckillStartTime":1785729600000,"seckillEndTime":1785902399999,"status":"PROGRESSING"},{"weekDay":3,"seckillStartTime":1785902400000,"seckillEndTime":1786075199999,"status":"NOT_STARTED"},{"weekDay":5,"seckillStartTime":1786075200000,"seckillEndTime":1786334399999,"status":"NOT_STARTED"},{"weekDay":1,"seckillStartTime":1786334400000,"seckillEndTime":1786507199999,"status":"NOT_STARTED"},{"weekDay":3,"seckillStartTime":1786507200000,"seckillEndTime":1786679999999,"status":"NOT_STARTED"}]},{"couponId":"68708705f56f912f57e063c3","name":"V6","amount":30,"xyLevel":"V6","seckillTime":"WEEKLY","periods":[{"weekDay":5,"seckillStartTime":1785470400000,"seckillEndTime":1785729599999,"status":"ENDED"},{"weekDay":1,"seckillStartTime":1785729600000,"seckillEndTime":1785902399999,"status":"PROGRESSING","acquiredStatus":"UN_ACQUIRED","stockId":"68708705f56f912f57e063c3_WEEKLY_1785729600000","stockRemain":115},{"weekDay":3,"seckillStartTime":1785902400000,"seckillEndTime":1786075199999,"status":"NOT_STARTED"},{"weekDay":5,"seckillStartTime":1786075200000,"seckillEndTime":1786334399999,"status":"NOT_STARTED"},{"weekDay":1,"seckillStartTime":1786334400000,"seckillEndTime":1786507199999,"status":"NOT_STARTED"},{"weekDay":3,"seckillStartTime":1786507200000,"seckillEndTime":1786679999999,"status":"NOT_STARTED"}]},{"couponId":"6870872e89fddd2bbdec96bd","name":"V7","amount":75,"xyLevel":"V7","seckillTime":"WEEKLY","periods":[{"weekDay":5,"seckillStartTime":1785470400000,"seckillEndTime":1785729599999,"status":"ENDED"},{"weekDay":1,"seckillStartTime":1785729600000,"seckillEndTime":1785902399999,"status":"PROGRESSING"},{"weekDay":3,"seckillStartTime":1785902400000,"seckillEndTime":1786075199999,"status":"NOT_STARTED"},{"weekDay":5,"seckillStartTime":1786075200000,"seckillEndTime":1786334399999,"status":"NOT_STARTED"},{"weekDay":1,"seckillStartTime":1786334400000,"seckillEndTime":1786507199999,"status":"NOT_STARTED"},{"weekDay":3,"seckillStartTime":1786507200000,"seckillEndTime":1786679999999,"status":"NOT_STARTED"}]}]},"code":200,"errmsg":"OK"}}
============================================================
============================================================
[请求时间] 2026/8/3 12:00:01.565
[响应时间] 2026/8/3 12:00:03.332
[耗时] 1767ms
[请求路径] https://inf.ds.163.com/v1/web/exp/week-coupon/acquire
[请求方式] POST
[请求参数] {"query":null,"body":{"couponId":"68708705f56f912f57e063c3","stockId":"68708705f56f912f57e063c3_WEEKLY_1785729600000"}}
[请求头] {"Accept":"application/json, text/plain, */*","Content-Type":"application/json;charset=UTF-8","GL-X-XSRF-TOKEN":"96dca0c5-a0a8-42a3-aae7-ff273c8462e7","User-Agent":"Mozilla/5.0 (Windows NT 10.0; Win64; x64) AppleWebKit/537.36 (KHTML, like Gecko) Chrome/122.0.0.0 Safari/537.36","Origin":"https://pay.ds.163.com","Referer":"https://pay.ds.163.com/","GL-ClientType":"60","GL-DeviceId":"d6972664-c170-46f6-91f3-8079b501f7ef","GL-Uid":"ab3d60bdd8614464af937bc6c0be87cb","GL-CheckSum":"aa883b3156ad43e7d7ab8499fd5bfa1c695f7859","Content-Length":"97","Accept-Encoding":"gzip, compress, deflate, br"}
[响应结果] {"httpStatus":200,"data":{"code":40008,"errmsg":"当前库存已不足，敬请参与下期活动噢"}}
============================================================
============================================================
[请求时间] 2026/8/3 12:00:04.343
[响应时间] 2026/8/3 12:00:07.469
[耗时] 3126ms
[请求路径] https://inf.ds.163.com/v1/web/exp/week-coupon/acquire
[请求方式] POST
[请求参数] {"query":null,"body":{"couponId":"68708705f56f912f57e063c3","stockId":"68708705f56f912f57e063c3_WEEKLY_1785729600000"}}
[请求头] {"Accept":"application/json, text/plain, */*","Content-Type":"application/json;charset=UTF-8","GL-X-XSRF-TOKEN":"96dca0c5-a0a8-42a3-aae7-ff273c8462e7","User-Agent":"Mozilla/5.0 (Windows NT 10.0; Win64; x64) AppleWebKit/537.36 (KHTML, like Gecko) Chrome/122.0.0.0 Safari/537.36","Origin":"https://pay.ds.163.com","Referer":"https://pay.ds.163.com/","GL-ClientType":"60","GL-DeviceId":"d6972664-c170-46f6-91f3-8079b501f7ef","GL-Uid":"ab3d60bdd8614464af937bc6c0be87cb","GL-CheckSum":"aa883b3156ad43e7d7ab8499fd5bfa1c695f7859","Content-Length":"97","Accept-Encoding":"gzip, compress, deflate, br"}
[响应结果] {"httpStatus":200,"data":{"code":40008,"errmsg":"当前库存已不足，敬请参与下期活动噢"}}
============================================================
============================================================
[请求时间] 2026/8/3 12:00:08.472
[响应时间] 2026/8/3 12:00:08.537
[耗时] 65ms
[请求路径] https://inf.ds.163.com/v1/web/exp/week-coupon/acquire
[请求方式] POST
[请求参数] {"query":null,"body":{"couponId":"68708705f56f912f57e063c3","stockId":"68708705f56f912f57e063c3_WEEKLY_1785729600000"}}
[请求头] {"Accept":"application/json, text/plain, */*","Content-Type":"application/json;charset=UTF-8","GL-X-XSRF-TOKEN":"96dca0c5-a0a8-42a3-aae7-ff273c8462e7","User-Agent":"Mozilla/5.0 (Windows NT 10.0; Win64; x64) AppleWebKit/537.36 (KHTML, like Gecko) Chrome/122.0.0.0 Safari/537.36","Origin":"https://pay.ds.163.com","Referer":"https://pay.ds.163.com/","GL-ClientType":"60","GL-DeviceId":"d6972664-c170-46f6-91f3-8079b501f7ef","GL-Uid":"ab3d60bdd8614464af937bc6c0be87cb","GL-CheckSum":"aa883b3156ad43e7d7ab8499fd5bfa1c695f7859","Content-Length":"97","Accept-Encoding":"gzip, compress, deflate, br"}
[响应结果] {"httpStatus":200,"data":{"code":40008,"errmsg":"当前库存已不足，敬请参与下期活动噢"}}
============================================================
============================================================
[请求时间] 2026/8/3 12:00:09.541
[响应时间] 2026/8/3 12:00:09.599
[耗时] 58ms
[请求路径] https://inf.ds.163.com/v1/web/exp/week-coupon/acquire
[请求方式] POST
[请求参数] {"query":null,"body":{"couponId":"68708705f56f912f57e063c3","stockId":"68708705f56f912f57e063c3_WEEKLY_1785729600000"}}
[请求头] {"Accept":"application/json, text/plain, */*","Content-Type":"application/json;charset=UTF-8","GL-X-XSRF-TOKEN":"96dca0c5-a0a8-42a3-aae7-ff273c8462e7","User-Agent":"Mozilla/5.0 (Windows NT 10.0; Win64; x64) AppleWebKit/537.36 (KHTML, like Gecko) Chrome/122.0.0.0 Safari/537.36","Origin":"https://pay.ds.163.com","Referer":"https://pay.ds.163.com/","GL-ClientType":"60","GL-DeviceId":"d6972664-c170-46f6-91f3-8079b501f7ef","GL-Uid":"ab3d60bdd8614464af937bc6c0be87cb","GL-CheckSum":"aa883b3156ad43e7d7ab8499fd5bfa1c695f7859","Content-Length":"97","Accept-Encoding":"gzip, compress, deflate, br"}
[响应结果] {"httpStatus":200,"data":{"code":40008,"errmsg":"当前库存已不足，敬请参与下期活动噢"}}
============================================================
============================================================
[请求时间] 2026/8/3 12:00:10.599
[响应时间] 2026/8/3 12:00:10.676
[耗时] 77ms
[请求路径] https://inf.ds.163.com/v1/web/exp/week-coupon/acquire
[请求方式] POST
[请求参数] {"query":null,"body":{"couponId":"68708705f56f912f57e063c3","stockId":"68708705f56f912f57e063c3_WEEKLY_1785729600000"}}
[请求头] {"Accept":"application/json, text/plain, */*","Content-Type":"application/json;charset=UTF-8","GL-X-XSRF-TOKEN":"96dca0c5-a0a8-42a3-aae7-ff273c8462e7","User-Agent":"Mozilla/5.0 (Windows NT 10.0; Win64; x64) AppleWebKit/537.36 (KHTML, like Gecko) Chrome/122.0.0.0 Safari/537.36","Origin":"https://pay.ds.163.com","Referer":"https://pay.ds.163.com/","GL-ClientType":"60","GL-DeviceId":"d6972664-c170-46f6-91f3-8079b501f7ef","GL-Uid":"ab3d60bdd8614464af937bc6c0be87cb","GL-CheckSum":"aa883b3156ad43e7d7ab8499fd5bfa1c695f7859","Content-Length":"97","Accept-Encoding":"gzip, compress, deflate, br"}
[响应结果] {"httpStatus":200,"data":{"code":40008,"errmsg":"当前库存已不足，敬请参与下期活动噢"}}
============================================================
============================================================
[请求时间] 2026/8/3 12:00:11.677
[响应时间] 2026/8/3 12:00:11.981
[耗时] 304ms
[请求路径] https://inf.ds.163.com/v1/web/exp/week-coupon/acquire
[请求方式] POST
[请求参数] {"query":null,"body":{"couponId":"68708705f56f912f57e063c3","stockId":"68708705f56f912f57e063c3_WEEKLY_1785729600000"}}
[请求头] {"Accept":"application/json, text/plain, */*","Content-Type":"application/json;charset=UTF-8","GL-X-XSRF-TOKEN":"96dca0c5-a0a8-42a3-aae7-ff273c8462e7","User-Agent":"Mozilla/5.0 (Windows NT 10.0; Win64; x64) AppleWebKit/537.36 (KHTML, like Gecko) Chrome/122.0.0.0 Safari/537.36","Origin":"https://pay.ds.163.com","Referer":"https://pay.ds.163.com/","GL-ClientType":"60","GL-DeviceId":"d6972664-c170-46f6-91f3-8079b501f7ef","GL-Uid":"ab3d60bdd8614464af937bc6c0be87cb","GL-CheckSum":"aa883b3156ad43e7d7ab8499fd5bfa1c695f7859","Content-Length":"97","Accept-Encoding":"gzip, compress, deflate, br"}
[响应结果] {"httpStatus":200,"data":{"code":40008,"errmsg":"当前库存已不足，敬请参与下期活动噢"}}
============================================================
============================================================
[请求时间] 2026/8/3 12:00:12.983
[响应时间] 2026/8/3 12:00:13.044
[耗时] 61ms
[请求路径] https://inf.ds.163.com/v1/web/exp/week-coupon/acquire
[请求方式] POST
[请求参数] {"query":null,"body":{"couponId":"68708705f56f912f57e063c3","stockId":"68708705f56f912f57e063c3_WEEKLY_1785729600000"}}
[请求头] {"Accept":"application/json, text/plain, */*","Content-Type":"application/json;charset=UTF-8","GL-X-XSRF-TOKEN":"96dca0c5-a0a8-42a3-aae7-ff273c8462e7","User-Agent":"Mozilla/5.0 (Windows NT 10.0; Win64; x64) AppleWebKit/537.36 (KHTML, like Gecko) Chrome/122.0.0.0 Safari/537.36","Origin":"https://pay.ds.163.com","Referer":"https://pay.ds.163.com/","GL-ClientType":"60","GL-DeviceId":"d6972664-c170-46f6-91f3-8079b501f7ef","GL-Uid":"ab3d60bdd8614464af937bc6c0be87cb","GL-CheckSum":"aa883b3156ad43e7d7ab8499fd5bfa1c695f7859","Content-Length":"97","Accept-Encoding":"gzip, compress, deflate, br"}
[响应结果] {"httpStatus":200,"data":{"code":40008,"errmsg":"当前库存已不足，敬请参与下期活动噢"}}
============================================================
============================================================
[请求时间] 2026/8/3 12:00:14.048
[响应时间] 2026/8/3 12:00:14.137
[耗时] 89ms
[请求路径] https://inf.ds.163.com/v1/web/exp/week-coupon/acquire
[请求方式] POST
[请求参数] {"query":null,"body":{"couponId":"68708705f56f912f57e063c3","stockId":"68708705f56f912f57e063c3_WEEKLY_1785729600000"}}
[请求头] {"Accept":"application/json, text/plain, */*","Content-Type":"application/json;charset=UTF-8","GL-X-XSRF-TOKEN":"96dca0c5-a0a8-42a3-aae7-ff273c8462e7","User-Agent":"Mozilla/5.0 (Windows NT 10.0; Win64; x64) AppleWebKit/537.36 (KHTML, like Gecko) Chrome/122.0.0.0 Safari/537.36","Origin":"https://pay.ds.163.com","Referer":"https://pay.ds.163.com/","GL-ClientType":"60","GL-DeviceId":"d6972664-c170-46f6-91f3-8079b501f7ef","GL-Uid":"ab3d60bdd8614464af937bc6c0be87cb","GL-CheckSum":"aa883b3156ad43e7d7ab8499fd5bfa1c695f7859","Content-Length":"97","Accept-Encoding":"gzip, compress, deflate, br"}
[响应结果] {"httpStatus":200,"data":{"code":40008,"errmsg":"当前库存已不足，敬请参与下期活动噢"}}
============================================================
============================================================
[请求时间] 2026/8/3 12:00:15.148
[响应时间] 2026/8/3 12:00:15.245
[耗时] 97ms
[请求路径] https://inf.ds.163.com/v1/web/exp/week-coupon/acquire
[请求方式] POST
[请求参数] {"query":null,"body":{"couponId":"68708705f56f912f57e063c3","stockId":"68708705f56f912f57e063c3_WEEKLY_1785729600000"}}
[请求头] {"Accept":"application/json, text/plain, */*","Content-Type":"application/json;charset=UTF-8","GL-X-XSRF-TOKEN":"96dca0c5-a0a8-42a3-aae7-ff273c8462e7","User-Agent":"Mozilla/5.0 (Windows NT 10.0; Win64; x64) AppleWebKit/537.36 (KHTML, like Gecko) Chrome/122.0.0.0 Safari/537.36","Origin":"https://pay.ds.163.com","Referer":"https://pay.ds.163.com/","GL-ClientType":"60","GL-DeviceId":"d6972664-c170-46f6-91f3-8079b501f7ef","GL-Uid":"ab3d60bdd8614464af937bc6c0be87cb","GL-CheckSum":"aa883b3156ad43e7d7ab8499fd5bfa1c695f7859","Content-Length":"97","Accept-Encoding":"gzip, compress, deflate, br"}
[响应结果] {"httpStatus":200,"data":{"code":40008,"errmsg":"当前库存已不足，敬请参与下期活动噢"}}
============================================================
============================================================
[请求时间] 2026/8/3 12:00:16.249
[响应时间] 2026/8/3 12:00:16.334
[耗时] 85ms
[请求路径] https://inf.ds.163.com/v1/web/exp/week-coupon/acquire
[请求方式] POST
[请求参数] {"query":null,"body":{"couponId":"68708705f56f912f57e063c3","stockId":"68708705f56f912f57e063c3_WEEKLY_1785729600000"}}
[请求头] {"Accept":"application/json, text/plain, */*","Content-Type":"application/json;charset=UTF-8","GL-X-XSRF-TOKEN":"96dca0c5-a0a8-42a3-aae7-ff273c8462e7","User-Agent":"Mozilla/5.0 (Windows NT 10.0; Win64; x64) AppleWebKit/537.36 (KHTML, like Gecko) Chrome/122.0.0.0 Safari/537.36","Origin":"https://pay.ds.163.com","Referer":"https://pay.ds.163.com/","GL-ClientType":"60","GL-DeviceId":"d6972664-c170-46f6-91f3-8079b501f7ef","GL-Uid":"ab3d60bdd8614464af937bc6c0be87cb","GL-CheckSum":"aa883b3156ad43e7d7ab8499fd5bfa1c695f7859","Content-Length":"97","Accept-Encoding":"gzip, compress, deflate, br"}
[响应结果] {"httpStatus":200,"data":{"code":40008,"errmsg":"当前库存已不足，敬请参与下期活动噢"}}
============================================================
============================================================
[请求时间] 2026/8/3 12:00:17.335
[响应时间] 2026/8/3 12:00:17.417
[耗时] 82ms
[请求路径] https://inf.ds.163.com/v1/web/exp/week-coupon/acquire
[请求方式] POST
[请求参数] {"query":null,"body":{"couponId":"68708705f56f912f57e063c3","stockId":"68708705f56f912f57e063c3_WEEKLY_1785729600000"}}
[请求头] {"Accept":"application/json, text/plain, */*","Content-Type":"application/json;charset=UTF-8","GL-X-XSRF-TOKEN":"96dca0c5-a0a8-42a3-aae7-ff273c8462e7","User-Agent":"Mozilla/5.0 (Windows NT 10.0; Win64; x64) AppleWebKit/537.36 (KHTML, like Gecko) Chrome/122.0.0.0 Safari/537.36","Origin":"https://pay.ds.163.com","Referer":"https://pay.ds.163.com/","GL-ClientType":"60","GL-DeviceId":"d6972664-c170-46f6-91f3-8079b501f7ef","GL-Uid":"ab3d60bdd8614464af937bc6c0be87cb","GL-CheckSum":"aa883b3156ad43e7d7ab8499fd5bfa1c695f7859","Content-Length":"97","Accept-Encoding":"gzip, compress, deflate, br"}
[响应结果] {"httpStatus":200,"data":{"code":40008,"errmsg":"当前库存已不足，敬请参与下期活动噢"}}
============================================================
============================================================
[请求时间] 2026/8/3 12:00:18.430
[响应时间] 2026/8/3 12:00:18.490
[耗时] 60ms
[请求路径] https://inf.ds.163.com/v1/web/exp/week-coupon/acquire
[请求方式] POST
[请求参数] {"query":null,"body":{"couponId":"68708705f56f912f57e063c3","stockId":"68708705f56f912f57e063c3_WEEKLY_1785729600000"}}
[请求头] {"Accept":"application/json, text/plain, */*","Content-Type":"application/json;charset=UTF-8","GL-X-XSRF-TOKEN":"96dca0c5-a0a8-42a3-aae7-ff273c8462e7","User-Agent":"Mozilla/5.0 (Windows NT 10.0; Win64; x64) AppleWebKit/537.36 (KHTML, like Gecko) Chrome/122.0.0.0 Safari/537.36","Origin":"https://pay.ds.163.com","Referer":"https://pay.ds.163.com/","GL-ClientType":"60","GL-DeviceId":"d6972664-c170-46f6-91f3-8079b501f7ef","GL-Uid":"ab3d60bdd8614464af937bc6c0be87cb","GL-CheckSum":"aa883b3156ad43e7d7ab8499fd5bfa1c695f7859","Content-Length":"97","Accept-Encoding":"gzip, compress, deflate, br"}
[响应结果] {"httpStatus":200,"data":{"code":40008,"errmsg":"当前库存已不足，敬请参与下期活动噢"}}
============================================================
============================================================
[请求时间] 2026/8/3 12:00:19.495
[响应时间] 2026/8/3 12:00:19.571
[耗时] 76ms
[请求路径] https://inf.ds.163.com/v1/web/exp/week-coupon/acquire
[请求方式] POST
[请求参数] {"query":null,"body":{"couponId":"68708705f56f912f57e063c3","stockId":"68708705f56f912f57e063c3_WEEKLY_1785729600000"}}
[请求头] {"Accept":"application/json, text/plain, */*","Content-Type":"application/json;charset=UTF-8","GL-X-XSRF-TOKEN":"96dca0c5-a0a8-42a3-aae7-ff273c8462e7","User-Agent":"Mozilla/5.0 (Windows NT 10.0; Win64; x64) AppleWebKit/537.36 (KHTML, like Gecko) Chrome/122.0.0.0 Safari/537.36","Origin":"https://pay.ds.163.com","Referer":"https://pay.ds.163.com/","GL-ClientType":"60","GL-DeviceId":"d6972664-c170-46f6-91f3-8079b501f7ef","GL-Uid":"ab3d60bdd8614464af937bc6c0be87cb","GL-CheckSum":"aa883b3156ad43e7d7ab8499fd5bfa1c695f7859","Content-Length":"97","Accept-Encoding":"gzip, compress, deflate, br"}
[响应结果] {"httpStatus":200,"data":{"code":40008,"errmsg":"当前库存已不足，敬请参与下期活动噢"}}
============================================================
============================================================
[请求时间] 2026/8/3 12:00:20.579
[响应时间] 2026/8/3 12:00:20.633
[耗时] 54ms
[请求路径] https://inf.ds.163.com/v1/web/exp/week-coupon/acquire
[请求方式] POST
[请求参数] {"query":null,"body":{"couponId":"68708705f56f912f57e063c3","stockId":"68708705f56f912f57e063c3_WEEKLY_1785729600000"}}
[请求头] {"Accept":"application/json, text/plain, */*","Content-Type":"application/json;charset=UTF-8","GL-X-XSRF-TOKEN":"96dca0c5-a0a8-42a3-aae7-ff273c8462e7","User-Agent":"Mozilla/5.0 (Windows NT 10.0; Win64; x64) AppleWebKit/537.36 (KHTML, like Gecko) Chrome/122.0.0.0 Safari/537.36","Origin":"https://pay.ds.163.com","Referer":"https://pay.ds.163.com/","GL-ClientType":"60","GL-DeviceId":"d6972664-c170-46f6-91f3-8079b501f7ef","GL-Uid":"ab3d60bdd8614464af937bc6c0be87cb","GL-CheckSum":"aa883b3156ad43e7d7ab8499fd5bfa1c695f7859","Content-Length":"97","Accept-Encoding":"gzip, compress, deflate, br"}
[响应结果] {"httpStatus":200,"data":{"code":40008,"errmsg":"当前库存已不足，敬请参与下期活动噢"}}
============================================================
============================================================
[请求时间] 2026/8/3 12:00:21.645
[响应时间] 2026/8/3 12:00:21.712
[耗时] 67ms
[请求路径] https://inf.ds.163.com/v1/web/exp/week-coupon/acquire
[请求方式] POST
[请求参数] {"query":null,"body":{"couponId":"68708705f56f912f57e063c3","stockId":"68708705f56f912f57e063c3_WEEKLY_1785729600000"}}
[请求头] {"Accept":"application/json, text/plain, */*","Content-Type":"application/json;charset=UTF-8","GL-X-XSRF-TOKEN":"96dca0c5-a0a8-42a3-aae7-ff273c8462e7","User-Agent":"Mozilla/5.0 (Windows NT 10.0; Win64; x64) AppleWebKit/537.36 (KHTML, like Gecko) Chrome/122.0.0.0 Safari/537.36","Origin":"https://pay.ds.163.com","Referer":"https://pay.ds.163.com/","GL-ClientType":"60","GL-DeviceId":"d6972664-c170-46f6-91f3-8079b501f7ef","GL-Uid":"ab3d60bdd8614464af937bc6c0be87cb","GL-CheckSum":"aa883b3156ad43e7d7ab8499fd5bfa1c695f7859","Content-Length":"97","Accept-Encoding":"gzip, compress, deflate, br"}
[响应结果] {"httpStatus":200,"data":{"code":40008,"errmsg":"当前库存已不足，敬请参与下期活动噢"}}
============================================================
============================================================
[请求时间] 2026/8/3 12:00:22.712
[响应时间] 2026/8/3 12:00:22.780
[耗时] 68ms
[请求路径] https://inf.ds.163.com/v1/web/exp/week-coupon/acquire
[请求方式] POST
[请求参数] {"query":null,"body":{"couponId":"68708705f56f912f57e063c3","stockId":"68708705f56f912f57e063c3_WEEKLY_1785729600000"}}
[请求头] {"Accept":"application/json, text/plain, */*","Content-Type":"application/json;charset=UTF-8","GL-X-XSRF-TOKEN":"96dca0c5-a0a8-42a3-aae7-ff273c8462e7","User-Agent":"Mozilla/5.0 (Windows NT 10.0; Win64; x64) AppleWebKit/537.36 (KHTML, like Gecko) Chrome/122.0.0.0 Safari/537.36","Origin":"https://pay.ds.163.com","Referer":"https://pay.ds.163.com/","GL-ClientType":"60","GL-DeviceId":"d6972664-c170-46f6-91f3-8079b501f7ef","GL-Uid":"ab3d60bdd8614464af937bc6c0be87cb","GL-CheckSum":"aa883b3156ad43e7d7ab8499fd5bfa1c695f7859","Content-Length":"97","Accept-Encoding":"gzip, compress, deflate, br"}
[响应结果] {"httpStatus":200,"data":{"code":40008,"errmsg":"当前库存已不足，敬请参与下期活动噢"}}
============================================================
============================================================
[请求时间] 2026/8/3 12:00:23.794
[响应时间] 2026/8/3 12:00:23.869
[耗时] 75ms
[请求路径] https://inf.ds.163.com/v1/web/exp/week-coupon/acquire
[请求方式] POST
[请求参数] {"query":null,"body":{"couponId":"68708705f56f912f57e063c3","stockId":"68708705f56f912f57e063c3_WEEKLY_1785729600000"}}
[请求头] {"Accept":"application/json, text/plain, */*","Content-Type":"application/json;charset=UTF-8","GL-X-XSRF-TOKEN":"96dca0c5-a0a8-42a3-aae7-ff273c8462e7","User-Agent":"Mozilla/5.0 (Windows NT 10.0; Win64; x64) AppleWebKit/537.36 (KHTML, like Gecko) Chrome/122.0.0.0 Safari/537.36","Origin":"https://pay.ds.163.com","Referer":"https://pay.ds.163.com/","GL-ClientType":"60","GL-DeviceId":"d6972664-c170-46f6-91f3-8079b501f7ef","GL-Uid":"ab3d60bdd8614464af937bc6c0be87cb","GL-CheckSum":"aa883b3156ad43e7d7ab8499fd5bfa1c695f7859","Content-Length":"97","Accept-Encoding":"gzip, compress, deflate, br"}
[响应结果] {"httpStatus":200,"data":{"code":40008,"errmsg":"当前库存已不足，敬请参与下期活动噢"}}
============================================================
============================================================
[请求时间] 2026/8/3 12:00:24.876
[响应时间] 2026/8/3 12:00:24.947
[耗时] 71ms
[请求路径] https://inf.ds.163.com/v1/web/exp/week-coupon/acquire
[请求方式] POST
[请求参数] {"query":null,"body":{"couponId":"68708705f56f912f57e063c3","stockId":"68708705f56f912f57e063c3_WEEKLY_1785729600000"}}
[请求头] {"Accept":"application/json, text/plain, */*","Content-Type":"application/json;charset=UTF-8","GL-X-XSRF-TOKEN":"96dca0c5-a0a8-42a3-aae7-ff273c8462e7","User-Agent":"Mozilla/5.0 (Windows NT 10.0; Win64; x64) AppleWebKit/537.36 (KHTML, like Gecko) Chrome/122.0.0.0 Safari/537.36","Origin":"https://pay.ds.163.com","Referer":"https://pay.ds.163.com/","GL-ClientType":"60","GL-DeviceId":"d6972664-c170-46f6-91f3-8079b501f7ef","GL-Uid":"ab3d60bdd8614464af937bc6c0be87cb","GL-CheckSum":"aa883b3156ad43e7d7ab8499fd5bfa1c695f7859","Content-Length":"97","Accept-Encoding":"gzip, compress, deflate, br"}
[响应结果] {"httpStatus":200,"data":{"code":40008,"errmsg":"当前库存已不足，敬请参与下期活动噢"}}
============================================================
============================================================
[请求时间] 2026/8/3 12:01:09.156
[响应时间] 2026/8/3 12:01:09.356
[耗时] 200ms
[请求路径] https://pay-api.ds.163.com/v1/web/init/server/time
[请求方式] GET
[请求参数] {"query":null,"body":null}
[请求头] {"Accept":"application/json, text/plain, */*","Content-Type":"application/json;charset=UTF-8","User-Agent":"Mozilla/5.0 (Windows NT 10.0; Win64; x64) AppleWebKit/537.36 (KHTML, like Gecko) Chrome/122.0.0.0 Safari/537.36","Origin":"https://pay.ds.163.com","Referer":"https://pay.ds.163.com/","GL-ClientType":"60","GL-DeviceId":"d6972664-c170-46f6-91f3-8079b501f7ef","GL-Uid":"ab3d60bdd8614464af937bc6c0be87cb","GL-X-XSRF-TOKEN":"96dca0c5-a0a8-42a3-aae7-ff273c8462e7","Accept-Encoding":"gzip, compress, deflate, br"}
[响应结果] {"httpStatus":404,"data":"<!DOCTYPE HTML PUBLIC \"-//W3C//DTD HTML 3.2 Final//EN\">\n<title>404 Not Found</title>\n<h1>Not Found</h1>\n<p>The requested URL was not found on the server. If you entered the URL manually please check your spelling and try again.</p>\n"}
============================================================
============================================================
[请求时间] 2026/8/3 12:01:09.355
[响应时间] 2026/8/3 12:01:09.494
[耗时] 139ms
[请求路径] https://pay-api.ds.163.com/api/nlogin
[请求方式] GET
[请求参数] {"query":{},"body":null}
[请求头] {"Accept":"application/json, text/plain, */*","Content-Type":"application/json;charset=UTF-8","GL-X-XSRF-TOKEN":"96dca0c5-a0a8-42a3-aae7-ff273c8462e7","User-Agent":"Mozilla/5.0 (Windows NT 10.0; Win64; x64) AppleWebKit/537.36 (KHTML, like Gecko) Chrome/122.0.0.0 Safari/537.36","Origin":"https://pay.ds.163.com","Referer":"https://pay.ds.163.com/","GL-ClientType":"60","GL-DeviceId":"d6972664-c170-46f6-91f3-8079b501f7ef","GL-Uid":"ab3d60bdd8614464af937bc6c0be87cb","Accept-Encoding":"gzip, compress, deflate, br"}
[响应结果] {"httpStatus":200,"data":{"code":413,"msg":"登录失败"}}
============================================================
============================================================
[请求时间] 2026/8/3 12:01:09.493
[响应时间] 2026/8/3 12:01:09.664
[耗时] 171ms
[请求路径] https://inf.ds.163.com/v1/web/cooperate/plutus/cookie-exchange
[请求方式] GET
[请求参数] {"query":null,"body":null}
[请求头] {"Accept":"application/json, text/plain, */*","Content-Type":"application/json;charset=UTF-8","GL-X-XSRF-TOKEN":"96dca0c5-a0a8-42a3-aae7-ff273c8462e7","User-Agent":"Mozilla/5.0 (Windows NT 10.0; Win64; x64) AppleWebKit/537.36 (KHTML, like Gecko) Chrome/122.0.0.0 Safari/537.36","Origin":"https://pay.ds.163.com","Referer":"https://pay.ds.163.com/","GL-ClientType":"60","GL-DeviceId":"d6972664-c170-46f6-91f3-8079b501f7ef","GL-Uid":"ab3d60bdd8614464af937bc6c0be87cb","Accept-Encoding":"gzip, compress, deflate, br"}
[响应结果] {"httpStatus":200,"data":{"result":{"user":{"uid":"ab3d60bdd8614464af937bc6c0be87cb","nick":"lnl922","icon":"https://ok.166.net/reunionpub/3_20251102_19a403f87b2484815.jpeg","intro":"","gender":1,"frame":"64b92f13db5e2e0001e826b5","updateTime":1779774174407,"userSourceType":"URS"},"newUser":false},"code":200,"errmsg":"OK"}}
============================================================
============================================================
[请求时间] 2026/8/3 12:01:09.664
[响应时间] 2026/8/3 12:01:09.803
[耗时] 139ms
[请求路径] https://pay-api.ds.163.com/v1/web/init/server/time
[请求方式] GET
[请求参数] {"query":null,"body":null}
[请求头] {"Accept":"application/json, text/plain, */*","Content-Type":"application/json;charset=UTF-8","GL-X-XSRF-TOKEN":"96dca0c5-a0a8-42a3-aae7-ff273c8462e7","User-Agent":"Mozilla/5.0 (Windows NT 10.0; Win64; x64) AppleWebKit/537.36 (KHTML, like Gecko) Chrome/122.0.0.0 Safari/537.36","Origin":"https://pay.ds.163.com","Referer":"https://pay.ds.163.com/","GL-ClientType":"60","GL-DeviceId":"d6972664-c170-46f6-91f3-8079b501f7ef","GL-Uid":"ab3d60bdd8614464af937bc6c0be87cb","Accept-Encoding":"gzip, compress, deflate, br"}
[响应结果] {"httpStatus":404,"data":"<!DOCTYPE HTML PUBLIC \"-//W3C//DTD HTML 3.2 Final//EN\">\n<title>404 Not Found</title>\n<h1>Not Found</h1>\n<p>The requested URL was not found on the server. If you entered the URL manually please check your spelling and try again.</p>\n"}
============================================================
============================================================
[请求时间] 2026/8/3 12:01:09.802
[响应时间] 2026/8/3 12:01:09.918
[耗时] 116ms
[请求路径] https://inf.ds.163.com/v1/web/exp/xy/user/get-info
[请求方式] POST
[请求参数] {"query":null,"body":{}}
[请求头] {"Accept":"application/json, text/plain, */*","Content-Type":"application/json;charset=UTF-8","GL-X-XSRF-TOKEN":"96dca0c5-a0a8-42a3-aae7-ff273c8462e7","User-Agent":"Mozilla/5.0 (Windows NT 10.0; Win64; x64) AppleWebKit/537.36 (KHTML, like Gecko) Chrome/122.0.0.0 Safari/537.36","Origin":"https://pay.ds.163.com","Referer":"https://pay.ds.163.com/","GL-ClientType":"60","GL-DeviceId":"d6972664-c170-46f6-91f3-8079b501f7ef","GL-Uid":"ab3d60bdd8614464af937bc6c0be87cb","GL-CheckSum":"01bea09b7893e9959b40fa75e7f412c007e640fe","Content-Length":"2","Accept-Encoding":"gzip, compress, deflate, br"}
[响应结果] {"httpStatus":200,"data":{"result":{"growthPoint":392482,"currentLv":"V6","diffNextLvGrowthPoint":607518,"currentLvExpireDate":"20270626","currentLvExpire":1813939200000,"nextLv":"V7","activeGames":["l36"],"last365LoginGames":["l36"],"initDate":"20260626","lastLv":"V5"},"code":200,"errmsg":"OK"}}
============================================================
============================================================
[请求时间] 2026/8/3 12:01:09.916
[响应时间] 2026/8/3 12:01:09.991
[耗时] 75ms
[请求路径] https://inf.ds.163.com/v1/web/exp/week-coupon/showing-list-v2
[请求方式] POST
[请求参数] {"query":null,"body":{}}
[请求头] {"Accept":"application/json, text/plain, */*","Content-Type":"application/json;charset=UTF-8","GL-X-XSRF-TOKEN":"96dca0c5-a0a8-42a3-aae7-ff273c8462e7","User-Agent":"Mozilla/5.0 (Windows NT 10.0; Win64; x64) AppleWebKit/537.36 (KHTML, like Gecko) Chrome/122.0.0.0 Safari/537.36","Origin":"https://pay.ds.163.com","Referer":"https://pay.ds.163.com/","GL-ClientType":"60","GL-DeviceId":"d6972664-c170-46f6-91f3-8079b501f7ef","GL-Uid":"ab3d60bdd8614464af937bc6c0be87cb","GL-CheckSum":"01bea09b7893e9959b40fa75e7f412c007e640fe","Content-Length":"2","Accept-Encoding":"gzip, compress, deflate, br"}
[响应结果] {"httpStatus":200,"data":{"result":{"coupons":[{"couponId":"687076e69f3efd24cb2bed9c","name":"V1","amount":1,"xyLevel":"V1","seckillTime":"WEEKLY","periods":[{"weekDay":5,"seckillStartTime":1785470400000,"seckillEndTime":1785729599999,"status":"ENDED"},{"weekDay":1,"seckillStartTime":1785729600000,"seckillEndTime":1785902399999,"status":"PROGRESSING"},{"weekDay":3,"seckillStartTime":1785902400000,"seckillEndTime":1786075199999,"status":"NOT_STARTED"},{"weekDay":5,"seckillStartTime":1786075200000,"seckillEndTime":1786334399999,"status":"NOT_STARTED"},{"weekDay":1,"seckillStartTime":1786334400000,"seckillEndTime":1786507199999,"status":"NOT_STARTED"},{"weekDay":3,"seckillStartTime":1786507200000,"seckillEndTime":1786679999999,"status":"NOT_STARTED"}]},{"couponId":"68708657f56f912f57e063bf","name":"V2","amount":2,"xyLevel":"V2","seckillTime":"WEEKLY","periods":[{"weekDay":5,"seckillStartTime":1785470400000,"seckillEndTime":1785729599999,"status":"ENDED"},{"weekDay":1,"seckillStartTime":1785729600000,"seckillEndTime":1785902399999,"status":"PROGRESSING"},{"weekDay":3,"seckillStartTime":1785902400000,"seckillEndTime":1786075199999,"status":"NOT_STARTED"},{"weekDay":5,"seckillStartTime":1786075200000,"seckillEndTime":1786334399999,"status":"NOT_STARTED"},{"weekDay":1,"seckillStartTime":1786334400000,"seckillEndTime":1786507199999,"status":"NOT_STARTED"},{"weekDay":3,"seckillStartTime":1786507200000,"seckillEndTime":1786679999999,"status":"NOT_STARTED"}]},{"couponId":"6870867989fddd2bbdec96bc","name":"V3","amount":3,"xyLevel":"V3","seckillTime":"WEEKLY","periods":[{"weekDay":5,"seckillStartTime":1785470400000,"seckillEndTime":1785729599999,"status":"ENDED"},{"weekDay":1,"seckillStartTime":1785729600000,"seckillEndTime":1785902399999,"status":"PROGRESSING"},{"weekDay":3,"seckillStartTime":1785902400000,"seckillEndTime":1786075199999,"status":"NOT_STARTED"},{"weekDay":5,"seckillStartTime":1786075200000,"seckillEndTime":1786334399999,"status":"NOT_STARTED"},{"weekDay":1,"seckillStartTime":1786334400000,"seckillEndTime":1786507199999,"status":"NOT_STARTED"},{"weekDay":3,"seckillStartTime":1786507200000,"seckillEndTime":1786679999999,"status":"NOT_STARTED"}]},{"couponId":"6870869cf56f912f57e063c0","name":"V4","amount":8,"xyLevel":"V4","seckillTime":"WEEKLY","periods":[{"weekDay":5,"seckillStartTime":1785470400000,"seckillEndTime":1785729599999,"status":"ENDED"},{"weekDay":1,"seckillStartTime":1785729600000,"seckillEndTime":1785902399999,"status":"PROGRESSING"},{"weekDay":3,"seckillStartTime":1785902400000,"seckillEndTime":1786075199999,"status":"NOT_STARTED"},{"weekDay":5,"seckillStartTime":1786075200000,"seckillEndTime":1786334399999,"status":"NOT_STARTED"},{"weekDay":1,"seckillStartTime":1786334400000,"seckillEndTime":1786507199999,"status":"NOT_STARTED"},{"weekDay":3,"seckillStartTime":1786507200000,"seckillEndTime":1786679999999,"status":"NOT_STARTED"}]},{"couponId":"687086e33d0d02335c1804f4","name":"V5","amount":18,"xyLevel":"V5","seckillTime":"WEEKLY","periods":[{"weekDay":5,"seckillStartTime":1785470400000,"seckillEndTime":1785729599999,"status":"ENDED"},{"weekDay":1,"seckillStartTime":1785729600000,"seckillEndTime":1785902399999,"status":"PROGRESSING"},{"weekDay":3,"seckillStartTime":1785902400000,"seckillEndTime":1786075199999,"status":"NOT_STARTED"},{"weekDay":5,"seckillStartTime":1786075200000,"seckillEndTime":1786334399999,"status":"NOT_STARTED"},{"weekDay":1,"seckillStartTime":1786334400000,"seckillEndTime":1786507199999,"status":"NOT_STARTED"},{"weekDay":3,"seckillStartTime":1786507200000,"seckillEndTime":1786679999999,"status":"NOT_STARTED"}]},{"couponId":"68708705f56f912f57e063c3","name":"V6","amount":30,"xyLevel":"V6","seckillTime":"WEEKLY","periods":[{"weekDay":5,"seckillStartTime":1785470400000,"seckillEndTime":1785729599999,"status":"ENDED"},{"weekDay":1,"seckillStartTime":1785729600000,"seckillEndTime":1785902399999,"status":"PROGRESSING","acquiredStatus":"OUT_OF_STOCK","stockId":"68708705f56f912f57e063c3_WEEKLY_1785729600000","stockRemain":0},{"weekDay":3,"seckillStartTime":1785902400000,"seckillEndTime":1786075199999,"status":"NOT_STARTED"},{"weekDay":5,"seckillStartTime":1786075200000,"seckillEndTime":1786334399999,"status":"NOT_STARTED"},{"weekDay":1,"seckillStartTime":1786334400000,"seckillEndTime":1786507199999,"status":"NOT_STARTED"},{"weekDay":3,"seckillStartTime":1786507200000,"seckillEndTime":1786679999999,"status":"NOT_STARTED"}]},{"couponId":"6870872e89fddd2bbdec96bd","name":"V7","amount":75,"xyLevel":"V7","seckillTime":"WEEKLY","periods":[{"weekDay":5,"seckillStartTime":1785470400000,"seckillEndTime":1785729599999,"status":"ENDED"},{"weekDay":1,"seckillStartTime":1785729600000,"seckillEndTime":1785902399999,"status":"PROGRESSING"},{"weekDay":3,"seckillStartTime":1785902400000,"seckillEndTime":1786075199999,"status":"NOT_STARTED"},{"weekDay":5,"seckillStartTime":1786075200000,"seckillEndTime":1786334399999,"status":"NOT_STARTED"},{"weekDay":1,"seckillStartTime":1786334400000,"seckillEndTime":1786507199999,"status":"NOT_STARTED"},{"weekDay":3,"seckillStartTime":1786507200000,"seckillEndTime":1786679999999,"status":"NOT_STARTED"}]}]},"code":200,"errmsg":"OK"}}
============================================================
============================================================
[请求时间] 2026/8/3 12:01:10.375
[响应时间] 2026/8/3 12:01:10.433
[耗时] 58ms
[请求路径] https://inf.ds.163.com/v1/web/exp/week-coupon/showing-list-v2
[请求方式] POST
[请求参数] {"query":null,"body":{}}
[请求头] {"Accept":"application/json, text/plain, */*","Content-Type":"application/json;charset=UTF-8","GL-X-XSRF-TOKEN":"96dca0c5-a0a8-42a3-aae7-ff273c8462e7","User-Agent":"Mozilla/5.0 (Windows NT 10.0; Win64; x64) AppleWebKit/537.36 (KHTML, like Gecko) Chrome/122.0.0.0 Safari/537.36","Origin":"https://pay.ds.163.com","Referer":"https://pay.ds.163.com/","GL-ClientType":"60","GL-DeviceId":"d6972664-c170-46f6-91f3-8079b501f7ef","GL-Uid":"ab3d60bdd8614464af937bc6c0be87cb","GL-CheckSum":"01bea09b7893e9959b40fa75e7f412c007e640fe","Content-Length":"2","Accept-Encoding":"gzip, compress, deflate, br"}
[响应结果] {"httpStatus":200,"data":{"result":{"coupons":[{"couponId":"687076e69f3efd24cb2bed9c","name":"V1","amount":1,"xyLevel":"V1","seckillTime":"WEEKLY","periods":[{"weekDay":5,"seckillStartTime":1785470400000,"seckillEndTime":1785729599999,"status":"ENDED"},{"weekDay":1,"seckillStartTime":1785729600000,"seckillEndTime":1785902399999,"status":"PROGRESSING"},{"weekDay":3,"seckillStartTime":1785902400000,"seckillEndTime":1786075199999,"status":"NOT_STARTED"},{"weekDay":5,"seckillStartTime":1786075200000,"seckillEndTime":1786334399999,"status":"NOT_STARTED"},{"weekDay":1,"seckillStartTime":1786334400000,"seckillEndTime":1786507199999,"status":"NOT_STARTED"},{"weekDay":3,"seckillStartTime":1786507200000,"seckillEndTime":1786679999999,"status":"NOT_STARTED"}]},{"couponId":"68708657f56f912f57e063bf","name":"V2","amount":2,"xyLevel":"V2","seckillTime":"WEEKLY","periods":[{"weekDay":5,"seckillStartTime":1785470400000,"seckillEndTime":1785729599999,"status":"ENDED"},{"weekDay":1,"seckillStartTime":1785729600000,"seckillEndTime":1785902399999,"status":"PROGRESSING"},{"weekDay":3,"seckillStartTime":1785902400000,"seckillEndTime":1786075199999,"status":"NOT_STARTED"},{"weekDay":5,"seckillStartTime":1786075200000,"seckillEndTime":1786334399999,"status":"NOT_STARTED"},{"weekDay":1,"seckillStartTime":1786334400000,"seckillEndTime":1786507199999,"status":"NOT_STARTED"},{"weekDay":3,"seckillStartTime":1786507200000,"seckillEndTime":1786679999999,"status":"NOT_STARTED"}]},{"couponId":"6870867989fddd2bbdec96bc","name":"V3","amount":3,"xyLevel":"V3","seckillTime":"WEEKLY","periods":[{"weekDay":5,"seckillStartTime":1785470400000,"seckillEndTime":1785729599999,"status":"ENDED"},{"weekDay":1,"seckillStartTime":1785729600000,"seckillEndTime":1785902399999,"status":"PROGRESSING"},{"weekDay":3,"seckillStartTime":1785902400000,"seckillEndTime":1786075199999,"status":"NOT_STARTED"},{"weekDay":5,"seckillStartTime":1786075200000,"seckillEndTime":1786334399999,"status":"NOT_STARTED"},{"weekDay":1,"seckillStartTime":1786334400000,"seckillEndTime":1786507199999,"status":"NOT_STARTED"},{"weekDay":3,"seckillStartTime":1786507200000,"seckillEndTime":1786679999999,"status":"NOT_STARTED"}]},{"couponId":"6870869cf56f912f57e063c0","name":"V4","amount":8,"xyLevel":"V4","seckillTime":"WEEKLY","periods":[{"weekDay":5,"seckillStartTime":1785470400000,"seckillEndTime":1785729599999,"status":"ENDED"},{"weekDay":1,"seckillStartTime":1785729600000,"seckillEndTime":1785902399999,"status":"PROGRESSING"},{"weekDay":3,"seckillStartTime":1785902400000,"seckillEndTime":1786075199999,"status":"NOT_STARTED"},{"weekDay":5,"seckillStartTime":1786075200000,"seckillEndTime":1786334399999,"status":"NOT_STARTED"},{"weekDay":1,"seckillStartTime":1786334400000,"seckillEndTime":1786507199999,"status":"NOT_STARTED"},{"weekDay":3,"seckillStartTime":1786507200000,"seckillEndTime":1786679999999,"status":"NOT_STARTED"}]},{"couponId":"687086e33d0d02335c1804f4","name":"V5","amount":18,"xyLevel":"V5","seckillTime":"WEEKLY","periods":[{"weekDay":5,"seckillStartTime":1785470400000,"seckillEndTime":1785729599999,"status":"ENDED"},{"weekDay":1,"seckillStartTime":1785729600000,"seckillEndTime":1785902399999,"status":"PROGRESSING"},{"weekDay":3,"seckillStartTime":1785902400000,"seckillEndTime":1786075199999,"status":"NOT_STARTED"},{"weekDay":5,"seckillStartTime":1786075200000,"seckillEndTime":1786334399999,"status":"NOT_STARTED"},{"weekDay":1,"seckillStartTime":1786334400000,"seckillEndTime":1786507199999,"status":"NOT_STARTED"},{"weekDay":3,"seckillStartTime":1786507200000,"seckillEndTime":1786679999999,"status":"NOT_STARTED"}]},{"couponId":"68708705f56f912f57e063c3","name":"V6","amount":30,"xyLevel":"V6","seckillTime":"WEEKLY","periods":[{"weekDay":5,"seckillStartTime":1785470400000,"seckillEndTime":1785729599999,"status":"ENDED"},{"weekDay":1,"seckillStartTime":1785729600000,"seckillEndTime":1785902399999,"status":"PROGRESSING","acquiredStatus":"OUT_OF_STOCK","stockId":"68708705f56f912f57e063c3_WEEKLY_1785729600000","stockRemain":0},{"weekDay":3,"seckillStartTime":1785902400000,"seckillEndTime":1786075199999,"status":"NOT_STARTED"},{"weekDay":5,"seckillStartTime":1786075200000,"seckillEndTime":1786334399999,"status":"NOT_STARTED"},{"weekDay":1,"seckillStartTime":1786334400000,"seckillEndTime":1786507199999,"status":"NOT_STARTED"},{"weekDay":3,"seckillStartTime":1786507200000,"seckillEndTime":1786679999999,"status":"NOT_STARTED"}]},{"couponId":"6870872e89fddd2bbdec96bd","name":"V7","amount":75,"xyLevel":"V7","seckillTime":"WEEKLY","periods":[{"weekDay":5,"seckillStartTime":1785470400000,"seckillEndTime":1785729599999,"status":"ENDED"},{"weekDay":1,"seckillStartTime":1785729600000,"seckillEndTime":1785902399999,"status":"PROGRESSING"},{"weekDay":3,"seckillStartTime":1785902400000,"seckillEndTime":1786075199999,"status":"NOT_STARTED"},{"weekDay":5,"seckillStartTime":1786075200000,"seckillEndTime":1786334399999,"status":"NOT_STARTED"},{"weekDay":1,"seckillStartTime":1786334400000,"seckillEndTime":1786507199999,"status":"NOT_STARTED"},{"weekDay":3,"seckillStartTime":1786507200000,"seckillEndTime":1786679999999,"status":"NOT_STARTED"}]}]},"code":200,"errmsg":"OK"}}
============================================================
============================================================
[请求时间] 2026/8/3 12:01:10.432
[响应时间] 2026/8/3 12:01:10.576
[耗时] 144ms
[请求路径] https://pay-api.ds.163.com/v1/web/init/server/time
[请求方式] GET
[请求参数] {"query":null,"body":null}
[请求头] {"Accept":"application/json, text/plain, */*","Content-Type":"application/json;charset=UTF-8","GL-X-XSRF-TOKEN":"96dca0c5-a0a8-42a3-aae7-ff273c8462e7","User-Agent":"Mozilla/5.0 (Windows NT 10.0; Win64; x64) AppleWebKit/537.36 (KHTML, like Gecko) Chrome/122.0.0.0 Safari/537.36","Origin":"https://pay.ds.163.com","Referer":"https://pay.ds.163.com/","GL-ClientType":"60","GL-DeviceId":"d6972664-c170-46f6-91f3-8079b501f7ef","GL-Uid":"ab3d60bdd8614464af937bc6c0be87cb","Accept-Encoding":"gzip, compress, deflate, br"}
[响应结果] {"httpStatus":404,"data":"<!DOCTYPE HTML PUBLIC \"-//W3C//DTD HTML 3.2 Final//EN\">\n<title>404 Not Found</title>\n<h1>Not Found</h1>\n<p>The requested URL was not found on the server. If you entered the URL manually please check your spelling and try again.</p>\n"}
============================================================
============================================================
[请求时间] 2026/8/3 12:01:10.575
[响应时间] 2026/8/3 12:01:10.710
[耗时] 135ms
[请求路径] https://pay-api.ds.163.com/api/nlogin
[请求方式] GET
[请求参数] {"query":{},"body":null}
[请求头] {"Accept":"application/json, text/plain, */*","Content-Type":"application/json;charset=UTF-8","GL-X-XSRF-TOKEN":"96dca0c5-a0a8-42a3-aae7-ff273c8462e7","User-Agent":"Mozilla/5.0 (Windows NT 10.0; Win64; x64) AppleWebKit/537.36 (KHTML, like Gecko) Chrome/122.0.0.0 Safari/537.36","Origin":"https://pay.ds.163.com","Referer":"https://pay.ds.163.com/","GL-ClientType":"60","GL-DeviceId":"d6972664-c170-46f6-91f3-8079b501f7ef","GL-Uid":"ab3d60bdd8614464af937bc6c0be87cb","Accept-Encoding":"gzip, compress, deflate, br"}
[响应结果] {"httpStatus":200,"data":{"code":413,"msg":"登录失败"}}
============================================================
============================================================
[请求时间] 2026/8/3 12:01:22.627
[响应时间] 2026/8/3 12:01:22.807
[耗时] 180ms
[请求路径] https://pay-api.ds.163.com/v1/web/init/server/time
[请求方式] GET
[请求参数] {"query":null,"body":null}
[请求头] {"Accept":"application/json, text/plain, */*","Content-Type":"application/json;charset=UTF-8","User-Agent":"Mozilla/5.0 (Windows NT 10.0; Win64; x64) AppleWebKit/537.36 (KHTML, like Gecko) Chrome/122.0.0.0 Safari/537.36","Origin":"https://pay.ds.163.com","Referer":"https://pay.ds.163.com/","GL-ClientType":"60","GL-DeviceId":"d6972664-c170-46f6-91f3-8079b501f7ef","GL-Uid":"ab3d60bdd8614464af937bc6c0be87cb","GL-X-XSRF-TOKEN":"96dca0c5-a0a8-42a3-aae7-ff273c8462e7","Accept-Encoding":"gzip, compress, deflate, br"}
[响应结果] {"httpStatus":404,"data":"<!DOCTYPE HTML PUBLIC \"-//W3C//DTD HTML 3.2 Final//EN\">\n<title>404 Not Found</title>\n<h1>Not Found</h1>\n<p>The requested URL was not found on the server. If you entered the URL manually please check your spelling and try again.</p>\n"}
============================================================
============================================================
[请求时间] 2026/8/3 12:01:22.804
[响应时间] 2026/8/3 12:01:22.947
[耗时] 143ms
[请求路径] https://pay-api.ds.163.com/api/nlogin
[请求方式] GET
[请求参数] {"query":{},"body":null}
[请求头] {"Accept":"application/json, text/plain, */*","Content-Type":"application/json;charset=UTF-8","GL-X-XSRF-TOKEN":"96dca0c5-a0a8-42a3-aae7-ff273c8462e7","User-Agent":"Mozilla/5.0 (Windows NT 10.0; Win64; x64) AppleWebKit/537.36 (KHTML, like Gecko) Chrome/122.0.0.0 Safari/537.36","Origin":"https://pay.ds.163.com","Referer":"https://pay.ds.163.com/","GL-ClientType":"60","GL-DeviceId":"d6972664-c170-46f6-91f3-8079b501f7ef","GL-Uid":"ab3d60bdd8614464af937bc6c0be87cb","Accept-Encoding":"gzip, compress, deflate, br"}
[响应结果] {"httpStatus":200,"data":{"code":413,"msg":"登录失败"}}
============================================================
============================================================
[请求时间] 2026/8/3 12:01:22.946
[响应时间] 2026/8/3 12:01:23.078
[耗时] 132ms
[请求路径] https://inf.ds.163.com/v1/web/cooperate/plutus/cookie-exchange
[请求方式] GET
[请求参数] {"query":null,"body":null}
[请求头] {"Accept":"application/json, text/plain, */*","Content-Type":"application/json;charset=UTF-8","GL-X-XSRF-TOKEN":"96dca0c5-a0a8-42a3-aae7-ff273c8462e7","User-Agent":"Mozilla/5.0 (Windows NT 10.0; Win64; x64) AppleWebKit/537.36 (KHTML, like Gecko) Chrome/122.0.0.0 Safari/537.36","Origin":"https://pay.ds.163.com","Referer":"https://pay.ds.163.com/","GL-ClientType":"60","GL-DeviceId":"d6972664-c170-46f6-91f3-8079b501f7ef","GL-Uid":"ab3d60bdd8614464af937bc6c0be87cb","Accept-Encoding":"gzip, compress, deflate, br"}
[响应结果] {"httpStatus":200,"data":{"result":{"user":{"uid":"ab3d60bdd8614464af937bc6c0be87cb","nick":"lnl922","icon":"https://ok.166.net/reunionpub/3_20251102_19a403f87b2484815.jpeg","intro":"","gender":1,"frame":"64b92f13db5e2e0001e826b5","updateTime":1779774174407,"userSourceType":"URS"},"newUser":false},"code":200,"errmsg":"OK"}}
============================================================
============================================================
[请求时间] 2026/8/3 12:01:23.078
[响应时间] 2026/8/3 12:01:23.221
[耗时] 143ms
[请求路径] https://pay-api.ds.163.com/v1/web/init/server/time
[请求方式] GET
[请求参数] {"query":null,"body":null}
[请求头] {"Accept":"application/json, text/plain, */*","Content-Type":"application/json;charset=UTF-8","GL-X-XSRF-TOKEN":"96dca0c5-a0a8-42a3-aae7-ff273c8462e7","User-Agent":"Mozilla/5.0 (Windows NT 10.0; Win64; x64) AppleWebKit/537.36 (KHTML, like Gecko) Chrome/122.0.0.0 Safari/537.36","Origin":"https://pay.ds.163.com","Referer":"https://pay.ds.163.com/","GL-ClientType":"60","GL-DeviceId":"d6972664-c170-46f6-91f3-8079b501f7ef","GL-Uid":"ab3d60bdd8614464af937bc6c0be87cb","Accept-Encoding":"gzip, compress, deflate, br"}
[响应结果] {"httpStatus":404,"data":"<!DOCTYPE HTML PUBLIC \"-//W3C//DTD HTML 3.2 Final//EN\">\n<title>404 Not Found</title>\n<h1>Not Found</h1>\n<p>The requested URL was not found on the server. If you entered the URL manually please check your spelling and try again.</p>\n"}
============================================================
============================================================
[请求时间] 2026/8/3 12:01:23.221
[响应时间] 2026/8/3 12:01:23.306
[耗时] 85ms
[请求路径] https://inf.ds.163.com/v1/web/exp/xy/user/get-info
[请求方式] POST
[请求参数] {"query":null,"body":{}}
[请求头] {"Accept":"application/json, text/plain, */*","Content-Type":"application/json;charset=UTF-8","GL-X-XSRF-TOKEN":"96dca0c5-a0a8-42a3-aae7-ff273c8462e7","User-Agent":"Mozilla/5.0 (Windows NT 10.0; Win64; x64) AppleWebKit/537.36 (KHTML, like Gecko) Chrome/122.0.0.0 Safari/537.36","Origin":"https://pay.ds.163.com","Referer":"https://pay.ds.163.com/","GL-ClientType":"60","GL-DeviceId":"d6972664-c170-46f6-91f3-8079b501f7ef","GL-Uid":"ab3d60bdd8614464af937bc6c0be87cb","GL-CheckSum":"01bea09b7893e9959b40fa75e7f412c007e640fe","Content-Length":"2","Accept-Encoding":"gzip, compress, deflate, br"}
[响应结果] {"httpStatus":200,"data":{"result":{"growthPoint":392482,"currentLv":"V6","diffNextLvGrowthPoint":607518,"currentLvExpireDate":"20270626","currentLvExpire":1813939200000,"nextLv":"V7","activeGames":["l36"],"last365LoginGames":["l36"],"initDate":"20260626","lastLv":"V5"},"code":200,"errmsg":"OK"}}
============================================================
============================================================
[请求时间] 2026/8/3 12:01:23.304
[响应时间] 2026/8/3 12:01:23.370
[耗时] 66ms
[请求路径] https://inf.ds.163.com/v1/web/exp/week-coupon/showing-list-v2
[请求方式] POST
[请求参数] {"query":null,"body":{}}
[请求头] {"Accept":"application/json, text/plain, */*","Content-Type":"application/json;charset=UTF-8","GL-X-XSRF-TOKEN":"96dca0c5-a0a8-42a3-aae7-ff273c8462e7","User-Agent":"Mozilla/5.0 (Windows NT 10.0; Win64; x64) AppleWebKit/537.36 (KHTML, like Gecko) Chrome/122.0.0.0 Safari/537.36","Origin":"https://pay.ds.163.com","Referer":"https://pay.ds.163.com/","GL-ClientType":"60","GL-DeviceId":"d6972664-c170-46f6-91f3-8079b501f7ef","GL-Uid":"ab3d60bdd8614464af937bc6c0be87cb","GL-CheckSum":"01bea09b7893e9959b40fa75e7f412c007e640fe","Content-Length":"2","Accept-Encoding":"gzip, compress, deflate, br"}
[响应结果] {"httpStatus":200,"data":{"result":{"coupons":[{"couponId":"687076e69f3efd24cb2bed9c","name":"V1","amount":1,"xyLevel":"V1","seckillTime":"WEEKLY","periods":[{"weekDay":5,"seckillStartTime":1785470400000,"seckillEndTime":1785729599999,"status":"ENDED"},{"weekDay":1,"seckillStartTime":1785729600000,"seckillEndTime":1785902399999,"status":"PROGRESSING"},{"weekDay":3,"seckillStartTime":1785902400000,"seckillEndTime":1786075199999,"status":"NOT_STARTED"},{"weekDay":5,"seckillStartTime":1786075200000,"seckillEndTime":1786334399999,"status":"NOT_STARTED"},{"weekDay":1,"seckillStartTime":1786334400000,"seckillEndTime":1786507199999,"status":"NOT_STARTED"},{"weekDay":3,"seckillStartTime":1786507200000,"seckillEndTime":1786679999999,"status":"NOT_STARTED"}]},{"couponId":"68708657f56f912f57e063bf","name":"V2","amount":2,"xyLevel":"V2","seckillTime":"WEEKLY","periods":[{"weekDay":5,"seckillStartTime":1785470400000,"seckillEndTime":1785729599999,"status":"ENDED"},{"weekDay":1,"seckillStartTime":1785729600000,"seckillEndTime":1785902399999,"status":"PROGRESSING"},{"weekDay":3,"seckillStartTime":1785902400000,"seckillEndTime":1786075199999,"status":"NOT_STARTED"},{"weekDay":5,"seckillStartTime":1786075200000,"seckillEndTime":1786334399999,"status":"NOT_STARTED"},{"weekDay":1,"seckillStartTime":1786334400000,"seckillEndTime":1786507199999,"status":"NOT_STARTED"},{"weekDay":3,"seckillStartTime":1786507200000,"seckillEndTime":1786679999999,"status":"NOT_STARTED"}]},{"couponId":"6870867989fddd2bbdec96bc","name":"V3","amount":3,"xyLevel":"V3","seckillTime":"WEEKLY","periods":[{"weekDay":5,"seckillStartTime":1785470400000,"seckillEndTime":1785729599999,"status":"ENDED"},{"weekDay":1,"seckillStartTime":1785729600000,"seckillEndTime":1785902399999,"status":"PROGRESSING"},{"weekDay":3,"seckillStartTime":1785902400000,"seckillEndTime":1786075199999,"status":"NOT_STARTED"},{"weekDay":5,"seckillStartTime":1786075200000,"seckillEndTime":1786334399999,"status":"NOT_STARTED"},{"weekDay":1,"seckillStartTime":1786334400000,"seckillEndTime":1786507199999,"status":"NOT_STARTED"},{"weekDay":3,"seckillStartTime":1786507200000,"seckillEndTime":1786679999999,"status":"NOT_STARTED"}]},{"couponId":"6870869cf56f912f57e063c0","name":"V4","amount":8,"xyLevel":"V4","seckillTime":"WEEKLY","periods":[{"weekDay":5,"seckillStartTime":1785470400000,"seckillEndTime":1785729599999,"status":"ENDED"},{"weekDay":1,"seckillStartTime":1785729600000,"seckillEndTime":1785902399999,"status":"PROGRESSING"},{"weekDay":3,"seckillStartTime":1785902400000,"seckillEndTime":1786075199999,"status":"NOT_STARTED"},{"weekDay":5,"seckillStartTime":1786075200000,"seckillEndTime":1786334399999,"status":"NOT_STARTED"},{"weekDay":1,"seckillStartTime":1786334400000,"seckillEndTime":1786507199999,"status":"NOT_STARTED"},{"weekDay":3,"seckillStartTime":1786507200000,"seckillEndTime":1786679999999,"status":"NOT_STARTED"}]},{"couponId":"687086e33d0d02335c1804f4","name":"V5","amount":18,"xyLevel":"V5","seckillTime":"WEEKLY","periods":[{"weekDay":5,"seckillStartTime":1785470400000,"seckillEndTime":1785729599999,"status":"ENDED"},{"weekDay":1,"seckillStartTime":1785729600000,"seckillEndTime":1785902399999,"status":"PROGRESSING"},{"weekDay":3,"seckillStartTime":1785902400000,"seckillEndTime":1786075199999,"status":"NOT_STARTED"},{"weekDay":5,"seckillStartTime":1786075200000,"seckillEndTime":1786334399999,"status":"NOT_STARTED"},{"weekDay":1,"seckillStartTime":1786334400000,"seckillEndTime":1786507199999,"status":"NOT_STARTED"},{"weekDay":3,"seckillStartTime":1786507200000,"seckillEndTime":1786679999999,"status":"NOT_STARTED"}]},{"couponId":"68708705f56f912f57e063c3","name":"V6","amount":30,"xyLevel":"V6","seckillTime":"WEEKLY","periods":[{"weekDay":5,"seckillStartTime":1785470400000,"seckillEndTime":1785729599999,"status":"ENDED"},{"weekDay":1,"seckillStartTime":1785729600000,"seckillEndTime":1785902399999,"status":"PROGRESSING","acquiredStatus":"OUT_OF_STOCK","stockId":"68708705f56f912f57e063c3_WEEKLY_1785729600000","stockRemain":0},{"weekDay":3,"seckillStartTime":1785902400000,"seckillEndTime":1786075199999,"status":"NOT_STARTED"},{"weekDay":5,"seckillStartTime":1786075200000,"seckillEndTime":1786334399999,"status":"NOT_STARTED"},{"weekDay":1,"seckillStartTime":1786334400000,"seckillEndTime":1786507199999,"status":"NOT_STARTED"},{"weekDay":3,"seckillStartTime":1786507200000,"seckillEndTime":1786679999999,"status":"NOT_STARTED"}]},{"couponId":"6870872e89fddd2bbdec96bd","name":"V7","amount":75,"xyLevel":"V7","seckillTime":"WEEKLY","periods":[{"weekDay":5,"seckillStartTime":1785470400000,"seckillEndTime":1785729599999,"status":"ENDED"},{"weekDay":1,"seckillStartTime":1785729600000,"seckillEndTime":1785902399999,"status":"PROGRESSING"},{"weekDay":3,"seckillStartTime":1785902400000,"seckillEndTime":1786075199999,"status":"NOT_STARTED"},{"weekDay":5,"seckillStartTime":1786075200000,"seckillEndTime":1786334399999,"status":"NOT_STARTED"},{"weekDay":1,"seckillStartTime":1786334400000,"seckillEndTime":1786507199999,"status":"NOT_STARTED"},{"weekDay":3,"seckillStartTime":1786507200000,"seckillEndTime":1786679999999,"status":"NOT_STARTED"}]}]},"code":200,"errmsg":"OK"}}
============================================================
============================================================
[请求时间] 2026/8/3 12:01:23.769
[响应时间] 2026/8/3 12:01:23.850
[耗时] 81ms
[请求路径] https://inf.ds.163.com/v1/web/exp/week-coupon/showing-list-v2
[请求方式] POST
[请求参数] {"query":null,"body":{}}
[请求头] {"Accept":"application/json, text/plain, */*","Content-Type":"application/json;charset=UTF-8","GL-X-XSRF-TOKEN":"96dca0c5-a0a8-42a3-aae7-ff273c8462e7","User-Agent":"Mozilla/5.0 (Windows NT 10.0; Win64; x64) AppleWebKit/537.36 (KHTML, like Gecko) Chrome/122.0.0.0 Safari/537.36","Origin":"https://pay.ds.163.com","Referer":"https://pay.ds.163.com/","GL-ClientType":"60","GL-DeviceId":"d6972664-c170-46f6-91f3-8079b501f7ef","GL-Uid":"ab3d60bdd8614464af937bc6c0be87cb","GL-CheckSum":"01bea09b7893e9959b40fa75e7f412c007e640fe","Content-Length":"2","Accept-Encoding":"gzip, compress, deflate, br"}
[响应结果] {"httpStatus":200,"data":{"result":{"coupons":[{"couponId":"687076e69f3efd24cb2bed9c","name":"V1","amount":1,"xyLevel":"V1","seckillTime":"WEEKLY","periods":[{"weekDay":5,"seckillStartTime":1785470400000,"seckillEndTime":1785729599999,"status":"ENDED"},{"weekDay":1,"seckillStartTime":1785729600000,"seckillEndTime":1785902399999,"status":"PROGRESSING"},{"weekDay":3,"seckillStartTime":1785902400000,"seckillEndTime":1786075199999,"status":"NOT_STARTED"},{"weekDay":5,"seckillStartTime":1786075200000,"seckillEndTime":1786334399999,"status":"NOT_STARTED"},{"weekDay":1,"seckillStartTime":1786334400000,"seckillEndTime":1786507199999,"status":"NOT_STARTED"},{"weekDay":3,"seckillStartTime":1786507200000,"seckillEndTime":1786679999999,"status":"NOT_STARTED"}]},{"couponId":"68708657f56f912f57e063bf","name":"V2","amount":2,"xyLevel":"V2","seckillTime":"WEEKLY","periods":[{"weekDay":5,"seckillStartTime":1785470400000,"seckillEndTime":1785729599999,"status":"ENDED"},{"weekDay":1,"seckillStartTime":1785729600000,"seckillEndTime":1785902399999,"status":"PROGRESSING"},{"weekDay":3,"seckillStartTime":1785902400000,"seckillEndTime":1786075199999,"status":"NOT_STARTED"},{"weekDay":5,"seckillStartTime":1786075200000,"seckillEndTime":1786334399999,"status":"NOT_STARTED"},{"weekDay":1,"seckillStartTime":1786334400000,"seckillEndTime":1786507199999,"status":"NOT_STARTED"},{"weekDay":3,"seckillStartTime":1786507200000,"seckillEndTime":1786679999999,"status":"NOT_STARTED"}]},{"couponId":"6870867989fddd2bbdec96bc","name":"V3","amount":3,"xyLevel":"V3","seckillTime":"WEEKLY","periods":[{"weekDay":5,"seckillStartTime":1785470400000,"seckillEndTime":1785729599999,"status":"ENDED"},{"weekDay":1,"seckillStartTime":1785729600000,"seckillEndTime":1785902399999,"status":"PROGRESSING"},{"weekDay":3,"seckillStartTime":1785902400000,"seckillEndTime":1786075199999,"status":"NOT_STARTED"},{"weekDay":5,"seckillStartTime":1786075200000,"seckillEndTime":1786334399999,"status":"NOT_STARTED"},{"weekDay":1,"seckillStartTime":1786334400000,"seckillEndTime":1786507199999,"status":"NOT_STARTED"},{"weekDay":3,"seckillStartTime":1786507200000,"seckillEndTime":1786679999999,"status":"NOT_STARTED"}]},{"couponId":"6870869cf56f912f57e063c0","name":"V4","amount":8,"xyLevel":"V4","seckillTime":"WEEKLY","periods":[{"weekDay":5,"seckillStartTime":1785470400000,"seckillEndTime":1785729599999,"status":"ENDED"},{"weekDay":1,"seckillStartTime":1785729600000,"seckillEndTime":1785902399999,"status":"PROGRESSING"},{"weekDay":3,"seckillStartTime":1785902400000,"seckillEndTime":1786075199999,"status":"NOT_STARTED"},{"weekDay":5,"seckillStartTime":1786075200000,"seckillEndTime":1786334399999,"status":"NOT_STARTED"},{"weekDay":1,"seckillStartTime":1786334400000,"seckillEndTime":1786507199999,"status":"NOT_STARTED"},{"weekDay":3,"seckillStartTime":1786507200000,"seckillEndTime":1786679999999,"status":"NOT_STARTED"}]},{"couponId":"687086e33d0d02335c1804f4","name":"V5","amount":18,"xyLevel":"V5","seckillTime":"WEEKLY","periods":[{"weekDay":5,"seckillStartTime":1785470400000,"seckillEndTime":1785729599999,"status":"ENDED"},{"weekDay":1,"seckillStartTime":1785729600000,"seckillEndTime":1785902399999,"status":"PROGRESSING"},{"weekDay":3,"seckillStartTime":1785902400000,"seckillEndTime":1786075199999,"status":"NOT_STARTED"},{"weekDay":5,"seckillStartTime":1786075200000,"seckillEndTime":1786334399999,"status":"NOT_STARTED"},{"weekDay":1,"seckillStartTime":1786334400000,"seckillEndTime":1786507199999,"status":"NOT_STARTED"},{"weekDay":3,"seckillStartTime":1786507200000,"seckillEndTime":1786679999999,"status":"NOT_STARTED"}]},{"couponId":"68708705f56f912f57e063c3","name":"V6","amount":30,"xyLevel":"V6","seckillTime":"WEEKLY","periods":[{"weekDay":5,"seckillStartTime":1785470400000,"seckillEndTime":1785729599999,"status":"ENDED"},{"weekDay":1,"seckillStartTime":1785729600000,"seckillEndTime":1785902399999,"status":"PROGRESSING","acquiredStatus":"OUT_OF_STOCK","stockId":"68708705f56f912f57e063c3_WEEKLY_1785729600000","stockRemain":0},{"weekDay":3,"seckillStartTime":1785902400000,"seckillEndTime":1786075199999,"status":"NOT_STARTED"},{"weekDay":5,"seckillStartTime":1786075200000,"seckillEndTime":1786334399999,"status":"NOT_STARTED"},{"weekDay":1,"seckillStartTime":1786334400000,"seckillEndTime":1786507199999,"status":"NOT_STARTED"},{"weekDay":3,"seckillStartTime":1786507200000,"seckillEndTime":1786679999999,"status":"NOT_STARTED"}]},{"couponId":"6870872e89fddd2bbdec96bd","name":"V7","amount":75,"xyLevel":"V7","seckillTime":"WEEKLY","periods":[{"weekDay":5,"seckillStartTime":1785470400000,"seckillEndTime":1785729599999,"status":"ENDED"},{"weekDay":1,"seckillStartTime":1785729600000,"seckillEndTime":1785902399999,"status":"PROGRESSING"},{"weekDay":3,"seckillStartTime":1785902400000,"seckillEndTime":1786075199999,"status":"NOT_STARTED"},{"weekDay":5,"seckillStartTime":1786075200000,"seckillEndTime":1786334399999,"status":"NOT_STARTED"},{"weekDay":1,"seckillStartTime":1786334400000,"seckillEndTime":1786507199999,"status":"NOT_STARTED"},{"weekDay":3,"seckillStartTime":1786507200000,"seckillEndTime":1786679999999,"status":"NOT_STARTED"}]}]},"code":200,"errmsg":"OK"}}
============================================================
============================================================
[请求时间] 2026/8/3 12:01:23.849
[响应时间] 2026/8/3 12:01:23.994
[耗时] 145ms
[请求路径] https://pay-api.ds.163.com/v1/web/init/server/time
[请求方式] GET
[请求参数] {"query":null,"body":null}
[请求头] {"Accept":"application/json, text/plain, */*","Content-Type":"application/json;charset=UTF-8","GL-X-XSRF-TOKEN":"96dca0c5-a0a8-42a3-aae7-ff273c8462e7","User-Agent":"Mozilla/5.0 (Windows NT 10.0; Win64; x64) AppleWebKit/537.36 (KHTML, like Gecko) Chrome/122.0.0.0 Safari/537.36","Origin":"https://pay.ds.163.com","Referer":"https://pay.ds.163.com/","GL-ClientType":"60","GL-DeviceId":"d6972664-c170-46f6-91f3-8079b501f7ef","GL-Uid":"ab3d60bdd8614464af937bc6c0be87cb","Accept-Encoding":"gzip, compress, deflate, br"}
[响应结果] {"httpStatus":404,"data":"<!DOCTYPE HTML PUBLIC \"-//W3C//DTD HTML 3.2 Final//EN\">\n<title>404 Not Found</title>\n<h1>Not Found</h1>\n<p>The requested URL was not found on the server. If you entered the URL manually please check your spelling and try again.</p>\n"}
============================================================
============================================================
[请求时间] 2026/8/3 12:01:23.993
[响应时间] 2026/8/3 12:01:24.123
[耗时] 130ms
[请求路径] https://pay-api.ds.163.com/api/nlogin
[请求方式] GET
[请求参数] {"query":{},"body":null}
[请求头] {"Accept":"application/json, text/plain, */*","Content-Type":"application/json;charset=UTF-8","GL-X-XSRF-TOKEN":"96dca0c5-a0a8-42a3-aae7-ff273c8462e7","User-Agent":"Mozilla/5.0 (Windows NT 10.0; Win64; x64) AppleWebKit/537.36 (KHTML, like Gecko) Chrome/122.0.0.0 Safari/537.36","Origin":"https://pay.ds.163.com","Referer":"https://pay.ds.163.com/","GL-ClientType":"60","GL-DeviceId":"d6972664-c170-46f6-91f3-8079b501f7ef","GL-Uid":"ab3d60bdd8614464af937bc6c0be87cb","Accept-Encoding":"gzip, compress, deflate, br"}
[响应结果] {"httpStatus":200,"data":{"code":413,"msg":"登录失败"}}
============================================================
============================================================
[请求时间] 2026/8/3 12:01:27.619
[响应时间] 2026/8/3 12:01:27.802
[耗时] 183ms
[请求路径] https://pay-api.ds.163.com/v1/web/init/server/time
[请求方式] GET
[请求参数] {"query":null,"body":null}
[请求头] {"Accept":"application/json, text/plain, */*","Content-Type":"application/json;charset=UTF-8","GL-X-XSRF-TOKEN":"96dca0c5-a0a8-42a3-aae7-ff273c8462e7","User-Agent":"Mozilla/5.0 (Windows NT 10.0; Win64; x64) AppleWebKit/537.36 (KHTML, like Gecko) Chrome/122.0.0.0 Safari/537.36","Origin":"https://pay.ds.163.com","Referer":"https://pay.ds.163.com/","GL-ClientType":"60","GL-DeviceId":"d6972664-c170-46f6-91f3-8079b501f7ef","GL-Uid":"ab3d60bdd8614464af937bc6c0be87cb","Accept-Encoding":"gzip, compress, deflate, br"}
[响应结果] {"httpStatus":404,"data":"<!DOCTYPE HTML PUBLIC \"-//W3C//DTD HTML 3.2 Final//EN\">\n<title>404 Not Found</title>\n<h1>Not Found</h1>\n<p>The requested URL was not found on the server. If you entered the URL manually please check your spelling and try again.</p>\n"}
============================================================
============================================================
[请求时间] 2026/8/3 12:01:29.123
[响应时间] 2026/8/3 12:01:29.212
[耗时] 89ms
[请求路径] https://inf.ds.163.com/v1/web/exp/week-coupon/acquire
[请求方式] POST
[请求参数] {"query":null,"body":{"couponId":"68708705f56f912f57e063c3","stockId":"68708705f56f912f57e063c3_WEEKLY_1785729600000"}}
[请求头] {"Accept":"application/json, text/plain, */*","Content-Type":"application/json;charset=UTF-8","GL-X-XSRF-TOKEN":"96dca0c5-a0a8-42a3-aae7-ff273c8462e7","User-Agent":"Mozilla/5.0 (Windows NT 10.0; Win64; x64) AppleWebKit/537.36 (KHTML, like Gecko) Chrome/122.0.0.0 Safari/537.36","Origin":"https://pay.ds.163.com","Referer":"https://pay.ds.163.com/","GL-ClientType":"60","GL-DeviceId":"d6972664-c170-46f6-91f3-8079b501f7ef","GL-Uid":"ab3d60bdd8614464af937bc6c0be87cb","GL-CheckSum":"aa883b3156ad43e7d7ab8499fd5bfa1c695f7859","Content-Length":"97","Accept-Encoding":"gzip, compress, deflate, br"}
[响应结果] {"httpStatus":200,"data":{"code":40008,"errmsg":"当前库存已不足，敬请参与下期活动噢"}}
============================================================
============================================================
[请求时间] 2026/8/3 12:01:30.227
[响应时间] 2026/8/3 12:01:30.315
[耗时] 88ms
[请求路径] https://inf.ds.163.com/v1/web/exp/week-coupon/acquire
[请求方式] POST
[请求参数] {"query":null,"body":{"couponId":"68708705f56f912f57e063c3","stockId":"68708705f56f912f57e063c3_WEEKLY_1785729600000"}}
[请求头] {"Accept":"application/json, text/plain, */*","Content-Type":"application/json;charset=UTF-8","GL-X-XSRF-TOKEN":"96dca0c5-a0a8-42a3-aae7-ff273c8462e7","User-Agent":"Mozilla/5.0 (Windows NT 10.0; Win64; x64) AppleWebKit/537.36 (KHTML, like Gecko) Chrome/122.0.0.0 Safari/537.36","Origin":"https://pay.ds.163.com","Referer":"https://pay.ds.163.com/","GL-ClientType":"60","GL-DeviceId":"d6972664-c170-46f6-91f3-8079b501f7ef","GL-Uid":"ab3d60bdd8614464af937bc6c0be87cb","GL-CheckSum":"aa883b3156ad43e7d7ab8499fd5bfa1c695f7859","Content-Length":"97","Accept-Encoding":"gzip, compress, deflate, br"}
[响应结果] {"httpStatus":200,"data":{"code":40008,"errmsg":"当前库存已不足，敬请参与下期活动噢"}}
============================================================
============================================================
[请求时间] 2026/8/3 12:01:31.316
[响应时间] 2026/8/3 12:01:31.376
[耗时] 60ms
[请求路径] https://inf.ds.163.com/v1/web/exp/week-coupon/acquire
[请求方式] POST
[请求参数] {"query":null,"body":{"couponId":"68708705f56f912f57e063c3","stockId":"68708705f56f912f57e063c3_WEEKLY_1785729600000"}}
[请求头] {"Accept":"application/json, text/plain, */*","Content-Type":"application/json;charset=UTF-8","GL-X-XSRF-TOKEN":"96dca0c5-a0a8-42a3-aae7-ff273c8462e7","User-Agent":"Mozilla/5.0 (Windows NT 10.0; Win64; x64) AppleWebKit/537.36 (KHTML, like Gecko) Chrome/122.0.0.0 Safari/537.36","Origin":"https://pay.ds.163.com","Referer":"https://pay.ds.163.com/","GL-ClientType":"60","GL-DeviceId":"d6972664-c170-46f6-91f3-8079b501f7ef","GL-Uid":"ab3d60bdd8614464af937bc6c0be87cb","GL-CheckSum":"aa883b3156ad43e7d7ab8499fd5bfa1c695f7859","Content-Length":"97","Accept-Encoding":"gzip, compress, deflate, br"}
[响应结果] {"httpStatus":200,"data":{"code":40008,"errmsg":"当前库存已不足，敬请参与下期活动噢"}}
============================================================
============================================================
[请求时间] 2026/8/3 12:01:32.378
[响应时间] 2026/8/3 12:01:32.439
[耗时] 61ms
[请求路径] https://inf.ds.163.com/v1/web/exp/week-coupon/acquire
[请求方式] POST
[请求参数] {"query":null,"body":{"couponId":"68708705f56f912f57e063c3","stockId":"68708705f56f912f57e063c3_WEEKLY_1785729600000"}}
[请求头] {"Accept":"application/json, text/plain, */*","Content-Type":"application/json;charset=UTF-8","GL-X-XSRF-TOKEN":"96dca0c5-a0a8-42a3-aae7-ff273c8462e7","User-Agent":"Mozilla/5.0 (Windows NT 10.0; Win64; x64) AppleWebKit/537.36 (KHTML, like Gecko) Chrome/122.0.0.0 Safari/537.36","Origin":"https://pay.ds.163.com","Referer":"https://pay.ds.163.com/","GL-ClientType":"60","GL-DeviceId":"d6972664-c170-46f6-91f3-8079b501f7ef","GL-Uid":"ab3d60bdd8614464af937bc6c0be87cb","GL-CheckSum":"aa883b3156ad43e7d7ab8499fd5bfa1c695f7859","Content-Length":"97","Accept-Encoding":"gzip, compress, deflate, br"}
[响应结果] {"httpStatus":200,"data":{"code":40008,"errmsg":"当前库存已不足，敬请参与下期活动噢"}}
============================================================
============================================================
[请求时间] 2026/8/3 12:01:33.449
[响应时间] 2026/8/3 12:01:33.539
[耗时] 90ms
[请求路径] https://inf.ds.163.com/v1/web/exp/week-coupon/acquire
[请求方式] POST
[请求参数] {"query":null,"body":{"couponId":"68708705f56f912f57e063c3","stockId":"68708705f56f912f57e063c3_WEEKLY_1785729600000"}}
[请求头] {"Accept":"application/json, text/plain, */*","Content-Type":"application/json;charset=UTF-8","GL-X-XSRF-TOKEN":"96dca0c5-a0a8-42a3-aae7-ff273c8462e7","User-Agent":"Mozilla/5.0 (Windows NT 10.0; Win64; x64) AppleWebKit/537.36 (KHTML, like Gecko) Chrome/122.0.0.0 Safari/537.36","Origin":"https://pay.ds.163.com","Referer":"https://pay.ds.163.com/","GL-ClientType":"60","GL-DeviceId":"d6972664-c170-46f6-91f3-8079b501f7ef","GL-Uid":"ab3d60bdd8614464af937bc6c0be87cb","GL-CheckSum":"aa883b3156ad43e7d7ab8499fd5bfa1c695f7859","Content-Length":"97","Accept-Encoding":"gzip, compress, deflate, br"}
[响应结果] {"httpStatus":200,"data":{"code":40008,"errmsg":"当前库存已不足，敬请参与下期活动噢"}}
============================================================
============================================================
[请求时间] 2026/8/3 12:01:34.546
[响应时间] 2026/8/3 12:01:34.622
[耗时] 76ms
[请求路径] https://inf.ds.163.com/v1/web/exp/week-coupon/acquire
[请求方式] POST
[请求参数] {"query":null,"body":{"couponId":"68708705f56f912f57e063c3","stockId":"68708705f56f912f57e063c3_WEEKLY_1785729600000"}}
[请求头] {"Accept":"application/json, text/plain, */*","Content-Type":"application/json;charset=UTF-8","GL-X-XSRF-TOKEN":"96dca0c5-a0a8-42a3-aae7-ff273c8462e7","User-Agent":"Mozilla/5.0 (Windows NT 10.0; Win64; x64) AppleWebKit/537.36 (KHTML, like Gecko) Chrome/122.0.0.0 Safari/537.36","Origin":"https://pay.ds.163.com","Referer":"https://pay.ds.163.com/","GL-ClientType":"60","GL-DeviceId":"d6972664-c170-46f6-91f3-8079b501f7ef","GL-Uid":"ab3d60bdd8614464af937bc6c0be87cb","GL-CheckSum":"aa883b3156ad43e7d7ab8499fd5bfa1c695f7859","Content-Length":"97","Accept-Encoding":"gzip, compress, deflate, br"}
[响应结果] {"httpStatus":200,"data":{"code":40008,"errmsg":"当前库存已不足，敬请参与下期活动噢"}}
============================================================
============================================================
[请求时间] 2026/8/3 12:01:35.630
[响应时间] 2026/8/3 12:01:35.712
[耗时] 82ms
[请求路径] https://inf.ds.163.com/v1/web/exp/week-coupon/acquire
[请求方式] POST
[请求参数] {"query":null,"body":{"couponId":"68708705f56f912f57e063c3","stockId":"68708705f56f912f57e063c3_WEEKLY_1785729600000"}}
[请求头] {"Accept":"application/json, text/plain, */*","Content-Type":"application/json;charset=UTF-8","GL-X-XSRF-TOKEN":"96dca0c5-a0a8-42a3-aae7-ff273c8462e7","User-Agent":"Mozilla/5.0 (Windows NT 10.0; Win64; x64) AppleWebKit/537.36 (KHTML, like Gecko) Chrome/122.0.0.0 Safari/537.36","Origin":"https://pay.ds.163.com","Referer":"https://pay.ds.163.com/","GL-ClientType":"60","GL-DeviceId":"d6972664-c170-46f6-91f3-8079b501f7ef","GL-Uid":"ab3d60bdd8614464af937bc6c0be87cb","GL-CheckSum":"aa883b3156ad43e7d7ab8499fd5bfa1c695f7859","Content-Length":"97","Accept-Encoding":"gzip, compress, deflate, br"}
[响应结果] {"httpStatus":200,"data":{"code":40008,"errmsg":"当前库存已不足，敬请参与下期活动噢"}}
============================================================
============================================================
[请求时间] 2026/8/3 12:01:36.725
[响应时间] 2026/8/3 12:01:36.787
[耗时] 62ms
[请求路径] https://inf.ds.163.com/v1/web/exp/week-coupon/acquire
[请求方式] POST
[请求参数] {"query":null,"body":{"couponId":"68708705f56f912f57e063c3","stockId":"68708705f56f912f57e063c3_WEEKLY_1785729600000"}}
[请求头] {"Accept":"application/json, text/plain, */*","Content-Type":"application/json;charset=UTF-8","GL-X-XSRF-TOKEN":"96dca0c5-a0a8-42a3-aae7-ff273c8462e7","User-Agent":"Mozilla/5.0 (Windows NT 10.0; Win64; x64) AppleWebKit/537.36 (KHTML, like Gecko) Chrome/122.0.0.0 Safari/537.36","Origin":"https://pay.ds.163.com","Referer":"https://pay.ds.163.com/","GL-ClientType":"60","GL-DeviceId":"d6972664-c170-46f6-91f3-8079b501f7ef","GL-Uid":"ab3d60bdd8614464af937bc6c0be87cb","GL-CheckSum":"aa883b3156ad43e7d7ab8499fd5bfa1c695f7859","Content-Length":"97","Accept-Encoding":"gzip, compress, deflate, br"}
[响应结果] {"httpStatus":200,"data":{"code":40008,"errmsg":"当前库存已不足，敬请参与下期活动噢"}}
============================================================
============================================================
[请求时间] 2026/8/3 17:33:11.683
[响应时间] 2026/8/3 17:33:11.871
[耗时] 188ms
[请求路径] https://pay-api.ds.163.com/v1/web/init/server/time
[请求方式] GET
[请求参数] {"query":null,"body":null}
[请求头] {"Accept":"application/json, text/plain, */*","Content-Type":"application/json;charset=UTF-8","User-Agent":"Mozilla/5.0 (Windows NT 10.0; Win64; x64) AppleWebKit/537.36 (KHTML, like Gecko) Chrome/122.0.0.0 Safari/537.36","Origin":"https://pay.ds.163.com","Referer":"https://pay.ds.163.com/","GL-ClientType":"60","GL-DeviceId":"d6972664-c170-46f6-91f3-8079b501f7ef","GL-Uid":"ab3d60bdd8614464af937bc6c0be87cb","GL-X-XSRF-TOKEN":"96dca0c5-a0a8-42a3-aae7-ff273c8462e7","Accept-Encoding":"gzip, compress, deflate, br"}
[响应结果] {"httpStatus":404,"data":"<!DOCTYPE HTML PUBLIC \"-//W3C//DTD HTML 3.2 Final//EN\">\n<title>404 Not Found</title>\n<h1>Not Found</h1>\n<p>The requested URL was not found on the server. If you entered the URL manually please check your spelling and try again.</p>\n"}
============================================================
============================================================
[请求时间] 2026/8/3 17:33:11.868
[响应时间] 2026/8/3 17:33:12.008
[耗时] 140ms
[请求路径] https://pay-api.ds.163.com/api/nlogin
[请求方式] GET
[请求参数] {"query":{},"body":null}
[请求头] {"Accept":"application/json, text/plain, */*","Content-Type":"application/json;charset=UTF-8","GL-X-XSRF-TOKEN":"96dca0c5-a0a8-42a3-aae7-ff273c8462e7","User-Agent":"Mozilla/5.0 (Windows NT 10.0; Win64; x64) AppleWebKit/537.36 (KHTML, like Gecko) Chrome/122.0.0.0 Safari/537.36","Origin":"https://pay.ds.163.com","Referer":"https://pay.ds.163.com/","GL-ClientType":"60","GL-DeviceId":"d6972664-c170-46f6-91f3-8079b501f7ef","GL-Uid":"ab3d60bdd8614464af937bc6c0be87cb","Accept-Encoding":"gzip, compress, deflate, br"}
[响应结果] {"httpStatus":200,"data":{"code":413,"msg":"登录失败"}}
============================================================
============================================================
[请求时间] 2026/8/3 17:33:12.005
[响应时间] 2026/8/3 17:33:12.186
[耗时] 181ms
[请求路径] https://inf.ds.163.com/v1/web/cooperate/plutus/cookie-exchange
[请求方式] GET
[请求参数] {"query":null,"body":null}
[请求头] {"Accept":"application/json, text/plain, */*","Content-Type":"application/json;charset=UTF-8","GL-X-XSRF-TOKEN":"96dca0c5-a0a8-42a3-aae7-ff273c8462e7","User-Agent":"Mozilla/5.0 (Windows NT 10.0; Win64; x64) AppleWebKit/537.36 (KHTML, like Gecko) Chrome/122.0.0.0 Safari/537.36","Origin":"https://pay.ds.163.com","Referer":"https://pay.ds.163.com/","GL-ClientType":"60","GL-DeviceId":"d6972664-c170-46f6-91f3-8079b501f7ef","GL-Uid":"ab3d60bdd8614464af937bc6c0be87cb","Accept-Encoding":"gzip, compress, deflate, br"}
[响应结果] {"httpStatus":200,"data":{"result":{"user":{"uid":"ab3d60bdd8614464af937bc6c0be87cb","nick":"lnl922","icon":"https://ok.166.net/reunionpub/3_20251102_19a403f87b2484815.jpeg","intro":"","gender":1,"frame":"64b92f13db5e2e0001e826b5","updateTime":1779774174407,"userSourceType":"URS"},"newUser":false},"code":200,"errmsg":"OK"}}
============================================================
============================================================
[请求时间] 2026/8/3 17:33:12.184
[响应时间] 2026/8/3 17:33:12.340
[耗时] 156ms
[请求路径] https://pay-api.ds.163.com/v1/web/init/server/time
[请求方式] GET
[请求参数] {"query":null,"body":null}
[请求头] {"Accept":"application/json, text/plain, */*","Content-Type":"application/json;charset=UTF-8","GL-X-XSRF-TOKEN":"96dca0c5-a0a8-42a3-aae7-ff273c8462e7","User-Agent":"Mozilla/5.0 (Windows NT 10.0; Win64; x64) AppleWebKit/537.36 (KHTML, like Gecko) Chrome/122.0.0.0 Safari/537.36","Origin":"https://pay.ds.163.com","Referer":"https://pay.ds.163.com/","GL-ClientType":"60","GL-DeviceId":"d6972664-c170-46f6-91f3-8079b501f7ef","GL-Uid":"ab3d60bdd8614464af937bc6c0be87cb","Accept-Encoding":"gzip, compress, deflate, br"}
[响应结果] {"httpStatus":404,"data":"<!DOCTYPE HTML PUBLIC \"-//W3C//DTD HTML 3.2 Final//EN\">\n<title>404 Not Found</title>\n<h1>Not Found</h1>\n<p>The requested URL was not found on the server. If you entered the URL manually please check your spelling and try again.</p>\n"}
============================================================
============================================================
[请求时间] 2026/8/3 17:33:12.334
[响应时间] 2026/8/3 17:33:12.461
[耗时] 127ms
[请求路径] https://inf.ds.163.com/v1/web/exp/xy/user/get-info
[请求方式] POST
[请求参数] {"query":null,"body":{}}
[请求头] {"Accept":"application/json, text/plain, */*","Content-Type":"application/json;charset=UTF-8","GL-X-XSRF-TOKEN":"96dca0c5-a0a8-42a3-aae7-ff273c8462e7","User-Agent":"Mozilla/5.0 (Windows NT 10.0; Win64; x64) AppleWebKit/537.36 (KHTML, like Gecko) Chrome/122.0.0.0 Safari/537.36","Origin":"https://pay.ds.163.com","Referer":"https://pay.ds.163.com/","GL-ClientType":"60","GL-DeviceId":"d6972664-c170-46f6-91f3-8079b501f7ef","GL-Uid":"ab3d60bdd8614464af937bc6c0be87cb","GL-CheckSum":"01bea09b7893e9959b40fa75e7f412c007e640fe","Content-Length":"2","Accept-Encoding":"gzip, compress, deflate, br"}
[响应结果] {"httpStatus":200,"data":{"result":{"growthPoint":392492,"currentLv":"V6","diffNextLvGrowthPoint":607508,"currentLvExpireDate":"20270626","currentLvExpire":1813939200000,"nextLv":"V7","activeGames":["l36"],"last365LoginGames":["l36"],"initDate":"20260626","lastLv":"V5"},"code":200,"errmsg":"OK"}}
============================================================
============================================================
[请求时间] 2026/8/3 17:33:12.460
[响应时间] 2026/8/3 17:33:12.530
[耗时] 70ms
[请求路径] https://inf.ds.163.com/v1/web/exp/week-coupon/showing-list-v2
[请求方式] POST
[请求参数] {"query":null,"body":{}}
[请求头] {"Accept":"application/json, text/plain, */*","Content-Type":"application/json;charset=UTF-8","GL-X-XSRF-TOKEN":"96dca0c5-a0a8-42a3-aae7-ff273c8462e7","User-Agent":"Mozilla/5.0 (Windows NT 10.0; Win64; x64) AppleWebKit/537.36 (KHTML, like Gecko) Chrome/122.0.0.0 Safari/537.36","Origin":"https://pay.ds.163.com","Referer":"https://pay.ds.163.com/","GL-ClientType":"60","GL-DeviceId":"d6972664-c170-46f6-91f3-8079b501f7ef","GL-Uid":"ab3d60bdd8614464af937bc6c0be87cb","GL-CheckSum":"01bea09b7893e9959b40fa75e7f412c007e640fe","Content-Length":"2","Accept-Encoding":"gzip, compress, deflate, br"}
[响应结果] {"httpStatus":200,"data":{"result":{"coupons":[{"couponId":"687076e69f3efd24cb2bed9c","name":"V1","amount":1,"xyLevel":"V1","seckillTime":"WEEKLY","periods":[{"weekDay":5,"seckillStartTime":1785470400000,"seckillEndTime":1785729599999,"status":"ENDED"},{"weekDay":1,"seckillStartTime":1785729600000,"seckillEndTime":1785902399999,"status":"PROGRESSING"},{"weekDay":3,"seckillStartTime":1785902400000,"seckillEndTime":1786075199999,"status":"NOT_STARTED"},{"weekDay":5,"seckillStartTime":1786075200000,"seckillEndTime":1786334399999,"status":"NOT_STARTED"},{"weekDay":1,"seckillStartTime":1786334400000,"seckillEndTime":1786507199999,"status":"NOT_STARTED"},{"weekDay":3,"seckillStartTime":1786507200000,"seckillEndTime":1786679999999,"status":"NOT_STARTED"}]},{"couponId":"68708657f56f912f57e063bf","name":"V2","amount":2,"xyLevel":"V2","seckillTime":"WEEKLY","periods":[{"weekDay":5,"seckillStartTime":1785470400000,"seckillEndTime":1785729599999,"status":"ENDED"},{"weekDay":1,"seckillStartTime":1785729600000,"seckillEndTime":1785902399999,"status":"PROGRESSING"},{"weekDay":3,"seckillStartTime":1785902400000,"seckillEndTime":1786075199999,"status":"NOT_STARTED"},{"weekDay":5,"seckillStartTime":1786075200000,"seckillEndTime":1786334399999,"status":"NOT_STARTED"},{"weekDay":1,"seckillStartTime":1786334400000,"seckillEndTime":1786507199999,"status":"NOT_STARTED"},{"weekDay":3,"seckillStartTime":1786507200000,"seckillEndTime":1786679999999,"status":"NOT_STARTED"}]},{"couponId":"6870867989fddd2bbdec96bc","name":"V3","amount":3,"xyLevel":"V3","seckillTime":"WEEKLY","periods":[{"weekDay":5,"seckillStartTime":1785470400000,"seckillEndTime":1785729599999,"status":"ENDED"},{"weekDay":1,"seckillStartTime":1785729600000,"seckillEndTime":1785902399999,"status":"PROGRESSING"},{"weekDay":3,"seckillStartTime":1785902400000,"seckillEndTime":1786075199999,"status":"NOT_STARTED"},{"weekDay":5,"seckillStartTime":1786075200000,"seckillEndTime":1786334399999,"status":"NOT_STARTED"},{"weekDay":1,"seckillStartTime":1786334400000,"seckillEndTime":1786507199999,"status":"NOT_STARTED"},{"weekDay":3,"seckillStartTime":1786507200000,"seckillEndTime":1786679999999,"status":"NOT_STARTED"}]},{"couponId":"6870869cf56f912f57e063c0","name":"V4","amount":8,"xyLevel":"V4","seckillTime":"WEEKLY","periods":[{"weekDay":5,"seckillStartTime":1785470400000,"seckillEndTime":1785729599999,"status":"ENDED"},{"weekDay":1,"seckillStartTime":1785729600000,"seckillEndTime":1785902399999,"status":"PROGRESSING"},{"weekDay":3,"seckillStartTime":1785902400000,"seckillEndTime":1786075199999,"status":"NOT_STARTED"},{"weekDay":5,"seckillStartTime":1786075200000,"seckillEndTime":1786334399999,"status":"NOT_STARTED"},{"weekDay":1,"seckillStartTime":1786334400000,"seckillEndTime":1786507199999,"status":"NOT_STARTED"},{"weekDay":3,"seckillStartTime":1786507200000,"seckillEndTime":1786679999999,"status":"NOT_STARTED"}]},{"couponId":"687086e33d0d02335c1804f4","name":"V5","amount":18,"xyLevel":"V5","seckillTime":"WEEKLY","periods":[{"weekDay":5,"seckillStartTime":1785470400000,"seckillEndTime":1785729599999,"status":"ENDED"},{"weekDay":1,"seckillStartTime":1785729600000,"seckillEndTime":1785902399999,"status":"PROGRESSING"},{"weekDay":3,"seckillStartTime":1785902400000,"seckillEndTime":1786075199999,"status":"NOT_STARTED"},{"weekDay":5,"seckillStartTime":1786075200000,"seckillEndTime":1786334399999,"status":"NOT_STARTED"},{"weekDay":1,"seckillStartTime":1786334400000,"seckillEndTime":1786507199999,"status":"NOT_STARTED"},{"weekDay":3,"seckillStartTime":1786507200000,"seckillEndTime":1786679999999,"status":"NOT_STARTED"}]},{"couponId":"68708705f56f912f57e063c3","name":"V6","amount":30,"xyLevel":"V6","seckillTime":"WEEKLY","periods":[{"weekDay":5,"seckillStartTime":1785470400000,"seckillEndTime":1785729599999,"status":"ENDED"},{"weekDay":1,"seckillStartTime":1785729600000,"seckillEndTime":1785902399999,"status":"PROGRESSING","acquiredStatus":"OUT_OF_STOCK","stockId":"68708705f56f912f57e063c3_WEEKLY_1785729600000","stockRemain":0},{"weekDay":3,"seckillStartTime":1785902400000,"seckillEndTime":1786075199999,"status":"NOT_STARTED"},{"weekDay":5,"seckillStartTime":1786075200000,"seckillEndTime":1786334399999,"status":"NOT_STARTED"},{"weekDay":1,"seckillStartTime":1786334400000,"seckillEndTime":1786507199999,"status":"NOT_STARTED"},{"weekDay":3,"seckillStartTime":1786507200000,"seckillEndTime":1786679999999,"status":"NOT_STARTED"}]},{"couponId":"6870872e89fddd2bbdec96bd","name":"V7","amount":75,"xyLevel":"V7","seckillTime":"WEEKLY","periods":[{"weekDay":5,"seckillStartTime":1785470400000,"seckillEndTime":1785729599999,"status":"ENDED"},{"weekDay":1,"seckillStartTime":1785729600000,"seckillEndTime":1785902399999,"status":"PROGRESSING"},{"weekDay":3,"seckillStartTime":1785902400000,"seckillEndTime":1786075199999,"status":"NOT_STARTED"},{"weekDay":5,"seckillStartTime":1786075200000,"seckillEndTime":1786334399999,"status":"NOT_STARTED"},{"weekDay":1,"seckillStartTime":1786334400000,"seckillEndTime":1786507199999,"status":"NOT_STARTED"},{"weekDay":3,"seckillStartTime":1786507200000,"seckillEndTime":1786679999999,"status":"NOT_STARTED"}]}]},"code":200,"errmsg":"OK"}}
============================================================
============================================================
[请求时间] 2026/8/3 17:33:12.858
[响应时间] 2026/8/3 17:33:12.937
[耗时] 79ms
[请求路径] https://inf.ds.163.com/v1/web/exp/week-coupon/showing-list-v2
[请求方式] POST
[请求参数] {"query":null,"body":{}}
[请求头] {"Accept":"application/json, text/plain, */*","Content-Type":"application/json;charset=UTF-8","GL-X-XSRF-TOKEN":"96dca0c5-a0a8-42a3-aae7-ff273c8462e7","User-Agent":"Mozilla/5.0 (Windows NT 10.0; Win64; x64) AppleWebKit/537.36 (KHTML, like Gecko) Chrome/122.0.0.0 Safari/537.36","Origin":"https://pay.ds.163.com","Referer":"https://pay.ds.163.com/","GL-ClientType":"60","GL-DeviceId":"d6972664-c170-46f6-91f3-8079b501f7ef","GL-Uid":"ab3d60bdd8614464af937bc6c0be87cb","GL-CheckSum":"01bea09b7893e9959b40fa75e7f412c007e640fe","Content-Length":"2","Accept-Encoding":"gzip, compress, deflate, br"}
[响应结果] {"httpStatus":200,"data":{"result":{"coupons":[{"couponId":"687076e69f3efd24cb2bed9c","name":"V1","amount":1,"xyLevel":"V1","seckillTime":"WEEKLY","periods":[{"weekDay":5,"seckillStartTime":1785470400000,"seckillEndTime":1785729599999,"status":"ENDED"},{"weekDay":1,"seckillStartTime":1785729600000,"seckillEndTime":1785902399999,"status":"PROGRESSING"},{"weekDay":3,"seckillStartTime":1785902400000,"seckillEndTime":1786075199999,"status":"NOT_STARTED"},{"weekDay":5,"seckillStartTime":1786075200000,"seckillEndTime":1786334399999,"status":"NOT_STARTED"},{"weekDay":1,"seckillStartTime":1786334400000,"seckillEndTime":1786507199999,"status":"NOT_STARTED"},{"weekDay":3,"seckillStartTime":1786507200000,"seckillEndTime":1786679999999,"status":"NOT_STARTED"}]},{"couponId":"68708657f56f912f57e063bf","name":"V2","amount":2,"xyLevel":"V2","seckillTime":"WEEKLY","periods":[{"weekDay":5,"seckillStartTime":1785470400000,"seckillEndTime":1785729599999,"status":"ENDED"},{"weekDay":1,"seckillStartTime":1785729600000,"seckillEndTime":1785902399999,"status":"PROGRESSING"},{"weekDay":3,"seckillStartTime":1785902400000,"seckillEndTime":1786075199999,"status":"NOT_STARTED"},{"weekDay":5,"seckillStartTime":1786075200000,"seckillEndTime":1786334399999,"status":"NOT_STARTED"},{"weekDay":1,"seckillStartTime":1786334400000,"seckillEndTime":1786507199999,"status":"NOT_STARTED"},{"weekDay":3,"seckillStartTime":1786507200000,"seckillEndTime":1786679999999,"status":"NOT_STARTED"}]},{"couponId":"6870867989fddd2bbdec96bc","name":"V3","amount":3,"xyLevel":"V3","seckillTime":"WEEKLY","periods":[{"weekDay":5,"seckillStartTime":1785470400000,"seckillEndTime":1785729599999,"status":"ENDED"},{"weekDay":1,"seckillStartTime":1785729600000,"seckillEndTime":1785902399999,"status":"PROGRESSING"},{"weekDay":3,"seckillStartTime":1785902400000,"seckillEndTime":1786075199999,"status":"NOT_STARTED"},{"weekDay":5,"seckillStartTime":1786075200000,"seckillEndTime":1786334399999,"status":"NOT_STARTED"},{"weekDay":1,"seckillStartTime":1786334400000,"seckillEndTime":1786507199999,"status":"NOT_STARTED"},{"weekDay":3,"seckillStartTime":1786507200000,"seckillEndTime":1786679999999,"status":"NOT_STARTED"}]},{"couponId":"6870869cf56f912f57e063c0","name":"V4","amount":8,"xyLevel":"V4","seckillTime":"WEEKLY","periods":[{"weekDay":5,"seckillStartTime":1785470400000,"seckillEndTime":1785729599999,"status":"ENDED"},{"weekDay":1,"seckillStartTime":1785729600000,"seckillEndTime":1785902399999,"status":"PROGRESSING"},{"weekDay":3,"seckillStartTime":1785902400000,"seckillEndTime":1786075199999,"status":"NOT_STARTED"},{"weekDay":5,"seckillStartTime":1786075200000,"seckillEndTime":1786334399999,"status":"NOT_STARTED"},{"weekDay":1,"seckillStartTime":1786334400000,"seckillEndTime":1786507199999,"status":"NOT_STARTED"},{"weekDay":3,"seckillStartTime":1786507200000,"seckillEndTime":1786679999999,"status":"NOT_STARTED"}]},{"couponId":"687086e33d0d02335c1804f4","name":"V5","amount":18,"xyLevel":"V5","seckillTime":"WEEKLY","periods":[{"weekDay":5,"seckillStartTime":1785470400000,"seckillEndTime":1785729599999,"status":"ENDED"},{"weekDay":1,"seckillStartTime":1785729600000,"seckillEndTime":1785902399999,"status":"PROGRESSING"},{"weekDay":3,"seckillStartTime":1785902400000,"seckillEndTime":1786075199999,"status":"NOT_STARTED"},{"weekDay":5,"seckillStartTime":1786075200000,"seckillEndTime":1786334399999,"status":"NOT_STARTED"},{"weekDay":1,"seckillStartTime":1786334400000,"seckillEndTime":1786507199999,"status":"NOT_STARTED"},{"weekDay":3,"seckillStartTime":1786507200000,"seckillEndTime":1786679999999,"status":"NOT_STARTED"}]},{"couponId":"68708705f56f912f57e063c3","name":"V6","amount":30,"xyLevel":"V6","seckillTime":"WEEKLY","periods":[{"weekDay":5,"seckillStartTime":1785470400000,"seckillEndTime":1785729599999,"status":"ENDED"},{"weekDay":1,"seckillStartTime":1785729600000,"seckillEndTime":1785902399999,"status":"PROGRESSING","acquiredStatus":"OUT_OF_STOCK","stockId":"68708705f56f912f57e063c3_WEEKLY_1785729600000","stockRemain":0},{"weekDay":3,"seckillStartTime":1785902400000,"seckillEndTime":1786075199999,"status":"NOT_STARTED"},{"weekDay":5,"seckillStartTime":1786075200000,"seckillEndTime":1786334399999,"status":"NOT_STARTED"},{"weekDay":1,"seckillStartTime":1786334400000,"seckillEndTime":1786507199999,"status":"NOT_STARTED"},{"weekDay":3,"seckillStartTime":1786507200000,"seckillEndTime":1786679999999,"status":"NOT_STARTED"}]},{"couponId":"6870872e89fddd2bbdec96bd","name":"V7","amount":75,"xyLevel":"V7","seckillTime":"WEEKLY","periods":[{"weekDay":5,"seckillStartTime":1785470400000,"seckillEndTime":1785729599999,"status":"ENDED"},{"weekDay":1,"seckillStartTime":1785729600000,"seckillEndTime":1785902399999,"status":"PROGRESSING"},{"weekDay":3,"seckillStartTime":1785902400000,"seckillEndTime":1786075199999,"status":"NOT_STARTED"},{"weekDay":5,"seckillStartTime":1786075200000,"seckillEndTime":1786334399999,"status":"NOT_STARTED"},{"weekDay":1,"seckillStartTime":1786334400000,"seckillEndTime":1786507199999,"status":"NOT_STARTED"},{"weekDay":3,"seckillStartTime":1786507200000,"seckillEndTime":1786679999999,"status":"NOT_STARTED"}]}]},"code":200,"errmsg":"OK"}}
============================================================
============================================================
[请求时间] 2026/8/3 17:33:12.937
[响应时间] 2026/8/3 17:33:13.078
[耗时] 141ms
[请求路径] https://pay-api.ds.163.com/v1/web/init/server/time
[请求方式] GET
[请求参数] {"query":null,"body":null}
[请求头] {"Accept":"application/json, text/plain, */*","Content-Type":"application/json;charset=UTF-8","GL-X-XSRF-TOKEN":"96dca0c5-a0a8-42a3-aae7-ff273c8462e7","User-Agent":"Mozilla/5.0 (Windows NT 10.0; Win64; x64) AppleWebKit/537.36 (KHTML, like Gecko) Chrome/122.0.0.0 Safari/537.36","Origin":"https://pay.ds.163.com","Referer":"https://pay.ds.163.com/","GL-ClientType":"60","GL-DeviceId":"d6972664-c170-46f6-91f3-8079b501f7ef","GL-Uid":"ab3d60bdd8614464af937bc6c0be87cb","Accept-Encoding":"gzip, compress, deflate, br"}
[响应结果] {"httpStatus":404,"data":"<!DOCTYPE HTML PUBLIC \"-//W3C//DTD HTML 3.2 Final//EN\">\n<title>404 Not Found</title>\n<h1>Not Found</h1>\n<p>The requested URL was not found on the server. If you entered the URL manually please check your spelling and try again.</p>\n"}
============================================================
============================================================
[请求时间] 2026/8/3 17:33:13.074
[响应时间] 2026/8/3 17:33:13.213
[耗时] 139ms
[请求路径] https://pay-api.ds.163.com/api/nlogin
[请求方式] GET
[请求参数] {"query":{},"body":null}
[请求头] {"Accept":"application/json, text/plain, */*","Content-Type":"application/json;charset=UTF-8","GL-X-XSRF-TOKEN":"96dca0c5-a0a8-42a3-aae7-ff273c8462e7","User-Agent":"Mozilla/5.0 (Windows NT 10.0; Win64; x64) AppleWebKit/537.36 (KHTML, like Gecko) Chrome/122.0.0.0 Safari/537.36","Origin":"https://pay.ds.163.com","Referer":"https://pay.ds.163.com/","GL-ClientType":"60","GL-DeviceId":"d6972664-c170-46f6-91f3-8079b501f7ef","GL-Uid":"ab3d60bdd8614464af937bc6c0be87cb","Accept-Encoding":"gzip, compress, deflate, br"}
[响应结果] {"httpStatus":200,"data":{"code":413,"msg":"登录失败"}}
============================================================
============================================================
[请求时间] 2026/8/3 17:33:17.333
[响应时间] 2026/8/3 17:33:17.498
[耗时] 165ms
[请求路径] https://pay-api.ds.163.com/v1/web/init/server/time
[请求方式] GET
[请求参数] {"query":null,"body":null}
[请求头] {"Accept":"application/json, text/plain, */*","Content-Type":"application/json;charset=UTF-8","GL-X-XSRF-TOKEN":"96dca0c5-a0a8-42a3-aae7-ff273c8462e7","User-Agent":"Mozilla/5.0 (Windows NT 10.0; Win64; x64) AppleWebKit/537.36 (KHTML, like Gecko) Chrome/122.0.0.0 Safari/537.36","Origin":"https://pay.ds.163.com","Referer":"https://pay.ds.163.com/","GL-ClientType":"60","GL-DeviceId":"d6972664-c170-46f6-91f3-8079b501f7ef","GL-Uid":"ab3d60bdd8614464af937bc6c0be87cb","Accept-Encoding":"gzip, compress, deflate, br"}
[响应结果] {"httpStatus":404,"data":"<!DOCTYPE HTML PUBLIC \"-//W3C//DTD HTML 3.2 Final//EN\">\n<title>404 Not Found</title>\n<h1>Not Found</h1>\n<p>The requested URL was not found on the server. If you entered the URL manually please check your spelling and try again.</p>\n"}
============================================================
============================================================
[请求时间] 2026/8/3 17:33:18.844
[响应时间] 2026/8/3 17:33:18.945
[耗时] 101ms
[请求路径] https://inf.ds.163.com/v1/web/exp/week-coupon/acquire
[请求方式] POST
[请求参数] {"query":null,"body":{"couponId":"68708705f56f912f57e063c3","stockId":"68708705f56f912f57e063c3_WEEKLY_1785902400000"}}
[请求头] {"Accept":"application/json, text/plain, */*","Content-Type":"application/json;charset=UTF-8","GL-X-XSRF-TOKEN":"96dca0c5-a0a8-42a3-aae7-ff273c8462e7","User-Agent":"Mozilla/5.0 (Windows NT 10.0; Win64; x64) AppleWebKit/537.36 (KHTML, like Gecko) Chrome/122.0.0.0 Safari/537.36","Origin":"https://pay.ds.163.com","Referer":"https://pay.ds.163.com/","GL-ClientType":"60","GL-DeviceId":"d6972664-c170-46f6-91f3-8079b501f7ef","GL-Uid":"ab3d60bdd8614464af937bc6c0be87cb","GL-CheckSum":"df4513e4e5f9021e44682a0f3d4127d1428ebed7","Content-Length":"97","Accept-Encoding":"gzip, compress, deflate, br"}
[响应结果] {"httpStatus":200,"data":{"code":803,"errmsg":"库存已失效"}}
============================================================
============================================================
[请求时间] 2026/8/3 17:33:18.941
[响应时间] 2026/8/3 17:33:19.024
[耗时] 83ms
[请求路径] https://inf.ds.163.com/v1/web/exp/week-coupon/showing-list-v2
[请求方式] POST
[请求参数] {"query":null,"body":{}}
[请求头] {"Accept":"application/json, text/plain, */*","Content-Type":"application/json;charset=UTF-8","GL-X-XSRF-TOKEN":"96dca0c5-a0a8-42a3-aae7-ff273c8462e7","User-Agent":"Mozilla/5.0 (Windows NT 10.0; Win64; x64) AppleWebKit/537.36 (KHTML, like Gecko) Chrome/122.0.0.0 Safari/537.36","Origin":"https://pay.ds.163.com","Referer":"https://pay.ds.163.com/","GL-ClientType":"60","GL-DeviceId":"d6972664-c170-46f6-91f3-8079b501f7ef","GL-Uid":"ab3d60bdd8614464af937bc6c0be87cb","GL-CheckSum":"01bea09b7893e9959b40fa75e7f412c007e640fe","Content-Length":"2","Accept-Encoding":"gzip, compress, deflate, br"}
[响应结果] {"httpStatus":200,"data":{"result":{"coupons":[{"couponId":"687076e69f3efd24cb2bed9c","name":"V1","amount":1,"xyLevel":"V1","seckillTime":"WEEKLY","periods":[{"weekDay":5,"seckillStartTime":1785470400000,"seckillEndTime":1785729599999,"status":"ENDED"},{"weekDay":1,"seckillStartTime":1785729600000,"seckillEndTime":1785902399999,"status":"PROGRESSING"},{"weekDay":3,"seckillStartTime":1785902400000,"seckillEndTime":1786075199999,"status":"NOT_STARTED"},{"weekDay":5,"seckillStartTime":1786075200000,"seckillEndTime":1786334399999,"status":"NOT_STARTED"},{"weekDay":1,"seckillStartTime":1786334400000,"seckillEndTime":1786507199999,"status":"NOT_STARTED"},{"weekDay":3,"seckillStartTime":1786507200000,"seckillEndTime":1786679999999,"status":"NOT_STARTED"}]},{"couponId":"68708657f56f912f57e063bf","name":"V2","amount":2,"xyLevel":"V2","seckillTime":"WEEKLY","periods":[{"weekDay":5,"seckillStartTime":1785470400000,"seckillEndTime":1785729599999,"status":"ENDED"},{"weekDay":1,"seckillStartTime":1785729600000,"seckillEndTime":1785902399999,"status":"PROGRESSING"},{"weekDay":3,"seckillStartTime":1785902400000,"seckillEndTime":1786075199999,"status":"NOT_STARTED"},{"weekDay":5,"seckillStartTime":1786075200000,"seckillEndTime":1786334399999,"status":"NOT_STARTED"},{"weekDay":1,"seckillStartTime":1786334400000,"seckillEndTime":1786507199999,"status":"NOT_STARTED"},{"weekDay":3,"seckillStartTime":1786507200000,"seckillEndTime":1786679999999,"status":"NOT_STARTED"}]},{"couponId":"6870867989fddd2bbdec96bc","name":"V3","amount":3,"xyLevel":"V3","seckillTime":"WEEKLY","periods":[{"weekDay":5,"seckillStartTime":1785470400000,"seckillEndTime":1785729599999,"status":"ENDED"},{"weekDay":1,"seckillStartTime":1785729600000,"seckillEndTime":1785902399999,"status":"PROGRESSING"},{"weekDay":3,"seckillStartTime":1785902400000,"seckillEndTime":1786075199999,"status":"NOT_STARTED"},{"weekDay":5,"seckillStartTime":1786075200000,"seckillEndTime":1786334399999,"status":"NOT_STARTED"},{"weekDay":1,"seckillStartTime":1786334400000,"seckillEndTime":1786507199999,"status":"NOT_STARTED"},{"weekDay":3,"seckillStartTime":1786507200000,"seckillEndTime":1786679999999,"status":"NOT_STARTED"}]},{"couponId":"6870869cf56f912f57e063c0","name":"V4","amount":8,"xyLevel":"V4","seckillTime":"WEEKLY","periods":[{"weekDay":5,"seckillStartTime":1785470400000,"seckillEndTime":1785729599999,"status":"ENDED"},{"weekDay":1,"seckillStartTime":1785729600000,"seckillEndTime":1785902399999,"status":"PROGRESSING"},{"weekDay":3,"seckillStartTime":1785902400000,"seckillEndTime":1786075199999,"status":"NOT_STARTED"},{"weekDay":5,"seckillStartTime":1786075200000,"seckillEndTime":1786334399999,"status":"NOT_STARTED"},{"weekDay":1,"seckillStartTime":1786334400000,"seckillEndTime":1786507199999,"status":"NOT_STARTED"},{"weekDay":3,"seckillStartTime":1786507200000,"seckillEndTime":1786679999999,"status":"NOT_STARTED"}]},{"couponId":"687086e33d0d02335c1804f4","name":"V5","amount":18,"xyLevel":"V5","seckillTime":"WEEKLY","periods":[{"weekDay":5,"seckillStartTime":1785470400000,"seckillEndTime":1785729599999,"status":"ENDED"},{"weekDay":1,"seckillStartTime":1785729600000,"seckillEndTime":1785902399999,"status":"PROGRESSING"},{"weekDay":3,"seckillStartTime":1785902400000,"seckillEndTime":1786075199999,"status":"NOT_STARTED"},{"weekDay":5,"seckillStartTime":1786075200000,"seckillEndTime":1786334399999,"status":"NOT_STARTED"},{"weekDay":1,"seckillStartTime":1786334400000,"seckillEndTime":1786507199999,"status":"NOT_STARTED"},{"weekDay":3,"seckillStartTime":1786507200000,"seckillEndTime":1786679999999,"status":"NOT_STARTED"}]},{"couponId":"68708705f56f912f57e063c3","name":"V6","amount":30,"xyLevel":"V6","seckillTime":"WEEKLY","periods":[{"weekDay":5,"seckillStartTime":1785470400000,"seckillEndTime":1785729599999,"status":"ENDED"},{"weekDay":1,"seckillStartTime":1785729600000,"seckillEndTime":1785902399999,"status":"PROGRESSING","acquiredStatus":"OUT_OF_STOCK","stockId":"68708705f56f912f57e063c3_WEEKLY_1785729600000","stockRemain":0},{"weekDay":3,"seckillStartTime":1785902400000,"seckillEndTime":1786075199999,"status":"NOT_STARTED"},{"weekDay":5,"seckillStartTime":1786075200000,"seckillEndTime":1786334399999,"status":"NOT_STARTED"},{"weekDay":1,"seckillStartTime":1786334400000,"seckillEndTime":1786507199999,"status":"NOT_STARTED"},{"weekDay":3,"seckillStartTime":1786507200000,"seckillEndTime":1786679999999,"status":"NOT_STARTED"}]},{"couponId":"6870872e89fddd2bbdec96bd","name":"V7","amount":75,"xyLevel":"V7","seckillTime":"WEEKLY","periods":[{"weekDay":5,"seckillStartTime":1785470400000,"seckillEndTime":1785729599999,"status":"ENDED"},{"weekDay":1,"seckillStartTime":1785729600000,"seckillEndTime":1785902399999,"status":"PROGRESSING"},{"weekDay":3,"seckillStartTime":1785902400000,"seckillEndTime":1786075199999,"status":"NOT_STARTED"},{"weekDay":5,"seckillStartTime":1786075200000,"seckillEndTime":1786334399999,"status":"NOT_STARTED"},{"weekDay":1,"seckillStartTime":1786334400000,"seckillEndTime":1786507199999,"status":"NOT_STARTED"},{"weekDay":3,"seckillStartTime":1786507200000,"seckillEndTime":1786679999999,"status":"NOT_STARTED"}]}]},"code":200,"errmsg":"OK"}}
============================================================
============================================================
[请求时间] 2026/8/3 17:33:20.037
[响应时间] 2026/8/3 17:33:20.141
[耗时] 104ms
[请求路径] https://inf.ds.163.com/v1/web/exp/week-coupon/acquire
[请求方式] POST
[请求参数] {"query":null,"body":{"couponId":"68708705f56f912f57e063c3","stockId":"68708705f56f912f57e063c3_WEEKLY_1785902400000"}}
[请求头] {"Accept":"application/json, text/plain, */*","Content-Type":"application/json;charset=UTF-8","GL-X-XSRF-TOKEN":"96dca0c5-a0a8-42a3-aae7-ff273c8462e7","User-Agent":"Mozilla/5.0 (Windows NT 10.0; Win64; x64) AppleWebKit/537.36 (KHTML, like Gecko) Chrome/122.0.0.0 Safari/537.36","Origin":"https://pay.ds.163.com","Referer":"https://pay.ds.163.com/","GL-ClientType":"60","GL-DeviceId":"d6972664-c170-46f6-91f3-8079b501f7ef","GL-Uid":"ab3d60bdd8614464af937bc6c0be87cb","GL-CheckSum":"df4513e4e5f9021e44682a0f3d4127d1428ebed7","Content-Length":"97","Accept-Encoding":"gzip, compress, deflate, br"}
[响应结果] {"httpStatus":200,"data":{"code":803,"errmsg":"库存已失效"}}
============================================================
============================================================
[请求时间] 2026/8/3 17:33:20.138
[响应时间] 2026/8/3 17:33:20.228
[耗时] 90ms
[请求路径] https://inf.ds.163.com/v1/web/exp/week-coupon/showing-list-v2
[请求方式] POST
[请求参数] {"query":null,"body":{}}
[请求头] {"Accept":"application/json, text/plain, */*","Content-Type":"application/json;charset=UTF-8","GL-X-XSRF-TOKEN":"96dca0c5-a0a8-42a3-aae7-ff273c8462e7","User-Agent":"Mozilla/5.0 (Windows NT 10.0; Win64; x64) AppleWebKit/537.36 (KHTML, like Gecko) Chrome/122.0.0.0 Safari/537.36","Origin":"https://pay.ds.163.com","Referer":"https://pay.ds.163.com/","GL-ClientType":"60","GL-DeviceId":"d6972664-c170-46f6-91f3-8079b501f7ef","GL-Uid":"ab3d60bdd8614464af937bc6c0be87cb","GL-CheckSum":"01bea09b7893e9959b40fa75e7f412c007e640fe","Content-Length":"2","Accept-Encoding":"gzip, compress, deflate, br"}
[响应结果] {"httpStatus":200,"data":{"result":{"coupons":[{"couponId":"687076e69f3efd24cb2bed9c","name":"V1","amount":1,"xyLevel":"V1","seckillTime":"WEEKLY","periods":[{"weekDay":5,"seckillStartTime":1785470400000,"seckillEndTime":1785729599999,"status":"ENDED"},{"weekDay":1,"seckillStartTime":1785729600000,"seckillEndTime":1785902399999,"status":"PROGRESSING"},{"weekDay":3,"seckillStartTime":1785902400000,"seckillEndTime":1786075199999,"status":"NOT_STARTED"},{"weekDay":5,"seckillStartTime":1786075200000,"seckillEndTime":1786334399999,"status":"NOT_STARTED"},{"weekDay":1,"seckillStartTime":1786334400000,"seckillEndTime":1786507199999,"status":"NOT_STARTED"},{"weekDay":3,"seckillStartTime":1786507200000,"seckillEndTime":1786679999999,"status":"NOT_STARTED"}]},{"couponId":"68708657f56f912f57e063bf","name":"V2","amount":2,"xyLevel":"V2","seckillTime":"WEEKLY","periods":[{"weekDay":5,"seckillStartTime":1785470400000,"seckillEndTime":1785729599999,"status":"ENDED"},{"weekDay":1,"seckillStartTime":1785729600000,"seckillEndTime":1785902399999,"status":"PROGRESSING"},{"weekDay":3,"seckillStartTime":1785902400000,"seckillEndTime":1786075199999,"status":"NOT_STARTED"},{"weekDay":5,"seckillStartTime":1786075200000,"seckillEndTime":1786334399999,"status":"NOT_STARTED"},{"weekDay":1,"seckillStartTime":1786334400000,"seckillEndTime":1786507199999,"status":"NOT_STARTED"},{"weekDay":3,"seckillStartTime":1786507200000,"seckillEndTime":1786679999999,"status":"NOT_STARTED"}]},{"couponId":"6870867989fddd2bbdec96bc","name":"V3","amount":3,"xyLevel":"V3","seckillTime":"WEEKLY","periods":[{"weekDay":5,"seckillStartTime":1785470400000,"seckillEndTime":1785729599999,"status":"ENDED"},{"weekDay":1,"seckillStartTime":1785729600000,"seckillEndTime":1785902399999,"status":"PROGRESSING"},{"weekDay":3,"seckillStartTime":1785902400000,"seckillEndTime":1786075199999,"status":"NOT_STARTED"},{"weekDay":5,"seckillStartTime":1786075200000,"seckillEndTime":1786334399999,"status":"NOT_STARTED"},{"weekDay":1,"seckillStartTime":1786334400000,"seckillEndTime":1786507199999,"status":"NOT_STARTED"},{"weekDay":3,"seckillStartTime":1786507200000,"seckillEndTime":1786679999999,"status":"NOT_STARTED"}]},{"couponId":"6870869cf56f912f57e063c0","name":"V4","amount":8,"xyLevel":"V4","seckillTime":"WEEKLY","periods":[{"weekDay":5,"seckillStartTime":1785470400000,"seckillEndTime":1785729599999,"status":"ENDED"},{"weekDay":1,"seckillStartTime":1785729600000,"seckillEndTime":1785902399999,"status":"PROGRESSING"},{"weekDay":3,"seckillStartTime":1785902400000,"seckillEndTime":1786075199999,"status":"NOT_STARTED"},{"weekDay":5,"seckillStartTime":1786075200000,"seckillEndTime":1786334399999,"status":"NOT_STARTED"},{"weekDay":1,"seckillStartTime":1786334400000,"seckillEndTime":1786507199999,"status":"NOT_STARTED"},{"weekDay":3,"seckillStartTime":1786507200000,"seckillEndTime":1786679999999,"status":"NOT_STARTED"}]},{"couponId":"687086e33d0d02335c1804f4","name":"V5","amount":18,"xyLevel":"V5","seckillTime":"WEEKLY","periods":[{"weekDay":5,"seckillStartTime":1785470400000,"seckillEndTime":1785729599999,"status":"ENDED"},{"weekDay":1,"seckillStartTime":1785729600000,"seckillEndTime":1785902399999,"status":"PROGRESSING"},{"weekDay":3,"seckillStartTime":1785902400000,"seckillEndTime":1786075199999,"status":"NOT_STARTED"},{"weekDay":5,"seckillStartTime":1786075200000,"seckillEndTime":1786334399999,"status":"NOT_STARTED"},{"weekDay":1,"seckillStartTime":1786334400000,"seckillEndTime":1786507199999,"status":"NOT_STARTED"},{"weekDay":3,"seckillStartTime":1786507200000,"seckillEndTime":1786679999999,"status":"NOT_STARTED"}]},{"couponId":"68708705f56f912f57e063c3","name":"V6","amount":30,"xyLevel":"V6","seckillTime":"WEEKLY","periods":[{"weekDay":5,"seckillStartTime":1785470400000,"seckillEndTime":1785729599999,"status":"ENDED"},{"weekDay":1,"seckillStartTime":1785729600000,"seckillEndTime":1785902399999,"status":"PROGRESSING","acquiredStatus":"OUT_OF_STOCK","stockId":"68708705f56f912f57e063c3_WEEKLY_1785729600000","stockRemain":0},{"weekDay":3,"seckillStartTime":1785902400000,"seckillEndTime":1786075199999,"status":"NOT_STARTED"},{"weekDay":5,"seckillStartTime":1786075200000,"seckillEndTime":1786334399999,"status":"NOT_STARTED"},{"weekDay":1,"seckillStartTime":1786334400000,"seckillEndTime":1786507199999,"status":"NOT_STARTED"},{"weekDay":3,"seckillStartTime":1786507200000,"seckillEndTime":1786679999999,"status":"NOT_STARTED"}]},{"couponId":"6870872e89fddd2bbdec96bd","name":"V7","amount":75,"xyLevel":"V7","seckillTime":"WEEKLY","periods":[{"weekDay":5,"seckillStartTime":1785470400000,"seckillEndTime":1785729599999,"status":"ENDED"},{"weekDay":1,"seckillStartTime":1785729600000,"seckillEndTime":1785902399999,"status":"PROGRESSING"},{"weekDay":3,"seckillStartTime":1785902400000,"seckillEndTime":1786075199999,"status":"NOT_STARTED"},{"weekDay":5,"seckillStartTime":1786075200000,"seckillEndTime":1786334399999,"status":"NOT_STARTED"},{"weekDay":1,"seckillStartTime":1786334400000,"seckillEndTime":1786507199999,"status":"NOT_STARTED"},{"weekDay":3,"seckillStartTime":1786507200000,"seckillEndTime":1786679999999,"status":"NOT_STARTED"}]}]},"code":200,"errmsg":"OK"}}
============================================================
