============================================================
[请求时间] 2026/7/31 10:33:16.975
[响应时间] 2026/7/31 10:33:17.149
[耗时] 174ms
[请求路径] https://pay-api.ds.163.com/v1/web/init/server/time
[请求方式] GET
[请求参数] {"query":null,"body":null}
[请求头] {"Accept":"application/json, text/plain, */*","Content-Type":"application/json;charset=UTF-8","User-Agent":"Mozilla/5.0 (Windows NT 10.0; Win64; x64) AppleWebKit/537.36 (KHTML, like Gecko) Chrome/122.0.0.0 Safari/537.36","Origin":"https://pay.ds.163.com","Referer":"https://pay.ds.163.com/","GL-ClientType":"60","GL-DeviceId":"d6972664-c170-46f6-91f3-8079b501f7ef","GL-Uid":"ab3d60bdd8614464af937bc6c0be87cb","GL-X-XSRF-TOKEN":"96dca0c5-a0a8-42a3-aae7-ff273c8462e7","Accept-Encoding":"gzip, compress, deflate, br"}
[响应结果] {"httpStatus":404,"data":"<!DOCTYPE HTML PUBLIC \"-//W3C//DTD HTML 3.2 Final//EN\">\n<title>404 Not Found</title>\n<h1>Not Found</h1>\n<p>The requested URL was not found on the server. If you entered the URL manually please check your spelling and try again.</p>\n"}
============================================================
============================================================
[请求时间] 2026/7/31 10:33:17.150
[响应时间] 2026/7/31 10:33:17.298
[耗时] 148ms
[请求路径] https://pay-api.ds.163.com/api/nlogin
[请求方式] GET
[请求参数] {"query":{},"body":null}
[请求头] {"Accept":"application/json, text/plain, */*","Content-Type":"application/json;charset=UTF-8","GL-X-XSRF-TOKEN":"96dca0c5-a0a8-42a3-aae7-ff273c8462e7","User-Agent":"Mozilla/5.0 (Windows NT 10.0; Win64; x64) AppleWebKit/537.36 (KHTML, like Gecko) Chrome/122.0.0.0 Safari/537.36","Origin":"https://pay.ds.163.com","Referer":"https://pay.ds.163.com/","GL-ClientType":"60","GL-DeviceId":"d6972664-c170-46f6-91f3-8079b501f7ef","GL-Uid":"ab3d60bdd8614464af937bc6c0be87cb","Accept-Encoding":"gzip, compress, deflate, br"}
[响应结果] {"httpStatus":200,"data":{"code":413,"msg":"登录失败"}}
============================================================
============================================================
[请求时间] 2026/7/31 10:33:17.299
[响应时间] 2026/7/31 10:33:17.436
[耗时] 137ms
[请求路径] https://inf.ds.163.com/v1/web/cooperate/plutus/cookie-exchange
[请求方式] GET
[请求参数] {"query":null,"body":null}
[请求头] {"Accept":"application/json, text/plain, */*","Content-Type":"application/json;charset=UTF-8","GL-X-XSRF-TOKEN":"96dca0c5-a0a8-42a3-aae7-ff273c8462e7","User-Agent":"Mozilla/5.0 (Windows NT 10.0; Win64; x64) AppleWebKit/537.36 (KHTML, like Gecko) Chrome/122.0.0.0 Safari/537.36","Origin":"https://pay.ds.163.com","Referer":"https://pay.ds.163.com/","GL-ClientType":"60","GL-DeviceId":"d6972664-c170-46f6-91f3-8079b501f7ef","GL-Uid":"ab3d60bdd8614464af937bc6c0be87cb","Accept-Encoding":"gzip, compress, deflate, br"}
[响应结果] {"httpStatus":200,"data":{"result":{"user":{"uid":"ab3d60bdd8614464af937bc6c0be87cb","nick":"lnl922","icon":"https://ok.166.net/reunionpub/3_20251102_19a403f87b2484815.jpeg","intro":"","gender":1,"frame":"64b92f13db5e2e0001e826b5","updateTime":1779774174407,"userSourceType":"URS"},"newUser":false},"code":200,"errmsg":"OK"}}
============================================================
============================================================
[请求时间] 2026/7/31 10:33:17.436
[响应时间] 2026/7/31 10:33:17.577
[耗时] 141ms
[请求路径] https://pay-api.ds.163.com/v1/web/init/server/time
[请求方式] GET
[请求参数] {"query":null,"body":null}
[请求头] {"Accept":"application/json, text/plain, */*","Content-Type":"application/json;charset=UTF-8","GL-X-XSRF-TOKEN":"96dca0c5-a0a8-42a3-aae7-ff273c8462e7","User-Agent":"Mozilla/5.0 (Windows NT 10.0; Win64; x64) AppleWebKit/537.36 (KHTML, like Gecko) Chrome/122.0.0.0 Safari/537.36","Origin":"https://pay.ds.163.com","Referer":"https://pay.ds.163.com/","GL-ClientType":"60","GL-DeviceId":"d6972664-c170-46f6-91f3-8079b501f7ef","GL-Uid":"ab3d60bdd8614464af937bc6c0be87cb","Accept-Encoding":"gzip, compress, deflate, br"}
[响应结果] {"httpStatus":404,"data":"<!DOCTYPE HTML PUBLIC \"-//W3C//DTD HTML 3.2 Final//EN\">\n<title>404 Not Found</title>\n<h1>Not Found</h1>\n<p>The requested URL was not found on the server. If you entered the URL manually please check your spelling and try again.</p>\n"}
============================================================
============================================================
[请求时间] 2026/7/31 10:33:17.578
[响应时间] 2026/7/31 10:33:17.628
[耗时] 50ms
[请求路径] https://inf.ds.163.com/v1/web/exp/xy/user/get-info
[请求方式] POST
[请求参数] {"query":null,"body":{}}
[请求头] {"Accept":"application/json, text/plain, */*","Content-Type":"application/json;charset=UTF-8","GL-X-XSRF-TOKEN":"96dca0c5-a0a8-42a3-aae7-ff273c8462e7","User-Agent":"Mozilla/5.0 (Windows NT 10.0; Win64; x64) AppleWebKit/537.36 (KHTML, like Gecko) Chrome/122.0.0.0 Safari/537.36","Origin":"https://pay.ds.163.com","Referer":"https://pay.ds.163.com/","GL-ClientType":"60","GL-DeviceId":"d6972664-c170-46f6-91f3-8079b501f7ef","GL-Uid":"ab3d60bdd8614464af937bc6c0be87cb","GL-CheckSum":"01bea09b7893e9959b40fa75e7f412c007e640fe","Content-Length":"2","Accept-Encoding":"gzip, compress, deflate, br"}
[响应结果] {"httpStatus":200,"data":{"result":{"growthPoint":379522,"currentLv":"V6","diffNextLvGrowthPoint":620478,"currentLvExpireDate":"20270626","currentLvExpire":1813939200000,"nextLv":"V7","activeGames":["l36"],"last365LoginGames":["l36"],"initDate":"20260626","lastLv":"V5"},"code":200,"errmsg":"OK"}}
============================================================
============================================================
[请求时间] 2026/7/31 10:33:17.628
[响应时间] 2026/7/31 10:33:17.692
[耗时] 64ms
[请求路径] https://inf.ds.163.com/v1/web/exp/week-coupon/showing-list-v2
[请求方式] POST
[请求参数] {"query":null,"body":{}}
[请求头] {"Accept":"application/json, text/plain, */*","Content-Type":"application/json;charset=UTF-8","GL-X-XSRF-TOKEN":"96dca0c5-a0a8-42a3-aae7-ff273c8462e7","User-Agent":"Mozilla/5.0 (Windows NT 10.0; Win64; x64) AppleWebKit/537.36 (KHTML, like Gecko) Chrome/122.0.0.0 Safari/537.36","Origin":"https://pay.ds.163.com","Referer":"https://pay.ds.163.com/","GL-ClientType":"60","GL-DeviceId":"d6972664-c170-46f6-91f3-8079b501f7ef","GL-Uid":"ab3d60bdd8614464af937bc6c0be87cb","GL-CheckSum":"01bea09b7893e9959b40fa75e7f412c007e640fe","Content-Length":"2","Accept-Encoding":"gzip, compress, deflate, br"}
[响应结果] {"httpStatus":200,"data":{"result":{"coupons":[{"couponId":"687076e69f3efd24cb2bed9c","name":"V1","amount":1,"xyLevel":"V1","seckillTime":"WEEKLY","periods":[{"weekDay":1,"seckillStartTime":1785124800000,"seckillEndTime":1785297599999,"status":"ENDED"},{"weekDay":3,"seckillStartTime":1785297600000,"seckillEndTime":1785470399999,"status":"PROGRESSING"},{"weekDay":5,"seckillStartTime":1785470400000,"seckillEndTime":1785729599999,"status":"NOT_STARTED"},{"weekDay":1,"seckillStartTime":1785729600000,"seckillEndTime":1785902399999,"status":"NOT_STARTED"},{"weekDay":3,"seckillStartTime":1785902400000,"seckillEndTime":1786075199999,"status":"NOT_STARTED"},{"weekDay":5,"seckillStartTime":1786075200000,"seckillEndTime":1785124799999,"status":"NOT_STARTED"}]},{"couponId":"68708657f56f912f57e063bf","name":"V2","amount":2,"xyLevel":"V2","seckillTime":"WEEKLY","periods":[{"weekDay":1,"seckillStartTime":1785124800000,"seckillEndTime":1785297599999,"status":"ENDED"},{"weekDay":3,"seckillStartTime":1785297600000,"seckillEndTime":1785470399999,"status":"PROGRESSING"},{"weekDay":5,"seckillStartTime":1785470400000,"seckillEndTime":1785729599999,"status":"NOT_STARTED"},{"weekDay":1,"seckillStartTime":1785729600000,"seckillEndTime":1785902399999,"status":"NOT_STARTED"},{"weekDay":3,"seckillStartTime":1785902400000,"seckillEndTime":1786075199999,"status":"NOT_STARTED"},{"weekDay":5,"seckillStartTime":1786075200000,"seckillEndTime":1785124799999,"status":"NOT_STARTED"}]},{"couponId":"6870867989fddd2bbdec96bc","name":"V3","amount":3,"xyLevel":"V3","seckillTime":"WEEKLY","periods":[{"weekDay":1,"seckillStartTime":1785124800000,"seckillEndTime":1785297599999,"status":"ENDED"},{"weekDay":3,"seckillStartTime":1785297600000,"seckillEndTime":1785470399999,"status":"PROGRESSING"},{"weekDay":5,"seckillStartTime":1785470400000,"seckillEndTime":1785729599999,"status":"NOT_STARTED"},{"weekDay":1,"seckillStartTime":1785729600000,"seckillEndTime":1785902399999,"status":"NOT_STARTED"},{"weekDay":3,"seckillStartTime":1785902400000,"seckillEndTime":1786075199999,"status":"NOT_STARTED"},{"weekDay":5,"seckillStartTime":1786075200000,"seckillEndTime":1785124799999,"status":"NOT_STARTED"}]},{"couponId":"6870869cf56f912f57e063c0","name":"V4","amount":8,"xyLevel":"V4","seckillTime":"WEEKLY","periods":[{"weekDay":1,"seckillStartTime":1785124800000,"seckillEndTime":1785297599999,"status":"ENDED"},{"weekDay":3,"seckillStartTime":1785297600000,"seckillEndTime":1785470399999,"status":"PROGRESSING"},{"weekDay":5,"seckillStartTime":1785470400000,"seckillEndTime":1785729599999,"status":"NOT_STARTED"},{"weekDay":1,"seckillStartTime":1785729600000,"seckillEndTime":1785902399999,"status":"NOT_STARTED"},{"weekDay":3,"seckillStartTime":1785902400000,"seckillEndTime":1786075199999,"status":"NOT_STARTED"},{"weekDay":5,"seckillStartTime":1786075200000,"seckillEndTime":1785124799999,"status":"NOT_STARTED"}]},{"couponId":"687086e33d0d02335c1804f4","name":"V5","amount":18,"xyLevel":"V5","seckillTime":"WEEKLY","periods":[{"weekDay":1,"seckillStartTime":1785124800000,"seckillEndTime":1785297599999,"status":"ENDED"},{"weekDay":3,"seckillStartTime":1785297600000,"seckillEndTime":1785470399999,"status":"PROGRESSING"},{"weekDay":5,"seckillStartTime":1785470400000,"seckillEndTime":1785729599999,"status":"NOT_STARTED"},{"weekDay":1,"seckillStartTime":1785729600000,"seckillEndTime":1785902399999,"status":"NOT_STARTED"},{"weekDay":3,"seckillStartTime":1785902400000,"seckillEndTime":1786075199999,"status":"NOT_STARTED"},{"weekDay":5,"seckillStartTime":1786075200000,"seckillEndTime":1785124799999,"status":"NOT_STARTED"}]},{"couponId":"68708705f56f912f57e063c3","name":"V6","amount":30,"xyLevel":"V6","seckillTime":"WEEKLY","periods":[{"weekDay":1,"seckillStartTime":1785124800000,"seckillEndTime":1785297599999,"status":"ENDED"},{"weekDay":3,"seckillStartTime":1785297600000,"seckillEndTime":1785470399999,"status":"PROGRESSING","acquiredStatus":"OUT_OF_STOCK","stockId":"68708705f56f912f57e063c3_WEEKLY_1785297600000","stockRemain":0},{"weekDay":5,"seckillStartTime":1785470400000,"seckillEndTime":1785729599999,"status":"NOT_STARTED"},{"weekDay":1,"seckillStartTime":1785729600000,"seckillEndTime":1785902399999,"status":"NOT_STARTED"},{"weekDay":3,"seckillStartTime":1785902400000,"seckillEndTime":1786075199999,"status":"NOT_STARTED"},{"weekDay":5,"seckillStartTime":1786075200000,"seckillEndTime":1785124799999,"status":"NOT_STARTED"}]},{"couponId":"6870872e89fddd2bbdec96bd","name":"V7","amount":75,"xyLevel":"V7","seckillTime":"WEEKLY","periods":[{"weekDay":1,"seckillStartTime":1785124800000,"seckillEndTime":1785297599999,"status":"ENDED"},{"weekDay":3,"seckillStartTime":1785297600000,"seckillEndTime":1785470399999,"status":"PROGRESSING"},{"weekDay":5,"seckillStartTime":1785470400000,"seckillEndTime":1785729599999,"status":"NOT_STARTED"},{"weekDay":1,"seckillStartTime":1785729600000,"seckillEndTime":1785902399999,"status":"NOT_STARTED"},{"weekDay":3,"seckillStartTime":1785902400000,"seckillEndTime":1786075199999,"status":"NOT_STARTED"},{"weekDay":5,"seckillStartTime":1786075200000,"seckillEndTime":1785124799999,"status":"NOT_STARTED"}]}]},"code":200,"errmsg":"OK"}}
============================================================
============================================================
[请求时间] 2026/7/31 10:33:17.896
[响应时间] 2026/7/31 10:33:17.963
[耗时] 67ms
[请求路径] https://inf.ds.163.com/v1/web/exp/week-coupon/showing-list-v2
[请求方式] POST
[请求参数] {"query":null,"body":{}}
[请求头] {"Accept":"application/json, text/plain, */*","Content-Type":"application/json;charset=UTF-8","GL-X-XSRF-TOKEN":"96dca0c5-a0a8-42a3-aae7-ff273c8462e7","User-Agent":"Mozilla/5.0 (Windows NT 10.0; Win64; x64) AppleWebKit/537.36 (KHTML, like Gecko) Chrome/122.0.0.0 Safari/537.36","Origin":"https://pay.ds.163.com","Referer":"https://pay.ds.163.com/","GL-ClientType":"60","GL-DeviceId":"d6972664-c170-46f6-91f3-8079b501f7ef","GL-Uid":"ab3d60bdd8614464af937bc6c0be87cb","GL-CheckSum":"01bea09b7893e9959b40fa75e7f412c007e640fe","Content-Length":"2","Accept-Encoding":"gzip, compress, deflate, br"}
[响应结果] {"httpStatus":200,"data":{"result":{"coupons":[{"couponId":"687076e69f3efd24cb2bed9c","name":"V1","amount":1,"xyLevel":"V1","seckillTime":"WEEKLY","periods":[{"weekDay":1,"seckillStartTime":1785124800000,"seckillEndTime":1785297599999,"status":"ENDED"},{"weekDay":3,"seckillStartTime":1785297600000,"seckillEndTime":1785470399999,"status":"PROGRESSING"},{"weekDay":5,"seckillStartTime":1785470400000,"seckillEndTime":1785729599999,"status":"NOT_STARTED"},{"weekDay":1,"seckillStartTime":1785729600000,"seckillEndTime":1785902399999,"status":"NOT_STARTED"},{"weekDay":3,"seckillStartTime":1785902400000,"seckillEndTime":1786075199999,"status":"NOT_STARTED"},{"weekDay":5,"seckillStartTime":1786075200000,"seckillEndTime":1785124799999,"status":"NOT_STARTED"}]},{"couponId":"68708657f56f912f57e063bf","name":"V2","amount":2,"xyLevel":"V2","seckillTime":"WEEKLY","periods":[{"weekDay":1,"seckillStartTime":1785124800000,"seckillEndTime":1785297599999,"status":"ENDED"},{"weekDay":3,"seckillStartTime":1785297600000,"seckillEndTime":1785470399999,"status":"PROGRESSING"},{"weekDay":5,"seckillStartTime":1785470400000,"seckillEndTime":1785729599999,"status":"NOT_STARTED"},{"weekDay":1,"seckillStartTime":1785729600000,"seckillEndTime":1785902399999,"status":"NOT_STARTED"},{"weekDay":3,"seckillStartTime":1785902400000,"seckillEndTime":1786075199999,"status":"NOT_STARTED"},{"weekDay":5,"seckillStartTime":1786075200000,"seckillEndTime":1785124799999,"status":"NOT_STARTED"}]},{"couponId":"6870867989fddd2bbdec96bc","name":"V3","amount":3,"xyLevel":"V3","seckillTime":"WEEKLY","periods":[{"weekDay":1,"seckillStartTime":1785124800000,"seckillEndTime":1785297599999,"status":"ENDED"},{"weekDay":3,"seckillStartTime":1785297600000,"seckillEndTime":1785470399999,"status":"PROGRESSING"},{"weekDay":5,"seckillStartTime":1785470400000,"seckillEndTime":1785729599999,"status":"NOT_STARTED"},{"weekDay":1,"seckillStartTime":1785729600000,"seckillEndTime":1785902399999,"status":"NOT_STARTED"},{"weekDay":3,"seckillStartTime":1785902400000,"seckillEndTime":1786075199999,"status":"NOT_STARTED"},{"weekDay":5,"seckillStartTime":1786075200000,"seckillEndTime":1785124799999,"status":"NOT_STARTED"}]},{"couponId":"6870869cf56f912f57e063c0","name":"V4","amount":8,"xyLevel":"V4","seckillTime":"WEEKLY","periods":[{"weekDay":1,"seckillStartTime":1785124800000,"seckillEndTime":1785297599999,"status":"ENDED"},{"weekDay":3,"seckillStartTime":1785297600000,"seckillEndTime":1785470399999,"status":"PROGRESSING"},{"weekDay":5,"seckillStartTime":1785470400000,"seckillEndTime":1785729599999,"status":"NOT_STARTED"},{"weekDay":1,"seckillStartTime":1785729600000,"seckillEndTime":1785902399999,"status":"NOT_STARTED"},{"weekDay":3,"seckillStartTime":1785902400000,"seckillEndTime":1786075199999,"status":"NOT_STARTED"},{"weekDay":5,"seckillStartTime":1786075200000,"seckillEndTime":1785124799999,"status":"NOT_STARTED"}]},{"couponId":"687086e33d0d02335c1804f4","name":"V5","amount":18,"xyLevel":"V5","seckillTime":"WEEKLY","periods":[{"weekDay":1,"seckillStartTime":1785124800000,"seckillEndTime":1785297599999,"status":"ENDED"},{"weekDay":3,"seckillStartTime":1785297600000,"seckillEndTime":1785470399999,"status":"PROGRESSING"},{"weekDay":5,"seckillStartTime":1785470400000,"seckillEndTime":1785729599999,"status":"NOT_STARTED"},{"weekDay":1,"seckillStartTime":1785729600000,"seckillEndTime":1785902399999,"status":"NOT_STARTED"},{"weekDay":3,"seckillStartTime":1785902400000,"seckillEndTime":1786075199999,"status":"NOT_STARTED"},{"weekDay":5,"seckillStartTime":1786075200000,"seckillEndTime":1785124799999,"status":"NOT_STARTED"}]},{"couponId":"68708705f56f912f57e063c3","name":"V6","amount":30,"xyLevel":"V6","seckillTime":"WEEKLY","periods":[{"weekDay":1,"seckillStartTime":1785124800000,"seckillEndTime":1785297599999,"status":"ENDED"},{"weekDay":3,"seckillStartTime":1785297600000,"seckillEndTime":1785470399999,"status":"PROGRESSING","acquiredStatus":"OUT_OF_STOCK","stockId":"68708705f56f912f57e063c3_WEEKLY_1785297600000","stockRemain":0},{"weekDay":5,"seckillStartTime":1785470400000,"seckillEndTime":1785729599999,"status":"NOT_STARTED"},{"weekDay":1,"seckillStartTime":1785729600000,"seckillEndTime":1785902399999,"status":"NOT_STARTED"},{"weekDay":3,"seckillStartTime":1785902400000,"seckillEndTime":1786075199999,"status":"NOT_STARTED"},{"weekDay":5,"seckillStartTime":1786075200000,"seckillEndTime":1785124799999,"status":"NOT_STARTED"}]},{"couponId":"6870872e89fddd2bbdec96bd","name":"V7","amount":75,"xyLevel":"V7","seckillTime":"WEEKLY","periods":[{"weekDay":1,"seckillStartTime":1785124800000,"seckillEndTime":1785297599999,"status":"ENDED"},{"weekDay":3,"seckillStartTime":1785297600000,"seckillEndTime":1785470399999,"status":"PROGRESSING"},{"weekDay":5,"seckillStartTime":1785470400000,"seckillEndTime":1785729599999,"status":"NOT_STARTED"},{"weekDay":1,"seckillStartTime":1785729600000,"seckillEndTime":1785902399999,"status":"NOT_STARTED"},{"weekDay":3,"seckillStartTime":1785902400000,"seckillEndTime":1786075199999,"status":"NOT_STARTED"},{"weekDay":5,"seckillStartTime":1786075200000,"seckillEndTime":1785124799999,"status":"NOT_STARTED"}]}]},"code":200,"errmsg":"OK"}}
============================================================
============================================================
[请求时间] 2026/7/31 10:33:17.964
[响应时间] 2026/7/31 10:33:18.107
[耗时] 143ms
[请求路径] https://pay-api.ds.163.com/v1/web/init/server/time
[请求方式] GET
[请求参数] {"query":null,"body":null}
[请求头] {"Accept":"application/json, text/plain, */*","Content-Type":"application/json;charset=UTF-8","GL-X-XSRF-TOKEN":"96dca0c5-a0a8-42a3-aae7-ff273c8462e7","User-Agent":"Mozilla/5.0 (Windows NT 10.0; Win64; x64) AppleWebKit/537.36 (KHTML, like Gecko) Chrome/122.0.0.0 Safari/537.36","Origin":"https://pay.ds.163.com","Referer":"https://pay.ds.163.com/","GL-ClientType":"60","GL-DeviceId":"d6972664-c170-46f6-91f3-8079b501f7ef","GL-Uid":"ab3d60bdd8614464af937bc6c0be87cb","Accept-Encoding":"gzip, compress, deflate, br"}
[响应结果] {"httpStatus":404,"data":"<!DOCTYPE HTML PUBLIC \"-//W3C//DTD HTML 3.2 Final//EN\">\n<title>404 Not Found</title>\n<h1>Not Found</h1>\n<p>The requested URL was not found on the server. If you entered the URL manually please check your spelling and try again.</p>\n"}
============================================================
============================================================
[请求时间] 2026/7/31 10:33:18.119
[响应时间] 2026/7/31 10:33:18.253
[耗时] 134ms
[请求路径] https://pay-api.ds.163.com/api/nlogin
[请求方式] GET
[请求参数] {"query":{},"body":null}
[请求头] {"Accept":"application/json, text/plain, */*","Content-Type":"application/json;charset=UTF-8","GL-X-XSRF-TOKEN":"96dca0c5-a0a8-42a3-aae7-ff273c8462e7","User-Agent":"Mozilla/5.0 (Windows NT 10.0; Win64; x64) AppleWebKit/537.36 (KHTML, like Gecko) Chrome/122.0.0.0 Safari/537.36","Origin":"https://pay.ds.163.com","Referer":"https://pay.ds.163.com/","GL-ClientType":"60","GL-DeviceId":"d6972664-c170-46f6-91f3-8079b501f7ef","GL-Uid":"ab3d60bdd8614464af937bc6c0be87cb","Accept-Encoding":"gzip, compress, deflate, br"}
[响应结果] {"httpStatus":200,"data":{"code":413,"msg":"登录失败"}}
============================================================
============================================================
[请求时间] 2026/7/31 10:33:18.628
[响应时间] 2026/7/31 10:33:18.847
[耗时] 219ms
[请求路径] https://inf-act.ds.163.com/v1/act-web/module/common/actInfo
[请求方式] POST
[请求参数] {"query":null,"body":{"actId":"656d6d6b6085e70001ac05df"}}
[请求头] {"Accept":"application/json, text/plain, */*","Content-Type":"application/json;charset=UTF-8","GL-X-XSRF-TOKEN":"96dca0c5-a0a8-42a3-aae7-ff273c8462e7","User-Agent":"Mozilla/5.0 (Windows NT 10.0; Win64; x64) AppleWebKit/537.36 (KHTML, like Gecko) Chrome/122.0.0.0 Safari/537.36","Origin":"https://pay.ds.163.com","Referer":"https://pay.ds.163.com/","GL-ClientType":"60","GL-DeviceId":"d6972664-c170-46f6-91f3-8079b501f7ef","GL-Uid":"ab3d60bdd8614464af937bc6c0be87cb","GL-CheckSum":"1f79b89616e3fd53fc0fe3058759819eecdd27a3","Content-Length":"36","Accept-Encoding":"gzip, compress, deflate, br"}
[响应结果] {"httpStatus":200,"data":{"result":{"actId":"656d6d6b6085e70001ac05df","uid":"ab3d60bdd8614464af937bc6c0be87cb","actAccount":"mxy52***@126.com","hasNewPrize":false,"hasBdId":false,"startTime":1701670087000,"endTime":1891058894000,"currentTime":1785465198870,"actEnded":false,"minRoleLevel":0,"servers":[],"squareId":"60054a7dd5456877d226706e","moduleList":[{"drawType":7,"isMatchBd":true,"actId":"656d6d6b6085e70001ac05df","asId":"66dec114492b03134e06572e","title":"促充里程碑抽奖奖池","asType":2,"checkBindingRole":false,"needBdUsers":false,"startTime":1701670087000,"endTime":1796364494000,"createTime":1725874452352,"deleteTime":0,"updateTime":1748427085610},{"drawType":7,"isMatchBd":true,"actId":"656d6d6b6085e70001ac05df","asId":"66f133ebf452b94ad516f417","title":"【奖池】合集（一梦）-老用户【红包ARPPU>200】","asType":2,"checkBindingRole":false,"needBdUsers":false,"startTime":1701670087000,"endTime":1796364494000,"createTime":1727083499148,"deleteTime":0,"updateTime":1739527802759},{"drawType":7,"isMatchBd":true,"actId":"656d6d6b6085e70001ac05df","asId":"66f133f4afe12f60eb41dc93","title":"【奖池】合集（明日、巅峰）-老用户【福利金ARPPU>200】","asType":2,"checkBindingRole":false,"needBdUsers":false,"startTime":1701670087000,"endTime":1796364494000,"createTime":1727083508227,"deleteTime":0,"updateTime":1739528170932},{"drawType":7,"isMatchBd":true,"actId":"656d6d6b6085e70001ac05df","asId":"66f133feafe12f60eb41dc95","title":"【奖池】合集（永手、实况、蛋仔、第五）-老用户-权重60【福利金ARPPU<200】","asType":2,"checkBindingRole":false,"needBdUsers":false,"startTime":1701670087000,"endTime":1796364494000,"createTime":1727083518746,"deleteTime":0,"updateTime":1739528195780},{"drawType":7,"isMatchBd":true,"actId":"656d6d6b6085e70001ac05df","asId":"673bf94fab392e568388c631","title":"【奖池】炉石传说-常驻-新用户","asType":2,"checkBindingRole":false,"needBdUsers":false,"startTime":1701670087000,"endTime":1796364494000,"createTime":1731983695293,"deleteTime":0,"updateTime":1739527713312},{"drawType":7,"isMatchBd":true,"actId":"656d6d6b6085e70001ac05df","asId":"673bf960ab392e568388c633","title":"【奖池】一梦江湖-常驻-新用户","asType":2,"checkBindingRole":false,"needBdUsers":false,"startTime":1701670087000,"endTime":1796364494000,"createTime":1731983712332,"deleteTime":0,"updateTime":1739527830356},{"drawType":7,"isMatchBd":true,"actId":"656d6d6b6085e70001ac05df","asId":"673bf9671122bc1b6655508c","title":"【奖池】一梦江湖-常驻-老用户","asType":2,"checkBindingRole":false,"needBdUsers":false,"startTime":1701670087000,"endTime":1800979200000,"createTime":1731983719548,"deleteTime":0,"updateTime":1740119571990},{"drawType":7,"isMatchBd":true,"actId":"656d6d6b6085e70001ac05df","asId":"6773bb931e2085033e0961f8","title":"【奖池】逆水寒手游【老用户】","asType":2,"checkBindingRole":false,"needBdUsers":false,"startTime":1701670087000,"endTime":1796364494000,"createTime":1735637907532,"deleteTime":0,"updateTime":1735637907532},{"drawType":7,"isMatchBd":true,"actId":"656d6d6b6085e70001ac05df","asId":"6773bbb0f0239714e33a6e91","title":"【奖池】梦幻西游手游-常驻-老用户","asType":2,"checkBindingRole":false,"needBdUsers":false,"startTime":1701670087000,"endTime":1796364494000,"createTime":1735637936418,"deleteTime":0,"updateTime":1739527543387},{"drawType":7,"isMatchBd":true,"actId":"656d6d6b6085e70001ac05df","asId":"6773c774f0239714e33a6eb4","title":"【奖池】梦幻西游手游-常驻-新用户+回流用户","asType":2,"checkBindingRole":false,"needBdUsers":false,"startTime":1701670087000,"endTime":1796364494000,"createTime":1735640948498,"deleteTime":0,"updateTime":1739527568669},{"drawType":7,"isMatchBd":true,"actId":"656d6d6b6085e70001ac05df","asId":"6788c3dc6edc0969eca3369c","title":"【奖池】逆水寒手游-2.1~2.14-老用户+新用户","asType":2,"checkBindingRole":false,"needBdUsers":false,"startTime":1701670087000,"endTime":1796364494000,"createTime":1737016284233,"deleteTime":0,"updateTime":1739517254914},{"drawType":7,"isMatchBd":true,"actId":"656d6d6b6085e70001ac05df","asId":"67c956266a06297b2a8bbbe2","title":"【奖池】一梦江湖-3月6日更新-老用户【0，98】","asType":2,"checkBindingRole":false,"needBdUsers":false,"startTime":1701670087000,"endTime":1796364494000,"createTime":1741248038614,"deleteTime":0,"updateTime":1741248858777},{"drawType":7,"isMatchBd":true,"actId":"656d6d6b6085e70001ac05df","asId":"67c959746a06297b2a8bbbf7","title":"【奖池】一梦江湖-3月6日更新-老用户（98，198】","asType":2,"checkBindingRole":false,"needBdUsers":false,"startTime":1701670087000,"endTime":1796364494000,"createTime":1741248884551,"deleteTime":0,"updateTime":1741248884551},{"drawType":7,"isMatchBd":true,"actId":"656d6d6b6085e70001ac05df","asId":"67c9597b6a06297b2a8bbbf9","title":"【奖池】一梦江湖-3月6日更新-老用户（198，648】","asType":2,"checkBindingRole":false,"needBdUsers":false,"startTime":1701670087000,"endTime":1796364494000,"createTime":1741248891073,"deleteTime":0,"updateTime":1741248891073},{"drawType":7,"isMatchBd":true,"actId":"656d6d6b6085e70001ac05df","asId":"67c959856a06297b2a8bbbfb","title":"【奖池】一梦江湖-3月6日更新-老用户＞648","asType":2,"checkBindingRole":false,"needBdUsers":false,"startTime":1701670087000,"endTime":1796364494000,"createTime":1741248901515,"deleteTime":0,"updateTime":1741248901515},{"drawType":7,"isMatchBd":true,"actId":"656d6d6b6085e70001ac05df","asId":"67ea049142a2fe66306dceb9","title":"【奖池】永劫无间手游-3.31-老用户实验组【0，30】","asType":2,"checkBindingRole":false,"needBdUsers":false,"startTime":1701670087000,"endTime":1796364494000,"createTime":1743389841525,"deleteTime":0,"updateTime":1743389841525},{"drawType":7,"isMatchBd":true,"actId":"656d6d6b6085e70001ac05df","asId":"67ea049b42a2fe66306dcebb","title":"【奖池】永劫无间手游-3.31-老用户实验组（30，188）","asType":2,"checkBindingRole":false,"needBdUsers":false,"startTime":1701670087000,"endTime":1796364494000,"createTime":1743389851061,"deleteTime":0,"updateTime":1743389851061},{"drawType":7,"isMatchBd":true,"actId":"656d6d6b6085e70001ac05df","asId":"67ea04a31763e006af6af77e","title":"【奖池】永劫无间手游-3.31-老用户实验组【188，328）","asType":2,"checkBindingRole":false,"needBdUsers":false,"startTime":1701670087000,"endTime":1796364494000,"createTime":1743389859549,"deleteTime":0,"updateTime":1743389859549},{"drawType":7,"isMatchBd":true,"actId":"656d6d6b6085e70001ac05df","asId":"67ea04aa42a2fe66306dcebd","title":"【奖池】永劫无间手游-3.31-老用户实验组【328，648）","asType":2,"checkBindingRole":false,"needBdUsers":false,"startTime":1701670087000,"endTime":1796364494000,"createTime":1743389866595,"deleteTime":0,"updateTime":1743389866595},{"drawType":7,"isMatchBd":true,"actId":"656d6d6b6085e70001ac05df","asId":"67ea04b342a2fe66306dcebf","title":"【奖池】永劫无间手游-3.31-老用户实验组≥648","asType":2,"checkBindingRole":false,"needBdUsers":false,"startTime":1701670087000,"endTime":1796364494000,"createTime":1743389875228,"deleteTime":0,"updateTime":1743389875228},{"drawType":7,"isMatchBd":true,"actId":"656d6d6b6085e70001ac05df","asId":"6810894bf35a86022fe05c8b","title":"【奖池】一梦+梦手+逆手+倩手【5k-1w】【4.29更新】","asType":2,"checkBindingRole":false,"needBdUsers":false,"startTime":1701670087000,"endTime":1873295999000,"createTime":1745914187070,"deleteTime":0,"updateTime":1747395266911},{"drawType":7,"isMatchBd":true,"actId":"656d6d6b6085e70001ac05df","asId":"68108ae6f35a86022fe05c90","title":"【奖池】一梦+梦手+逆手+倩手【>1w】【4.29更新】","asType":2,"checkBindingRole":false,"needBdUsers":false,"startTime":1701670087000,"endTime":1841759999000,"createTime":1745914598124,"deleteTime":0,"updateTime":1747123490600},{"drawType":7,"isMatchBd":true,"actId":"656d6d6b6085e70001ac05df","asId":"68f1e3dfeda8de1914e0b861","title":"【抽奖】10月实况0-27单日最高","asType":2,"checkBindingRole":false,"needBdUsers":false,"startTime":1760708064000,"endTime":1798783694000,"createTime":1760682974992,"deleteTime":0,"updateTime":1760708067763},{"drawType":7,"isMatchBd":true,"actId":"656d6d6b6085e70001ac05df","asId":"68f1e3e5eda8de1914e0b863","title":"【抽奖】10月实况27-60单日最高","asType":2,"checkBindingRole":false,"needBdUsers":false,"startTime":1760708077000,"endTime":1798783694000,"createTime":1760682980859,"deleteTime":0,"updateTime":1760708079847},{"drawType":7,"isMatchBd":true,"actId":"656d6d6b6085e70001ac05df","asId":"68f1e3f2fec962597183f02b","title":"【抽奖】10月实况60-90单日最高","asType":2,"checkBindingRole":false,"needBdUsers":false,"startTime":1760708091000,"endTime":1798783694000,"createTime":1760682994184,"deleteTime":0,"updateTime":1760708093822},{"drawType":7,"isMatchBd":true,"actId":"656d6d6b6085e70001ac05df","asId":"691714dfe2ea122f7e1e3249","title":"梦手算法组误触补发","asType":2,"checkBindingRole":false,"needBdUsers":false,"startTime":1763120302000,"endTime":1796796494000,"createTime":1763120351058,"deleteTime":0,"updateTime":1763120351058},{"drawType":7,"isMatchBd":true,"actId":"656d6d6b6085e70001ac05df","asId":"69845a55cb136b2a13e87803","title":"梦手促充算法发奖260205","asType":2,"checkBindingRole":false,"needBdUsers":false,"startTime":1701670087000,"endTime":1796364494000,"createTime":1770281556767,"deleteTime":0,"updateTime":1770281556767},{"isMatchBd":true,"actId":"656d6d6b6085e70001ac05df","asId":"69af99d0c3d94d4581a5e73d","title":"【抽奖】实况","asType":2,"checkBindingRole":false,"needBdUsers":false,"startTime":1701670087000,"endTime":1796364494000,"createTime":1773115856200,"deleteTime":0,"updateTime":1773115856200},{"isMatchBd":true,"actId":"656d6d6b6085e70001ac05df","asId":"69b3eba2fddc586bf37b3a4e","title":"大手促充里程碑抽奖模块_0313","asType":2,"checkBindingRole":false,"needBdUsers":false,"startTime":1701670087000,"endTime":1796364494000,"createTime":1773398945757,"deleteTime":0,"updateTime":1773398945757},{"isMatchBd":true,"actId":"656d6d6b6085e70001ac05df","asId":"69ba6017f289144d51b32824","title":"【抽奖】率土促充任务","asType":2,"checkBindingRole":false,"needBdUsers":false,"startTime":1773814087000,"endTime":1803881294000,"createTime":1773821975158,"deleteTime":0,"updateTime":1773821975158},{"isMatchBd":true,"actId":"656d6d6b6085e70001ac05df","asId":"69bbb77e3a6358604b596383","title":"倩女促充算法组0319","asType":2,"checkBindingRole":false,"needBdUsers":false,"startTime":1701670087000,"endTime":1796364494000,"createTime":1773909886354,"deleteTime":0,"updateTime":1773909886354},{"actId":"656d6d6b6085e70001ac05df","asId":"6777975eff1db21414499759","title":"千人千面抽奖模块","asType":500,"checkBindingRole":false,"startTime":1736136000000,"endTime":1891058894000,"createTime":1735890782378,"deleteTime":0,"updateTime":1782814253529}],"accountType":"URS","canOffsiteJoin":true,"bindRoleBelongUrs":false,"bindRoleBelongType":"LOGIN_ACCOUNT","userPushSwitchOn":false,"switchBindingRole":true,"thirdAccLogin":false,"actLink":"https://act.ds.163.com/6c5dff79fefb9cf3/grade/6572bc809bf2750001ef6fbd?wvFullScreen=true&wvStatusBarStyle=white","actType":12,"belongGame":"all","ursAccountType":"URS","openActLockUserTag":false},"code":200,"errmsg":"OK"}}
============================================================
============================================================
[请求时间] 2026/7/31 10:36:30.991
[响应时间] 2026/7/31 10:36:31.157
[耗时] 166ms
[请求路径] https://pay-api.ds.163.com/v1/web/init/server/time
[请求方式] GET
[请求参数] {"query":null,"body":null}
[请求头] {"Accept":"application/json, text/plain, */*","Content-Type":"application/json;charset=UTF-8","User-Agent":"Mozilla/5.0 (Windows NT 10.0; Win64; x64) AppleWebKit/537.36 (KHTML, like Gecko) Chrome/122.0.0.0 Safari/537.36","Origin":"https://pay.ds.163.com","Referer":"https://pay.ds.163.com/","GL-ClientType":"60","GL-DeviceId":"d6972664-c170-46f6-91f3-8079b501f7ef","GL-Uid":"ab3d60bdd8614464af937bc6c0be87cb","GL-X-XSRF-TOKEN":"96dca0c5-a0a8-42a3-aae7-ff273c8462e7","Accept-Encoding":"gzip, compress, deflate, br"}
[响应结果] {"httpStatus":404,"data":"<!DOCTYPE HTML PUBLIC \"-//W3C//DTD HTML 3.2 Final//EN\">\n<title>404 Not Found</title>\n<h1>Not Found</h1>\n<p>The requested URL was not found on the server. If you entered the URL manually please check your spelling and try again.</p>\n"}
============================================================
============================================================
[请求时间] 2026/7/31 10:36:31.158
[响应时间] 2026/7/31 10:36:31.292
[耗时] 134ms
[请求路径] https://pay-api.ds.163.com/api/nlogin
[请求方式] GET
[请求参数] {"query":{},"body":null}
[请求头] {"Accept":"application/json, text/plain, */*","Content-Type":"application/json;charset=UTF-8","GL-X-XSRF-TOKEN":"96dca0c5-a0a8-42a3-aae7-ff273c8462e7","User-Agent":"Mozilla/5.0 (Windows NT 10.0; Win64; x64) AppleWebKit/537.36 (KHTML, like Gecko) Chrome/122.0.0.0 Safari/537.36","Origin":"https://pay.ds.163.com","Referer":"https://pay.ds.163.com/","GL-ClientType":"60","GL-DeviceId":"d6972664-c170-46f6-91f3-8079b501f7ef","GL-Uid":"ab3d60bdd8614464af937bc6c0be87cb","Accept-Encoding":"gzip, compress, deflate, br"}
[响应结果] {"httpStatus":200,"data":{"code":413,"msg":"登录失败"}}
============================================================
============================================================
[请求时间] 2026/7/31 10:36:31.292
[响应时间] 2026/7/31 10:36:31.416
[耗时] 124ms
[请求路径] https://inf.ds.163.com/v1/web/cooperate/plutus/cookie-exchange
[请求方式] GET
[请求参数] {"query":null,"body":null}
[请求头] {"Accept":"application/json, text/plain, */*","Content-Type":"application/json;charset=UTF-8","GL-X-XSRF-TOKEN":"96dca0c5-a0a8-42a3-aae7-ff273c8462e7","User-Agent":"Mozilla/5.0 (Windows NT 10.0; Win64; x64) AppleWebKit/537.36 (KHTML, like Gecko) Chrome/122.0.0.0 Safari/537.36","Origin":"https://pay.ds.163.com","Referer":"https://pay.ds.163.com/","GL-ClientType":"60","GL-DeviceId":"d6972664-c170-46f6-91f3-8079b501f7ef","GL-Uid":"ab3d60bdd8614464af937bc6c0be87cb","Accept-Encoding":"gzip, compress, deflate, br"}
[响应结果] {"httpStatus":200,"data":{"result":{"user":{"uid":"ab3d60bdd8614464af937bc6c0be87cb","nick":"lnl922","icon":"https://ok.166.net/reunionpub/3_20251102_19a403f87b2484815.jpeg","intro":"","gender":1,"frame":"64b92f13db5e2e0001e826b5","updateTime":1779774174407,"userSourceType":"URS"},"newUser":false},"code":200,"errmsg":"OK"}}
============================================================
============================================================
[请求时间] 2026/7/31 10:36:31.417
[响应时间] 2026/7/31 10:36:31.559
[耗时] 142ms
[请求路径] https://pay-api.ds.163.com/v1/web/init/server/time
[请求方式] GET
[请求参数] {"query":null,"body":null}
[请求头] {"Accept":"application/json, text/plain, */*","Content-Type":"application/json;charset=UTF-8","GL-X-XSRF-TOKEN":"96dca0c5-a0a8-42a3-aae7-ff273c8462e7","User-Agent":"Mozilla/5.0 (Windows NT 10.0; Win64; x64) AppleWebKit/537.36 (KHTML, like Gecko) Chrome/122.0.0.0 Safari/537.36","Origin":"https://pay.ds.163.com","Referer":"https://pay.ds.163.com/","GL-ClientType":"60","GL-DeviceId":"d6972664-c170-46f6-91f3-8079b501f7ef","GL-Uid":"ab3d60bdd8614464af937bc6c0be87cb","Accept-Encoding":"gzip, compress, deflate, br"}
[响应结果] {"httpStatus":404,"data":"<!DOCTYPE HTML PUBLIC \"-//W3C//DTD HTML 3.2 Final//EN\">\n<title>404 Not Found</title>\n<h1>Not Found</h1>\n<p>The requested URL was not found on the server. If you entered the URL manually please check your spelling and try again.</p>\n"}
============================================================
============================================================
[请求时间] 2026/7/31 10:36:31.559
[响应时间] 2026/7/31 10:36:31.664
[耗时] 105ms
[请求路径] https://inf.ds.163.com/v1/web/exp/xy/user/get-info
[请求方式] POST
[请求参数] {"query":null,"body":{}}
[请求头] {"Accept":"application/json, text/plain, */*","Content-Type":"application/json;charset=UTF-8","GL-X-XSRF-TOKEN":"96dca0c5-a0a8-42a3-aae7-ff273c8462e7","User-Agent":"Mozilla/5.0 (Windows NT 10.0; Win64; x64) AppleWebKit/537.36 (KHTML, like Gecko) Chrome/122.0.0.0 Safari/537.36","Origin":"https://pay.ds.163.com","Referer":"https://pay.ds.163.com/","GL-ClientType":"60","GL-DeviceId":"d6972664-c170-46f6-91f3-8079b501f7ef","GL-Uid":"ab3d60bdd8614464af937bc6c0be87cb","GL-CheckSum":"01bea09b7893e9959b40fa75e7f412c007e640fe","Content-Length":"2","Accept-Encoding":"gzip, compress, deflate, br"}
[响应结果] {"httpStatus":200,"data":{"result":{"growthPoint":379522,"currentLv":"V6","diffNextLvGrowthPoint":620478,"currentLvExpireDate":"20270626","currentLvExpire":1813939200000,"nextLv":"V7","activeGames":["l36"],"last365LoginGames":["l36"],"initDate":"20260626","lastLv":"V5"},"code":200,"errmsg":"OK"}}
============================================================
============================================================
[请求时间] 2026/7/31 10:36:31.665
[响应时间] 2026/7/31 10:36:31.730
[耗时] 65ms
[请求路径] https://inf.ds.163.com/v1/web/exp/week-coupon/showing-list-v2
[请求方式] POST
[请求参数] {"query":null,"body":{}}
[请求头] {"Accept":"application/json, text/plain, */*","Content-Type":"application/json;charset=UTF-8","GL-X-XSRF-TOKEN":"96dca0c5-a0a8-42a3-aae7-ff273c8462e7","User-Agent":"Mozilla/5.0 (Windows NT 10.0; Win64; x64) AppleWebKit/537.36 (KHTML, like Gecko) Chrome/122.0.0.0 Safari/537.36","Origin":"https://pay.ds.163.com","Referer":"https://pay.ds.163.com/","GL-ClientType":"60","GL-DeviceId":"d6972664-c170-46f6-91f3-8079b501f7ef","GL-Uid":"ab3d60bdd8614464af937bc6c0be87cb","GL-CheckSum":"01bea09b7893e9959b40fa75e7f412c007e640fe","Content-Length":"2","Accept-Encoding":"gzip, compress, deflate, br"}
[响应结果] {"httpStatus":200,"data":{"result":{"coupons":[{"couponId":"687076e69f3efd24cb2bed9c","name":"V1","amount":1,"xyLevel":"V1","seckillTime":"WEEKLY","periods":[{"weekDay":1,"seckillStartTime":1785124800000,"seckillEndTime":1785297599999,"status":"ENDED"},{"weekDay":3,"seckillStartTime":1785297600000,"seckillEndTime":1785470399999,"status":"PROGRESSING"},{"weekDay":5,"seckillStartTime":1785470400000,"seckillEndTime":1785729599999,"status":"NOT_STARTED"},{"weekDay":1,"seckillStartTime":1785729600000,"seckillEndTime":1785902399999,"status":"NOT_STARTED"},{"weekDay":3,"seckillStartTime":1785902400000,"seckillEndTime":1786075199999,"status":"NOT_STARTED"},{"weekDay":5,"seckillStartTime":1786075200000,"seckillEndTime":1785124799999,"status":"NOT_STARTED"}]},{"couponId":"68708657f56f912f57e063bf","name":"V2","amount":2,"xyLevel":"V2","seckillTime":"WEEKLY","periods":[{"weekDay":1,"seckillStartTime":1785124800000,"seckillEndTime":1785297599999,"status":"ENDED"},{"weekDay":3,"seckillStartTime":1785297600000,"seckillEndTime":1785470399999,"status":"PROGRESSING"},{"weekDay":5,"seckillStartTime":1785470400000,"seckillEndTime":1785729599999,"status":"NOT_STARTED"},{"weekDay":1,"seckillStartTime":1785729600000,"seckillEndTime":1785902399999,"status":"NOT_STARTED"},{"weekDay":3,"seckillStartTime":1785902400000,"seckillEndTime":1786075199999,"status":"NOT_STARTED"},{"weekDay":5,"seckillStartTime":1786075200000,"seckillEndTime":1785124799999,"status":"NOT_STARTED"}]},{"couponId":"6870867989fddd2bbdec96bc","name":"V3","amount":3,"xyLevel":"V3","seckillTime":"WEEKLY","periods":[{"weekDay":1,"seckillStartTime":1785124800000,"seckillEndTime":1785297599999,"status":"ENDED"},{"weekDay":3,"seckillStartTime":1785297600000,"seckillEndTime":1785470399999,"status":"PROGRESSING"},{"weekDay":5,"seckillStartTime":1785470400000,"seckillEndTime":1785729599999,"status":"NOT_STARTED"},{"weekDay":1,"seckillStartTime":1785729600000,"seckillEndTime":1785902399999,"status":"NOT_STARTED"},{"weekDay":3,"seckillStartTime":1785902400000,"seckillEndTime":1786075199999,"status":"NOT_STARTED"},{"weekDay":5,"seckillStartTime":1786075200000,"seckillEndTime":1785124799999,"status":"NOT_STARTED"}]},{"couponId":"6870869cf56f912f57e063c0","name":"V4","amount":8,"xyLevel":"V4","seckillTime":"WEEKLY","periods":[{"weekDay":1,"seckillStartTime":1785124800000,"seckillEndTime":1785297599999,"status":"ENDED"},{"weekDay":3,"seckillStartTime":1785297600000,"seckillEndTime":1785470399999,"status":"PROGRESSING"},{"weekDay":5,"seckillStartTime":1785470400000,"seckillEndTime":1785729599999,"status":"NOT_STARTED"},{"weekDay":1,"seckillStartTime":1785729600000,"seckillEndTime":1785902399999,"status":"NOT_STARTED"},{"weekDay":3,"seckillStartTime":1785902400000,"seckillEndTime":1786075199999,"status":"NOT_STARTED"},{"weekDay":5,"seckillStartTime":1786075200000,"seckillEndTime":1785124799999,"status":"NOT_STARTED"}]},{"couponId":"687086e33d0d02335c1804f4","name":"V5","amount":18,"xyLevel":"V5","seckillTime":"WEEKLY","periods":[{"weekDay":1,"seckillStartTime":1785124800000,"seckillEndTime":1785297599999,"status":"ENDED"},{"weekDay":3,"seckillStartTime":1785297600000,"seckillEndTime":1785470399999,"status":"PROGRESSING"},{"weekDay":5,"seckillStartTime":1785470400000,"seckillEndTime":1785729599999,"status":"NOT_STARTED"},{"weekDay":1,"seckillStartTime":1785729600000,"seckillEndTime":1785902399999,"status":"NOT_STARTED"},{"weekDay":3,"seckillStartTime":1785902400000,"seckillEndTime":1786075199999,"status":"NOT_STARTED"},{"weekDay":5,"seckillStartTime":1786075200000,"seckillEndTime":1785124799999,"status":"NOT_STARTED"}]},{"couponId":"68708705f56f912f57e063c3","name":"V6","amount":30,"xyLevel":"V6","seckillTime":"WEEKLY","periods":[{"weekDay":1,"seckillStartTime":1785124800000,"seckillEndTime":1785297599999,"status":"ENDED"},{"weekDay":3,"seckillStartTime":1785297600000,"seckillEndTime":1785470399999,"status":"PROGRESSING","acquiredStatus":"OUT_OF_STOCK","stockId":"68708705f56f912f57e063c3_WEEKLY_1785297600000","stockRemain":0},{"weekDay":5,"seckillStartTime":1785470400000,"seckillEndTime":1785729599999,"status":"NOT_STARTED"},{"weekDay":1,"seckillStartTime":1785729600000,"seckillEndTime":1785902399999,"status":"NOT_STARTED"},{"weekDay":3,"seckillStartTime":1785902400000,"seckillEndTime":1786075199999,"status":"NOT_STARTED"},{"weekDay":5,"seckillStartTime":1786075200000,"seckillEndTime":1785124799999,"status":"NOT_STARTED"}]},{"couponId":"6870872e89fddd2bbdec96bd","name":"V7","amount":75,"xyLevel":"V7","seckillTime":"WEEKLY","periods":[{"weekDay":1,"seckillStartTime":1785124800000,"seckillEndTime":1785297599999,"status":"ENDED"},{"weekDay":3,"seckillStartTime":1785297600000,"seckillEndTime":1785470399999,"status":"PROGRESSING"},{"weekDay":5,"seckillStartTime":1785470400000,"seckillEndTime":1785729599999,"status":"NOT_STARTED"},{"weekDay":1,"seckillStartTime":1785729600000,"seckillEndTime":1785902399999,"status":"NOT_STARTED"},{"weekDay":3,"seckillStartTime":1785902400000,"seckillEndTime":1786075199999,"status":"NOT_STARTED"},{"weekDay":5,"seckillStartTime":1786075200000,"seckillEndTime":1785124799999,"status":"NOT_STARTED"}]}]},"code":200,"errmsg":"OK"}}
============================================================
============================================================
[请求时间] 2026/7/31 10:36:32.049
[响应时间] 2026/7/31 10:36:32.120
[耗时] 71ms
[请求路径] https://inf.ds.163.com/v1/web/exp/week-coupon/showing-list-v2
[请求方式] POST
[请求参数] {"query":null,"body":{}}
[请求头] {"Accept":"application/json, text/plain, */*","Content-Type":"application/json;charset=UTF-8","GL-X-XSRF-TOKEN":"96dca0c5-a0a8-42a3-aae7-ff273c8462e7","User-Agent":"Mozilla/5.0 (Windows NT 10.0; Win64; x64) AppleWebKit/537.36 (KHTML, like Gecko) Chrome/122.0.0.0 Safari/537.36","Origin":"https://pay.ds.163.com","Referer":"https://pay.ds.163.com/","GL-ClientType":"60","GL-DeviceId":"d6972664-c170-46f6-91f3-8079b501f7ef","GL-Uid":"ab3d60bdd8614464af937bc6c0be87cb","GL-CheckSum":"01bea09b7893e9959b40fa75e7f412c007e640fe","Content-Length":"2","Accept-Encoding":"gzip, compress, deflate, br"}
[响应结果] {"httpStatus":200,"data":{"result":{"coupons":[{"couponId":"687076e69f3efd24cb2bed9c","name":"V1","amount":1,"xyLevel":"V1","seckillTime":"WEEKLY","periods":[{"weekDay":1,"seckillStartTime":1785124800000,"seckillEndTime":1785297599999,"status":"ENDED"},{"weekDay":3,"seckillStartTime":1785297600000,"seckillEndTime":1785470399999,"status":"PROGRESSING"},{"weekDay":5,"seckillStartTime":1785470400000,"seckillEndTime":1785729599999,"status":"NOT_STARTED"},{"weekDay":1,"seckillStartTime":1785729600000,"seckillEndTime":1785902399999,"status":"NOT_STARTED"},{"weekDay":3,"seckillStartTime":1785902400000,"seckillEndTime":1786075199999,"status":"NOT_STARTED"},{"weekDay":5,"seckillStartTime":1786075200000,"seckillEndTime":1785124799999,"status":"NOT_STARTED"}]},{"couponId":"68708657f56f912f57e063bf","name":"V2","amount":2,"xyLevel":"V2","seckillTime":"WEEKLY","periods":[{"weekDay":1,"seckillStartTime":1785124800000,"seckillEndTime":1785297599999,"status":"ENDED"},{"weekDay":3,"seckillStartTime":1785297600000,"seckillEndTime":1785470399999,"status":"PROGRESSING"},{"weekDay":5,"seckillStartTime":1785470400000,"seckillEndTime":1785729599999,"status":"NOT_STARTED"},{"weekDay":1,"seckillStartTime":1785729600000,"seckillEndTime":1785902399999,"status":"NOT_STARTED"},{"weekDay":3,"seckillStartTime":1785902400000,"seckillEndTime":1786075199999,"status":"NOT_STARTED"},{"weekDay":5,"seckillStartTime":1786075200000,"seckillEndTime":1785124799999,"status":"NOT_STARTED"}]},{"couponId":"6870867989fddd2bbdec96bc","name":"V3","amount":3,"xyLevel":"V3","seckillTime":"WEEKLY","periods":[{"weekDay":1,"seckillStartTime":1785124800000,"seckillEndTime":1785297599999,"status":"ENDED"},{"weekDay":3,"seckillStartTime":1785297600000,"seckillEndTime":1785470399999,"status":"PROGRESSING"},{"weekDay":5,"seckillStartTime":1785470400000,"seckillEndTime":1785729599999,"status":"NOT_STARTED"},{"weekDay":1,"seckillStartTime":1785729600000,"seckillEndTime":1785902399999,"status":"NOT_STARTED"},{"weekDay":3,"seckillStartTime":1785902400000,"seckillEndTime":1786075199999,"status":"NOT_STARTED"},{"weekDay":5,"seckillStartTime":1786075200000,"seckillEndTime":1785124799999,"status":"NOT_STARTED"}]},{"couponId":"6870869cf56f912f57e063c0","name":"V4","amount":8,"xyLevel":"V4","seckillTime":"WEEKLY","periods":[{"weekDay":1,"seckillStartTime":1785124800000,"seckillEndTime":1785297599999,"status":"ENDED"},{"weekDay":3,"seckillStartTime":1785297600000,"seckillEndTime":1785470399999,"status":"PROGRESSING"},{"weekDay":5,"seckillStartTime":1785470400000,"seckillEndTime":1785729599999,"status":"NOT_STARTED"},{"weekDay":1,"seckillStartTime":1785729600000,"seckillEndTime":1785902399999,"status":"NOT_STARTED"},{"weekDay":3,"seckillStartTime":1785902400000,"seckillEndTime":1786075199999,"status":"NOT_STARTED"},{"weekDay":5,"seckillStartTime":1786075200000,"seckillEndTime":1785124799999,"status":"NOT_STARTED"}]},{"couponId":"687086e33d0d02335c1804f4","name":"V5","amount":18,"xyLevel":"V5","seckillTime":"WEEKLY","periods":[{"weekDay":1,"seckillStartTime":1785124800000,"seckillEndTime":1785297599999,"status":"ENDED"},{"weekDay":3,"seckillStartTime":1785297600000,"seckillEndTime":1785470399999,"status":"PROGRESSING"},{"weekDay":5,"seckillStartTime":1785470400000,"seckillEndTime":1785729599999,"status":"NOT_STARTED"},{"weekDay":1,"seckillStartTime":1785729600000,"seckillEndTime":1785902399999,"status":"NOT_STARTED"},{"weekDay":3,"seckillStartTime":1785902400000,"seckillEndTime":1786075199999,"status":"NOT_STARTED"},{"weekDay":5,"seckillStartTime":1786075200000,"seckillEndTime":1785124799999,"status":"NOT_STARTED"}]},{"couponId":"68708705f56f912f57e063c3","name":"V6","amount":30,"xyLevel":"V6","seckillTime":"WEEKLY","periods":[{"weekDay":1,"seckillStartTime":1785124800000,"seckillEndTime":1785297599999,"status":"ENDED"},{"weekDay":3,"seckillStartTime":1785297600000,"seckillEndTime":1785470399999,"status":"PROGRESSING","acquiredStatus":"OUT_OF_STOCK","stockId":"68708705f56f912f57e063c3_WEEKLY_1785297600000","stockRemain":0},{"weekDay":5,"seckillStartTime":1785470400000,"seckillEndTime":1785729599999,"status":"NOT_STARTED"},{"weekDay":1,"seckillStartTime":1785729600000,"seckillEndTime":1785902399999,"status":"NOT_STARTED"},{"weekDay":3,"seckillStartTime":1785902400000,"seckillEndTime":1786075199999,"status":"NOT_STARTED"},{"weekDay":5,"seckillStartTime":1786075200000,"seckillEndTime":1785124799999,"status":"NOT_STARTED"}]},{"couponId":"6870872e89fddd2bbdec96bd","name":"V7","amount":75,"xyLevel":"V7","seckillTime":"WEEKLY","periods":[{"weekDay":1,"seckillStartTime":1785124800000,"seckillEndTime":1785297599999,"status":"ENDED"},{"weekDay":3,"seckillStartTime":1785297600000,"seckillEndTime":1785470399999,"status":"PROGRESSING"},{"weekDay":5,"seckillStartTime":1785470400000,"seckillEndTime":1785729599999,"status":"NOT_STARTED"},{"weekDay":1,"seckillStartTime":1785729600000,"seckillEndTime":1785902399999,"status":"NOT_STARTED"},{"weekDay":3,"seckillStartTime":1785902400000,"seckillEndTime":1786075199999,"status":"NOT_STARTED"},{"weekDay":5,"seckillStartTime":1786075200000,"seckillEndTime":1785124799999,"status":"NOT_STARTED"}]}]},"code":200,"errmsg":"OK"}}
============================================================
============================================================
[请求时间] 2026/7/31 10:36:32.120
[响应时间] 2026/7/31 10:36:32.269
[耗时] 149ms
[请求路径] https://pay-api.ds.163.com/v1/web/init/server/time
[请求方式] GET
[请求参数] {"query":null,"body":null}
[请求头] {"Accept":"application/json, text/plain, */*","Content-Type":"application/json;charset=UTF-8","GL-X-XSRF-TOKEN":"96dca0c5-a0a8-42a3-aae7-ff273c8462e7","User-Agent":"Mozilla/5.0 (Windows NT 10.0; Win64; x64) AppleWebKit/537.36 (KHTML, like Gecko) Chrome/122.0.0.0 Safari/537.36","Origin":"https://pay.ds.163.com","Referer":"https://pay.ds.163.com/","GL-ClientType":"60","GL-DeviceId":"d6972664-c170-46f6-91f3-8079b501f7ef","GL-Uid":"ab3d60bdd8614464af937bc6c0be87cb","Accept-Encoding":"gzip, compress, deflate, br"}
[响应结果] {"httpStatus":404,"data":"<!DOCTYPE HTML PUBLIC \"-//W3C//DTD HTML 3.2 Final//EN\">\n<title>404 Not Found</title>\n<h1>Not Found</h1>\n<p>The requested URL was not found on the server. If you entered the URL manually please check your spelling and try again.</p>\n"}
============================================================
============================================================
[请求时间] 2026/7/31 10:36:32.270
[响应时间] 2026/7/31 10:36:32.410
[耗时] 140ms
[请求路径] https://pay-api.ds.163.com/api/nlogin
[请求方式] GET
[请求参数] {"query":{},"body":null}
[请求头] {"Accept":"application/json, text/plain, */*","Content-Type":"application/json;charset=UTF-8","GL-X-XSRF-TOKEN":"96dca0c5-a0a8-42a3-aae7-ff273c8462e7","User-Agent":"Mozilla/5.0 (Windows NT 10.0; Win64; x64) AppleWebKit/537.36 (KHTML, like Gecko) Chrome/122.0.0.0 Safari/537.36","Origin":"https://pay.ds.163.com","Referer":"https://pay.ds.163.com/","GL-ClientType":"60","GL-DeviceId":"d6972664-c170-46f6-91f3-8079b501f7ef","GL-Uid":"ab3d60bdd8614464af937bc6c0be87cb","Accept-Encoding":"gzip, compress, deflate, br"}
[响应结果] {"httpStatus":200,"data":{"code":413,"msg":"登录失败"}}
============================================================
============================================================
[请求时间] 2026/7/31 11:03:37.654
[响应时间] 2026/7/31 11:03:37.820
[耗时] 166ms
[请求路径] https://pay-api.ds.163.com/v1/web/init/server/time
[请求方式] GET
[请求参数] {"query":null,"body":null}
[请求头] {"Accept":"application/json, text/plain, */*","Content-Type":"application/json;charset=UTF-8","User-Agent":"Mozilla/5.0 (Windows NT 10.0; Win64; x64) AppleWebKit/537.36 (KHTML, like Gecko) Chrome/122.0.0.0 Safari/537.36","Origin":"https://pay.ds.163.com","Referer":"https://pay.ds.163.com/","GL-ClientType":"60","GL-DeviceId":"d6972664-c170-46f6-91f3-8079b501f7ef","GL-Uid":"ab3d60bdd8614464af937bc6c0be87cb","GL-X-XSRF-TOKEN":"96dca0c5-a0a8-42a3-aae7-ff273c8462e7","Accept-Encoding":"gzip, compress, deflate, br"}
[响应结果] {"httpStatus":404,"data":"<!DOCTYPE HTML PUBLIC \"-//W3C//DTD HTML 3.2 Final//EN\">\n<title>404 Not Found</title>\n<h1>Not Found</h1>\n<p>The requested URL was not found on the server. If you entered the URL manually please check your spelling and try again.</p>\n"}
============================================================
============================================================
[请求时间] 2026/7/31 11:03:37.820
[响应时间] 2026/7/31 11:03:37.953
[耗时] 133ms
[请求路径] https://pay-api.ds.163.com/api/nlogin
[请求方式] GET
[请求参数] {"query":{},"body":null}
[请求头] {"Accept":"application/json, text/plain, */*","Content-Type":"application/json;charset=UTF-8","GL-X-XSRF-TOKEN":"96dca0c5-a0a8-42a3-aae7-ff273c8462e7","User-Agent":"Mozilla/5.0 (Windows NT 10.0; Win64; x64) AppleWebKit/537.36 (KHTML, like Gecko) Chrome/122.0.0.0 Safari/537.36","Origin":"https://pay.ds.163.com","Referer":"https://pay.ds.163.com/","GL-ClientType":"60","GL-DeviceId":"d6972664-c170-46f6-91f3-8079b501f7ef","GL-Uid":"ab3d60bdd8614464af937bc6c0be87cb","Accept-Encoding":"gzip, compress, deflate, br"}
[响应结果] {"httpStatus":200,"data":{"code":413,"msg":"登录失败"}}
============================================================
============================================================
[请求时间] 2026/7/31 11:03:37.953
[响应时间] 2026/7/31 11:03:38.081
[耗时] 128ms
[请求路径] https://inf.ds.163.com/v1/web/cooperate/plutus/cookie-exchange
[请求方式] GET
[请求参数] {"query":null,"body":null}
[请求头] {"Accept":"application/json, text/plain, */*","Content-Type":"application/json;charset=UTF-8","GL-X-XSRF-TOKEN":"96dca0c5-a0a8-42a3-aae7-ff273c8462e7","User-Agent":"Mozilla/5.0 (Windows NT 10.0; Win64; x64) AppleWebKit/537.36 (KHTML, like Gecko) Chrome/122.0.0.0 Safari/537.36","Origin":"https://pay.ds.163.com","Referer":"https://pay.ds.163.com/","GL-ClientType":"60","GL-DeviceId":"d6972664-c170-46f6-91f3-8079b501f7ef","GL-Uid":"ab3d60bdd8614464af937bc6c0be87cb","Accept-Encoding":"gzip, compress, deflate, br"}
[响应结果] {"httpStatus":200,"data":{"result":{"user":{"uid":"ab3d60bdd8614464af937bc6c0be87cb","nick":"lnl922","icon":"https://ok.166.net/reunionpub/3_20251102_19a403f87b2484815.jpeg","intro":"","gender":1,"frame":"64b92f13db5e2e0001e826b5","updateTime":1779774174407,"userSourceType":"URS"},"newUser":false},"code":200,"errmsg":"OK"}}
============================================================
============================================================
[请求时间] 2026/7/31 11:03:38.082
[响应时间] 2026/7/31 11:03:38.218
[耗时] 136ms
[请求路径] https://pay-api.ds.163.com/v1/web/init/server/time
[请求方式] GET
[请求参数] {"query":null,"body":null}
[请求头] {"Accept":"application/json, text/plain, */*","Content-Type":"application/json;charset=UTF-8","GL-X-XSRF-TOKEN":"96dca0c5-a0a8-42a3-aae7-ff273c8462e7","User-Agent":"Mozilla/5.0 (Windows NT 10.0; Win64; x64) AppleWebKit/537.36 (KHTML, like Gecko) Chrome/122.0.0.0 Safari/537.36","Origin":"https://pay.ds.163.com","Referer":"https://pay.ds.163.com/","GL-ClientType":"60","GL-DeviceId":"d6972664-c170-46f6-91f3-8079b501f7ef","GL-Uid":"ab3d60bdd8614464af937bc6c0be87cb","Accept-Encoding":"gzip, compress, deflate, br"}
[响应结果] {"httpStatus":404,"data":"<!DOCTYPE HTML PUBLIC \"-//W3C//DTD HTML 3.2 Final//EN\">\n<title>404 Not Found</title>\n<h1>Not Found</h1>\n<p>The requested URL was not found on the server. If you entered the URL manually please check your spelling and try again.</p>\n"}
============================================================
============================================================
[请求时间] 2026/7/31 11:03:38.219
[响应时间] 2026/7/31 11:03:38.330
[耗时] 111ms
[请求路径] https://inf.ds.163.com/v1/web/exp/xy/user/get-info
[请求方式] POST
[请求参数] {"query":null,"body":{}}
[请求头] {"Accept":"application/json, text/plain, */*","Content-Type":"application/json;charset=UTF-8","GL-X-XSRF-TOKEN":"96dca0c5-a0a8-42a3-aae7-ff273c8462e7","User-Agent":"Mozilla/5.0 (Windows NT 10.0; Win64; x64) AppleWebKit/537.36 (KHTML, like Gecko) Chrome/122.0.0.0 Safari/537.36","Origin":"https://pay.ds.163.com","Referer":"https://pay.ds.163.com/","GL-ClientType":"60","GL-DeviceId":"d6972664-c170-46f6-91f3-8079b501f7ef","GL-Uid":"ab3d60bdd8614464af937bc6c0be87cb","GL-CheckSum":"01bea09b7893e9959b40fa75e7f412c007e640fe","Content-Length":"2","Accept-Encoding":"gzip, compress, deflate, br"}
[响应结果] {"httpStatus":200,"data":{"result":{"growthPoint":379522,"currentLv":"V6","diffNextLvGrowthPoint":620478,"currentLvExpireDate":"20270626","currentLvExpire":1813939200000,"nextLv":"V7","activeGames":["l36"],"last365LoginGames":["l36"],"initDate":"20260626","lastLv":"V5"},"code":200,"errmsg":"OK"}}
============================================================
============================================================
[请求时间] 2026/7/31 11:03:38.331
[响应时间] 2026/7/31 11:03:38.400
[耗时] 69ms
[请求路径] https://inf.ds.163.com/v1/web/exp/week-coupon/showing-list-v2
[请求方式] POST
[请求参数] {"query":null,"body":{}}
[请求头] {"Accept":"application/json, text/plain, */*","Content-Type":"application/json;charset=UTF-8","GL-X-XSRF-TOKEN":"96dca0c5-a0a8-42a3-aae7-ff273c8462e7","User-Agent":"Mozilla/5.0 (Windows NT 10.0; Win64; x64) AppleWebKit/537.36 (KHTML, like Gecko) Chrome/122.0.0.0 Safari/537.36","Origin":"https://pay.ds.163.com","Referer":"https://pay.ds.163.com/","GL-ClientType":"60","GL-DeviceId":"d6972664-c170-46f6-91f3-8079b501f7ef","GL-Uid":"ab3d60bdd8614464af937bc6c0be87cb","GL-CheckSum":"01bea09b7893e9959b40fa75e7f412c007e640fe","Content-Length":"2","Accept-Encoding":"gzip, compress, deflate, br"}
[响应结果] {"httpStatus":200,"data":{"result":{"coupons":[{"couponId":"687076e69f3efd24cb2bed9c","name":"V1","amount":1,"xyLevel":"V1","seckillTime":"WEEKLY","periods":[{"weekDay":1,"seckillStartTime":1785124800000,"seckillEndTime":1785297599999,"status":"ENDED"},{"weekDay":3,"seckillStartTime":1785297600000,"seckillEndTime":1785470399999,"status":"PROGRESSING"},{"weekDay":5,"seckillStartTime":1785470400000,"seckillEndTime":1785729599999,"status":"NOT_STARTED"},{"weekDay":1,"seckillStartTime":1785729600000,"seckillEndTime":1785902399999,"status":"NOT_STARTED"},{"weekDay":3,"seckillStartTime":1785902400000,"seckillEndTime":1786075199999,"status":"NOT_STARTED"},{"weekDay":5,"seckillStartTime":1786075200000,"seckillEndTime":1785124799999,"status":"NOT_STARTED"}]},{"couponId":"68708657f56f912f57e063bf","name":"V2","amount":2,"xyLevel":"V2","seckillTime":"WEEKLY","periods":[{"weekDay":1,"seckillStartTime":1785124800000,"seckillEndTime":1785297599999,"status":"ENDED"},{"weekDay":3,"seckillStartTime":1785297600000,"seckillEndTime":1785470399999,"status":"PROGRESSING"},{"weekDay":5,"seckillStartTime":1785470400000,"seckillEndTime":1785729599999,"status":"NOT_STARTED"},{"weekDay":1,"seckillStartTime":1785729600000,"seckillEndTime":1785902399999,"status":"NOT_STARTED"},{"weekDay":3,"seckillStartTime":1785902400000,"seckillEndTime":1786075199999,"status":"NOT_STARTED"},{"weekDay":5,"seckillStartTime":1786075200000,"seckillEndTime":1785124799999,"status":"NOT_STARTED"}]},{"couponId":"6870867989fddd2bbdec96bc","name":"V3","amount":3,"xyLevel":"V3","seckillTime":"WEEKLY","periods":[{"weekDay":1,"seckillStartTime":1785124800000,"seckillEndTime":1785297599999,"status":"ENDED"},{"weekDay":3,"seckillStartTime":1785297600000,"seckillEndTime":1785470399999,"status":"PROGRESSING"},{"weekDay":5,"seckillStartTime":1785470400000,"seckillEndTime":1785729599999,"status":"NOT_STARTED"},{"weekDay":1,"seckillStartTime":1785729600000,"seckillEndTime":1785902399999,"status":"NOT_STARTED"},{"weekDay":3,"seckillStartTime":1785902400000,"seckillEndTime":1786075199999,"status":"NOT_STARTED"},{"weekDay":5,"seckillStartTime":1786075200000,"seckillEndTime":1785124799999,"status":"NOT_STARTED"}]},{"couponId":"6870869cf56f912f57e063c0","name":"V4","amount":8,"xyLevel":"V4","seckillTime":"WEEKLY","periods":[{"weekDay":1,"seckillStartTime":1785124800000,"seckillEndTime":1785297599999,"status":"ENDED"},{"weekDay":3,"seckillStartTime":1785297600000,"seckillEndTime":1785470399999,"status":"PROGRESSING"},{"weekDay":5,"seckillStartTime":1785470400000,"seckillEndTime":1785729599999,"status":"NOT_STARTED"},{"weekDay":1,"seckillStartTime":1785729600000,"seckillEndTime":1785902399999,"status":"NOT_STARTED"},{"weekDay":3,"seckillStartTime":1785902400000,"seckillEndTime":1786075199999,"status":"NOT_STARTED"},{"weekDay":5,"seckillStartTime":1786075200000,"seckillEndTime":1785124799999,"status":"NOT_STARTED"}]},{"couponId":"687086e33d0d02335c1804f4","name":"V5","amount":18,"xyLevel":"V5","seckillTime":"WEEKLY","periods":[{"weekDay":1,"seckillStartTime":1785124800000,"seckillEndTime":1785297599999,"status":"ENDED"},{"weekDay":3,"seckillStartTime":1785297600000,"seckillEndTime":1785470399999,"status":"PROGRESSING"},{"weekDay":5,"seckillStartTime":1785470400000,"seckillEndTime":1785729599999,"status":"NOT_STARTED"},{"weekDay":1,"seckillStartTime":1785729600000,"seckillEndTime":1785902399999,"status":"NOT_STARTED"},{"weekDay":3,"seckillStartTime":1785902400000,"seckillEndTime":1786075199999,"status":"NOT_STARTED"},{"weekDay":5,"seckillStartTime":1786075200000,"seckillEndTime":1785124799999,"status":"NOT_STARTED"}]},{"couponId":"68708705f56f912f57e063c3","name":"V6","amount":30,"xyLevel":"V6","seckillTime":"WEEKLY","periods":[{"weekDay":1,"seckillStartTime":1785124800000,"seckillEndTime":1785297599999,"status":"ENDED"},{"weekDay":3,"seckillStartTime":1785297600000,"seckillEndTime":1785470399999,"status":"PROGRESSING","acquiredStatus":"OUT_OF_STOCK","stockId":"68708705f56f912f57e063c3_WEEKLY_1785297600000","stockRemain":0},{"weekDay":5,"seckillStartTime":1785470400000,"seckillEndTime":1785729599999,"status":"NOT_STARTED"},{"weekDay":1,"seckillStartTime":1785729600000,"seckillEndTime":1785902399999,"status":"NOT_STARTED"},{"weekDay":3,"seckillStartTime":1785902400000,"seckillEndTime":1786075199999,"status":"NOT_STARTED"},{"weekDay":5,"seckillStartTime":1786075200000,"seckillEndTime":1785124799999,"status":"NOT_STARTED"}]},{"couponId":"6870872e89fddd2bbdec96bd","name":"V7","amount":75,"xyLevel":"V7","seckillTime":"WEEKLY","periods":[{"weekDay":1,"seckillStartTime":1785124800000,"seckillEndTime":1785297599999,"status":"ENDED"},{"weekDay":3,"seckillStartTime":1785297600000,"seckillEndTime":1785470399999,"status":"PROGRESSING"},{"weekDay":5,"seckillStartTime":1785470400000,"seckillEndTime":1785729599999,"status":"NOT_STARTED"},{"weekDay":1,"seckillStartTime":1785729600000,"seckillEndTime":1785902399999,"status":"NOT_STARTED"},{"weekDay":3,"seckillStartTime":1785902400000,"seckillEndTime":1786075199999,"status":"NOT_STARTED"},{"weekDay":5,"seckillStartTime":1786075200000,"seckillEndTime":1785124799999,"status":"NOT_STARTED"}]}]},"code":200,"errmsg":"OK"}}
============================================================
============================================================
[请求时间] 2026/7/31 11:03:38.740
[响应时间] 2026/7/31 11:03:38.816
[耗时] 76ms
[请求路径] https://inf.ds.163.com/v1/web/exp/week-coupon/showing-list-v2
[请求方式] POST
[请求参数] {"query":null,"body":{}}
[请求头] {"Accept":"application/json, text/plain, */*","Content-Type":"application/json;charset=UTF-8","GL-X-XSRF-TOKEN":"96dca0c5-a0a8-42a3-aae7-ff273c8462e7","User-Agent":"Mozilla/5.0 (Windows NT 10.0; Win64; x64) AppleWebKit/537.36 (KHTML, like Gecko) Chrome/122.0.0.0 Safari/537.36","Origin":"https://pay.ds.163.com","Referer":"https://pay.ds.163.com/","GL-ClientType":"60","GL-DeviceId":"d6972664-c170-46f6-91f3-8079b501f7ef","GL-Uid":"ab3d60bdd8614464af937bc6c0be87cb","GL-CheckSum":"01bea09b7893e9959b40fa75e7f412c007e640fe","Content-Length":"2","Accept-Encoding":"gzip, compress, deflate, br"}
[响应结果] {"httpStatus":200,"data":{"result":{"coupons":[{"couponId":"687076e69f3efd24cb2bed9c","name":"V1","amount":1,"xyLevel":"V1","seckillTime":"WEEKLY","periods":[{"weekDay":1,"seckillStartTime":1785124800000,"seckillEndTime":1785297599999,"status":"ENDED"},{"weekDay":3,"seckillStartTime":1785297600000,"seckillEndTime":1785470399999,"status":"PROGRESSING"},{"weekDay":5,"seckillStartTime":1785470400000,"seckillEndTime":1785729599999,"status":"NOT_STARTED"},{"weekDay":1,"seckillStartTime":1785729600000,"seckillEndTime":1785902399999,"status":"NOT_STARTED"},{"weekDay":3,"seckillStartTime":1785902400000,"seckillEndTime":1786075199999,"status":"NOT_STARTED"},{"weekDay":5,"seckillStartTime":1786075200000,"seckillEndTime":1785124799999,"status":"NOT_STARTED"}]},{"couponId":"68708657f56f912f57e063bf","name":"V2","amount":2,"xyLevel":"V2","seckillTime":"WEEKLY","periods":[{"weekDay":1,"seckillStartTime":1785124800000,"seckillEndTime":1785297599999,"status":"ENDED"},{"weekDay":3,"seckillStartTime":1785297600000,"seckillEndTime":1785470399999,"status":"PROGRESSING"},{"weekDay":5,"seckillStartTime":1785470400000,"seckillEndTime":1785729599999,"status":"NOT_STARTED"},{"weekDay":1,"seckillStartTime":1785729600000,"seckillEndTime":1785902399999,"status":"NOT_STARTED"},{"weekDay":3,"seckillStartTime":1785902400000,"seckillEndTime":1786075199999,"status":"NOT_STARTED"},{"weekDay":5,"seckillStartTime":1786075200000,"seckillEndTime":1785124799999,"status":"NOT_STARTED"}]},{"couponId":"6870867989fddd2bbdec96bc","name":"V3","amount":3,"xyLevel":"V3","seckillTime":"WEEKLY","periods":[{"weekDay":1,"seckillStartTime":1785124800000,"seckillEndTime":1785297599999,"status":"ENDED"},{"weekDay":3,"seckillStartTime":1785297600000,"seckillEndTime":1785470399999,"status":"PROGRESSING"},{"weekDay":5,"seckillStartTime":1785470400000,"seckillEndTime":1785729599999,"status":"NOT_STARTED"},{"weekDay":1,"seckillStartTime":1785729600000,"seckillEndTime":1785902399999,"status":"NOT_STARTED"},{"weekDay":3,"seckillStartTime":1785902400000,"seckillEndTime":1786075199999,"status":"NOT_STARTED"},{"weekDay":5,"seckillStartTime":1786075200000,"seckillEndTime":1785124799999,"status":"NOT_STARTED"}]},{"couponId":"6870869cf56f912f57e063c0","name":"V4","amount":8,"xyLevel":"V4","seckillTime":"WEEKLY","periods":[{"weekDay":1,"seckillStartTime":1785124800000,"seckillEndTime":1785297599999,"status":"ENDED"},{"weekDay":3,"seckillStartTime":1785297600000,"seckillEndTime":1785470399999,"status":"PROGRESSING"},{"weekDay":5,"seckillStartTime":1785470400000,"seckillEndTime":1785729599999,"status":"NOT_STARTED"},{"weekDay":1,"seckillStartTime":1785729600000,"seckillEndTime":1785902399999,"status":"NOT_STARTED"},{"weekDay":3,"seckillStartTime":1785902400000,"seckillEndTime":1786075199999,"status":"NOT_STARTED"},{"weekDay":5,"seckillStartTime":1786075200000,"seckillEndTime":1785124799999,"status":"NOT_STARTED"}]},{"couponId":"687086e33d0d02335c1804f4","name":"V5","amount":18,"xyLevel":"V5","seckillTime":"WEEKLY","periods":[{"weekDay":1,"seckillStartTime":1785124800000,"seckillEndTime":1785297599999,"status":"ENDED"},{"weekDay":3,"seckillStartTime":1785297600000,"seckillEndTime":1785470399999,"status":"PROGRESSING"},{"weekDay":5,"seckillStartTime":1785470400000,"seckillEndTime":1785729599999,"status":"NOT_STARTED"},{"weekDay":1,"seckillStartTime":1785729600000,"seckillEndTime":1785902399999,"status":"NOT_STARTED"},{"weekDay":3,"seckillStartTime":1785902400000,"seckillEndTime":1786075199999,"status":"NOT_STARTED"},{"weekDay":5,"seckillStartTime":1786075200000,"seckillEndTime":1785124799999,"status":"NOT_STARTED"}]},{"couponId":"68708705f56f912f57e063c3","name":"V6","amount":30,"xyLevel":"V6","seckillTime":"WEEKLY","periods":[{"weekDay":1,"seckillStartTime":1785124800000,"seckillEndTime":1785297599999,"status":"ENDED"},{"weekDay":3,"seckillStartTime":1785297600000,"seckillEndTime":1785470399999,"status":"PROGRESSING","acquiredStatus":"OUT_OF_STOCK","stockId":"68708705f56f912f57e063c3_WEEKLY_1785297600000","stockRemain":0},{"weekDay":5,"seckillStartTime":1785470400000,"seckillEndTime":1785729599999,"status":"NOT_STARTED"},{"weekDay":1,"seckillStartTime":1785729600000,"seckillEndTime":1785902399999,"status":"NOT_STARTED"},{"weekDay":3,"seckillStartTime":1785902400000,"seckillEndTime":1786075199999,"status":"NOT_STARTED"},{"weekDay":5,"seckillStartTime":1786075200000,"seckillEndTime":1785124799999,"status":"NOT_STARTED"}]},{"couponId":"6870872e89fddd2bbdec96bd","name":"V7","amount":75,"xyLevel":"V7","seckillTime":"WEEKLY","periods":[{"weekDay":1,"seckillStartTime":1785124800000,"seckillEndTime":1785297599999,"status":"ENDED"},{"weekDay":3,"seckillStartTime":1785297600000,"seckillEndTime":1785470399999,"status":"PROGRESSING"},{"weekDay":5,"seckillStartTime":1785470400000,"seckillEndTime":1785729599999,"status":"NOT_STARTED"},{"weekDay":1,"seckillStartTime":1785729600000,"seckillEndTime":1785902399999,"status":"NOT_STARTED"},{"weekDay":3,"seckillStartTime":1785902400000,"seckillEndTime":1786075199999,"status":"NOT_STARTED"},{"weekDay":5,"seckillStartTime":1786075200000,"seckillEndTime":1785124799999,"status":"NOT_STARTED"}]}]},"code":200,"errmsg":"OK"}}
============================================================
============================================================
[请求时间] 2026/7/31 11:03:38.817
[响应时间] 2026/7/31 11:03:38.944
[耗时] 127ms
[请求路径] https://pay-api.ds.163.com/v1/web/init/server/time
[请求方式] GET
[请求参数] {"query":null,"body":null}
[请求头] {"Accept":"application/json, text/plain, */*","Content-Type":"application/json;charset=UTF-8","GL-X-XSRF-TOKEN":"96dca0c5-a0a8-42a3-aae7-ff273c8462e7","User-Agent":"Mozilla/5.0 (Windows NT 10.0; Win64; x64) AppleWebKit/537.36 (KHTML, like Gecko) Chrome/122.0.0.0 Safari/537.36","Origin":"https://pay.ds.163.com","Referer":"https://pay.ds.163.com/","GL-ClientType":"60","GL-DeviceId":"d6972664-c170-46f6-91f3-8079b501f7ef","GL-Uid":"ab3d60bdd8614464af937bc6c0be87cb","Accept-Encoding":"gzip, compress, deflate, br"}
[响应结果] {"httpStatus":404,"data":"<!DOCTYPE HTML PUBLIC \"-//W3C//DTD HTML 3.2 Final//EN\">\n<title>404 Not Found</title>\n<h1>Not Found</h1>\n<p>The requested URL was not found on the server. If you entered the URL manually please check your spelling and try again.</p>\n"}
============================================================
============================================================
[请求时间] 2026/7/31 11:03:38.945
[响应时间] 2026/7/31 11:03:39.082
[耗时] 137ms
[请求路径] https://pay-api.ds.163.com/api/nlogin
[请求方式] GET
[请求参数] {"query":{},"body":null}
[请求头] {"Accept":"application/json, text/plain, */*","Content-Type":"application/json;charset=UTF-8","GL-X-XSRF-TOKEN":"96dca0c5-a0a8-42a3-aae7-ff273c8462e7","User-Agent":"Mozilla/5.0 (Windows NT 10.0; Win64; x64) AppleWebKit/537.36 (KHTML, like Gecko) Chrome/122.0.0.0 Safari/537.36","Origin":"https://pay.ds.163.com","Referer":"https://pay.ds.163.com/","GL-ClientType":"60","GL-DeviceId":"d6972664-c170-46f6-91f3-8079b501f7ef","GL-Uid":"ab3d60bdd8614464af937bc6c0be87cb","Accept-Encoding":"gzip, compress, deflate, br"}
[响应结果] {"httpStatus":200,"data":{"code":413,"msg":"登录失败"}}
============================================================
============================================================
[请求时间] 2026/7/31 11:19:54.591
[响应时间] 2026/7/31 11:19:54.768
[耗时] 177ms
[请求路径] https://pay-api.ds.163.com/v1/web/init/server/time
[请求方式] GET
[请求参数] {"query":null,"body":null}
[请求头] {"Accept":"application/json, text/plain, */*","Content-Type":"application/json;charset=UTF-8","User-Agent":"Mozilla/5.0 (Windows NT 10.0; Win64; x64) AppleWebKit/537.36 (KHTML, like Gecko) Chrome/122.0.0.0 Safari/537.36","Origin":"https://pay.ds.163.com","Referer":"https://pay.ds.163.com/","GL-ClientType":"60","GL-DeviceId":"d6972664-c170-46f6-91f3-8079b501f7ef","GL-Uid":"ab3d60bdd8614464af937bc6c0be87cb","GL-X-XSRF-TOKEN":"96dca0c5-a0a8-42a3-aae7-ff273c8462e7","Accept-Encoding":"gzip, compress, deflate, br"}
[响应结果] {"httpStatus":404,"data":"<!DOCTYPE HTML PUBLIC \"-//W3C//DTD HTML 3.2 Final//EN\">\n<title>404 Not Found</title>\n<h1>Not Found</h1>\n<p>The requested URL was not found on the server. If you entered the URL manually please check your spelling and try again.</p>\n"}
============================================================
============================================================
[请求时间] 2026/7/31 11:19:54.768
[响应时间] 2026/7/31 11:19:54.910
[耗时] 142ms
[请求路径] https://pay-api.ds.163.com/api/nlogin
[请求方式] GET
[请求参数] {"query":{},"body":null}
[请求头] {"Accept":"application/json, text/plain, */*","Content-Type":"application/json;charset=UTF-8","GL-X-XSRF-TOKEN":"96dca0c5-a0a8-42a3-aae7-ff273c8462e7","User-Agent":"Mozilla/5.0 (Windows NT 10.0; Win64; x64) AppleWebKit/537.36 (KHTML, like Gecko) Chrome/122.0.0.0 Safari/537.36","Origin":"https://pay.ds.163.com","Referer":"https://pay.ds.163.com/","GL-ClientType":"60","GL-DeviceId":"d6972664-c170-46f6-91f3-8079b501f7ef","GL-Uid":"ab3d60bdd8614464af937bc6c0be87cb","Accept-Encoding":"gzip, compress, deflate, br"}
[响应结果] {"httpStatus":200,"data":{"code":413,"msg":"登录失败"}}
============================================================
============================================================
[请求时间] 2026/7/31 11:19:54.911
[响应时间] 2026/7/31 11:19:55.089
[耗时] 178ms
[请求路径] https://inf.ds.163.com/v1/web/cooperate/plutus/cookie-exchange
[请求方式] GET
[请求参数] {"query":null,"body":null}
[请求头] {"Accept":"application/json, text/plain, */*","Content-Type":"application/json;charset=UTF-8","GL-X-XSRF-TOKEN":"96dca0c5-a0a8-42a3-aae7-ff273c8462e7","User-Agent":"Mozilla/5.0 (Windows NT 10.0; Win64; x64) AppleWebKit/537.36 (KHTML, like Gecko) Chrome/122.0.0.0 Safari/537.36","Origin":"https://pay.ds.163.com","Referer":"https://pay.ds.163.com/","GL-ClientType":"60","GL-DeviceId":"d6972664-c170-46f6-91f3-8079b501f7ef","GL-Uid":"ab3d60bdd8614464af937bc6c0be87cb","Accept-Encoding":"gzip, compress, deflate, br"}
[响应结果] {"httpStatus":200,"data":{"result":{"user":{"uid":"ab3d60bdd8614464af937bc6c0be87cb","nick":"lnl922","icon":"https://ok.166.net/reunionpub/3_20251102_19a403f87b2484815.jpeg","intro":"","gender":1,"frame":"64b92f13db5e2e0001e826b5","updateTime":1779774174407,"userSourceType":"URS"},"newUser":false},"code":200,"errmsg":"OK"}}
============================================================
============================================================
[请求时间] 2026/7/31 11:19:55.090
[响应时间] 2026/7/31 11:19:55.232
[耗时] 142ms
[请求路径] https://pay-api.ds.163.com/v1/web/init/server/time
[请求方式] GET
[请求参数] {"query":null,"body":null}
[请求头] {"Accept":"application/json, text/plain, */*","Content-Type":"application/json;charset=UTF-8","GL-X-XSRF-TOKEN":"96dca0c5-a0a8-42a3-aae7-ff273c8462e7","User-Agent":"Mozilla/5.0 (Windows NT 10.0; Win64; x64) AppleWebKit/537.36 (KHTML, like Gecko) Chrome/122.0.0.0 Safari/537.36","Origin":"https://pay.ds.163.com","Referer":"https://pay.ds.163.com/","GL-ClientType":"60","GL-DeviceId":"d6972664-c170-46f6-91f3-8079b501f7ef","GL-Uid":"ab3d60bdd8614464af937bc6c0be87cb","Accept-Encoding":"gzip, compress, deflate, br"}
[响应结果] {"httpStatus":404,"data":"<!DOCTYPE HTML PUBLIC \"-//W3C//DTD HTML 3.2 Final//EN\">\n<title>404 Not Found</title>\n<h1>Not Found</h1>\n<p>The requested URL was not found on the server. If you entered the URL manually please check your spelling and try again.</p>\n"}
============================================================
============================================================
[请求时间] 2026/7/31 11:19:55.232
[响应时间] 2026/7/31 11:19:55.349
[耗时] 117ms
[请求路径] https://inf.ds.163.com/v1/web/exp/xy/user/get-info
[请求方式] POST
[请求参数] {"query":null,"body":{}}
[请求头] {"Accept":"application/json, text/plain, */*","Content-Type":"application/json;charset=UTF-8","GL-X-XSRF-TOKEN":"96dca0c5-a0a8-42a3-aae7-ff273c8462e7","User-Agent":"Mozilla/5.0 (Windows NT 10.0; Win64; x64) AppleWebKit/537.36 (KHTML, like Gecko) Chrome/122.0.0.0 Safari/537.36","Origin":"https://pay.ds.163.com","Referer":"https://pay.ds.163.com/","GL-ClientType":"60","GL-DeviceId":"d6972664-c170-46f6-91f3-8079b501f7ef","GL-Uid":"ab3d60bdd8614464af937bc6c0be87cb","GL-CheckSum":"01bea09b7893e9959b40fa75e7f412c007e640fe","Content-Length":"2","Accept-Encoding":"gzip, compress, deflate, br"}
[响应结果] {"httpStatus":200,"data":{"result":{"growthPoint":379522,"currentLv":"V6","diffNextLvGrowthPoint":620478,"currentLvExpireDate":"20270626","currentLvExpire":1813939200000,"nextLv":"V7","activeGames":["l36"],"last365LoginGames":["l36"],"initDate":"20260626","lastLv":"V5"},"code":200,"errmsg":"OK"}}
============================================================
============================================================
[请求时间] 2026/7/31 11:19:55.349
[响应时间] 2026/7/31 11:19:55.404
[耗时] 55ms
[请求路径] https://inf.ds.163.com/v1/web/exp/week-coupon/showing-list-v2
[请求方式] POST
[请求参数] {"query":null,"body":{}}
[请求头] {"Accept":"application/json, text/plain, */*","Content-Type":"application/json;charset=UTF-8","GL-X-XSRF-TOKEN":"96dca0c5-a0a8-42a3-aae7-ff273c8462e7","User-Agent":"Mozilla/5.0 (Windows NT 10.0; Win64; x64) AppleWebKit/537.36 (KHTML, like Gecko) Chrome/122.0.0.0 Safari/537.36","Origin":"https://pay.ds.163.com","Referer":"https://pay.ds.163.com/","GL-ClientType":"60","GL-DeviceId":"d6972664-c170-46f6-91f3-8079b501f7ef","GL-Uid":"ab3d60bdd8614464af937bc6c0be87cb","GL-CheckSum":"01bea09b7893e9959b40fa75e7f412c007e640fe","Content-Length":"2","Accept-Encoding":"gzip, compress, deflate, br"}
[响应结果] {"httpStatus":200,"data":{"result":{"coupons":[{"couponId":"687076e69f3efd24cb2bed9c","name":"V1","amount":1,"xyLevel":"V1","seckillTime":"WEEKLY","periods":[{"weekDay":1,"seckillStartTime":1785124800000,"seckillEndTime":1785297599999,"status":"ENDED"},{"weekDay":3,"seckillStartTime":1785297600000,"seckillEndTime":1785470399999,"status":"PROGRESSING"},{"weekDay":5,"seckillStartTime":1785470400000,"seckillEndTime":1785729599999,"status":"NOT_STARTED"},{"weekDay":1,"seckillStartTime":1785729600000,"seckillEndTime":1785902399999,"status":"NOT_STARTED"},{"weekDay":3,"seckillStartTime":1785902400000,"seckillEndTime":1786075199999,"status":"NOT_STARTED"},{"weekDay":5,"seckillStartTime":1786075200000,"seckillEndTime":1785124799999,"status":"NOT_STARTED"}]},{"couponId":"68708657f56f912f57e063bf","name":"V2","amount":2,"xyLevel":"V2","seckillTime":"WEEKLY","periods":[{"weekDay":1,"seckillStartTime":1785124800000,"seckillEndTime":1785297599999,"status":"ENDED"},{"weekDay":3,"seckillStartTime":1785297600000,"seckillEndTime":1785470399999,"status":"PROGRESSING"},{"weekDay":5,"seckillStartTime":1785470400000,"seckillEndTime":1785729599999,"status":"NOT_STARTED"},{"weekDay":1,"seckillStartTime":1785729600000,"seckillEndTime":1785902399999,"status":"NOT_STARTED"},{"weekDay":3,"seckillStartTime":1785902400000,"seckillEndTime":1786075199999,"status":"NOT_STARTED"},{"weekDay":5,"seckillStartTime":1786075200000,"seckillEndTime":1785124799999,"status":"NOT_STARTED"}]},{"couponId":"6870867989fddd2bbdec96bc","name":"V3","amount":3,"xyLevel":"V3","seckillTime":"WEEKLY","periods":[{"weekDay":1,"seckillStartTime":1785124800000,"seckillEndTime":1785297599999,"status":"ENDED"},{"weekDay":3,"seckillStartTime":1785297600000,"seckillEndTime":1785470399999,"status":"PROGRESSING"},{"weekDay":5,"seckillStartTime":1785470400000,"seckillEndTime":1785729599999,"status":"NOT_STARTED"},{"weekDay":1,"seckillStartTime":1785729600000,"seckillEndTime":1785902399999,"status":"NOT_STARTED"},{"weekDay":3,"seckillStartTime":1785902400000,"seckillEndTime":1786075199999,"status":"NOT_STARTED"},{"weekDay":5,"seckillStartTime":1786075200000,"seckillEndTime":1785124799999,"status":"NOT_STARTED"}]},{"couponId":"6870869cf56f912f57e063c0","name":"V4","amount":8,"xyLevel":"V4","seckillTime":"WEEKLY","periods":[{"weekDay":1,"seckillStartTime":1785124800000,"seckillEndTime":1785297599999,"status":"ENDED"},{"weekDay":3,"seckillStartTime":1785297600000,"seckillEndTime":1785470399999,"status":"PROGRESSING"},{"weekDay":5,"seckillStartTime":1785470400000,"seckillEndTime":1785729599999,"status":"NOT_STARTED"},{"weekDay":1,"seckillStartTime":1785729600000,"seckillEndTime":1785902399999,"status":"NOT_STARTED"},{"weekDay":3,"seckillStartTime":1785902400000,"seckillEndTime":1786075199999,"status":"NOT_STARTED"},{"weekDay":5,"seckillStartTime":1786075200000,"seckillEndTime":1785124799999,"status":"NOT_STARTED"}]},{"couponId":"687086e33d0d02335c1804f4","name":"V5","amount":18,"xyLevel":"V5","seckillTime":"WEEKLY","periods":[{"weekDay":1,"seckillStartTime":1785124800000,"seckillEndTime":1785297599999,"status":"ENDED"},{"weekDay":3,"seckillStartTime":1785297600000,"seckillEndTime":1785470399999,"status":"PROGRESSING"},{"weekDay":5,"seckillStartTime":1785470400000,"seckillEndTime":1785729599999,"status":"NOT_STARTED"},{"weekDay":1,"seckillStartTime":1785729600000,"seckillEndTime":1785902399999,"status":"NOT_STARTED"},{"weekDay":3,"seckillStartTime":1785902400000,"seckillEndTime":1786075199999,"status":"NOT_STARTED"},{"weekDay":5,"seckillStartTime":1786075200000,"seckillEndTime":1785124799999,"status":"NOT_STARTED"}]},{"couponId":"68708705f56f912f57e063c3","name":"V6","amount":30,"xyLevel":"V6","seckillTime":"WEEKLY","periods":[{"weekDay":1,"seckillStartTime":1785124800000,"seckillEndTime":1785297599999,"status":"ENDED"},{"weekDay":3,"seckillStartTime":1785297600000,"seckillEndTime":1785470399999,"status":"PROGRESSING","acquiredStatus":"OUT_OF_STOCK","stockId":"68708705f56f912f57e063c3_WEEKLY_1785297600000","stockRemain":0},{"weekDay":5,"seckillStartTime":1785470400000,"seckillEndTime":1785729599999,"status":"NOT_STARTED"},{"weekDay":1,"seckillStartTime":1785729600000,"seckillEndTime":1785902399999,"status":"NOT_STARTED"},{"weekDay":3,"seckillStartTime":1785902400000,"seckillEndTime":1786075199999,"status":"NOT_STARTED"},{"weekDay":5,"seckillStartTime":1786075200000,"seckillEndTime":1785124799999,"status":"NOT_STARTED"}]},{"couponId":"6870872e89fddd2bbdec96bd","name":"V7","amount":75,"xyLevel":"V7","seckillTime":"WEEKLY","periods":[{"weekDay":1,"seckillStartTime":1785124800000,"seckillEndTime":1785297599999,"status":"ENDED"},{"weekDay":3,"seckillStartTime":1785297600000,"seckillEndTime":1785470399999,"status":"PROGRESSING"},{"weekDay":5,"seckillStartTime":1785470400000,"seckillEndTime":1785729599999,"status":"NOT_STARTED"},{"weekDay":1,"seckillStartTime":1785729600000,"seckillEndTime":1785902399999,"status":"NOT_STARTED"},{"weekDay":3,"seckillStartTime":1785902400000,"seckillEndTime":1786075199999,"status":"NOT_STARTED"},{"weekDay":5,"seckillStartTime":1786075200000,"seckillEndTime":1785124799999,"status":"NOT_STARTED"}]}]},"code":200,"errmsg":"OK"}}
============================================================
============================================================
[请求时间] 2026/7/31 11:19:55.740
[响应时间] 2026/7/31 11:19:55.804
[耗时] 64ms
[请求路径] https://inf.ds.163.com/v1/web/exp/week-coupon/showing-list-v2
[请求方式] POST
[请求参数] {"query":null,"body":{}}
[请求头] {"Accept":"application/json, text/plain, */*","Content-Type":"application/json;charset=UTF-8","GL-X-XSRF-TOKEN":"96dca0c5-a0a8-42a3-aae7-ff273c8462e7","User-Agent":"Mozilla/5.0 (Windows NT 10.0; Win64; x64) AppleWebKit/537.36 (KHTML, like Gecko) Chrome/122.0.0.0 Safari/537.36","Origin":"https://pay.ds.163.com","Referer":"https://pay.ds.163.com/","GL-ClientType":"60","GL-DeviceId":"d6972664-c170-46f6-91f3-8079b501f7ef","GL-Uid":"ab3d60bdd8614464af937bc6c0be87cb","GL-CheckSum":"01bea09b7893e9959b40fa75e7f412c007e640fe","Content-Length":"2","Accept-Encoding":"gzip, compress, deflate, br"}
[响应结果] {"httpStatus":200,"data":{"result":{"coupons":[{"couponId":"687076e69f3efd24cb2bed9c","name":"V1","amount":1,"xyLevel":"V1","seckillTime":"WEEKLY","periods":[{"weekDay":1,"seckillStartTime":1785124800000,"seckillEndTime":1785297599999,"status":"ENDED"},{"weekDay":3,"seckillStartTime":1785297600000,"seckillEndTime":1785470399999,"status":"PROGRESSING"},{"weekDay":5,"seckillStartTime":1785470400000,"seckillEndTime":1785729599999,"status":"NOT_STARTED"},{"weekDay":1,"seckillStartTime":1785729600000,"seckillEndTime":1785902399999,"status":"NOT_STARTED"},{"weekDay":3,"seckillStartTime":1785902400000,"seckillEndTime":1786075199999,"status":"NOT_STARTED"},{"weekDay":5,"seckillStartTime":1786075200000,"seckillEndTime":1785124799999,"status":"NOT_STARTED"}]},{"couponId":"68708657f56f912f57e063bf","name":"V2","amount":2,"xyLevel":"V2","seckillTime":"WEEKLY","periods":[{"weekDay":1,"seckillStartTime":1785124800000,"seckillEndTime":1785297599999,"status":"ENDED"},{"weekDay":3,"seckillStartTime":1785297600000,"seckillEndTime":1785470399999,"status":"PROGRESSING"},{"weekDay":5,"seckillStartTime":1785470400000,"seckillEndTime":1785729599999,"status":"NOT_STARTED"},{"weekDay":1,"seckillStartTime":1785729600000,"seckillEndTime":1785902399999,"status":"NOT_STARTED"},{"weekDay":3,"seckillStartTime":1785902400000,"seckillEndTime":1786075199999,"status":"NOT_STARTED"},{"weekDay":5,"seckillStartTime":1786075200000,"seckillEndTime":1785124799999,"status":"NOT_STARTED"}]},{"couponId":"6870867989fddd2bbdec96bc","name":"V3","amount":3,"xyLevel":"V3","seckillTime":"WEEKLY","periods":[{"weekDay":1,"seckillStartTime":1785124800000,"seckillEndTime":1785297599999,"status":"ENDED"},{"weekDay":3,"seckillStartTime":1785297600000,"seckillEndTime":1785470399999,"status":"PROGRESSING"},{"weekDay":5,"seckillStartTime":1785470400000,"seckillEndTime":1785729599999,"status":"NOT_STARTED"},{"weekDay":1,"seckillStartTime":1785729600000,"seckillEndTime":1785902399999,"status":"NOT_STARTED"},{"weekDay":3,"seckillStartTime":1785902400000,"seckillEndTime":1786075199999,"status":"NOT_STARTED"},{"weekDay":5,"seckillStartTime":1786075200000,"seckillEndTime":1785124799999,"status":"NOT_STARTED"}]},{"couponId":"6870869cf56f912f57e063c0","name":"V4","amount":8,"xyLevel":"V4","seckillTime":"WEEKLY","periods":[{"weekDay":1,"seckillStartTime":1785124800000,"seckillEndTime":1785297599999,"status":"ENDED"},{"weekDay":3,"seckillStartTime":1785297600000,"seckillEndTime":1785470399999,"status":"PROGRESSING"},{"weekDay":5,"seckillStartTime":1785470400000,"seckillEndTime":1785729599999,"status":"NOT_STARTED"},{"weekDay":1,"seckillStartTime":1785729600000,"seckillEndTime":1785902399999,"status":"NOT_STARTED"},{"weekDay":3,"seckillStartTime":1785902400000,"seckillEndTime":1786075199999,"status":"NOT_STARTED"},{"weekDay":5,"seckillStartTime":1786075200000,"seckillEndTime":1785124799999,"status":"NOT_STARTED"}]},{"couponId":"687086e33d0d02335c1804f4","name":"V5","amount":18,"xyLevel":"V5","seckillTime":"WEEKLY","periods":[{"weekDay":1,"seckillStartTime":1785124800000,"seckillEndTime":1785297599999,"status":"ENDED"},{"weekDay":3,"seckillStartTime":1785297600000,"seckillEndTime":1785470399999,"status":"PROGRESSING"},{"weekDay":5,"seckillStartTime":1785470400000,"seckillEndTime":1785729599999,"status":"NOT_STARTED"},{"weekDay":1,"seckillStartTime":1785729600000,"seckillEndTime":1785902399999,"status":"NOT_STARTED"},{"weekDay":3,"seckillStartTime":1785902400000,"seckillEndTime":1786075199999,"status":"NOT_STARTED"},{"weekDay":5,"seckillStartTime":1786075200000,"seckillEndTime":1785124799999,"status":"NOT_STARTED"}]},{"couponId":"68708705f56f912f57e063c3","name":"V6","amount":30,"xyLevel":"V6","seckillTime":"WEEKLY","periods":[{"weekDay":1,"seckillStartTime":1785124800000,"seckillEndTime":1785297599999,"status":"ENDED"},{"weekDay":3,"seckillStartTime":1785297600000,"seckillEndTime":1785470399999,"status":"PROGRESSING","acquiredStatus":"OUT_OF_STOCK","stockId":"68708705f56f912f57e063c3_WEEKLY_1785297600000","stockRemain":0},{"weekDay":5,"seckillStartTime":1785470400000,"seckillEndTime":1785729599999,"status":"NOT_STARTED"},{"weekDay":1,"seckillStartTime":1785729600000,"seckillEndTime":1785902399999,"status":"NOT_STARTED"},{"weekDay":3,"seckillStartTime":1785902400000,"seckillEndTime":1786075199999,"status":"NOT_STARTED"},{"weekDay":5,"seckillStartTime":1786075200000,"seckillEndTime":1785124799999,"status":"NOT_STARTED"}]},{"couponId":"6870872e89fddd2bbdec96bd","name":"V7","amount":75,"xyLevel":"V7","seckillTime":"WEEKLY","periods":[{"weekDay":1,"seckillStartTime":1785124800000,"seckillEndTime":1785297599999,"status":"ENDED"},{"weekDay":3,"seckillStartTime":1785297600000,"seckillEndTime":1785470399999,"status":"PROGRESSING"},{"weekDay":5,"seckillStartTime":1785470400000,"seckillEndTime":1785729599999,"status":"NOT_STARTED"},{"weekDay":1,"seckillStartTime":1785729600000,"seckillEndTime":1785902399999,"status":"NOT_STARTED"},{"weekDay":3,"seckillStartTime":1785902400000,"seckillEndTime":1786075199999,"status":"NOT_STARTED"},{"weekDay":5,"seckillStartTime":1786075200000,"seckillEndTime":1785124799999,"status":"NOT_STARTED"}]}]},"code":200,"errmsg":"OK"}}
============================================================
============================================================
[请求时间] 2026/7/31 11:19:55.805
[响应时间] 2026/7/31 11:19:55.938
[耗时] 133ms
[请求路径] https://pay-api.ds.163.com/v1/web/init/server/time
[请求方式] GET
[请求参数] {"query":null,"body":null}
[请求头] {"Accept":"application/json, text/plain, */*","Content-Type":"application/json;charset=UTF-8","GL-X-XSRF-TOKEN":"96dca0c5-a0a8-42a3-aae7-ff273c8462e7","User-Agent":"Mozilla/5.0 (Windows NT 10.0; Win64; x64) AppleWebKit/537.36 (KHTML, like Gecko) Chrome/122.0.0.0 Safari/537.36","Origin":"https://pay.ds.163.com","Referer":"https://pay.ds.163.com/","GL-ClientType":"60","GL-DeviceId":"d6972664-c170-46f6-91f3-8079b501f7ef","GL-Uid":"ab3d60bdd8614464af937bc6c0be87cb","Accept-Encoding":"gzip, compress, deflate, br"}
[响应结果] {"httpStatus":404,"data":"<!DOCTYPE HTML PUBLIC \"-//W3C//DTD HTML 3.2 Final//EN\">\n<title>404 Not Found</title>\n<h1>Not Found</h1>\n<p>The requested URL was not found on the server. If you entered the URL manually please check your spelling and try again.</p>\n"}
============================================================
============================================================
[请求时间] 2026/7/31 11:19:55.939
[响应时间] 2026/7/31 11:19:56.070
[耗时] 131ms
[请求路径] https://pay-api.ds.163.com/api/nlogin
[请求方式] GET
[请求参数] {"query":{},"body":null}
[请求头] {"Accept":"application/json, text/plain, */*","Content-Type":"application/json;charset=UTF-8","GL-X-XSRF-TOKEN":"96dca0c5-a0a8-42a3-aae7-ff273c8462e7","User-Agent":"Mozilla/5.0 (Windows NT 10.0; Win64; x64) AppleWebKit/537.36 (KHTML, like Gecko) Chrome/122.0.0.0 Safari/537.36","Origin":"https://pay.ds.163.com","Referer":"https://pay.ds.163.com/","GL-ClientType":"60","GL-DeviceId":"d6972664-c170-46f6-91f3-8079b501f7ef","GL-Uid":"ab3d60bdd8614464af937bc6c0be87cb","Accept-Encoding":"gzip, compress, deflate, br"}
[响应结果] {"httpStatus":200,"data":{"code":413,"msg":"登录失败"}}
============================================================
============================================================
[请求时间] 2026/7/31 11:32:46.512
[响应时间] 2026/7/31 11:32:46.689
[耗时] 177ms
[请求路径] https://pay-api.ds.163.com/v1/web/init/server/time
[请求方式] GET
[请求参数] {"query":null,"body":null}
[请求头] {"Accept":"application/json, text/plain, */*","Content-Type":"application/json;charset=UTF-8","User-Agent":"Mozilla/5.0 (Windows NT 10.0; Win64; x64) AppleWebKit/537.36 (KHTML, like Gecko) Chrome/122.0.0.0 Safari/537.36","Origin":"https://pay.ds.163.com","Referer":"https://pay.ds.163.com/","GL-ClientType":"60","GL-DeviceId":"d6972664-c170-46f6-91f3-8079b501f7ef","GL-Uid":"ab3d60bdd8614464af937bc6c0be87cb","GL-X-XSRF-TOKEN":"96dca0c5-a0a8-42a3-aae7-ff273c8462e7","Accept-Encoding":"gzip, compress, deflate, br"}
[响应结果] {"httpStatus":404,"data":"<!DOCTYPE HTML PUBLIC \"-//W3C//DTD HTML 3.2 Final//EN\">\n<title>404 Not Found</title>\n<h1>Not Found</h1>\n<p>The requested URL was not found on the server. If you entered the URL manually please check your spelling and try again.</p>\n"}
============================================================
============================================================
[请求时间] 2026/7/31 11:32:46.689
[响应时间] 2026/7/31 11:32:46.828
[耗时] 139ms
[请求路径] https://pay-api.ds.163.com/api/nlogin
[请求方式] GET
[请求参数] {"query":{},"body":null}
[请求头] {"Accept":"application/json, text/plain, */*","Content-Type":"application/json;charset=UTF-8","GL-X-XSRF-TOKEN":"96dca0c5-a0a8-42a3-aae7-ff273c8462e7","User-Agent":"Mozilla/5.0 (Windows NT 10.0; Win64; x64) AppleWebKit/537.36 (KHTML, like Gecko) Chrome/122.0.0.0 Safari/537.36","Origin":"https://pay.ds.163.com","Referer":"https://pay.ds.163.com/","GL-ClientType":"60","GL-DeviceId":"d6972664-c170-46f6-91f3-8079b501f7ef","GL-Uid":"ab3d60bdd8614464af937bc6c0be87cb","Accept-Encoding":"gzip, compress, deflate, br"}
[响应结果] {"httpStatus":200,"data":{"code":413,"msg":"登录失败"}}
============================================================
============================================================
[请求时间] 2026/7/31 11:32:46.828
[响应时间] 2026/7/31 11:32:46.963
[耗时] 135ms
[请求路径] https://inf.ds.163.com/v1/web/cooperate/plutus/cookie-exchange
[请求方式] GET
[请求参数] {"query":null,"body":null}
[请求头] {"Accept":"application/json, text/plain, */*","Content-Type":"application/json;charset=UTF-8","GL-X-XSRF-TOKEN":"96dca0c5-a0a8-42a3-aae7-ff273c8462e7","User-Agent":"Mozilla/5.0 (Windows NT 10.0; Win64; x64) AppleWebKit/537.36 (KHTML, like Gecko) Chrome/122.0.0.0 Safari/537.36","Origin":"https://pay.ds.163.com","Referer":"https://pay.ds.163.com/","GL-ClientType":"60","GL-DeviceId":"d6972664-c170-46f6-91f3-8079b501f7ef","GL-Uid":"ab3d60bdd8614464af937bc6c0be87cb","Accept-Encoding":"gzip, compress, deflate, br"}
[响应结果] {"httpStatus":200,"data":{"result":{"user":{"uid":"ab3d60bdd8614464af937bc6c0be87cb","nick":"lnl922","icon":"https://ok.166.net/reunionpub/3_20251102_19a403f87b2484815.jpeg","intro":"","gender":1,"frame":"64b92f13db5e2e0001e826b5","updateTime":1779774174407,"userSourceType":"URS"},"newUser":false},"code":200,"errmsg":"OK"}}
============================================================
============================================================
[请求时间] 2026/7/31 11:32:46.964
[响应时间] 2026/7/31 11:32:47.097
[耗时] 133ms
[请求路径] https://pay-api.ds.163.com/v1/web/init/server/time
[请求方式] GET
[请求参数] {"query":null,"body":null}
[请求头] {"Accept":"application/json, text/plain, */*","Content-Type":"application/json;charset=UTF-8","GL-X-XSRF-TOKEN":"96dca0c5-a0a8-42a3-aae7-ff273c8462e7","User-Agent":"Mozilla/5.0 (Windows NT 10.0; Win64; x64) AppleWebKit/537.36 (KHTML, like Gecko) Chrome/122.0.0.0 Safari/537.36","Origin":"https://pay.ds.163.com","Referer":"https://pay.ds.163.com/","GL-ClientType":"60","GL-DeviceId":"d6972664-c170-46f6-91f3-8079b501f7ef","GL-Uid":"ab3d60bdd8614464af937bc6c0be87cb","Accept-Encoding":"gzip, compress, deflate, br"}
[响应结果] {"httpStatus":404,"data":"<!DOCTYPE HTML PUBLIC \"-//W3C//DTD HTML 3.2 Final//EN\">\n<title>404 Not Found</title>\n<h1>Not Found</h1>\n<p>The requested URL was not found on the server. If you entered the URL manually please check your spelling and try again.</p>\n"}
============================================================
============================================================
[请求时间] 2026/7/31 11:32:47.098
[响应时间] 2026/7/31 11:32:47.179
[耗时] 81ms
[请求路径] https://inf.ds.163.com/v1/web/exp/xy/user/get-info
[请求方式] POST
[请求参数] {"query":null,"body":{}}
[请求头] {"Accept":"application/json, text/plain, */*","Content-Type":"application/json;charset=UTF-8","GL-X-XSRF-TOKEN":"96dca0c5-a0a8-42a3-aae7-ff273c8462e7","User-Agent":"Mozilla/5.0 (Windows NT 10.0; Win64; x64) AppleWebKit/537.36 (KHTML, like Gecko) Chrome/122.0.0.0 Safari/537.36","Origin":"https://pay.ds.163.com","Referer":"https://pay.ds.163.com/","GL-ClientType":"60","GL-DeviceId":"d6972664-c170-46f6-91f3-8079b501f7ef","GL-Uid":"ab3d60bdd8614464af937bc6c0be87cb","GL-CheckSum":"01bea09b7893e9959b40fa75e7f412c007e640fe","Content-Length":"2","Accept-Encoding":"gzip, compress, deflate, br"}
[响应结果] {"httpStatus":200,"data":{"result":{"growthPoint":379522,"currentLv":"V6","diffNextLvGrowthPoint":620478,"currentLvExpireDate":"20270626","currentLvExpire":1813939200000,"nextLv":"V7","activeGames":["l36"],"last365LoginGames":["l36"],"initDate":"20260626","lastLv":"V5"},"code":200,"errmsg":"OK"}}
============================================================
============================================================
[请求时间] 2026/7/31 11:32:47.179
[响应时间] 2026/7/31 11:32:47.251
[耗时] 72ms
[请求路径] https://inf.ds.163.com/v1/web/exp/week-coupon/showing-list-v2
[请求方式] POST
[请求参数] {"query":null,"body":{}}
[请求头] {"Accept":"application/json, text/plain, */*","Content-Type":"application/json;charset=UTF-8","GL-X-XSRF-TOKEN":"96dca0c5-a0a8-42a3-aae7-ff273c8462e7","User-Agent":"Mozilla/5.0 (Windows NT 10.0; Win64; x64) AppleWebKit/537.36 (KHTML, like Gecko) Chrome/122.0.0.0 Safari/537.36","Origin":"https://pay.ds.163.com","Referer":"https://pay.ds.163.com/","GL-ClientType":"60","GL-DeviceId":"d6972664-c170-46f6-91f3-8079b501f7ef","GL-Uid":"ab3d60bdd8614464af937bc6c0be87cb","GL-CheckSum":"01bea09b7893e9959b40fa75e7f412c007e640fe","Content-Length":"2","Accept-Encoding":"gzip, compress, deflate, br"}
[响应结果] {"httpStatus":200,"data":{"result":{"coupons":[{"couponId":"687076e69f3efd24cb2bed9c","name":"V1","amount":1,"xyLevel":"V1","seckillTime":"WEEKLY","periods":[{"weekDay":1,"seckillStartTime":1785124800000,"seckillEndTime":1785297599999,"status":"ENDED"},{"weekDay":3,"seckillStartTime":1785297600000,"seckillEndTime":1785470399999,"status":"PROGRESSING"},{"weekDay":5,"seckillStartTime":1785470400000,"seckillEndTime":1785729599999,"status":"NOT_STARTED"},{"weekDay":1,"seckillStartTime":1785729600000,"seckillEndTime":1785902399999,"status":"NOT_STARTED"},{"weekDay":3,"seckillStartTime":1785902400000,"seckillEndTime":1786075199999,"status":"NOT_STARTED"},{"weekDay":5,"seckillStartTime":1786075200000,"seckillEndTime":1785124799999,"status":"NOT_STARTED"}]},{"couponId":"68708657f56f912f57e063bf","name":"V2","amount":2,"xyLevel":"V2","seckillTime":"WEEKLY","periods":[{"weekDay":1,"seckillStartTime":1785124800000,"seckillEndTime":1785297599999,"status":"ENDED"},{"weekDay":3,"seckillStartTime":1785297600000,"seckillEndTime":1785470399999,"status":"PROGRESSING"},{"weekDay":5,"seckillStartTime":1785470400000,"seckillEndTime":1785729599999,"status":"NOT_STARTED"},{"weekDay":1,"seckillStartTime":1785729600000,"seckillEndTime":1785902399999,"status":"NOT_STARTED"},{"weekDay":3,"seckillStartTime":1785902400000,"seckillEndTime":1786075199999,"status":"NOT_STARTED"},{"weekDay":5,"seckillStartTime":1786075200000,"seckillEndTime":1785124799999,"status":"NOT_STARTED"}]},{"couponId":"6870867989fddd2bbdec96bc","name":"V3","amount":3,"xyLevel":"V3","seckillTime":"WEEKLY","periods":[{"weekDay":1,"seckillStartTime":1785124800000,"seckillEndTime":1785297599999,"status":"ENDED"},{"weekDay":3,"seckillStartTime":1785297600000,"seckillEndTime":1785470399999,"status":"PROGRESSING"},{"weekDay":5,"seckillStartTime":1785470400000,"seckillEndTime":1785729599999,"status":"NOT_STARTED"},{"weekDay":1,"seckillStartTime":1785729600000,"seckillEndTime":1785902399999,"status":"NOT_STARTED"},{"weekDay":3,"seckillStartTime":1785902400000,"seckillEndTime":1786075199999,"status":"NOT_STARTED"},{"weekDay":5,"seckillStartTime":1786075200000,"seckillEndTime":1785124799999,"status":"NOT_STARTED"}]},{"couponId":"6870869cf56f912f57e063c0","name":"V4","amount":8,"xyLevel":"V4","seckillTime":"WEEKLY","periods":[{"weekDay":1,"seckillStartTime":1785124800000,"seckillEndTime":1785297599999,"status":"ENDED"},{"weekDay":3,"seckillStartTime":1785297600000,"seckillEndTime":1785470399999,"status":"PROGRESSING"},{"weekDay":5,"seckillStartTime":1785470400000,"seckillEndTime":1785729599999,"status":"NOT_STARTED"},{"weekDay":1,"seckillStartTime":1785729600000,"seckillEndTime":1785902399999,"status":"NOT_STARTED"},{"weekDay":3,"seckillStartTime":1785902400000,"seckillEndTime":1786075199999,"status":"NOT_STARTED"},{"weekDay":5,"seckillStartTime":1786075200000,"seckillEndTime":1785124799999,"status":"NOT_STARTED"}]},{"couponId":"687086e33d0d02335c1804f4","name":"V5","amount":18,"xyLevel":"V5","seckillTime":"WEEKLY","periods":[{"weekDay":1,"seckillStartTime":1785124800000,"seckillEndTime":1785297599999,"status":"ENDED"},{"weekDay":3,"seckillStartTime":1785297600000,"seckillEndTime":1785470399999,"status":"PROGRESSING"},{"weekDay":5,"seckillStartTime":1785470400000,"seckillEndTime":1785729599999,"status":"NOT_STARTED"},{"weekDay":1,"seckillStartTime":1785729600000,"seckillEndTime":1785902399999,"status":"NOT_STARTED"},{"weekDay":3,"seckillStartTime":1785902400000,"seckillEndTime":1786075199999,"status":"NOT_STARTED"},{"weekDay":5,"seckillStartTime":1786075200000,"seckillEndTime":1785124799999,"status":"NOT_STARTED"}]},{"couponId":"68708705f56f912f57e063c3","name":"V6","amount":30,"xyLevel":"V6","seckillTime":"WEEKLY","periods":[{"weekDay":1,"seckillStartTime":1785124800000,"seckillEndTime":1785297599999,"status":"ENDED"},{"weekDay":3,"seckillStartTime":1785297600000,"seckillEndTime":1785470399999,"status":"PROGRESSING","acquiredStatus":"OUT_OF_STOCK","stockId":"68708705f56f912f57e063c3_WEEKLY_1785297600000","stockRemain":0},{"weekDay":5,"seckillStartTime":1785470400000,"seckillEndTime":1785729599999,"status":"NOT_STARTED"},{"weekDay":1,"seckillStartTime":1785729600000,"seckillEndTime":1785902399999,"status":"NOT_STARTED"},{"weekDay":3,"seckillStartTime":1785902400000,"seckillEndTime":1786075199999,"status":"NOT_STARTED"},{"weekDay":5,"seckillStartTime":1786075200000,"seckillEndTime":1785124799999,"status":"NOT_STARTED"}]},{"couponId":"6870872e89fddd2bbdec96bd","name":"V7","amount":75,"xyLevel":"V7","seckillTime":"WEEKLY","periods":[{"weekDay":1,"seckillStartTime":1785124800000,"seckillEndTime":1785297599999,"status":"ENDED"},{"weekDay":3,"seckillStartTime":1785297600000,"seckillEndTime":1785470399999,"status":"PROGRESSING"},{"weekDay":5,"seckillStartTime":1785470400000,"seckillEndTime":1785729599999,"status":"NOT_STARTED"},{"weekDay":1,"seckillStartTime":1785729600000,"seckillEndTime":1785902399999,"status":"NOT_STARTED"},{"weekDay":3,"seckillStartTime":1785902400000,"seckillEndTime":1786075199999,"status":"NOT_STARTED"},{"weekDay":5,"seckillStartTime":1786075200000,"seckillEndTime":1785124799999,"status":"NOT_STARTED"}]}]},"code":200,"errmsg":"OK"}}
============================================================
============================================================
[请求时间] 2026/7/31 11:32:47.587
[响应时间] 2026/7/31 11:32:47.642
[耗时] 55ms
[请求路径] https://inf.ds.163.com/v1/web/exp/week-coupon/showing-list-v2
[请求方式] POST
[请求参数] {"query":null,"body":{}}
[请求头] {"Accept":"application/json, text/plain, */*","Content-Type":"application/json;charset=UTF-8","GL-X-XSRF-TOKEN":"96dca0c5-a0a8-42a3-aae7-ff273c8462e7","User-Agent":"Mozilla/5.0 (Windows NT 10.0; Win64; x64) AppleWebKit/537.36 (KHTML, like Gecko) Chrome/122.0.0.0 Safari/537.36","Origin":"https://pay.ds.163.com","Referer":"https://pay.ds.163.com/","GL-ClientType":"60","GL-DeviceId":"d6972664-c170-46f6-91f3-8079b501f7ef","GL-Uid":"ab3d60bdd8614464af937bc6c0be87cb","GL-CheckSum":"01bea09b7893e9959b40fa75e7f412c007e640fe","Content-Length":"2","Accept-Encoding":"gzip, compress, deflate, br"}
[响应结果] {"httpStatus":200,"data":{"result":{"coupons":[{"couponId":"687076e69f3efd24cb2bed9c","name":"V1","amount":1,"xyLevel":"V1","seckillTime":"WEEKLY","periods":[{"weekDay":1,"seckillStartTime":1785124800000,"seckillEndTime":1785297599999,"status":"ENDED"},{"weekDay":3,"seckillStartTime":1785297600000,"seckillEndTime":1785470399999,"status":"PROGRESSING"},{"weekDay":5,"seckillStartTime":1785470400000,"seckillEndTime":1785729599999,"status":"NOT_STARTED"},{"weekDay":1,"seckillStartTime":1785729600000,"seckillEndTime":1785902399999,"status":"NOT_STARTED"},{"weekDay":3,"seckillStartTime":1785902400000,"seckillEndTime":1786075199999,"status":"NOT_STARTED"},{"weekDay":5,"seckillStartTime":1786075200000,"seckillEndTime":1785124799999,"status":"NOT_STARTED"}]},{"couponId":"68708657f56f912f57e063bf","name":"V2","amount":2,"xyLevel":"V2","seckillTime":"WEEKLY","periods":[{"weekDay":1,"seckillStartTime":1785124800000,"seckillEndTime":1785297599999,"status":"ENDED"},{"weekDay":3,"seckillStartTime":1785297600000,"seckillEndTime":1785470399999,"status":"PROGRESSING"},{"weekDay":5,"seckillStartTime":1785470400000,"seckillEndTime":1785729599999,"status":"NOT_STARTED"},{"weekDay":1,"seckillStartTime":1785729600000,"seckillEndTime":1785902399999,"status":"NOT_STARTED"},{"weekDay":3,"seckillStartTime":1785902400000,"seckillEndTime":1786075199999,"status":"NOT_STARTED"},{"weekDay":5,"seckillStartTime":1786075200000,"seckillEndTime":1785124799999,"status":"NOT_STARTED"}]},{"couponId":"6870867989fddd2bbdec96bc","name":"V3","amount":3,"xyLevel":"V3","seckillTime":"WEEKLY","periods":[{"weekDay":1,"seckillStartTime":1785124800000,"seckillEndTime":1785297599999,"status":"ENDED"},{"weekDay":3,"seckillStartTime":1785297600000,"seckillEndTime":1785470399999,"status":"PROGRESSING"},{"weekDay":5,"seckillStartTime":1785470400000,"seckillEndTime":1785729599999,"status":"NOT_STARTED"},{"weekDay":1,"seckillStartTime":1785729600000,"seckillEndTime":1785902399999,"status":"NOT_STARTED"},{"weekDay":3,"seckillStartTime":1785902400000,"seckillEndTime":1786075199999,"status":"NOT_STARTED"},{"weekDay":5,"seckillStartTime":1786075200000,"seckillEndTime":1785124799999,"status":"NOT_STARTED"}]},{"couponId":"6870869cf56f912f57e063c0","name":"V4","amount":8,"xyLevel":"V4","seckillTime":"WEEKLY","periods":[{"weekDay":1,"seckillStartTime":1785124800000,"seckillEndTime":1785297599999,"status":"ENDED"},{"weekDay":3,"seckillStartTime":1785297600000,"seckillEndTime":1785470399999,"status":"PROGRESSING"},{"weekDay":5,"seckillStartTime":1785470400000,"seckillEndTime":1785729599999,"status":"NOT_STARTED"},{"weekDay":1,"seckillStartTime":1785729600000,"seckillEndTime":1785902399999,"status":"NOT_STARTED"},{"weekDay":3,"seckillStartTime":1785902400000,"seckillEndTime":1786075199999,"status":"NOT_STARTED"},{"weekDay":5,"seckillStartTime":1786075200000,"seckillEndTime":1785124799999,"status":"NOT_STARTED"}]},{"couponId":"687086e33d0d02335c1804f4","name":"V5","amount":18,"xyLevel":"V5","seckillTime":"WEEKLY","periods":[{"weekDay":1,"seckillStartTime":1785124800000,"seckillEndTime":1785297599999,"status":"ENDED"},{"weekDay":3,"seckillStartTime":1785297600000,"seckillEndTime":1785470399999,"status":"PROGRESSING"},{"weekDay":5,"seckillStartTime":1785470400000,"seckillEndTime":1785729599999,"status":"NOT_STARTED"},{"weekDay":1,"seckillStartTime":1785729600000,"seckillEndTime":1785902399999,"status":"NOT_STARTED"},{"weekDay":3,"seckillStartTime":1785902400000,"seckillEndTime":1786075199999,"status":"NOT_STARTED"},{"weekDay":5,"seckillStartTime":1786075200000,"seckillEndTime":1785124799999,"status":"NOT_STARTED"}]},{"couponId":"68708705f56f912f57e063c3","name":"V6","amount":30,"xyLevel":"V6","seckillTime":"WEEKLY","periods":[{"weekDay":1,"seckillStartTime":1785124800000,"seckillEndTime":1785297599999,"status":"ENDED"},{"weekDay":3,"seckillStartTime":1785297600000,"seckillEndTime":1785470399999,"status":"PROGRESSING","acquiredStatus":"OUT_OF_STOCK","stockId":"68708705f56f912f57e063c3_WEEKLY_1785297600000","stockRemain":0},{"weekDay":5,"seckillStartTime":1785470400000,"seckillEndTime":1785729599999,"status":"NOT_STARTED"},{"weekDay":1,"seckillStartTime":1785729600000,"seckillEndTime":1785902399999,"status":"NOT_STARTED"},{"weekDay":3,"seckillStartTime":1785902400000,"seckillEndTime":1786075199999,"status":"NOT_STARTED"},{"weekDay":5,"seckillStartTime":1786075200000,"seckillEndTime":1785124799999,"status":"NOT_STARTED"}]},{"couponId":"6870872e89fddd2bbdec96bd","name":"V7","amount":75,"xyLevel":"V7","seckillTime":"WEEKLY","periods":[{"weekDay":1,"seckillStartTime":1785124800000,"seckillEndTime":1785297599999,"status":"ENDED"},{"weekDay":3,"seckillStartTime":1785297600000,"seckillEndTime":1785470399999,"status":"PROGRESSING"},{"weekDay":5,"seckillStartTime":1785470400000,"seckillEndTime":1785729599999,"status":"NOT_STARTED"},{"weekDay":1,"seckillStartTime":1785729600000,"seckillEndTime":1785902399999,"status":"NOT_STARTED"},{"weekDay":3,"seckillStartTime":1785902400000,"seckillEndTime":1786075199999,"status":"NOT_STARTED"},{"weekDay":5,"seckillStartTime":1786075200000,"seckillEndTime":1785124799999,"status":"NOT_STARTED"}]}]},"code":200,"errmsg":"OK"}}
============================================================
============================================================
[请求时间] 2026/7/31 11:32:47.643
[响应时间] 2026/7/31 11:32:47.782
[耗时] 139ms
[请求路径] https://pay-api.ds.163.com/v1/web/init/server/time
[请求方式] GET
[请求参数] {"query":null,"body":null}
[请求头] {"Accept":"application/json, text/plain, */*","Content-Type":"application/json;charset=UTF-8","GL-X-XSRF-TOKEN":"96dca0c5-a0a8-42a3-aae7-ff273c8462e7","User-Agent":"Mozilla/5.0 (Windows NT 10.0; Win64; x64) AppleWebKit/537.36 (KHTML, like Gecko) Chrome/122.0.0.0 Safari/537.36","Origin":"https://pay.ds.163.com","Referer":"https://pay.ds.163.com/","GL-ClientType":"60","GL-DeviceId":"d6972664-c170-46f6-91f3-8079b501f7ef","GL-Uid":"ab3d60bdd8614464af937bc6c0be87cb","Accept-Encoding":"gzip, compress, deflate, br"}
[响应结果] {"httpStatus":404,"data":"<!DOCTYPE HTML PUBLIC \"-//W3C//DTD HTML 3.2 Final//EN\">\n<title>404 Not Found</title>\n<h1>Not Found</h1>\n<p>The requested URL was not found on the server. If you entered the URL manually please check your spelling and try again.</p>\n"}
============================================================
============================================================
[请求时间] 2026/7/31 11:32:47.783
[响应时间] 2026/7/31 11:32:47.917
[耗时] 134ms
[请求路径] https://pay-api.ds.163.com/api/nlogin
[请求方式] GET
[请求参数] {"query":{},"body":null}
[请求头] {"Accept":"application/json, text/plain, */*","Content-Type":"application/json;charset=UTF-8","GL-X-XSRF-TOKEN":"96dca0c5-a0a8-42a3-aae7-ff273c8462e7","User-Agent":"Mozilla/5.0 (Windows NT 10.0; Win64; x64) AppleWebKit/537.36 (KHTML, like Gecko) Chrome/122.0.0.0 Safari/537.36","Origin":"https://pay.ds.163.com","Referer":"https://pay.ds.163.com/","GL-ClientType":"60","GL-DeviceId":"d6972664-c170-46f6-91f3-8079b501f7ef","GL-Uid":"ab3d60bdd8614464af937bc6c0be87cb","Accept-Encoding":"gzip, compress, deflate, br"}
[响应结果] {"httpStatus":200,"data":{"code":413,"msg":"登录失败"}}
============================================================
============================================================
[请求时间] 2026/7/31 11:33:35.138
[响应时间] 2026/7/31 11:33:35.314
[耗时] 176ms
[请求路径] https://pay-api.ds.163.com/v1/web/init/server/time
[请求方式] GET
[请求参数] {"query":null,"body":null}
[请求头] {"Accept":"application/json, text/plain, */*","Content-Type":"application/json;charset=UTF-8","User-Agent":"Mozilla/5.0 (Windows NT 10.0; Win64; x64) AppleWebKit/537.36 (KHTML, like Gecko) Chrome/122.0.0.0 Safari/537.36","Origin":"https://pay.ds.163.com","Referer":"https://pay.ds.163.com/","GL-ClientType":"60","GL-DeviceId":"d6972664-c170-46f6-91f3-8079b501f7ef","GL-Uid":"ab3d60bdd8614464af937bc6c0be87cb","GL-X-XSRF-TOKEN":"96dca0c5-a0a8-42a3-aae7-ff273c8462e7","Accept-Encoding":"gzip, compress, deflate, br"}
[响应结果] {"httpStatus":404,"data":"<!DOCTYPE HTML PUBLIC \"-//W3C//DTD HTML 3.2 Final//EN\">\n<title>404 Not Found</title>\n<h1>Not Found</h1>\n<p>The requested URL was not found on the server. If you entered the URL manually please check your spelling and try again.</p>\n"}
============================================================
============================================================
[请求时间] 2026/7/31 11:33:35.314
[响应时间] 2026/7/31 11:33:35.449
[耗时] 135ms
[请求路径] https://pay-api.ds.163.com/api/nlogin
[请求方式] GET
[请求参数] {"query":{},"body":null}
[请求头] {"Accept":"application/json, text/plain, */*","Content-Type":"application/json;charset=UTF-8","GL-X-XSRF-TOKEN":"96dca0c5-a0a8-42a3-aae7-ff273c8462e7","User-Agent":"Mozilla/5.0 (Windows NT 10.0; Win64; x64) AppleWebKit/537.36 (KHTML, like Gecko) Chrome/122.0.0.0 Safari/537.36","Origin":"https://pay.ds.163.com","Referer":"https://pay.ds.163.com/","GL-ClientType":"60","GL-DeviceId":"d6972664-c170-46f6-91f3-8079b501f7ef","GL-Uid":"ab3d60bdd8614464af937bc6c0be87cb","Accept-Encoding":"gzip, compress, deflate, br"}
[响应结果] {"httpStatus":200,"data":{"code":413,"msg":"登录失败"}}
============================================================
============================================================
[请求时间] 2026/7/31 11:33:35.450
[响应时间] 2026/7/31 11:33:35.592
[耗时] 142ms
[请求路径] https://inf.ds.163.com/v1/web/cooperate/plutus/cookie-exchange
[请求方式] GET
[请求参数] {"query":null,"body":null}
[请求头] {"Accept":"application/json, text/plain, */*","Content-Type":"application/json;charset=UTF-8","GL-X-XSRF-TOKEN":"96dca0c5-a0a8-42a3-aae7-ff273c8462e7","User-Agent":"Mozilla/5.0 (Windows NT 10.0; Win64; x64) AppleWebKit/537.36 (KHTML, like Gecko) Chrome/122.0.0.0 Safari/537.36","Origin":"https://pay.ds.163.com","Referer":"https://pay.ds.163.com/","GL-ClientType":"60","GL-DeviceId":"d6972664-c170-46f6-91f3-8079b501f7ef","GL-Uid":"ab3d60bdd8614464af937bc6c0be87cb","Accept-Encoding":"gzip, compress, deflate, br"}
[响应结果] {"httpStatus":200,"data":{"result":{"user":{"uid":"ab3d60bdd8614464af937bc6c0be87cb","nick":"lnl922","icon":"https://ok.166.net/reunionpub/3_20251102_19a403f87b2484815.jpeg","intro":"","gender":1,"frame":"64b92f13db5e2e0001e826b5","updateTime":1779774174407,"userSourceType":"URS"},"newUser":false},"code":200,"errmsg":"OK"}}
============================================================
============================================================
[请求时间] 2026/7/31 11:33:35.593
[响应时间] 2026/7/31 11:33:35.732
[耗时] 139ms
[请求路径] https://pay-api.ds.163.com/v1/web/init/server/time
[请求方式] GET
[请求参数] {"query":null,"body":null}
[请求头] {"Accept":"application/json, text/plain, */*","Content-Type":"application/json;charset=UTF-8","GL-X-XSRF-TOKEN":"96dca0c5-a0a8-42a3-aae7-ff273c8462e7","User-Agent":"Mozilla/5.0 (Windows NT 10.0; Win64; x64) AppleWebKit/537.36 (KHTML, like Gecko) Chrome/122.0.0.0 Safari/537.36","Origin":"https://pay.ds.163.com","Referer":"https://pay.ds.163.com/","GL-ClientType":"60","GL-DeviceId":"d6972664-c170-46f6-91f3-8079b501f7ef","GL-Uid":"ab3d60bdd8614464af937bc6c0be87cb","Accept-Encoding":"gzip, compress, deflate, br"}
[响应结果] {"httpStatus":404,"data":"<!DOCTYPE HTML PUBLIC \"-//W3C//DTD HTML 3.2 Final//EN\">\n<title>404 Not Found</title>\n<h1>Not Found</h1>\n<p>The requested URL was not found on the server. If you entered the URL manually please check your spelling and try again.</p>\n"}
============================================================
============================================================
[请求时间] 2026/7/31 11:33:35.732
[响应时间] 2026/7/31 11:33:35.781
[耗时] 49ms
[请求路径] https://inf.ds.163.com/v1/web/exp/xy/user/get-info
[请求方式] POST
[请求参数] {"query":null,"body":{}}
[请求头] {"Accept":"application/json, text/plain, */*","Content-Type":"application/json;charset=UTF-8","GL-X-XSRF-TOKEN":"96dca0c5-a0a8-42a3-aae7-ff273c8462e7","User-Agent":"Mozilla/5.0 (Windows NT 10.0; Win64; x64) AppleWebKit/537.36 (KHTML, like Gecko) Chrome/122.0.0.0 Safari/537.36","Origin":"https://pay.ds.163.com","Referer":"https://pay.ds.163.com/","GL-ClientType":"60","GL-DeviceId":"d6972664-c170-46f6-91f3-8079b501f7ef","GL-Uid":"ab3d60bdd8614464af937bc6c0be87cb","GL-CheckSum":"01bea09b7893e9959b40fa75e7f412c007e640fe","Content-Length":"2","Accept-Encoding":"gzip, compress, deflate, br"}
[响应结果] {"httpStatus":200,"data":{"result":{"growthPoint":379522,"currentLv":"V6","diffNextLvGrowthPoint":620478,"currentLvExpireDate":"20270626","currentLvExpire":1813939200000,"nextLv":"V7","activeGames":["l36"],"last365LoginGames":["l36"],"initDate":"20260626","lastLv":"V5"},"code":200,"errmsg":"OK"}}
============================================================
============================================================
[请求时间] 2026/7/31 11:33:35.782
[响应时间] 2026/7/31 11:33:35.850
[耗时] 68ms
[请求路径] https://inf.ds.163.com/v1/web/exp/week-coupon/showing-list-v2
[请求方式] POST
[请求参数] {"query":null,"body":{}}
[请求头] {"Accept":"application/json, text/plain, */*","Content-Type":"application/json;charset=UTF-8","GL-X-XSRF-TOKEN":"96dca0c5-a0a8-42a3-aae7-ff273c8462e7","User-Agent":"Mozilla/5.0 (Windows NT 10.0; Win64; x64) AppleWebKit/537.36 (KHTML, like Gecko) Chrome/122.0.0.0 Safari/537.36","Origin":"https://pay.ds.163.com","Referer":"https://pay.ds.163.com/","GL-ClientType":"60","GL-DeviceId":"d6972664-c170-46f6-91f3-8079b501f7ef","GL-Uid":"ab3d60bdd8614464af937bc6c0be87cb","GL-CheckSum":"01bea09b7893e9959b40fa75e7f412c007e640fe","Content-Length":"2","Accept-Encoding":"gzip, compress, deflate, br"}
[响应结果] {"httpStatus":200,"data":{"result":{"coupons":[{"couponId":"687076e69f3efd24cb2bed9c","name":"V1","amount":1,"xyLevel":"V1","seckillTime":"WEEKLY","periods":[{"weekDay":1,"seckillStartTime":1785124800000,"seckillEndTime":1785297599999,"status":"ENDED"},{"weekDay":3,"seckillStartTime":1785297600000,"seckillEndTime":1785470399999,"status":"PROGRESSING"},{"weekDay":5,"seckillStartTime":1785470400000,"seckillEndTime":1785729599999,"status":"NOT_STARTED"},{"weekDay":1,"seckillStartTime":1785729600000,"seckillEndTime":1785902399999,"status":"NOT_STARTED"},{"weekDay":3,"seckillStartTime":1785902400000,"seckillEndTime":1786075199999,"status":"NOT_STARTED"},{"weekDay":5,"seckillStartTime":1786075200000,"seckillEndTime":1785124799999,"status":"NOT_STARTED"}]},{"couponId":"68708657f56f912f57e063bf","name":"V2","amount":2,"xyLevel":"V2","seckillTime":"WEEKLY","periods":[{"weekDay":1,"seckillStartTime":1785124800000,"seckillEndTime":1785297599999,"status":"ENDED"},{"weekDay":3,"seckillStartTime":1785297600000,"seckillEndTime":1785470399999,"status":"PROGRESSING"},{"weekDay":5,"seckillStartTime":1785470400000,"seckillEndTime":1785729599999,"status":"NOT_STARTED"},{"weekDay":1,"seckillStartTime":1785729600000,"seckillEndTime":1785902399999,"status":"NOT_STARTED"},{"weekDay":3,"seckillStartTime":1785902400000,"seckillEndTime":1786075199999,"status":"NOT_STARTED"},{"weekDay":5,"seckillStartTime":1786075200000,"seckillEndTime":1785124799999,"status":"NOT_STARTED"}]},{"couponId":"6870867989fddd2bbdec96bc","name":"V3","amount":3,"xyLevel":"V3","seckillTime":"WEEKLY","periods":[{"weekDay":1,"seckillStartTime":1785124800000,"seckillEndTime":1785297599999,"status":"ENDED"},{"weekDay":3,"seckillStartTime":1785297600000,"seckillEndTime":1785470399999,"status":"PROGRESSING"},{"weekDay":5,"seckillStartTime":1785470400000,"seckillEndTime":1785729599999,"status":"NOT_STARTED"},{"weekDay":1,"seckillStartTime":1785729600000,"seckillEndTime":1785902399999,"status":"NOT_STARTED"},{"weekDay":3,"seckillStartTime":1785902400000,"seckillEndTime":1786075199999,"status":"NOT_STARTED"},{"weekDay":5,"seckillStartTime":1786075200000,"seckillEndTime":1785124799999,"status":"NOT_STARTED"}]},{"couponId":"6870869cf56f912f57e063c0","name":"V4","amount":8,"xyLevel":"V4","seckillTime":"WEEKLY","periods":[{"weekDay":1,"seckillStartTime":1785124800000,"seckillEndTime":1785297599999,"status":"ENDED"},{"weekDay":3,"seckillStartTime":1785297600000,"seckillEndTime":1785470399999,"status":"PROGRESSING"},{"weekDay":5,"seckillStartTime":1785470400000,"seckillEndTime":1785729599999,"status":"NOT_STARTED"},{"weekDay":1,"seckillStartTime":1785729600000,"seckillEndTime":1785902399999,"status":"NOT_STARTED"},{"weekDay":3,"seckillStartTime":1785902400000,"seckillEndTime":1786075199999,"status":"NOT_STARTED"},{"weekDay":5,"seckillStartTime":1786075200000,"seckillEndTime":1785124799999,"status":"NOT_STARTED"}]},{"couponId":"687086e33d0d02335c1804f4","name":"V5","amount":18,"xyLevel":"V5","seckillTime":"WEEKLY","periods":[{"weekDay":1,"seckillStartTime":1785124800000,"seckillEndTime":1785297599999,"status":"ENDED"},{"weekDay":3,"seckillStartTime":1785297600000,"seckillEndTime":1785470399999,"status":"PROGRESSING"},{"weekDay":5,"seckillStartTime":1785470400000,"seckillEndTime":1785729599999,"status":"NOT_STARTED"},{"weekDay":1,"seckillStartTime":1785729600000,"seckillEndTime":1785902399999,"status":"NOT_STARTED"},{"weekDay":3,"seckillStartTime":1785902400000,"seckillEndTime":1786075199999,"status":"NOT_STARTED"},{"weekDay":5,"seckillStartTime":1786075200000,"seckillEndTime":1785124799999,"status":"NOT_STARTED"}]},{"couponId":"68708705f56f912f57e063c3","name":"V6","amount":30,"xyLevel":"V6","seckillTime":"WEEKLY","periods":[{"weekDay":1,"seckillStartTime":1785124800000,"seckillEndTime":1785297599999,"status":"ENDED"},{"weekDay":3,"seckillStartTime":1785297600000,"seckillEndTime":1785470399999,"status":"PROGRESSING","acquiredStatus":"OUT_OF_STOCK","stockId":"68708705f56f912f57e063c3_WEEKLY_1785297600000","stockRemain":0},{"weekDay":5,"seckillStartTime":1785470400000,"seckillEndTime":1785729599999,"status":"NOT_STARTED"},{"weekDay":1,"seckillStartTime":1785729600000,"seckillEndTime":1785902399999,"status":"NOT_STARTED"},{"weekDay":3,"seckillStartTime":1785902400000,"seckillEndTime":1786075199999,"status":"NOT_STARTED"},{"weekDay":5,"seckillStartTime":1786075200000,"seckillEndTime":1785124799999,"status":"NOT_STARTED"}]},{"couponId":"6870872e89fddd2bbdec96bd","name":"V7","amount":75,"xyLevel":"V7","seckillTime":"WEEKLY","periods":[{"weekDay":1,"seckillStartTime":1785124800000,"seckillEndTime":1785297599999,"status":"ENDED"},{"weekDay":3,"seckillStartTime":1785297600000,"seckillEndTime":1785470399999,"status":"PROGRESSING"},{"weekDay":5,"seckillStartTime":1785470400000,"seckillEndTime":1785729599999,"status":"NOT_STARTED"},{"weekDay":1,"seckillStartTime":1785729600000,"seckillEndTime":1785902399999,"status":"NOT_STARTED"},{"weekDay":3,"seckillStartTime":1785902400000,"seckillEndTime":1786075199999,"status":"NOT_STARTED"},{"weekDay":5,"seckillStartTime":1786075200000,"seckillEndTime":1785124799999,"status":"NOT_STARTED"}]}]},"code":200,"errmsg":"OK"}}
============================================================
============================================================
[请求时间] 2026/7/31 11:33:36.105
[响应时间] 2026/7/31 11:33:36.187
[耗时] 82ms
[请求路径] https://inf.ds.163.com/v1/web/exp/week-coupon/showing-list-v2
[请求方式] POST
[请求参数] {"query":null,"body":{}}
[请求头] {"Accept":"application/json, text/plain, */*","Content-Type":"application/json;charset=UTF-8","GL-X-XSRF-TOKEN":"96dca0c5-a0a8-42a3-aae7-ff273c8462e7","User-Agent":"Mozilla/5.0 (Windows NT 10.0; Win64; x64) AppleWebKit/537.36 (KHTML, like Gecko) Chrome/122.0.0.0 Safari/537.36","Origin":"https://pay.ds.163.com","Referer":"https://pay.ds.163.com/","GL-ClientType":"60","GL-DeviceId":"d6972664-c170-46f6-91f3-8079b501f7ef","GL-Uid":"ab3d60bdd8614464af937bc6c0be87cb","GL-CheckSum":"01bea09b7893e9959b40fa75e7f412c007e640fe","Content-Length":"2","Accept-Encoding":"gzip, compress, deflate, br"}
[响应结果] {"httpStatus":200,"data":{"result":{"coupons":[{"couponId":"687076e69f3efd24cb2bed9c","name":"V1","amount":1,"xyLevel":"V1","seckillTime":"WEEKLY","periods":[{"weekDay":1,"seckillStartTime":1785124800000,"seckillEndTime":1785297599999,"status":"ENDED"},{"weekDay":3,"seckillStartTime":1785297600000,"seckillEndTime":1785470399999,"status":"PROGRESSING"},{"weekDay":5,"seckillStartTime":1785470400000,"seckillEndTime":1785729599999,"status":"NOT_STARTED"},{"weekDay":1,"seckillStartTime":1785729600000,"seckillEndTime":1785902399999,"status":"NOT_STARTED"},{"weekDay":3,"seckillStartTime":1785902400000,"seckillEndTime":1786075199999,"status":"NOT_STARTED"},{"weekDay":5,"seckillStartTime":1786075200000,"seckillEndTime":1785124799999,"status":"NOT_STARTED"}]},{"couponId":"68708657f56f912f57e063bf","name":"V2","amount":2,"xyLevel":"V2","seckillTime":"WEEKLY","periods":[{"weekDay":1,"seckillStartTime":1785124800000,"seckillEndTime":1785297599999,"status":"ENDED"},{"weekDay":3,"seckillStartTime":1785297600000,"seckillEndTime":1785470399999,"status":"PROGRESSING"},{"weekDay":5,"seckillStartTime":1785470400000,"seckillEndTime":1785729599999,"status":"NOT_STARTED"},{"weekDay":1,"seckillStartTime":1785729600000,"seckillEndTime":1785902399999,"status":"NOT_STARTED"},{"weekDay":3,"seckillStartTime":1785902400000,"seckillEndTime":1786075199999,"status":"NOT_STARTED"},{"weekDay":5,"seckillStartTime":1786075200000,"seckillEndTime":1785124799999,"status":"NOT_STARTED"}]},{"couponId":"6870867989fddd2bbdec96bc","name":"V3","amount":3,"xyLevel":"V3","seckillTime":"WEEKLY","periods":[{"weekDay":1,"seckillStartTime":1785124800000,"seckillEndTime":1785297599999,"status":"ENDED"},{"weekDay":3,"seckillStartTime":1785297600000,"seckillEndTime":1785470399999,"status":"PROGRESSING"},{"weekDay":5,"seckillStartTime":1785470400000,"seckillEndTime":1785729599999,"status":"NOT_STARTED"},{"weekDay":1,"seckillStartTime":1785729600000,"seckillEndTime":1785902399999,"status":"NOT_STARTED"},{"weekDay":3,"seckillStartTime":1785902400000,"seckillEndTime":1786075199999,"status":"NOT_STARTED"},{"weekDay":5,"seckillStartTime":1786075200000,"seckillEndTime":1785124799999,"status":"NOT_STARTED"}]},{"couponId":"6870869cf56f912f57e063c0","name":"V4","amount":8,"xyLevel":"V4","seckillTime":"WEEKLY","periods":[{"weekDay":1,"seckillStartTime":1785124800000,"seckillEndTime":1785297599999,"status":"ENDED"},{"weekDay":3,"seckillStartTime":1785297600000,"seckillEndTime":1785470399999,"status":"PROGRESSING"},{"weekDay":5,"seckillStartTime":1785470400000,"seckillEndTime":1785729599999,"status":"NOT_STARTED"},{"weekDay":1,"seckillStartTime":1785729600000,"seckillEndTime":1785902399999,"status":"NOT_STARTED"},{"weekDay":3,"seckillStartTime":1785902400000,"seckillEndTime":1786075199999,"status":"NOT_STARTED"},{"weekDay":5,"seckillStartTime":1786075200000,"seckillEndTime":1785124799999,"status":"NOT_STARTED"}]},{"couponId":"687086e33d0d02335c1804f4","name":"V5","amount":18,"xyLevel":"V5","seckillTime":"WEEKLY","periods":[{"weekDay":1,"seckillStartTime":1785124800000,"seckillEndTime":1785297599999,"status":"ENDED"},{"weekDay":3,"seckillStartTime":1785297600000,"seckillEndTime":1785470399999,"status":"PROGRESSING"},{"weekDay":5,"seckillStartTime":1785470400000,"seckillEndTime":1785729599999,"status":"NOT_STARTED"},{"weekDay":1,"seckillStartTime":1785729600000,"seckillEndTime":1785902399999,"status":"NOT_STARTED"},{"weekDay":3,"seckillStartTime":1785902400000,"seckillEndTime":1786075199999,"status":"NOT_STARTED"},{"weekDay":5,"seckillStartTime":1786075200000,"seckillEndTime":1785124799999,"status":"NOT_STARTED"}]},{"couponId":"68708705f56f912f57e063c3","name":"V6","amount":30,"xyLevel":"V6","seckillTime":"WEEKLY","periods":[{"weekDay":1,"seckillStartTime":1785124800000,"seckillEndTime":1785297599999,"status":"ENDED"},{"weekDay":3,"seckillStartTime":1785297600000,"seckillEndTime":1785470399999,"status":"PROGRESSING","acquiredStatus":"OUT_OF_STOCK","stockId":"68708705f56f912f57e063c3_WEEKLY_1785297600000","stockRemain":0},{"weekDay":5,"seckillStartTime":1785470400000,"seckillEndTime":1785729599999,"status":"NOT_STARTED"},{"weekDay":1,"seckillStartTime":1785729600000,"seckillEndTime":1785902399999,"status":"NOT_STARTED"},{"weekDay":3,"seckillStartTime":1785902400000,"seckillEndTime":1786075199999,"status":"NOT_STARTED"},{"weekDay":5,"seckillStartTime":1786075200000,"seckillEndTime":1785124799999,"status":"NOT_STARTED"}]},{"couponId":"6870872e89fddd2bbdec96bd","name":"V7","amount":75,"xyLevel":"V7","seckillTime":"WEEKLY","periods":[{"weekDay":1,"seckillStartTime":1785124800000,"seckillEndTime":1785297599999,"status":"ENDED"},{"weekDay":3,"seckillStartTime":1785297600000,"seckillEndTime":1785470399999,"status":"PROGRESSING"},{"weekDay":5,"seckillStartTime":1785470400000,"seckillEndTime":1785729599999,"status":"NOT_STARTED"},{"weekDay":1,"seckillStartTime":1785729600000,"seckillEndTime":1785902399999,"status":"NOT_STARTED"},{"weekDay":3,"seckillStartTime":1785902400000,"seckillEndTime":1786075199999,"status":"NOT_STARTED"},{"weekDay":5,"seckillStartTime":1786075200000,"seckillEndTime":1785124799999,"status":"NOT_STARTED"}]}]},"code":200,"errmsg":"OK"}}
============================================================
============================================================
[请求时间] 2026/7/31 11:33:36.188
[响应时间] 2026/7/31 11:33:36.338
[耗时] 150ms
[请求路径] https://pay-api.ds.163.com/v1/web/init/server/time
[请求方式] GET
[请求参数] {"query":null,"body":null}
[请求头] {"Accept":"application/json, text/plain, */*","Content-Type":"application/json;charset=UTF-8","GL-X-XSRF-TOKEN":"96dca0c5-a0a8-42a3-aae7-ff273c8462e7","User-Agent":"Mozilla/5.0 (Windows NT 10.0; Win64; x64) AppleWebKit/537.36 (KHTML, like Gecko) Chrome/122.0.0.0 Safari/537.36","Origin":"https://pay.ds.163.com","Referer":"https://pay.ds.163.com/","GL-ClientType":"60","GL-DeviceId":"d6972664-c170-46f6-91f3-8079b501f7ef","GL-Uid":"ab3d60bdd8614464af937bc6c0be87cb","Accept-Encoding":"gzip, compress, deflate, br"}
[响应结果] {"httpStatus":404,"data":"<!DOCTYPE HTML PUBLIC \"-//W3C//DTD HTML 3.2 Final//EN\">\n<title>404 Not Found</title>\n<h1>Not Found</h1>\n<p>The requested URL was not found on the server. If you entered the URL manually please check your spelling and try again.</p>\n"}
============================================================
============================================================
[请求时间] 2026/7/31 11:33:36.350
[响应时间] 2026/7/31 11:33:36.498
[耗时] 148ms
[请求路径] https://pay-api.ds.163.com/api/nlogin
[请求方式] GET
[请求参数] {"query":{},"body":null}
[请求头] {"Accept":"application/json, text/plain, */*","Content-Type":"application/json;charset=UTF-8","GL-X-XSRF-TOKEN":"96dca0c5-a0a8-42a3-aae7-ff273c8462e7","User-Agent":"Mozilla/5.0 (Windows NT 10.0; Win64; x64) AppleWebKit/537.36 (KHTML, like Gecko) Chrome/122.0.0.0 Safari/537.36","Origin":"https://pay.ds.163.com","Referer":"https://pay.ds.163.com/","GL-ClientType":"60","GL-DeviceId":"d6972664-c170-46f6-91f3-8079b501f7ef","GL-Uid":"ab3d60bdd8614464af937bc6c0be87cb","Accept-Encoding":"gzip, compress, deflate, br"}
[响应结果] {"httpStatus":200,"data":{"code":413,"msg":"登录失败"}}
============================================================
============================================================
[请求时间] 2026/7/31 11:34:30.013
[响应时间] 2026/7/31 11:34:30.151
[耗时] 138ms
[请求路径] https://inf.ds.163.com/v1/web/exp/week-coupon/acquire
[请求方式] POST
[请求参数] {"query":null,"body":{"couponId":"68708705f56f912f57e063c3","stockId":"68708705f56f912f57e063c3_WEEKLY_1785297600000"}}
[请求头] {"Accept":"application/json, text/plain, */*","Content-Type":"application/json;charset=UTF-8","GL-X-XSRF-TOKEN":"96dca0c5-a0a8-42a3-aae7-ff273c8462e7","User-Agent":"Mozilla/5.0 (Windows NT 10.0; Win64; x64) AppleWebKit/537.36 (KHTML, like Gecko) Chrome/122.0.0.0 Safari/537.36","Origin":"https://pay.ds.163.com","Referer":"https://pay.ds.163.com/","GL-ClientType":"60","GL-DeviceId":"d6972664-c170-46f6-91f3-8079b501f7ef","GL-Uid":"ab3d60bdd8614464af937bc6c0be87cb","GL-CheckSum":"521687b333b9a829c8067e0336daecd914b1c280","Content-Length":"97","Accept-Encoding":"gzip, compress, deflate, br"}
[响应结果] {"httpStatus":200,"data":{"code":40008,"errmsg":"当前库存已不足，敬请参与下期活动噢"}}
============================================================
============================================================
[请求时间] 2026/7/31 11:34:31.154
[响应时间] 2026/7/31 11:34:31.235
[耗时] 81ms
[请求路径] https://inf.ds.163.com/v1/web/exp/week-coupon/acquire
[请求方式] POST
[请求参数] {"query":null,"body":{"couponId":"68708705f56f912f57e063c3","stockId":"68708705f56f912f57e063c3_WEEKLY_1785297600000"}}
[请求头] {"Accept":"application/json, text/plain, */*","Content-Type":"application/json;charset=UTF-8","GL-X-XSRF-TOKEN":"96dca0c5-a0a8-42a3-aae7-ff273c8462e7","User-Agent":"Mozilla/5.0 (Windows NT 10.0; Win64; x64) AppleWebKit/537.36 (KHTML, like Gecko) Chrome/122.0.0.0 Safari/537.36","Origin":"https://pay.ds.163.com","Referer":"https://pay.ds.163.com/","GL-ClientType":"60","GL-DeviceId":"d6972664-c170-46f6-91f3-8079b501f7ef","GL-Uid":"ab3d60bdd8614464af937bc6c0be87cb","GL-CheckSum":"521687b333b9a829c8067e0336daecd914b1c280","Content-Length":"97","Accept-Encoding":"gzip, compress, deflate, br"}
[响应结果] {"httpStatus":200,"data":{"code":40008,"errmsg":"当前库存已不足，敬请参与下期活动噢"}}
============================================================
============================================================
[请求时间] 2026/7/31 11:34:32.236
[响应时间] 2026/7/31 11:34:32.301
[耗时] 65ms
[请求路径] https://inf.ds.163.com/v1/web/exp/week-coupon/acquire
[请求方式] POST
[请求参数] {"query":null,"body":{"couponId":"68708705f56f912f57e063c3","stockId":"68708705f56f912f57e063c3_WEEKLY_1785297600000"}}
[请求头] {"Accept":"application/json, text/plain, */*","Content-Type":"application/json;charset=UTF-8","GL-X-XSRF-TOKEN":"96dca0c5-a0a8-42a3-aae7-ff273c8462e7","User-Agent":"Mozilla/5.0 (Windows NT 10.0; Win64; x64) AppleWebKit/537.36 (KHTML, like Gecko) Chrome/122.0.0.0 Safari/537.36","Origin":"https://pay.ds.163.com","Referer":"https://pay.ds.163.com/","GL-ClientType":"60","GL-DeviceId":"d6972664-c170-46f6-91f3-8079b501f7ef","GL-Uid":"ab3d60bdd8614464af937bc6c0be87cb","GL-CheckSum":"521687b333b9a829c8067e0336daecd914b1c280","Content-Length":"97","Accept-Encoding":"gzip, compress, deflate, br"}
[响应结果] {"httpStatus":200,"data":{"code":40008,"errmsg":"当前库存已不足，敬请参与下期活动噢"}}
============================================================
============================================================
[请求时间] 2026/7/31 11:34:33.302
[响应时间] 2026/7/31 11:34:33.370
[耗时] 68ms
[请求路径] https://inf.ds.163.com/v1/web/exp/week-coupon/acquire
[请求方式] POST
[请求参数] {"query":null,"body":{"couponId":"68708705f56f912f57e063c3","stockId":"68708705f56f912f57e063c3_WEEKLY_1785297600000"}}
[请求头] {"Accept":"application/json, text/plain, */*","Content-Type":"application/json;charset=UTF-8","GL-X-XSRF-TOKEN":"96dca0c5-a0a8-42a3-aae7-ff273c8462e7","User-Agent":"Mozilla/5.0 (Windows NT 10.0; Win64; x64) AppleWebKit/537.36 (KHTML, like Gecko) Chrome/122.0.0.0 Safari/537.36","Origin":"https://pay.ds.163.com","Referer":"https://pay.ds.163.com/","GL-ClientType":"60","GL-DeviceId":"d6972664-c170-46f6-91f3-8079b501f7ef","GL-Uid":"ab3d60bdd8614464af937bc6c0be87cb","GL-CheckSum":"521687b333b9a829c8067e0336daecd914b1c280","Content-Length":"97","Accept-Encoding":"gzip, compress, deflate, br"}
[响应结果] {"httpStatus":200,"data":{"code":40008,"errmsg":"当前库存已不足，敬请参与下期活动噢"}}
============================================================
============================================================
[请求时间] 2026/7/31 11:36:38.483
[响应时间] 2026/7/31 11:36:38.647
[耗时] 164ms
[请求路径] https://pay-api.ds.163.com/v1/web/init/server/time
[请求方式] GET
[请求参数] {"query":null,"body":null}
[请求头] {"Accept":"application/json, text/plain, */*","Content-Type":"application/json;charset=UTF-8","User-Agent":"Mozilla/5.0 (Windows NT 10.0; Win64; x64) AppleWebKit/537.36 (KHTML, like Gecko) Chrome/122.0.0.0 Safari/537.36","Origin":"https://pay.ds.163.com","Referer":"https://pay.ds.163.com/","GL-ClientType":"60","GL-DeviceId":"d6972664-c170-46f6-91f3-8079b501f7ef","GL-Uid":"ab3d60bdd8614464af937bc6c0be87cb","GL-X-XSRF-TOKEN":"96dca0c5-a0a8-42a3-aae7-ff273c8462e7","Accept-Encoding":"gzip, compress, deflate, br"}
[响应结果] {"httpStatus":404,"data":"<!DOCTYPE HTML PUBLIC \"-//W3C//DTD HTML 3.2 Final//EN\">\n<title>404 Not Found</title>\n<h1>Not Found</h1>\n<p>The requested URL was not found on the server. If you entered the URL manually please check your spelling and try again.</p>\n"}
============================================================
============================================================
[请求时间] 2026/7/31 11:36:38.648
[响应时间] 2026/7/31 11:36:38.786
[耗时] 138ms
[请求路径] https://pay-api.ds.163.com/api/nlogin
[请求方式] GET
[请求参数] {"query":{},"body":null}
[请求头] {"Accept":"application/json, text/plain, */*","Content-Type":"application/json;charset=UTF-8","GL-X-XSRF-TOKEN":"96dca0c5-a0a8-42a3-aae7-ff273c8462e7","User-Agent":"Mozilla/5.0 (Windows NT 10.0; Win64; x64) AppleWebKit/537.36 (KHTML, like Gecko) Chrome/122.0.0.0 Safari/537.36","Origin":"https://pay.ds.163.com","Referer":"https://pay.ds.163.com/","GL-ClientType":"60","GL-DeviceId":"d6972664-c170-46f6-91f3-8079b501f7ef","GL-Uid":"ab3d60bdd8614464af937bc6c0be87cb","Accept-Encoding":"gzip, compress, deflate, br"}
[响应结果] {"httpStatus":200,"data":{"code":413,"msg":"登录失败"}}
============================================================
============================================================
[请求时间] 2026/7/31 11:36:38.787
[响应时间] 2026/7/31 11:36:38.917
[耗时] 130ms
[请求路径] https://inf.ds.163.com/v1/web/cooperate/plutus/cookie-exchange
[请求方式] GET
[请求参数] {"query":null,"body":null}
[请求头] {"Accept":"application/json, text/plain, */*","Content-Type":"application/json;charset=UTF-8","GL-X-XSRF-TOKEN":"96dca0c5-a0a8-42a3-aae7-ff273c8462e7","User-Agent":"Mozilla/5.0 (Windows NT 10.0; Win64; x64) AppleWebKit/537.36 (KHTML, like Gecko) Chrome/122.0.0.0 Safari/537.36","Origin":"https://pay.ds.163.com","Referer":"https://pay.ds.163.com/","GL-ClientType":"60","GL-DeviceId":"d6972664-c170-46f6-91f3-8079b501f7ef","GL-Uid":"ab3d60bdd8614464af937bc6c0be87cb","Accept-Encoding":"gzip, compress, deflate, br"}
[响应结果] {"httpStatus":200,"data":{"result":{"user":{"uid":"ab3d60bdd8614464af937bc6c0be87cb","nick":"lnl922","icon":"https://ok.166.net/reunionpub/3_20251102_19a403f87b2484815.jpeg","intro":"","gender":1,"frame":"64b92f13db5e2e0001e826b5","updateTime":1779774174407,"userSourceType":"URS"},"newUser":false},"code":200,"errmsg":"OK"}}
============================================================
============================================================
[请求时间] 2026/7/31 11:36:38.917
[响应时间] 2026/7/31 11:36:39.048
[耗时] 131ms
[请求路径] https://pay-api.ds.163.com/v1/web/init/server/time
[请求方式] GET
[请求参数] {"query":null,"body":null}
[请求头] {"Accept":"application/json, text/plain, */*","Content-Type":"application/json;charset=UTF-8","GL-X-XSRF-TOKEN":"96dca0c5-a0a8-42a3-aae7-ff273c8462e7","User-Agent":"Mozilla/5.0 (Windows NT 10.0; Win64; x64) AppleWebKit/537.36 (KHTML, like Gecko) Chrome/122.0.0.0 Safari/537.36","Origin":"https://pay.ds.163.com","Referer":"https://pay.ds.163.com/","GL-ClientType":"60","GL-DeviceId":"d6972664-c170-46f6-91f3-8079b501f7ef","GL-Uid":"ab3d60bdd8614464af937bc6c0be87cb","Accept-Encoding":"gzip, compress, deflate, br"}
[响应结果] {"httpStatus":404,"data":"<!DOCTYPE HTML PUBLIC \"-//W3C//DTD HTML 3.2 Final//EN\">\n<title>404 Not Found</title>\n<h1>Not Found</h1>\n<p>The requested URL was not found on the server. If you entered the URL manually please check your spelling and try again.</p>\n"}
============================================================
============================================================
[请求时间] 2026/7/31 11:36:39.048
[响应时间] 2026/7/31 11:36:39.111
[耗时] 63ms
[请求路径] https://inf.ds.163.com/v1/web/exp/xy/user/get-info
[请求方式] POST
[请求参数] {"query":null,"body":{}}
[请求头] {"Accept":"application/json, text/plain, */*","Content-Type":"application/json;charset=UTF-8","GL-X-XSRF-TOKEN":"96dca0c5-a0a8-42a3-aae7-ff273c8462e7","User-Agent":"Mozilla/5.0 (Windows NT 10.0; Win64; x64) AppleWebKit/537.36 (KHTML, like Gecko) Chrome/122.0.0.0 Safari/537.36","Origin":"https://pay.ds.163.com","Referer":"https://pay.ds.163.com/","GL-ClientType":"60","GL-DeviceId":"d6972664-c170-46f6-91f3-8079b501f7ef","GL-Uid":"ab3d60bdd8614464af937bc6c0be87cb","GL-CheckSum":"01bea09b7893e9959b40fa75e7f412c007e640fe","Content-Length":"2","Accept-Encoding":"gzip, compress, deflate, br"}
[响应结果] {"httpStatus":200,"data":{"result":{"growthPoint":392482,"currentLv":"V6","diffNextLvGrowthPoint":607518,"currentLvExpireDate":"20270626","currentLvExpire":1813939200000,"nextLv":"V7","activeGames":["l36"],"last365LoginGames":["l36"],"initDate":"20260626","lastLv":"V5"},"code":200,"errmsg":"OK"}}
============================================================
============================================================
[请求时间] 2026/7/31 11:36:39.112
[响应时间] 2026/7/31 11:36:39.179
[耗时] 67ms
[请求路径] https://inf.ds.163.com/v1/web/exp/week-coupon/showing-list-v2
[请求方式] POST
[请求参数] {"query":null,"body":{}}
[请求头] {"Accept":"application/json, text/plain, */*","Content-Type":"application/json;charset=UTF-8","GL-X-XSRF-TOKEN":"96dca0c5-a0a8-42a3-aae7-ff273c8462e7","User-Agent":"Mozilla/5.0 (Windows NT 10.0; Win64; x64) AppleWebKit/537.36 (KHTML, like Gecko) Chrome/122.0.0.0 Safari/537.36","Origin":"https://pay.ds.163.com","Referer":"https://pay.ds.163.com/","GL-ClientType":"60","GL-DeviceId":"d6972664-c170-46f6-91f3-8079b501f7ef","GL-Uid":"ab3d60bdd8614464af937bc6c0be87cb","GL-CheckSum":"01bea09b7893e9959b40fa75e7f412c007e640fe","Content-Length":"2","Accept-Encoding":"gzip, compress, deflate, br"}
[响应结果] {"httpStatus":200,"data":{"result":{"coupons":[{"couponId":"687076e69f3efd24cb2bed9c","name":"V1","amount":1,"xyLevel":"V1","seckillTime":"WEEKLY","periods":[{"weekDay":1,"seckillStartTime":1785124800000,"seckillEndTime":1785297599999,"status":"ENDED"},{"weekDay":3,"seckillStartTime":1785297600000,"seckillEndTime":1785470399999,"status":"PROGRESSING"},{"weekDay":5,"seckillStartTime":1785470400000,"seckillEndTime":1785729599999,"status":"NOT_STARTED"},{"weekDay":1,"seckillStartTime":1785729600000,"seckillEndTime":1785902399999,"status":"NOT_STARTED"},{"weekDay":3,"seckillStartTime":1785902400000,"seckillEndTime":1786075199999,"status":"NOT_STARTED"},{"weekDay":5,"seckillStartTime":1786075200000,"seckillEndTime":1785124799999,"status":"NOT_STARTED"}]},{"couponId":"68708657f56f912f57e063bf","name":"V2","amount":2,"xyLevel":"V2","seckillTime":"WEEKLY","periods":[{"weekDay":1,"seckillStartTime":1785124800000,"seckillEndTime":1785297599999,"status":"ENDED"},{"weekDay":3,"seckillStartTime":1785297600000,"seckillEndTime":1785470399999,"status":"PROGRESSING"},{"weekDay":5,"seckillStartTime":1785470400000,"seckillEndTime":1785729599999,"status":"NOT_STARTED"},{"weekDay":1,"seckillStartTime":1785729600000,"seckillEndTime":1785902399999,"status":"NOT_STARTED"},{"weekDay":3,"seckillStartTime":1785902400000,"seckillEndTime":1786075199999,"status":"NOT_STARTED"},{"weekDay":5,"seckillStartTime":1786075200000,"seckillEndTime":1785124799999,"status":"NOT_STARTED"}]},{"couponId":"6870867989fddd2bbdec96bc","name":"V3","amount":3,"xyLevel":"V3","seckillTime":"WEEKLY","periods":[{"weekDay":1,"seckillStartTime":1785124800000,"seckillEndTime":1785297599999,"status":"ENDED"},{"weekDay":3,"seckillStartTime":1785297600000,"seckillEndTime":1785470399999,"status":"PROGRESSING"},{"weekDay":5,"seckillStartTime":1785470400000,"seckillEndTime":1785729599999,"status":"NOT_STARTED"},{"weekDay":1,"seckillStartTime":1785729600000,"seckillEndTime":1785902399999,"status":"NOT_STARTED"},{"weekDay":3,"seckillStartTime":1785902400000,"seckillEndTime":1786075199999,"status":"NOT_STARTED"},{"weekDay":5,"seckillStartTime":1786075200000,"seckillEndTime":1785124799999,"status":"NOT_STARTED"}]},{"couponId":"6870869cf56f912f57e063c0","name":"V4","amount":8,"xyLevel":"V4","seckillTime":"WEEKLY","periods":[{"weekDay":1,"seckillStartTime":1785124800000,"seckillEndTime":1785297599999,"status":"ENDED"},{"weekDay":3,"seckillStartTime":1785297600000,"seckillEndTime":1785470399999,"status":"PROGRESSING"},{"weekDay":5,"seckillStartTime":1785470400000,"seckillEndTime":1785729599999,"status":"NOT_STARTED"},{"weekDay":1,"seckillStartTime":1785729600000,"seckillEndTime":1785902399999,"status":"NOT_STARTED"},{"weekDay":3,"seckillStartTime":1785902400000,"seckillEndTime":1786075199999,"status":"NOT_STARTED"},{"weekDay":5,"seckillStartTime":1786075200000,"seckillEndTime":1785124799999,"status":"NOT_STARTED"}]},{"couponId":"687086e33d0d02335c1804f4","name":"V5","amount":18,"xyLevel":"V5","seckillTime":"WEEKLY","periods":[{"weekDay":1,"seckillStartTime":1785124800000,"seckillEndTime":1785297599999,"status":"ENDED"},{"weekDay":3,"seckillStartTime":1785297600000,"seckillEndTime":1785470399999,"status":"PROGRESSING"},{"weekDay":5,"seckillStartTime":1785470400000,"seckillEndTime":1785729599999,"status":"NOT_STARTED"},{"weekDay":1,"seckillStartTime":1785729600000,"seckillEndTime":1785902399999,"status":"NOT_STARTED"},{"weekDay":3,"seckillStartTime":1785902400000,"seckillEndTime":1786075199999,"status":"NOT_STARTED"},{"weekDay":5,"seckillStartTime":1786075200000,"seckillEndTime":1785124799999,"status":"NOT_STARTED"}]},{"couponId":"68708705f56f912f57e063c3","name":"V6","amount":30,"xyLevel":"V6","seckillTime":"WEEKLY","periods":[{"weekDay":1,"seckillStartTime":1785124800000,"seckillEndTime":1785297599999,"status":"ENDED"},{"weekDay":3,"seckillStartTime":1785297600000,"seckillEndTime":1785470399999,"status":"PROGRESSING","acquiredStatus":"OUT_OF_STOCK","stockId":"68708705f56f912f57e063c3_WEEKLY_1785297600000","stockRemain":0},{"weekDay":5,"seckillStartTime":1785470400000,"seckillEndTime":1785729599999,"status":"NOT_STARTED"},{"weekDay":1,"seckillStartTime":1785729600000,"seckillEndTime":1785902399999,"status":"NOT_STARTED"},{"weekDay":3,"seckillStartTime":1785902400000,"seckillEndTime":1786075199999,"status":"NOT_STARTED"},{"weekDay":5,"seckillStartTime":1786075200000,"seckillEndTime":1785124799999,"status":"NOT_STARTED"}]},{"couponId":"6870872e89fddd2bbdec96bd","name":"V7","amount":75,"xyLevel":"V7","seckillTime":"WEEKLY","periods":[{"weekDay":1,"seckillStartTime":1785124800000,"seckillEndTime":1785297599999,"status":"ENDED"},{"weekDay":3,"seckillStartTime":1785297600000,"seckillEndTime":1785470399999,"status":"PROGRESSING"},{"weekDay":5,"seckillStartTime":1785470400000,"seckillEndTime":1785729599999,"status":"NOT_STARTED"},{"weekDay":1,"seckillStartTime":1785729600000,"seckillEndTime":1785902399999,"status":"NOT_STARTED"},{"weekDay":3,"seckillStartTime":1785902400000,"seckillEndTime":1786075199999,"status":"NOT_STARTED"},{"weekDay":5,"seckillStartTime":1786075200000,"seckillEndTime":1785124799999,"status":"NOT_STARTED"}]}]},"code":200,"errmsg":"OK"}}
============================================================
============================================================
[请求时间] 2026/7/31 11:36:39.484
[响应时间] 2026/7/31 11:36:39.541
[耗时] 57ms
[请求路径] https://inf.ds.163.com/v1/web/exp/week-coupon/showing-list-v2
[请求方式] POST
[请求参数] {"query":null,"body":{}}
[请求头] {"Accept":"application/json, text/plain, */*","Content-Type":"application/json;charset=UTF-8","GL-X-XSRF-TOKEN":"96dca0c5-a0a8-42a3-aae7-ff273c8462e7","User-Agent":"Mozilla/5.0 (Windows NT 10.0; Win64; x64) AppleWebKit/537.36 (KHTML, like Gecko) Chrome/122.0.0.0 Safari/537.36","Origin":"https://pay.ds.163.com","Referer":"https://pay.ds.163.com/","GL-ClientType":"60","GL-DeviceId":"d6972664-c170-46f6-91f3-8079b501f7ef","GL-Uid":"ab3d60bdd8614464af937bc6c0be87cb","GL-CheckSum":"01bea09b7893e9959b40fa75e7f412c007e640fe","Content-Length":"2","Accept-Encoding":"gzip, compress, deflate, br"}
[响应结果] {"httpStatus":200,"data":{"result":{"coupons":[{"couponId":"687076e69f3efd24cb2bed9c","name":"V1","amount":1,"xyLevel":"V1","seckillTime":"WEEKLY","periods":[{"weekDay":1,"seckillStartTime":1785124800000,"seckillEndTime":1785297599999,"status":"ENDED"},{"weekDay":3,"seckillStartTime":1785297600000,"seckillEndTime":1785470399999,"status":"PROGRESSING"},{"weekDay":5,"seckillStartTime":1785470400000,"seckillEndTime":1785729599999,"status":"NOT_STARTED"},{"weekDay":1,"seckillStartTime":1785729600000,"seckillEndTime":1785902399999,"status":"NOT_STARTED"},{"weekDay":3,"seckillStartTime":1785902400000,"seckillEndTime":1786075199999,"status":"NOT_STARTED"},{"weekDay":5,"seckillStartTime":1786075200000,"seckillEndTime":1785124799999,"status":"NOT_STARTED"}]},{"couponId":"68708657f56f912f57e063bf","name":"V2","amount":2,"xyLevel":"V2","seckillTime":"WEEKLY","periods":[{"weekDay":1,"seckillStartTime":1785124800000,"seckillEndTime":1785297599999,"status":"ENDED"},{"weekDay":3,"seckillStartTime":1785297600000,"seckillEndTime":1785470399999,"status":"PROGRESSING"},{"weekDay":5,"seckillStartTime":1785470400000,"seckillEndTime":1785729599999,"status":"NOT_STARTED"},{"weekDay":1,"seckillStartTime":1785729600000,"seckillEndTime":1785902399999,"status":"NOT_STARTED"},{"weekDay":3,"seckillStartTime":1785902400000,"seckillEndTime":1786075199999,"status":"NOT_STARTED"},{"weekDay":5,"seckillStartTime":1786075200000,"seckillEndTime":1785124799999,"status":"NOT_STARTED"}]},{"couponId":"6870867989fddd2bbdec96bc","name":"V3","amount":3,"xyLevel":"V3","seckillTime":"WEEKLY","periods":[{"weekDay":1,"seckillStartTime":1785124800000,"seckillEndTime":1785297599999,"status":"ENDED"},{"weekDay":3,"seckillStartTime":1785297600000,"seckillEndTime":1785470399999,"status":"PROGRESSING"},{"weekDay":5,"seckillStartTime":1785470400000,"seckillEndTime":1785729599999,"status":"NOT_STARTED"},{"weekDay":1,"seckillStartTime":1785729600000,"seckillEndTime":1785902399999,"status":"NOT_STARTED"},{"weekDay":3,"seckillStartTime":1785902400000,"seckillEndTime":1786075199999,"status":"NOT_STARTED"},{"weekDay":5,"seckillStartTime":1786075200000,"seckillEndTime":1785124799999,"status":"NOT_STARTED"}]},{"couponId":"6870869cf56f912f57e063c0","name":"V4","amount":8,"xyLevel":"V4","seckillTime":"WEEKLY","periods":[{"weekDay":1,"seckillStartTime":1785124800000,"seckillEndTime":1785297599999,"status":"ENDED"},{"weekDay":3,"seckillStartTime":1785297600000,"seckillEndTime":1785470399999,"status":"PROGRESSING"},{"weekDay":5,"seckillStartTime":1785470400000,"seckillEndTime":1785729599999,"status":"NOT_STARTED"},{"weekDay":1,"seckillStartTime":1785729600000,"seckillEndTime":1785902399999,"status":"NOT_STARTED"},{"weekDay":3,"seckillStartTime":1785902400000,"seckillEndTime":1786075199999,"status":"NOT_STARTED"},{"weekDay":5,"seckillStartTime":1786075200000,"seckillEndTime":1785124799999,"status":"NOT_STARTED"}]},{"couponId":"687086e33d0d02335c1804f4","name":"V5","amount":18,"xyLevel":"V5","seckillTime":"WEEKLY","periods":[{"weekDay":1,"seckillStartTime":1785124800000,"seckillEndTime":1785297599999,"status":"ENDED"},{"weekDay":3,"seckillStartTime":1785297600000,"seckillEndTime":1785470399999,"status":"PROGRESSING"},{"weekDay":5,"seckillStartTime":1785470400000,"seckillEndTime":1785729599999,"status":"NOT_STARTED"},{"weekDay":1,"seckillStartTime":1785729600000,"seckillEndTime":1785902399999,"status":"NOT_STARTED"},{"weekDay":3,"seckillStartTime":1785902400000,"seckillEndTime":1786075199999,"status":"NOT_STARTED"},{"weekDay":5,"seckillStartTime":1786075200000,"seckillEndTime":1785124799999,"status":"NOT_STARTED"}]},{"couponId":"68708705f56f912f57e063c3","name":"V6","amount":30,"xyLevel":"V6","seckillTime":"WEEKLY","periods":[{"weekDay":1,"seckillStartTime":1785124800000,"seckillEndTime":1785297599999,"status":"ENDED"},{"weekDay":3,"seckillStartTime":1785297600000,"seckillEndTime":1785470399999,"status":"PROGRESSING","acquiredStatus":"OUT_OF_STOCK","stockId":"68708705f56f912f57e063c3_WEEKLY_1785297600000","stockRemain":0},{"weekDay":5,"seckillStartTime":1785470400000,"seckillEndTime":1785729599999,"status":"NOT_STARTED"},{"weekDay":1,"seckillStartTime":1785729600000,"seckillEndTime":1785902399999,"status":"NOT_STARTED"},{"weekDay":3,"seckillStartTime":1785902400000,"seckillEndTime":1786075199999,"status":"NOT_STARTED"},{"weekDay":5,"seckillStartTime":1786075200000,"seckillEndTime":1785124799999,"status":"NOT_STARTED"}]},{"couponId":"6870872e89fddd2bbdec96bd","name":"V7","amount":75,"xyLevel":"V7","seckillTime":"WEEKLY","periods":[{"weekDay":1,"seckillStartTime":1785124800000,"seckillEndTime":1785297599999,"status":"ENDED"},{"weekDay":3,"seckillStartTime":1785297600000,"seckillEndTime":1785470399999,"status":"PROGRESSING"},{"weekDay":5,"seckillStartTime":1785470400000,"seckillEndTime":1785729599999,"status":"NOT_STARTED"},{"weekDay":1,"seckillStartTime":1785729600000,"seckillEndTime":1785902399999,"status":"NOT_STARTED"},{"weekDay":3,"seckillStartTime":1785902400000,"seckillEndTime":1786075199999,"status":"NOT_STARTED"},{"weekDay":5,"seckillStartTime":1786075200000,"seckillEndTime":1785124799999,"status":"NOT_STARTED"}]}]},"code":200,"errmsg":"OK"}}
============================================================
============================================================
[请求时间] 2026/7/31 11:36:39.542
[响应时间] 2026/7/31 11:36:39.684
[耗时] 142ms
[请求路径] https://pay-api.ds.163.com/v1/web/init/server/time
[请求方式] GET
[请求参数] {"query":null,"body":null}
[请求头] {"Accept":"application/json, text/plain, */*","Content-Type":"application/json;charset=UTF-8","GL-X-XSRF-TOKEN":"96dca0c5-a0a8-42a3-aae7-ff273c8462e7","User-Agent":"Mozilla/5.0 (Windows NT 10.0; Win64; x64) AppleWebKit/537.36 (KHTML, like Gecko) Chrome/122.0.0.0 Safari/537.36","Origin":"https://pay.ds.163.com","Referer":"https://pay.ds.163.com/","GL-ClientType":"60","GL-DeviceId":"d6972664-c170-46f6-91f3-8079b501f7ef","GL-Uid":"ab3d60bdd8614464af937bc6c0be87cb","Accept-Encoding":"gzip, compress, deflate, br"}
[响应结果] {"httpStatus":404,"data":"<!DOCTYPE HTML PUBLIC \"-//W3C//DTD HTML 3.2 Final//EN\">\n<title>404 Not Found</title>\n<h1>Not Found</h1>\n<p>The requested URL was not found on the server. If you entered the URL manually please check your spelling and try again.</p>\n"}
============================================================
============================================================
[请求时间] 2026/7/31 11:36:39.695
[响应时间] 2026/7/31 11:36:39.838
[耗时] 143ms
[请求路径] https://pay-api.ds.163.com/api/nlogin
[请求方式] GET
[请求参数] {"query":{},"body":null}
[请求头] {"Accept":"application/json, text/plain, */*","Content-Type":"application/json;charset=UTF-8","GL-X-XSRF-TOKEN":"96dca0c5-a0a8-42a3-aae7-ff273c8462e7","User-Agent":"Mozilla/5.0 (Windows NT 10.0; Win64; x64) AppleWebKit/537.36 (KHTML, like Gecko) Chrome/122.0.0.0 Safari/537.36","Origin":"https://pay.ds.163.com","Referer":"https://pay.ds.163.com/","GL-ClientType":"60","GL-DeviceId":"d6972664-c170-46f6-91f3-8079b501f7ef","GL-Uid":"ab3d60bdd8614464af937bc6c0be87cb","Accept-Encoding":"gzip, compress, deflate, br"}
[响应结果] {"httpStatus":200,"data":{"code":413,"msg":"登录失败"}}
============================================================
============================================================
[请求时间] 2026/7/31 11:47:06.104
[响应时间] 2026/7/31 11:47:06.328
[耗时] 224ms
[请求路径] https://pay-api.ds.163.com/v1/web/init/server/time
[请求方式] GET
[请求参数] {"query":null,"body":null}
[请求头] {"Accept":"application/json, text/plain, */*","Content-Type":"application/json;charset=UTF-8","User-Agent":"Mozilla/5.0 (Windows NT 10.0; Win64; x64) AppleWebKit/537.36 (KHTML, like Gecko) Chrome/122.0.0.0 Safari/537.36","Origin":"https://pay.ds.163.com","Referer":"https://pay.ds.163.com/","GL-ClientType":"60","GL-DeviceId":"d6972664-c170-46f6-91f3-8079b501f7ef","GL-Uid":"ab3d60bdd8614464af937bc6c0be87cb","GL-X-XSRF-TOKEN":"96dca0c5-a0a8-42a3-aae7-ff273c8462e7","Accept-Encoding":"gzip, compress, deflate, br"}
[响应结果] {"httpStatus":404,"data":"<!DOCTYPE HTML PUBLIC \"-//W3C//DTD HTML 3.2 Final//EN\">\n<title>404 Not Found</title>\n<h1>Not Found</h1>\n<p>The requested URL was not found on the server. If you entered the URL manually please check your spelling and try again.</p>\n"}
============================================================
============================================================
[请求时间] 2026/7/31 11:47:06.328
[响应时间] 2026/7/31 11:47:06.471
[耗时] 143ms
[请求路径] https://pay-api.ds.163.com/api/nlogin
[请求方式] GET
[请求参数] {"query":{},"body":null}
[请求头] {"Accept":"application/json, text/plain, */*","Content-Type":"application/json;charset=UTF-8","GL-X-XSRF-TOKEN":"96dca0c5-a0a8-42a3-aae7-ff273c8462e7","User-Agent":"Mozilla/5.0 (Windows NT 10.0; Win64; x64) AppleWebKit/537.36 (KHTML, like Gecko) Chrome/122.0.0.0 Safari/537.36","Origin":"https://pay.ds.163.com","Referer":"https://pay.ds.163.com/","GL-ClientType":"60","GL-DeviceId":"d6972664-c170-46f6-91f3-8079b501f7ef","GL-Uid":"ab3d60bdd8614464af937bc6c0be87cb","Accept-Encoding":"gzip, compress, deflate, br"}
[响应结果] {"httpStatus":200,"data":{"code":413,"msg":"登录失败"}}
============================================================
============================================================
[请求时间] 2026/7/31 11:47:06.472
[响应时间] 2026/7/31 11:47:06.609
[耗时] 137ms
[请求路径] https://inf.ds.163.com/v1/web/cooperate/plutus/cookie-exchange
[请求方式] GET
[请求参数] {"query":null,"body":null}
[请求头] {"Accept":"application/json, text/plain, */*","Content-Type":"application/json;charset=UTF-8","GL-X-XSRF-TOKEN":"96dca0c5-a0a8-42a3-aae7-ff273c8462e7","User-Agent":"Mozilla/5.0 (Windows NT 10.0; Win64; x64) AppleWebKit/537.36 (KHTML, like Gecko) Chrome/122.0.0.0 Safari/537.36","Origin":"https://pay.ds.163.com","Referer":"https://pay.ds.163.com/","GL-ClientType":"60","GL-DeviceId":"d6972664-c170-46f6-91f3-8079b501f7ef","GL-Uid":"ab3d60bdd8614464af937bc6c0be87cb","Accept-Encoding":"gzip, compress, deflate, br"}
[响应结果] {"httpStatus":200,"data":{"result":{"user":{"uid":"ab3d60bdd8614464af937bc6c0be87cb","nick":"lnl922","icon":"https://ok.166.net/reunionpub/3_20251102_19a403f87b2484815.jpeg","intro":"","gender":1,"frame":"64b92f13db5e2e0001e826b5","updateTime":1779774174407,"userSourceType":"URS"},"newUser":false},"code":200,"errmsg":"OK"}}
============================================================
============================================================
[请求时间] 2026/7/31 11:47:06.609
[响应时间] 2026/7/31 11:47:06.754
[耗时] 145ms
[请求路径] https://pay-api.ds.163.com/v1/web/init/server/time
[请求方式] GET
[请求参数] {"query":null,"body":null}
[请求头] {"Accept":"application/json, text/plain, */*","Content-Type":"application/json;charset=UTF-8","GL-X-XSRF-TOKEN":"96dca0c5-a0a8-42a3-aae7-ff273c8462e7","User-Agent":"Mozilla/5.0 (Windows NT 10.0; Win64; x64) AppleWebKit/537.36 (KHTML, like Gecko) Chrome/122.0.0.0 Safari/537.36","Origin":"https://pay.ds.163.com","Referer":"https://pay.ds.163.com/","GL-ClientType":"60","GL-DeviceId":"d6972664-c170-46f6-91f3-8079b501f7ef","GL-Uid":"ab3d60bdd8614464af937bc6c0be87cb","Accept-Encoding":"gzip, compress, deflate, br"}
[响应结果] {"httpStatus":404,"data":"<!DOCTYPE HTML PUBLIC \"-//W3C//DTD HTML 3.2 Final//EN\">\n<title>404 Not Found</title>\n<h1>Not Found</h1>\n<p>The requested URL was not found on the server. If you entered the URL manually please check your spelling and try again.</p>\n"}
============================================================
============================================================
[请求时间] 2026/7/31 11:47:06.755
[响应时间] 2026/7/31 11:47:06.880
[耗时] 125ms
[请求路径] https://inf.ds.163.com/v1/web/exp/xy/user/get-info
[请求方式] POST
[请求参数] {"query":null,"body":{}}
[请求头] {"Accept":"application/json, text/plain, */*","Content-Type":"application/json;charset=UTF-8","GL-X-XSRF-TOKEN":"96dca0c5-a0a8-42a3-aae7-ff273c8462e7","User-Agent":"Mozilla/5.0 (Windows NT 10.0; Win64; x64) AppleWebKit/537.36 (KHTML, like Gecko) Chrome/122.0.0.0 Safari/537.36","Origin":"https://pay.ds.163.com","Referer":"https://pay.ds.163.com/","GL-ClientType":"60","GL-DeviceId":"d6972664-c170-46f6-91f3-8079b501f7ef","GL-Uid":"ab3d60bdd8614464af937bc6c0be87cb","GL-CheckSum":"01bea09b7893e9959b40fa75e7f412c007e640fe","Content-Length":"2","Accept-Encoding":"gzip, compress, deflate, br"}
[响应结果] {"httpStatus":200,"data":{"result":{"growthPoint":392482,"currentLv":"V6","diffNextLvGrowthPoint":607518,"currentLvExpireDate":"20270626","currentLvExpire":1813939200000,"nextLv":"V7","activeGames":["l36"],"last365LoginGames":["l36"],"initDate":"20260626","lastLv":"V5"},"code":200,"errmsg":"OK"}}
============================================================
============================================================
[请求时间] 2026/7/31 11:47:06.880
[响应时间] 2026/7/31 11:47:06.957
[耗时] 77ms
[请求路径] https://inf.ds.163.com/v1/web/exp/week-coupon/showing-list-v2
[请求方式] POST
[请求参数] {"query":null,"body":{}}
[请求头] {"Accept":"application/json, text/plain, */*","Content-Type":"application/json;charset=UTF-8","GL-X-XSRF-TOKEN":"96dca0c5-a0a8-42a3-aae7-ff273c8462e7","User-Agent":"Mozilla/5.0 (Windows NT 10.0; Win64; x64) AppleWebKit/537.36 (KHTML, like Gecko) Chrome/122.0.0.0 Safari/537.36","Origin":"https://pay.ds.163.com","Referer":"https://pay.ds.163.com/","GL-ClientType":"60","GL-DeviceId":"d6972664-c170-46f6-91f3-8079b501f7ef","GL-Uid":"ab3d60bdd8614464af937bc6c0be87cb","GL-CheckSum":"01bea09b7893e9959b40fa75e7f412c007e640fe","Content-Length":"2","Accept-Encoding":"gzip, compress, deflate, br"}
[响应结果] {"httpStatus":200,"data":{"result":{"coupons":[{"couponId":"687076e69f3efd24cb2bed9c","name":"V1","amount":1,"xyLevel":"V1","seckillTime":"WEEKLY","periods":[{"weekDay":1,"seckillStartTime":1785124800000,"seckillEndTime":1785297599999,"status":"ENDED"},{"weekDay":3,"seckillStartTime":1785297600000,"seckillEndTime":1785470399999,"status":"PROGRESSING"},{"weekDay":5,"seckillStartTime":1785470400000,"seckillEndTime":1785729599999,"status":"NOT_STARTED"},{"weekDay":1,"seckillStartTime":1785729600000,"seckillEndTime":1785902399999,"status":"NOT_STARTED"},{"weekDay":3,"seckillStartTime":1785902400000,"seckillEndTime":1786075199999,"status":"NOT_STARTED"},{"weekDay":5,"seckillStartTime":1786075200000,"seckillEndTime":1785124799999,"status":"NOT_STARTED"}]},{"couponId":"68708657f56f912f57e063bf","name":"V2","amount":2,"xyLevel":"V2","seckillTime":"WEEKLY","periods":[{"weekDay":1,"seckillStartTime":1785124800000,"seckillEndTime":1785297599999,"status":"ENDED"},{"weekDay":3,"seckillStartTime":1785297600000,"seckillEndTime":1785470399999,"status":"PROGRESSING"},{"weekDay":5,"seckillStartTime":1785470400000,"seckillEndTime":1785729599999,"status":"NOT_STARTED"},{"weekDay":1,"seckillStartTime":1785729600000,"seckillEndTime":1785902399999,"status":"NOT_STARTED"},{"weekDay":3,"seckillStartTime":1785902400000,"seckillEndTime":1786075199999,"status":"NOT_STARTED"},{"weekDay":5,"seckillStartTime":1786075200000,"seckillEndTime":1785124799999,"status":"NOT_STARTED"}]},{"couponId":"6870867989fddd2bbdec96bc","name":"V3","amount":3,"xyLevel":"V3","seckillTime":"WEEKLY","periods":[{"weekDay":1,"seckillStartTime":1785124800000,"seckillEndTime":1785297599999,"status":"ENDED"},{"weekDay":3,"seckillStartTime":1785297600000,"seckillEndTime":1785470399999,"status":"PROGRESSING"},{"weekDay":5,"seckillStartTime":1785470400000,"seckillEndTime":1785729599999,"status":"NOT_STARTED"},{"weekDay":1,"seckillStartTime":1785729600000,"seckillEndTime":1785902399999,"status":"NOT_STARTED"},{"weekDay":3,"seckillStartTime":1785902400000,"seckillEndTime":1786075199999,"status":"NOT_STARTED"},{"weekDay":5,"seckillStartTime":1786075200000,"seckillEndTime":1785124799999,"status":"NOT_STARTED"}]},{"couponId":"6870869cf56f912f57e063c0","name":"V4","amount":8,"xyLevel":"V4","seckillTime":"WEEKLY","periods":[{"weekDay":1,"seckillStartTime":1785124800000,"seckillEndTime":1785297599999,"status":"ENDED"},{"weekDay":3,"seckillStartTime":1785297600000,"seckillEndTime":1785470399999,"status":"PROGRESSING"},{"weekDay":5,"seckillStartTime":1785470400000,"seckillEndTime":1785729599999,"status":"NOT_STARTED"},{"weekDay":1,"seckillStartTime":1785729600000,"seckillEndTime":1785902399999,"status":"NOT_STARTED"},{"weekDay":3,"seckillStartTime":1785902400000,"seckillEndTime":1786075199999,"status":"NOT_STARTED"},{"weekDay":5,"seckillStartTime":1786075200000,"seckillEndTime":1785124799999,"status":"NOT_STARTED"}]},{"couponId":"687086e33d0d02335c1804f4","name":"V5","amount":18,"xyLevel":"V5","seckillTime":"WEEKLY","periods":[{"weekDay":1,"seckillStartTime":1785124800000,"seckillEndTime":1785297599999,"status":"ENDED"},{"weekDay":3,"seckillStartTime":1785297600000,"seckillEndTime":1785470399999,"status":"PROGRESSING"},{"weekDay":5,"seckillStartTime":1785470400000,"seckillEndTime":1785729599999,"status":"NOT_STARTED"},{"weekDay":1,"seckillStartTime":1785729600000,"seckillEndTime":1785902399999,"status":"NOT_STARTED"},{"weekDay":3,"seckillStartTime":1785902400000,"seckillEndTime":1786075199999,"status":"NOT_STARTED"},{"weekDay":5,"seckillStartTime":1786075200000,"seckillEndTime":1785124799999,"status":"NOT_STARTED"}]},{"couponId":"68708705f56f912f57e063c3","name":"V6","amount":30,"xyLevel":"V6","seckillTime":"WEEKLY","periods":[{"weekDay":1,"seckillStartTime":1785124800000,"seckillEndTime":1785297599999,"status":"ENDED"},{"weekDay":3,"seckillStartTime":1785297600000,"seckillEndTime":1785470399999,"status":"PROGRESSING","acquiredStatus":"OUT_OF_STOCK","stockId":"68708705f56f912f57e063c3_WEEKLY_1785297600000","stockRemain":0},{"weekDay":5,"seckillStartTime":1785470400000,"seckillEndTime":1785729599999,"status":"NOT_STARTED"},{"weekDay":1,"seckillStartTime":1785729600000,"seckillEndTime":1785902399999,"status":"NOT_STARTED"},{"weekDay":3,"seckillStartTime":1785902400000,"seckillEndTime":1786075199999,"status":"NOT_STARTED"},{"weekDay":5,"seckillStartTime":1786075200000,"seckillEndTime":1785124799999,"status":"NOT_STARTED"}]},{"couponId":"6870872e89fddd2bbdec96bd","name":"V7","amount":75,"xyLevel":"V7","seckillTime":"WEEKLY","periods":[{"weekDay":1,"seckillStartTime":1785124800000,"seckillEndTime":1785297599999,"status":"ENDED"},{"weekDay":3,"seckillStartTime":1785297600000,"seckillEndTime":1785470399999,"status":"PROGRESSING"},{"weekDay":5,"seckillStartTime":1785470400000,"seckillEndTime":1785729599999,"status":"NOT_STARTED"},{"weekDay":1,"seckillStartTime":1785729600000,"seckillEndTime":1785902399999,"status":"NOT_STARTED"},{"weekDay":3,"seckillStartTime":1785902400000,"seckillEndTime":1786075199999,"status":"NOT_STARTED"},{"weekDay":5,"seckillStartTime":1786075200000,"seckillEndTime":1785124799999,"status":"NOT_STARTED"}]}]},"code":200,"errmsg":"OK"}}
============================================================
============================================================
[请求时间] 2026/7/31 11:47:07.291
[响应时间] 2026/7/31 11:47:07.362
[耗时] 71ms
[请求路径] https://inf.ds.163.com/v1/web/exp/week-coupon/showing-list-v2
[请求方式] POST
[请求参数] {"query":null,"body":{}}
[请求头] {"Accept":"application/json, text/plain, */*","Content-Type":"application/json;charset=UTF-8","GL-X-XSRF-TOKEN":"96dca0c5-a0a8-42a3-aae7-ff273c8462e7","User-Agent":"Mozilla/5.0 (Windows NT 10.0; Win64; x64) AppleWebKit/537.36 (KHTML, like Gecko) Chrome/122.0.0.0 Safari/537.36","Origin":"https://pay.ds.163.com","Referer":"https://pay.ds.163.com/","GL-ClientType":"60","GL-DeviceId":"d6972664-c170-46f6-91f3-8079b501f7ef","GL-Uid":"ab3d60bdd8614464af937bc6c0be87cb","GL-CheckSum":"01bea09b7893e9959b40fa75e7f412c007e640fe","Content-Length":"2","Accept-Encoding":"gzip, compress, deflate, br"}
[响应结果] {"httpStatus":200,"data":{"result":{"coupons":[{"couponId":"687076e69f3efd24cb2bed9c","name":"V1","amount":1,"xyLevel":"V1","seckillTime":"WEEKLY","periods":[{"weekDay":1,"seckillStartTime":1785124800000,"seckillEndTime":1785297599999,"status":"ENDED"},{"weekDay":3,"seckillStartTime":1785297600000,"seckillEndTime":1785470399999,"status":"PROGRESSING"},{"weekDay":5,"seckillStartTime":1785470400000,"seckillEndTime":1785729599999,"status":"NOT_STARTED"},{"weekDay":1,"seckillStartTime":1785729600000,"seckillEndTime":1785902399999,"status":"NOT_STARTED"},{"weekDay":3,"seckillStartTime":1785902400000,"seckillEndTime":1786075199999,"status":"NOT_STARTED"},{"weekDay":5,"seckillStartTime":1786075200000,"seckillEndTime":1785124799999,"status":"NOT_STARTED"}]},{"couponId":"68708657f56f912f57e063bf","name":"V2","amount":2,"xyLevel":"V2","seckillTime":"WEEKLY","periods":[{"weekDay":1,"seckillStartTime":1785124800000,"seckillEndTime":1785297599999,"status":"ENDED"},{"weekDay":3,"seckillStartTime":1785297600000,"seckillEndTime":1785470399999,"status":"PROGRESSING"},{"weekDay":5,"seckillStartTime":1785470400000,"seckillEndTime":1785729599999,"status":"NOT_STARTED"},{"weekDay":1,"seckillStartTime":1785729600000,"seckillEndTime":1785902399999,"status":"NOT_STARTED"},{"weekDay":3,"seckillStartTime":1785902400000,"seckillEndTime":1786075199999,"status":"NOT_STARTED"},{"weekDay":5,"seckillStartTime":1786075200000,"seckillEndTime":1785124799999,"status":"NOT_STARTED"}]},{"couponId":"6870867989fddd2bbdec96bc","name":"V3","amount":3,"xyLevel":"V3","seckillTime":"WEEKLY","periods":[{"weekDay":1,"seckillStartTime":1785124800000,"seckillEndTime":1785297599999,"status":"ENDED"},{"weekDay":3,"seckillStartTime":1785297600000,"seckillEndTime":1785470399999,"status":"PROGRESSING"},{"weekDay":5,"seckillStartTime":1785470400000,"seckillEndTime":1785729599999,"status":"NOT_STARTED"},{"weekDay":1,"seckillStartTime":1785729600000,"seckillEndTime":1785902399999,"status":"NOT_STARTED"},{"weekDay":3,"seckillStartTime":1785902400000,"seckillEndTime":1786075199999,"status":"NOT_STARTED"},{"weekDay":5,"seckillStartTime":1786075200000,"seckillEndTime":1785124799999,"status":"NOT_STARTED"}]},{"couponId":"6870869cf56f912f57e063c0","name":"V4","amount":8,"xyLevel":"V4","seckillTime":"WEEKLY","periods":[{"weekDay":1,"seckillStartTime":1785124800000,"seckillEndTime":1785297599999,"status":"ENDED"},{"weekDay":3,"seckillStartTime":1785297600000,"seckillEndTime":1785470399999,"status":"PROGRESSING"},{"weekDay":5,"seckillStartTime":1785470400000,"seckillEndTime":1785729599999,"status":"NOT_STARTED"},{"weekDay":1,"seckillStartTime":1785729600000,"seckillEndTime":1785902399999,"status":"NOT_STARTED"},{"weekDay":3,"seckillStartTime":1785902400000,"seckillEndTime":1786075199999,"status":"NOT_STARTED"},{"weekDay":5,"seckillStartTime":1786075200000,"seckillEndTime":1785124799999,"status":"NOT_STARTED"}]},{"couponId":"687086e33d0d02335c1804f4","name":"V5","amount":18,"xyLevel":"V5","seckillTime":"WEEKLY","periods":[{"weekDay":1,"seckillStartTime":1785124800000,"seckillEndTime":1785297599999,"status":"ENDED"},{"weekDay":3,"seckillStartTime":1785297600000,"seckillEndTime":1785470399999,"status":"PROGRESSING"},{"weekDay":5,"seckillStartTime":1785470400000,"seckillEndTime":1785729599999,"status":"NOT_STARTED"},{"weekDay":1,"seckillStartTime":1785729600000,"seckillEndTime":1785902399999,"status":"NOT_STARTED"},{"weekDay":3,"seckillStartTime":1785902400000,"seckillEndTime":1786075199999,"status":"NOT_STARTED"},{"weekDay":5,"seckillStartTime":1786075200000,"seckillEndTime":1785124799999,"status":"NOT_STARTED"}]},{"couponId":"68708705f56f912f57e063c3","name":"V6","amount":30,"xyLevel":"V6","seckillTime":"WEEKLY","periods":[{"weekDay":1,"seckillStartTime":1785124800000,"seckillEndTime":1785297599999,"status":"ENDED"},{"weekDay":3,"seckillStartTime":1785297600000,"seckillEndTime":1785470399999,"status":"PROGRESSING","acquiredStatus":"OUT_OF_STOCK","stockId":"68708705f56f912f57e063c3_WEEKLY_1785297600000","stockRemain":0},{"weekDay":5,"seckillStartTime":1785470400000,"seckillEndTime":1785729599999,"status":"NOT_STARTED"},{"weekDay":1,"seckillStartTime":1785729600000,"seckillEndTime":1785902399999,"status":"NOT_STARTED"},{"weekDay":3,"seckillStartTime":1785902400000,"seckillEndTime":1786075199999,"status":"NOT_STARTED"},{"weekDay":5,"seckillStartTime":1786075200000,"seckillEndTime":1785124799999,"status":"NOT_STARTED"}]},{"couponId":"6870872e89fddd2bbdec96bd","name":"V7","amount":75,"xyLevel":"V7","seckillTime":"WEEKLY","periods":[{"weekDay":1,"seckillStartTime":1785124800000,"seckillEndTime":1785297599999,"status":"ENDED"},{"weekDay":3,"seckillStartTime":1785297600000,"seckillEndTime":1785470399999,"status":"PROGRESSING"},{"weekDay":5,"seckillStartTime":1785470400000,"seckillEndTime":1785729599999,"status":"NOT_STARTED"},{"weekDay":1,"seckillStartTime":1785729600000,"seckillEndTime":1785902399999,"status":"NOT_STARTED"},{"weekDay":3,"seckillStartTime":1785902400000,"seckillEndTime":1786075199999,"status":"NOT_STARTED"},{"weekDay":5,"seckillStartTime":1786075200000,"seckillEndTime":1785124799999,"status":"NOT_STARTED"}]}]},"code":200,"errmsg":"OK"}}
============================================================
============================================================
[请求时间] 2026/7/31 11:47:07.363
[响应时间] 2026/7/31 11:47:07.504
[耗时] 141ms
[请求路径] https://pay-api.ds.163.com/v1/web/init/server/time
[请求方式] GET
[请求参数] {"query":null,"body":null}
[请求头] {"Accept":"application/json, text/plain, */*","Content-Type":"application/json;charset=UTF-8","GL-X-XSRF-TOKEN":"96dca0c5-a0a8-42a3-aae7-ff273c8462e7","User-Agent":"Mozilla/5.0 (Windows NT 10.0; Win64; x64) AppleWebKit/537.36 (KHTML, like Gecko) Chrome/122.0.0.0 Safari/537.36","Origin":"https://pay.ds.163.com","Referer":"https://pay.ds.163.com/","GL-ClientType":"60","GL-DeviceId":"d6972664-c170-46f6-91f3-8079b501f7ef","GL-Uid":"ab3d60bdd8614464af937bc6c0be87cb","Accept-Encoding":"gzip, compress, deflate, br"}
[响应结果] {"httpStatus":404,"data":"<!DOCTYPE HTML PUBLIC \"-//W3C//DTD HTML 3.2 Final//EN\">\n<title>404 Not Found</title>\n<h1>Not Found</h1>\n<p>The requested URL was not found on the server. If you entered the URL manually please check your spelling and try again.</p>\n"}
============================================================
============================================================
[请求时间] 2026/7/31 11:47:07.505
[响应时间] 2026/7/31 11:47:07.644
[耗时] 139ms
[请求路径] https://pay-api.ds.163.com/api/nlogin
[请求方式] GET
[请求参数] {"query":{},"body":null}
[请求头] {"Accept":"application/json, text/plain, */*","Content-Type":"application/json;charset=UTF-8","GL-X-XSRF-TOKEN":"96dca0c5-a0a8-42a3-aae7-ff273c8462e7","User-Agent":"Mozilla/5.0 (Windows NT 10.0; Win64; x64) AppleWebKit/537.36 (KHTML, like Gecko) Chrome/122.0.0.0 Safari/537.36","Origin":"https://pay.ds.163.com","Referer":"https://pay.ds.163.com/","GL-ClientType":"60","GL-DeviceId":"d6972664-c170-46f6-91f3-8079b501f7ef","GL-Uid":"ab3d60bdd8614464af937bc6c0be87cb","Accept-Encoding":"gzip, compress, deflate, br"}
[响应结果] {"httpStatus":200,"data":{"code":413,"msg":"登录失败"}}
============================================================
============================================================
[请求时间] 2026/7/31 11:53:42.292
[响应时间] 2026/7/31 11:53:42.462
[耗时] 170ms
[请求路径] https://pay-api.ds.163.com/v1/web/init/server/time
[请求方式] GET
[请求参数] {"query":null,"body":null}
[请求头] {"Accept":"application/json, text/plain, */*","Content-Type":"application/json;charset=UTF-8","User-Agent":"Mozilla/5.0 (Windows NT 10.0; Win64; x64) AppleWebKit/537.36 (KHTML, like Gecko) Chrome/122.0.0.0 Safari/537.36","Origin":"https://pay.ds.163.com","Referer":"https://pay.ds.163.com/","GL-ClientType":"60","GL-DeviceId":"d6972664-c170-46f6-91f3-8079b501f7ef","GL-Uid":"ab3d60bdd8614464af937bc6c0be87cb","GL-X-XSRF-TOKEN":"96dca0c5-a0a8-42a3-aae7-ff273c8462e7","Accept-Encoding":"gzip, compress, deflate, br"}
[响应结果] {"httpStatus":404,"data":"<!DOCTYPE HTML PUBLIC \"-//W3C//DTD HTML 3.2 Final//EN\">\n<title>404 Not Found</title>\n<h1>Not Found</h1>\n<p>The requested URL was not found on the server. If you entered the URL manually please check your spelling and try again.</p>\n"}
============================================================
============================================================
[请求时间] 2026/7/31 11:53:42.462
[响应时间] 2026/7/31 11:53:42.594
[耗时] 132ms
[请求路径] https://pay-api.ds.163.com/api/nlogin
[请求方式] GET
[请求参数] {"query":{},"body":null}
[请求头] {"Accept":"application/json, text/plain, */*","Content-Type":"application/json;charset=UTF-8","GL-X-XSRF-TOKEN":"96dca0c5-a0a8-42a3-aae7-ff273c8462e7","User-Agent":"Mozilla/5.0 (Windows NT 10.0; Win64; x64) AppleWebKit/537.36 (KHTML, like Gecko) Chrome/122.0.0.0 Safari/537.36","Origin":"https://pay.ds.163.com","Referer":"https://pay.ds.163.com/","GL-ClientType":"60","GL-DeviceId":"d6972664-c170-46f6-91f3-8079b501f7ef","GL-Uid":"ab3d60bdd8614464af937bc6c0be87cb","Accept-Encoding":"gzip, compress, deflate, br"}
[响应结果] {"httpStatus":200,"data":{"code":413,"msg":"登录失败"}}
============================================================
============================================================
[请求时间] 2026/7/31 11:53:42.594
[响应时间] 2026/7/31 11:53:42.745
[耗时] 151ms
[请求路径] https://inf.ds.163.com/v1/web/cooperate/plutus/cookie-exchange
[请求方式] GET
[请求参数] {"query":null,"body":null}
[请求头] {"Accept":"application/json, text/plain, */*","Content-Type":"application/json;charset=UTF-8","GL-X-XSRF-TOKEN":"96dca0c5-a0a8-42a3-aae7-ff273c8462e7","User-Agent":"Mozilla/5.0 (Windows NT 10.0; Win64; x64) AppleWebKit/537.36 (KHTML, like Gecko) Chrome/122.0.0.0 Safari/537.36","Origin":"https://pay.ds.163.com","Referer":"https://pay.ds.163.com/","GL-ClientType":"60","GL-DeviceId":"d6972664-c170-46f6-91f3-8079b501f7ef","GL-Uid":"ab3d60bdd8614464af937bc6c0be87cb","Accept-Encoding":"gzip, compress, deflate, br"}
[响应结果] {"httpStatus":200,"data":{"result":{"user":{"uid":"ab3d60bdd8614464af937bc6c0be87cb","nick":"lnl922","icon":"https://ok.166.net/reunionpub/3_20251102_19a403f87b2484815.jpeg","intro":"","gender":1,"frame":"64b92f13db5e2e0001e826b5","updateTime":1779774174407,"userSourceType":"URS"},"newUser":false},"code":200,"errmsg":"OK"}}
============================================================
============================================================
[请求时间] 2026/7/31 11:53:42.745
[响应时间] 2026/7/31 11:53:42.877
[耗时] 132ms
[请求路径] https://pay-api.ds.163.com/v1/web/init/server/time
[请求方式] GET
[请求参数] {"query":null,"body":null}
[请求头] {"Accept":"application/json, text/plain, */*","Content-Type":"application/json;charset=UTF-8","GL-X-XSRF-TOKEN":"96dca0c5-a0a8-42a3-aae7-ff273c8462e7","User-Agent":"Mozilla/5.0 (Windows NT 10.0; Win64; x64) AppleWebKit/537.36 (KHTML, like Gecko) Chrome/122.0.0.0 Safari/537.36","Origin":"https://pay.ds.163.com","Referer":"https://pay.ds.163.com/","GL-ClientType":"60","GL-DeviceId":"d6972664-c170-46f6-91f3-8079b501f7ef","GL-Uid":"ab3d60bdd8614464af937bc6c0be87cb","Accept-Encoding":"gzip, compress, deflate, br"}
[响应结果] {"httpStatus":404,"data":"<!DOCTYPE HTML PUBLIC \"-//W3C//DTD HTML 3.2 Final//EN\">\n<title>404 Not Found</title>\n<h1>Not Found</h1>\n<p>The requested URL was not found on the server. If you entered the URL manually please check your spelling and try again.</p>\n"}
============================================================
============================================================
[请求时间] 2026/7/31 11:53:42.878
[响应时间] 2026/7/31 11:53:42.977
[耗时] 99ms
[请求路径] https://inf.ds.163.com/v1/web/exp/xy/user/get-info
[请求方式] POST
[请求参数] {"query":null,"body":{}}
[请求头] {"Accept":"application/json, text/plain, */*","Content-Type":"application/json;charset=UTF-8","GL-X-XSRF-TOKEN":"96dca0c5-a0a8-42a3-aae7-ff273c8462e7","User-Agent":"Mozilla/5.0 (Windows NT 10.0; Win64; x64) AppleWebKit/537.36 (KHTML, like Gecko) Chrome/122.0.0.0 Safari/537.36","Origin":"https://pay.ds.163.com","Referer":"https://pay.ds.163.com/","GL-ClientType":"60","GL-DeviceId":"d6972664-c170-46f6-91f3-8079b501f7ef","GL-Uid":"ab3d60bdd8614464af937bc6c0be87cb","GL-CheckSum":"01bea09b7893e9959b40fa75e7f412c007e640fe","Content-Length":"2","Accept-Encoding":"gzip, compress, deflate, br"}
[响应结果] {"httpStatus":200,"data":{"result":{"growthPoint":392482,"currentLv":"V6","diffNextLvGrowthPoint":607518,"currentLvExpireDate":"20270626","currentLvExpire":1813939200000,"nextLv":"V7","activeGames":["l36"],"last365LoginGames":["l36"],"initDate":"20260626","lastLv":"V5"},"code":200,"errmsg":"OK"}}
============================================================
============================================================
[请求时间] 2026/7/31 11:53:42.977
[响应时间] 2026/7/31 11:53:43.029
[耗时] 52ms
[请求路径] https://inf.ds.163.com/v1/web/exp/week-coupon/showing-list-v2
[请求方式] POST
[请求参数] {"query":null,"body":{}}
[请求头] {"Accept":"application/json, text/plain, */*","Content-Type":"application/json;charset=UTF-8","GL-X-XSRF-TOKEN":"96dca0c5-a0a8-42a3-aae7-ff273c8462e7","User-Agent":"Mozilla/5.0 (Windows NT 10.0; Win64; x64) AppleWebKit/537.36 (KHTML, like Gecko) Chrome/122.0.0.0 Safari/537.36","Origin":"https://pay.ds.163.com","Referer":"https://pay.ds.163.com/","GL-ClientType":"60","GL-DeviceId":"d6972664-c170-46f6-91f3-8079b501f7ef","GL-Uid":"ab3d60bdd8614464af937bc6c0be87cb","GL-CheckSum":"01bea09b7893e9959b40fa75e7f412c007e640fe","Content-Length":"2","Accept-Encoding":"gzip, compress, deflate, br"}
[响应结果] {"httpStatus":200,"data":{"result":{"coupons":[{"couponId":"687076e69f3efd24cb2bed9c","name":"V1","amount":1,"xyLevel":"V1","seckillTime":"WEEKLY","periods":[{"weekDay":1,"seckillStartTime":1785124800000,"seckillEndTime":1785297599999,"status":"ENDED"},{"weekDay":3,"seckillStartTime":1785297600000,"seckillEndTime":1785470399999,"status":"PROGRESSING"},{"weekDay":5,"seckillStartTime":1785470400000,"seckillEndTime":1785729599999,"status":"NOT_STARTED"},{"weekDay":1,"seckillStartTime":1785729600000,"seckillEndTime":1785902399999,"status":"NOT_STARTED"},{"weekDay":3,"seckillStartTime":1785902400000,"seckillEndTime":1786075199999,"status":"NOT_STARTED"},{"weekDay":5,"seckillStartTime":1786075200000,"seckillEndTime":1785124799999,"status":"NOT_STARTED"}]},{"couponId":"68708657f56f912f57e063bf","name":"V2","amount":2,"xyLevel":"V2","seckillTime":"WEEKLY","periods":[{"weekDay":1,"seckillStartTime":1785124800000,"seckillEndTime":1785297599999,"status":"ENDED"},{"weekDay":3,"seckillStartTime":1785297600000,"seckillEndTime":1785470399999,"status":"PROGRESSING"},{"weekDay":5,"seckillStartTime":1785470400000,"seckillEndTime":1785729599999,"status":"NOT_STARTED"},{"weekDay":1,"seckillStartTime":1785729600000,"seckillEndTime":1785902399999,"status":"NOT_STARTED"},{"weekDay":3,"seckillStartTime":1785902400000,"seckillEndTime":1786075199999,"status":"NOT_STARTED"},{"weekDay":5,"seckillStartTime":1786075200000,"seckillEndTime":1785124799999,"status":"NOT_STARTED"}]},{"couponId":"6870867989fddd2bbdec96bc","name":"V3","amount":3,"xyLevel":"V3","seckillTime":"WEEKLY","periods":[{"weekDay":1,"seckillStartTime":1785124800000,"seckillEndTime":1785297599999,"status":"ENDED"},{"weekDay":3,"seckillStartTime":1785297600000,"seckillEndTime":1785470399999,"status":"PROGRESSING"},{"weekDay":5,"seckillStartTime":1785470400000,"seckillEndTime":1785729599999,"status":"NOT_STARTED"},{"weekDay":1,"seckillStartTime":1785729600000,"seckillEndTime":1785902399999,"status":"NOT_STARTED"},{"weekDay":3,"seckillStartTime":1785902400000,"seckillEndTime":1786075199999,"status":"NOT_STARTED"},{"weekDay":5,"seckillStartTime":1786075200000,"seckillEndTime":1785124799999,"status":"NOT_STARTED"}]},{"couponId":"6870869cf56f912f57e063c0","name":"V4","amount":8,"xyLevel":"V4","seckillTime":"WEEKLY","periods":[{"weekDay":1,"seckillStartTime":1785124800000,"seckillEndTime":1785297599999,"status":"ENDED"},{"weekDay":3,"seckillStartTime":1785297600000,"seckillEndTime":1785470399999,"status":"PROGRESSING"},{"weekDay":5,"seckillStartTime":1785470400000,"seckillEndTime":1785729599999,"status":"NOT_STARTED"},{"weekDay":1,"seckillStartTime":1785729600000,"seckillEndTime":1785902399999,"status":"NOT_STARTED"},{"weekDay":3,"seckillStartTime":1785902400000,"seckillEndTime":1786075199999,"status":"NOT_STARTED"},{"weekDay":5,"seckillStartTime":1786075200000,"seckillEndTime":1785124799999,"status":"NOT_STARTED"}]},{"couponId":"687086e33d0d02335c1804f4","name":"V5","amount":18,"xyLevel":"V5","seckillTime":"WEEKLY","periods":[{"weekDay":1,"seckillStartTime":1785124800000,"seckillEndTime":1785297599999,"status":"ENDED"},{"weekDay":3,"seckillStartTime":1785297600000,"seckillEndTime":1785470399999,"status":"PROGRESSING"},{"weekDay":5,"seckillStartTime":1785470400000,"seckillEndTime":1785729599999,"status":"NOT_STARTED"},{"weekDay":1,"seckillStartTime":1785729600000,"seckillEndTime":1785902399999,"status":"NOT_STARTED"},{"weekDay":3,"seckillStartTime":1785902400000,"seckillEndTime":1786075199999,"status":"NOT_STARTED"},{"weekDay":5,"seckillStartTime":1786075200000,"seckillEndTime":1785124799999,"status":"NOT_STARTED"}]},{"couponId":"68708705f56f912f57e063c3","name":"V6","amount":30,"xyLevel":"V6","seckillTime":"WEEKLY","periods":[{"weekDay":1,"seckillStartTime":1785124800000,"seckillEndTime":1785297599999,"status":"ENDED"},{"weekDay":3,"seckillStartTime":1785297600000,"seckillEndTime":1785470399999,"status":"PROGRESSING","acquiredStatus":"OUT_OF_STOCK","stockId":"68708705f56f912f57e063c3_WEEKLY_1785297600000","stockRemain":0},{"weekDay":5,"seckillStartTime":1785470400000,"seckillEndTime":1785729599999,"status":"NOT_STARTED"},{"weekDay":1,"seckillStartTime":1785729600000,"seckillEndTime":1785902399999,"status":"NOT_STARTED"},{"weekDay":3,"seckillStartTime":1785902400000,"seckillEndTime":1786075199999,"status":"NOT_STARTED"},{"weekDay":5,"seckillStartTime":1786075200000,"seckillEndTime":1785124799999,"status":"NOT_STARTED"}]},{"couponId":"6870872e89fddd2bbdec96bd","name":"V7","amount":75,"xyLevel":"V7","seckillTime":"WEEKLY","periods":[{"weekDay":1,"seckillStartTime":1785124800000,"seckillEndTime":1785297599999,"status":"ENDED"},{"weekDay":3,"seckillStartTime":1785297600000,"seckillEndTime":1785470399999,"status":"PROGRESSING"},{"weekDay":5,"seckillStartTime":1785470400000,"seckillEndTime":1785729599999,"status":"NOT_STARTED"},{"weekDay":1,"seckillStartTime":1785729600000,"seckillEndTime":1785902399999,"status":"NOT_STARTED"},{"weekDay":3,"seckillStartTime":1785902400000,"seckillEndTime":1786075199999,"status":"NOT_STARTED"},{"weekDay":5,"seckillStartTime":1786075200000,"seckillEndTime":1785124799999,"status":"NOT_STARTED"}]}]},"code":200,"errmsg":"OK"}}
============================================================
============================================================
[请求时间] 2026/7/31 11:53:43.384
[响应时间] 2026/7/31 11:53:43.455
[耗时] 71ms
[请求路径] https://inf.ds.163.com/v1/web/exp/week-coupon/showing-list-v2
[请求方式] POST
[请求参数] {"query":null,"body":{}}
[请求头] {"Accept":"application/json, text/plain, */*","Content-Type":"application/json;charset=UTF-8","GL-X-XSRF-TOKEN":"96dca0c5-a0a8-42a3-aae7-ff273c8462e7","User-Agent":"Mozilla/5.0 (Windows NT 10.0; Win64; x64) AppleWebKit/537.36 (KHTML, like Gecko) Chrome/122.0.0.0 Safari/537.36","Origin":"https://pay.ds.163.com","Referer":"https://pay.ds.163.com/","GL-ClientType":"60","GL-DeviceId":"d6972664-c170-46f6-91f3-8079b501f7ef","GL-Uid":"ab3d60bdd8614464af937bc6c0be87cb","GL-CheckSum":"01bea09b7893e9959b40fa75e7f412c007e640fe","Content-Length":"2","Accept-Encoding":"gzip, compress, deflate, br"}
[响应结果] {"httpStatus":200,"data":{"result":{"coupons":[{"couponId":"687076e69f3efd24cb2bed9c","name":"V1","amount":1,"xyLevel":"V1","seckillTime":"WEEKLY","periods":[{"weekDay":1,"seckillStartTime":1785124800000,"seckillEndTime":1785297599999,"status":"ENDED"},{"weekDay":3,"seckillStartTime":1785297600000,"seckillEndTime":1785470399999,"status":"PROGRESSING"},{"weekDay":5,"seckillStartTime":1785470400000,"seckillEndTime":1785729599999,"status":"NOT_STARTED"},{"weekDay":1,"seckillStartTime":1785729600000,"seckillEndTime":1785902399999,"status":"NOT_STARTED"},{"weekDay":3,"seckillStartTime":1785902400000,"seckillEndTime":1786075199999,"status":"NOT_STARTED"},{"weekDay":5,"seckillStartTime":1786075200000,"seckillEndTime":1785124799999,"status":"NOT_STARTED"}]},{"couponId":"68708657f56f912f57e063bf","name":"V2","amount":2,"xyLevel":"V2","seckillTime":"WEEKLY","periods":[{"weekDay":1,"seckillStartTime":1785124800000,"seckillEndTime":1785297599999,"status":"ENDED"},{"weekDay":3,"seckillStartTime":1785297600000,"seckillEndTime":1785470399999,"status":"PROGRESSING"},{"weekDay":5,"seckillStartTime":1785470400000,"seckillEndTime":1785729599999,"status":"NOT_STARTED"},{"weekDay":1,"seckillStartTime":1785729600000,"seckillEndTime":1785902399999,"status":"NOT_STARTED"},{"weekDay":3,"seckillStartTime":1785902400000,"seckillEndTime":1786075199999,"status":"NOT_STARTED"},{"weekDay":5,"seckillStartTime":1786075200000,"seckillEndTime":1785124799999,"status":"NOT_STARTED"}]},{"couponId":"6870867989fddd2bbdec96bc","name":"V3","amount":3,"xyLevel":"V3","seckillTime":"WEEKLY","periods":[{"weekDay":1,"seckillStartTime":1785124800000,"seckillEndTime":1785297599999,"status":"ENDED"},{"weekDay":3,"seckillStartTime":1785297600000,"seckillEndTime":1785470399999,"status":"PROGRESSING"},{"weekDay":5,"seckillStartTime":1785470400000,"seckillEndTime":1785729599999,"status":"NOT_STARTED"},{"weekDay":1,"seckillStartTime":1785729600000,"seckillEndTime":1785902399999,"status":"NOT_STARTED"},{"weekDay":3,"seckillStartTime":1785902400000,"seckillEndTime":1786075199999,"status":"NOT_STARTED"},{"weekDay":5,"seckillStartTime":1786075200000,"seckillEndTime":1785124799999,"status":"NOT_STARTED"}]},{"couponId":"6870869cf56f912f57e063c0","name":"V4","amount":8,"xyLevel":"V4","seckillTime":"WEEKLY","periods":[{"weekDay":1,"seckillStartTime":1785124800000,"seckillEndTime":1785297599999,"status":"ENDED"},{"weekDay":3,"seckillStartTime":1785297600000,"seckillEndTime":1785470399999,"status":"PROGRESSING"},{"weekDay":5,"seckillStartTime":1785470400000,"seckillEndTime":1785729599999,"status":"NOT_STARTED"},{"weekDay":1,"seckillStartTime":1785729600000,"seckillEndTime":1785902399999,"status":"NOT_STARTED"},{"weekDay":3,"seckillStartTime":1785902400000,"seckillEndTime":1786075199999,"status":"NOT_STARTED"},{"weekDay":5,"seckillStartTime":1786075200000,"seckillEndTime":1785124799999,"status":"NOT_STARTED"}]},{"couponId":"687086e33d0d02335c1804f4","name":"V5","amount":18,"xyLevel":"V5","seckillTime":"WEEKLY","periods":[{"weekDay":1,"seckillStartTime":1785124800000,"seckillEndTime":1785297599999,"status":"ENDED"},{"weekDay":3,"seckillStartTime":1785297600000,"seckillEndTime":1785470399999,"status":"PROGRESSING"},{"weekDay":5,"seckillStartTime":1785470400000,"seckillEndTime":1785729599999,"status":"NOT_STARTED"},{"weekDay":1,"seckillStartTime":1785729600000,"seckillEndTime":1785902399999,"status":"NOT_STARTED"},{"weekDay":3,"seckillStartTime":1785902400000,"seckillEndTime":1786075199999,"status":"NOT_STARTED"},{"weekDay":5,"seckillStartTime":1786075200000,"seckillEndTime":1785124799999,"status":"NOT_STARTED"}]},{"couponId":"68708705f56f912f57e063c3","name":"V6","amount":30,"xyLevel":"V6","seckillTime":"WEEKLY","periods":[{"weekDay":1,"seckillStartTime":1785124800000,"seckillEndTime":1785297599999,"status":"ENDED"},{"weekDay":3,"seckillStartTime":1785297600000,"seckillEndTime":1785470399999,"status":"PROGRESSING","acquiredStatus":"OUT_OF_STOCK","stockId":"68708705f56f912f57e063c3_WEEKLY_1785297600000","stockRemain":0},{"weekDay":5,"seckillStartTime":1785470400000,"seckillEndTime":1785729599999,"status":"NOT_STARTED"},{"weekDay":1,"seckillStartTime":1785729600000,"seckillEndTime":1785902399999,"status":"NOT_STARTED"},{"weekDay":3,"seckillStartTime":1785902400000,"seckillEndTime":1786075199999,"status":"NOT_STARTED"},{"weekDay":5,"seckillStartTime":1786075200000,"seckillEndTime":1785124799999,"status":"NOT_STARTED"}]},{"couponId":"6870872e89fddd2bbdec96bd","name":"V7","amount":75,"xyLevel":"V7","seckillTime":"WEEKLY","periods":[{"weekDay":1,"seckillStartTime":1785124800000,"seckillEndTime":1785297599999,"status":"ENDED"},{"weekDay":3,"seckillStartTime":1785297600000,"seckillEndTime":1785470399999,"status":"PROGRESSING"},{"weekDay":5,"seckillStartTime":1785470400000,"seckillEndTime":1785729599999,"status":"NOT_STARTED"},{"weekDay":1,"seckillStartTime":1785729600000,"seckillEndTime":1785902399999,"status":"NOT_STARTED"},{"weekDay":3,"seckillStartTime":1785902400000,"seckillEndTime":1786075199999,"status":"NOT_STARTED"},{"weekDay":5,"seckillStartTime":1786075200000,"seckillEndTime":1785124799999,"status":"NOT_STARTED"}]}]},"code":200,"errmsg":"OK"}}
============================================================
============================================================
[请求时间] 2026/7/31 11:53:43.455
[响应时间] 2026/7/31 11:53:43.610
[耗时] 155ms
[请求路径] https://pay-api.ds.163.com/v1/web/init/server/time
[请求方式] GET
[请求参数] {"query":null,"body":null}
[请求头] {"Accept":"application/json, text/plain, */*","Content-Type":"application/json;charset=UTF-8","GL-X-XSRF-TOKEN":"96dca0c5-a0a8-42a3-aae7-ff273c8462e7","User-Agent":"Mozilla/5.0 (Windows NT 10.0; Win64; x64) AppleWebKit/537.36 (KHTML, like Gecko) Chrome/122.0.0.0 Safari/537.36","Origin":"https://pay.ds.163.com","Referer":"https://pay.ds.163.com/","GL-ClientType":"60","GL-DeviceId":"d6972664-c170-46f6-91f3-8079b501f7ef","GL-Uid":"ab3d60bdd8614464af937bc6c0be87cb","Accept-Encoding":"gzip, compress, deflate, br"}
[响应结果] {"httpStatus":404,"data":"<!DOCTYPE HTML PUBLIC \"-//W3C//DTD HTML 3.2 Final//EN\">\n<title>404 Not Found</title>\n<h1>Not Found</h1>\n<p>The requested URL was not found on the server. If you entered the URL manually please check your spelling and try again.</p>\n"}
============================================================
============================================================
[请求时间] 2026/7/31 11:53:43.611
[响应时间] 2026/7/31 11:53:43.745
[耗时] 134ms
[请求路径] https://pay-api.ds.163.com/api/nlogin
[请求方式] GET
[请求参数] {"query":{},"body":null}
[请求头] {"Accept":"application/json, text/plain, */*","Content-Type":"application/json;charset=UTF-8","GL-X-XSRF-TOKEN":"96dca0c5-a0a8-42a3-aae7-ff273c8462e7","User-Agent":"Mozilla/5.0 (Windows NT 10.0; Win64; x64) AppleWebKit/537.36 (KHTML, like Gecko) Chrome/122.0.0.0 Safari/537.36","Origin":"https://pay.ds.163.com","Referer":"https://pay.ds.163.com/","GL-ClientType":"60","GL-DeviceId":"d6972664-c170-46f6-91f3-8079b501f7ef","GL-Uid":"ab3d60bdd8614464af937bc6c0be87cb","Accept-Encoding":"gzip, compress, deflate, br"}
[响应结果] {"httpStatus":200,"data":{"code":413,"msg":"登录失败"}}
============================================================
============================================================
[请求时间] 2026/7/31 11:58:09.290
[响应时间] 2026/7/31 11:58:09.470
[耗时] 180ms
[请求路径] https://pay-api.ds.163.com/v1/web/init/server/time
[请求方式] GET
[请求参数] {"query":null,"body":null}
[请求头] {"Accept":"application/json, text/plain, */*","Content-Type":"application/json;charset=UTF-8","User-Agent":"Mozilla/5.0 (Windows NT 10.0; Win64; x64) AppleWebKit/537.36 (KHTML, like Gecko) Chrome/122.0.0.0 Safari/537.36","Origin":"https://pay.ds.163.com","Referer":"https://pay.ds.163.com/","GL-ClientType":"60","GL-DeviceId":"d6972664-c170-46f6-91f3-8079b501f7ef","GL-Uid":"ab3d60bdd8614464af937bc6c0be87cb","GL-X-XSRF-TOKEN":"96dca0c5-a0a8-42a3-aae7-ff273c8462e7","Accept-Encoding":"gzip, compress, deflate, br"}
[响应结果] {"httpStatus":404,"data":"<!DOCTYPE HTML PUBLIC \"-//W3C//DTD HTML 3.2 Final//EN\">\n<title>404 Not Found</title>\n<h1>Not Found</h1>\n<p>The requested URL was not found on the server. If you entered the URL manually please check your spelling and try again.</p>\n"}
============================================================
============================================================
[请求时间] 2026/7/31 11:58:09.470
[响应时间] 2026/7/31 11:58:09.620
[耗时] 150ms
[请求路径] https://pay-api.ds.163.com/api/nlogin
[请求方式] GET
[请求参数] {"query":{},"body":null}
[请求头] {"Accept":"application/json, text/plain, */*","Content-Type":"application/json;charset=UTF-8","GL-X-XSRF-TOKEN":"96dca0c5-a0a8-42a3-aae7-ff273c8462e7","User-Agent":"Mozilla/5.0 (Windows NT 10.0; Win64; x64) AppleWebKit/537.36 (KHTML, like Gecko) Chrome/122.0.0.0 Safari/537.36","Origin":"https://pay.ds.163.com","Referer":"https://pay.ds.163.com/","GL-ClientType":"60","GL-DeviceId":"d6972664-c170-46f6-91f3-8079b501f7ef","GL-Uid":"ab3d60bdd8614464af937bc6c0be87cb","Accept-Encoding":"gzip, compress, deflate, br"}
[响应结果] {"httpStatus":200,"data":{"code":413,"msg":"登录失败"}}
============================================================
============================================================
[请求时间] 2026/7/31 11:58:09.620
[响应时间] 2026/7/31 11:58:09.761
[耗时] 141ms
[请求路径] https://inf.ds.163.com/v1/web/cooperate/plutus/cookie-exchange
[请求方式] GET
[请求参数] {"query":null,"body":null}
[请求头] {"Accept":"application/json, text/plain, */*","Content-Type":"application/json;charset=UTF-8","GL-X-XSRF-TOKEN":"96dca0c5-a0a8-42a3-aae7-ff273c8462e7","User-Agent":"Mozilla/5.0 (Windows NT 10.0; Win64; x64) AppleWebKit/537.36 (KHTML, like Gecko) Chrome/122.0.0.0 Safari/537.36","Origin":"https://pay.ds.163.com","Referer":"https://pay.ds.163.com/","GL-ClientType":"60","GL-DeviceId":"d6972664-c170-46f6-91f3-8079b501f7ef","GL-Uid":"ab3d60bdd8614464af937bc6c0be87cb","Accept-Encoding":"gzip, compress, deflate, br"}
[响应结果] {"httpStatus":200,"data":{"result":{"user":{"uid":"ab3d60bdd8614464af937bc6c0be87cb","nick":"lnl922","icon":"https://ok.166.net/reunionpub/3_20251102_19a403f87b2484815.jpeg","intro":"","gender":1,"frame":"64b92f13db5e2e0001e826b5","updateTime":1779774174407,"userSourceType":"URS"},"newUser":false},"code":200,"errmsg":"OK"}}
============================================================
============================================================
[请求时间] 2026/7/31 11:58:09.761
[响应时间] 2026/7/31 11:58:09.891
[耗时] 130ms
[请求路径] https://pay-api.ds.163.com/v1/web/init/server/time
[请求方式] GET
[请求参数] {"query":null,"body":null}
[请求头] {"Accept":"application/json, text/plain, */*","Content-Type":"application/json;charset=UTF-8","GL-X-XSRF-TOKEN":"96dca0c5-a0a8-42a3-aae7-ff273c8462e7","User-Agent":"Mozilla/5.0 (Windows NT 10.0; Win64; x64) AppleWebKit/537.36 (KHTML, like Gecko) Chrome/122.0.0.0 Safari/537.36","Origin":"https://pay.ds.163.com","Referer":"https://pay.ds.163.com/","GL-ClientType":"60","GL-DeviceId":"d6972664-c170-46f6-91f3-8079b501f7ef","GL-Uid":"ab3d60bdd8614464af937bc6c0be87cb","Accept-Encoding":"gzip, compress, deflate, br"}
[响应结果] {"httpStatus":404,"data":"<!DOCTYPE HTML PUBLIC \"-//W3C//DTD HTML 3.2 Final//EN\">\n<title>404 Not Found</title>\n<h1>Not Found</h1>\n<p>The requested URL was not found on the server. If you entered the URL manually please check your spelling and try again.</p>\n"}
============================================================
============================================================
[请求时间] 2026/7/31 11:58:09.892
[响应时间] 2026/7/31 11:58:10.021
[耗时] 129ms
[请求路径] https://inf.ds.163.com/v1/web/exp/xy/user/get-info
[请求方式] POST
[请求参数] {"query":null,"body":{}}
[请求头] {"Accept":"application/json, text/plain, */*","Content-Type":"application/json;charset=UTF-8","GL-X-XSRF-TOKEN":"96dca0c5-a0a8-42a3-aae7-ff273c8462e7","User-Agent":"Mozilla/5.0 (Windows NT 10.0; Win64; x64) AppleWebKit/537.36 (KHTML, like Gecko) Chrome/122.0.0.0 Safari/537.36","Origin":"https://pay.ds.163.com","Referer":"https://pay.ds.163.com/","GL-ClientType":"60","GL-DeviceId":"d6972664-c170-46f6-91f3-8079b501f7ef","GL-Uid":"ab3d60bdd8614464af937bc6c0be87cb","GL-CheckSum":"01bea09b7893e9959b40fa75e7f412c007e640fe","Content-Length":"2","Accept-Encoding":"gzip, compress, deflate, br"}
[响应结果] {"httpStatus":200,"data":{"result":{"growthPoint":392482,"currentLv":"V6","diffNextLvGrowthPoint":607518,"currentLvExpireDate":"20270626","currentLvExpire":1813939200000,"nextLv":"V7","activeGames":["l36"],"last365LoginGames":["l36"],"initDate":"20260626","lastLv":"V5"},"code":200,"errmsg":"OK"}}
============================================================
============================================================
[请求时间] 2026/7/31 11:58:10.022
[响应时间] 2026/7/31 11:58:10.103
[耗时] 81ms
[请求路径] https://inf.ds.163.com/v1/web/exp/week-coupon/showing-list-v2
[请求方式] POST
[请求参数] {"query":null,"body":{}}
[请求头] {"Accept":"application/json, text/plain, */*","Content-Type":"application/json;charset=UTF-8","GL-X-XSRF-TOKEN":"96dca0c5-a0a8-42a3-aae7-ff273c8462e7","User-Agent":"Mozilla/5.0 (Windows NT 10.0; Win64; x64) AppleWebKit/537.36 (KHTML, like Gecko) Chrome/122.0.0.0 Safari/537.36","Origin":"https://pay.ds.163.com","Referer":"https://pay.ds.163.com/","GL-ClientType":"60","GL-DeviceId":"d6972664-c170-46f6-91f3-8079b501f7ef","GL-Uid":"ab3d60bdd8614464af937bc6c0be87cb","GL-CheckSum":"01bea09b7893e9959b40fa75e7f412c007e640fe","Content-Length":"2","Accept-Encoding":"gzip, compress, deflate, br"}
[响应结果] {"httpStatus":200,"data":{"result":{"coupons":[{"couponId":"687076e69f3efd24cb2bed9c","name":"V1","amount":1,"xyLevel":"V1","seckillTime":"WEEKLY","periods":[{"weekDay":1,"seckillStartTime":1785124800000,"seckillEndTime":1785297599999,"status":"ENDED"},{"weekDay":3,"seckillStartTime":1785297600000,"seckillEndTime":1785470399999,"status":"PROGRESSING"},{"weekDay":5,"seckillStartTime":1785470400000,"seckillEndTime":1785729599999,"status":"NOT_STARTED"},{"weekDay":1,"seckillStartTime":1785729600000,"seckillEndTime":1785902399999,"status":"NOT_STARTED"},{"weekDay":3,"seckillStartTime":1785902400000,"seckillEndTime":1786075199999,"status":"NOT_STARTED"},{"weekDay":5,"seckillStartTime":1786075200000,"seckillEndTime":1785124799999,"status":"NOT_STARTED"}]},{"couponId":"68708657f56f912f57e063bf","name":"V2","amount":2,"xyLevel":"V2","seckillTime":"WEEKLY","periods":[{"weekDay":1,"seckillStartTime":1785124800000,"seckillEndTime":1785297599999,"status":"ENDED"},{"weekDay":3,"seckillStartTime":1785297600000,"seckillEndTime":1785470399999,"status":"PROGRESSING"},{"weekDay":5,"seckillStartTime":1785470400000,"seckillEndTime":1785729599999,"status":"NOT_STARTED"},{"weekDay":1,"seckillStartTime":1785729600000,"seckillEndTime":1785902399999,"status":"NOT_STARTED"},{"weekDay":3,"seckillStartTime":1785902400000,"seckillEndTime":1786075199999,"status":"NOT_STARTED"},{"weekDay":5,"seckillStartTime":1786075200000,"seckillEndTime":1785124799999,"status":"NOT_STARTED"}]},{"couponId":"6870867989fddd2bbdec96bc","name":"V3","amount":3,"xyLevel":"V3","seckillTime":"WEEKLY","periods":[{"weekDay":1,"seckillStartTime":1785124800000,"seckillEndTime":1785297599999,"status":"ENDED"},{"weekDay":3,"seckillStartTime":1785297600000,"seckillEndTime":1785470399999,"status":"PROGRESSING"},{"weekDay":5,"seckillStartTime":1785470400000,"seckillEndTime":1785729599999,"status":"NOT_STARTED"},{"weekDay":1,"seckillStartTime":1785729600000,"seckillEndTime":1785902399999,"status":"NOT_STARTED"},{"weekDay":3,"seckillStartTime":1785902400000,"seckillEndTime":1786075199999,"status":"NOT_STARTED"},{"weekDay":5,"seckillStartTime":1786075200000,"seckillEndTime":1785124799999,"status":"NOT_STARTED"}]},{"couponId":"6870869cf56f912f57e063c0","name":"V4","amount":8,"xyLevel":"V4","seckillTime":"WEEKLY","periods":[{"weekDay":1,"seckillStartTime":1785124800000,"seckillEndTime":1785297599999,"status":"ENDED"},{"weekDay":3,"seckillStartTime":1785297600000,"seckillEndTime":1785470399999,"status":"PROGRESSING"},{"weekDay":5,"seckillStartTime":1785470400000,"seckillEndTime":1785729599999,"status":"NOT_STARTED"},{"weekDay":1,"seckillStartTime":1785729600000,"seckillEndTime":1785902399999,"status":"NOT_STARTED"},{"weekDay":3,"seckillStartTime":1785902400000,"seckillEndTime":1786075199999,"status":"NOT_STARTED"},{"weekDay":5,"seckillStartTime":1786075200000,"seckillEndTime":1785124799999,"status":"NOT_STARTED"}]},{"couponId":"687086e33d0d02335c1804f4","name":"V5","amount":18,"xyLevel":"V5","seckillTime":"WEEKLY","periods":[{"weekDay":1,"seckillStartTime":1785124800000,"seckillEndTime":1785297599999,"status":"ENDED"},{"weekDay":3,"seckillStartTime":1785297600000,"seckillEndTime":1785470399999,"status":"PROGRESSING"},{"weekDay":5,"seckillStartTime":1785470400000,"seckillEndTime":1785729599999,"status":"NOT_STARTED"},{"weekDay":1,"seckillStartTime":1785729600000,"seckillEndTime":1785902399999,"status":"NOT_STARTED"},{"weekDay":3,"seckillStartTime":1785902400000,"seckillEndTime":1786075199999,"status":"NOT_STARTED"},{"weekDay":5,"seckillStartTime":1786075200000,"seckillEndTime":1785124799999,"status":"NOT_STARTED"}]},{"couponId":"68708705f56f912f57e063c3","name":"V6","amount":30,"xyLevel":"V6","seckillTime":"WEEKLY","periods":[{"weekDay":1,"seckillStartTime":1785124800000,"seckillEndTime":1785297599999,"status":"ENDED"},{"weekDay":3,"seckillStartTime":1785297600000,"seckillEndTime":1785470399999,"status":"PROGRESSING","acquiredStatus":"OUT_OF_STOCK","stockId":"68708705f56f912f57e063c3_WEEKLY_1785297600000","stockRemain":0},{"weekDay":5,"seckillStartTime":1785470400000,"seckillEndTime":1785729599999,"status":"NOT_STARTED"},{"weekDay":1,"seckillStartTime":1785729600000,"seckillEndTime":1785902399999,"status":"NOT_STARTED"},{"weekDay":3,"seckillStartTime":1785902400000,"seckillEndTime":1786075199999,"status":"NOT_STARTED"},{"weekDay":5,"seckillStartTime":1786075200000,"seckillEndTime":1785124799999,"status":"NOT_STARTED"}]},{"couponId":"6870872e89fddd2bbdec96bd","name":"V7","amount":75,"xyLevel":"V7","seckillTime":"WEEKLY","periods":[{"weekDay":1,"seckillStartTime":1785124800000,"seckillEndTime":1785297599999,"status":"ENDED"},{"weekDay":3,"seckillStartTime":1785297600000,"seckillEndTime":1785470399999,"status":"PROGRESSING"},{"weekDay":5,"seckillStartTime":1785470400000,"seckillEndTime":1785729599999,"status":"NOT_STARTED"},{"weekDay":1,"seckillStartTime":1785729600000,"seckillEndTime":1785902399999,"status":"NOT_STARTED"},{"weekDay":3,"seckillStartTime":1785902400000,"seckillEndTime":1786075199999,"status":"NOT_STARTED"},{"weekDay":5,"seckillStartTime":1786075200000,"seckillEndTime":1785124799999,"status":"NOT_STARTED"}]}]},"code":200,"errmsg":"OK"}}
============================================================
============================================================
[请求时间] 2026/7/31 11:58:10.396
[响应时间] 2026/7/31 11:58:10.465
[耗时] 69ms
[请求路径] https://inf.ds.163.com/v1/web/exp/week-coupon/showing-list-v2
[请求方式] POST
[请求参数] {"query":null,"body":{}}
[请求头] {"Accept":"application/json, text/plain, */*","Content-Type":"application/json;charset=UTF-8","GL-X-XSRF-TOKEN":"96dca0c5-a0a8-42a3-aae7-ff273c8462e7","User-Agent":"Mozilla/5.0 (Windows NT 10.0; Win64; x64) AppleWebKit/537.36 (KHTML, like Gecko) Chrome/122.0.0.0 Safari/537.36","Origin":"https://pay.ds.163.com","Referer":"https://pay.ds.163.com/","GL-ClientType":"60","GL-DeviceId":"d6972664-c170-46f6-91f3-8079b501f7ef","GL-Uid":"ab3d60bdd8614464af937bc6c0be87cb","GL-CheckSum":"01bea09b7893e9959b40fa75e7f412c007e640fe","Content-Length":"2","Accept-Encoding":"gzip, compress, deflate, br"}
[响应结果] {"httpStatus":200,"data":{"result":{"coupons":[{"couponId":"687076e69f3efd24cb2bed9c","name":"V1","amount":1,"xyLevel":"V1","seckillTime":"WEEKLY","periods":[{"weekDay":1,"seckillStartTime":1785124800000,"seckillEndTime":1785297599999,"status":"ENDED"},{"weekDay":3,"seckillStartTime":1785297600000,"seckillEndTime":1785470399999,"status":"PROGRESSING"},{"weekDay":5,"seckillStartTime":1785470400000,"seckillEndTime":1785729599999,"status":"NOT_STARTED"},{"weekDay":1,"seckillStartTime":1785729600000,"seckillEndTime":1785902399999,"status":"NOT_STARTED"},{"weekDay":3,"seckillStartTime":1785902400000,"seckillEndTime":1786075199999,"status":"NOT_STARTED"},{"weekDay":5,"seckillStartTime":1786075200000,"seckillEndTime":1785124799999,"status":"NOT_STARTED"}]},{"couponId":"68708657f56f912f57e063bf","name":"V2","amount":2,"xyLevel":"V2","seckillTime":"WEEKLY","periods":[{"weekDay":1,"seckillStartTime":1785124800000,"seckillEndTime":1785297599999,"status":"ENDED"},{"weekDay":3,"seckillStartTime":1785297600000,"seckillEndTime":1785470399999,"status":"PROGRESSING"},{"weekDay":5,"seckillStartTime":1785470400000,"seckillEndTime":1785729599999,"status":"NOT_STARTED"},{"weekDay":1,"seckillStartTime":1785729600000,"seckillEndTime":1785902399999,"status":"NOT_STARTED"},{"weekDay":3,"seckillStartTime":1785902400000,"seckillEndTime":1786075199999,"status":"NOT_STARTED"},{"weekDay":5,"seckillStartTime":1786075200000,"seckillEndTime":1785124799999,"status":"NOT_STARTED"}]},{"couponId":"6870867989fddd2bbdec96bc","name":"V3","amount":3,"xyLevel":"V3","seckillTime":"WEEKLY","periods":[{"weekDay":1,"seckillStartTime":1785124800000,"seckillEndTime":1785297599999,"status":"ENDED"},{"weekDay":3,"seckillStartTime":1785297600000,"seckillEndTime":1785470399999,"status":"PROGRESSING"},{"weekDay":5,"seckillStartTime":1785470400000,"seckillEndTime":1785729599999,"status":"NOT_STARTED"},{"weekDay":1,"seckillStartTime":1785729600000,"seckillEndTime":1785902399999,"status":"NOT_STARTED"},{"weekDay":3,"seckillStartTime":1785902400000,"seckillEndTime":1786075199999,"status":"NOT_STARTED"},{"weekDay":5,"seckillStartTime":1786075200000,"seckillEndTime":1785124799999,"status":"NOT_STARTED"}]},{"couponId":"6870869cf56f912f57e063c0","name":"V4","amount":8,"xyLevel":"V4","seckillTime":"WEEKLY","periods":[{"weekDay":1,"seckillStartTime":1785124800000,"seckillEndTime":1785297599999,"status":"ENDED"},{"weekDay":3,"seckillStartTime":1785297600000,"seckillEndTime":1785470399999,"status":"PROGRESSING"},{"weekDay":5,"seckillStartTime":1785470400000,"seckillEndTime":1785729599999,"status":"NOT_STARTED"},{"weekDay":1,"seckillStartTime":1785729600000,"seckillEndTime":1785902399999,"status":"NOT_STARTED"},{"weekDay":3,"seckillStartTime":1785902400000,"seckillEndTime":1786075199999,"status":"NOT_STARTED"},{"weekDay":5,"seckillStartTime":1786075200000,"seckillEndTime":1785124799999,"status":"NOT_STARTED"}]},{"couponId":"687086e33d0d02335c1804f4","name":"V5","amount":18,"xyLevel":"V5","seckillTime":"WEEKLY","periods":[{"weekDay":1,"seckillStartTime":1785124800000,"seckillEndTime":1785297599999,"status":"ENDED"},{"weekDay":3,"seckillStartTime":1785297600000,"seckillEndTime":1785470399999,"status":"PROGRESSING"},{"weekDay":5,"seckillStartTime":1785470400000,"seckillEndTime":1785729599999,"status":"NOT_STARTED"},{"weekDay":1,"seckillStartTime":1785729600000,"seckillEndTime":1785902399999,"status":"NOT_STARTED"},{"weekDay":3,"seckillStartTime":1785902400000,"seckillEndTime":1786075199999,"status":"NOT_STARTED"},{"weekDay":5,"seckillStartTime":1786075200000,"seckillEndTime":1785124799999,"status":"NOT_STARTED"}]},{"couponId":"68708705f56f912f57e063c3","name":"V6","amount":30,"xyLevel":"V6","seckillTime":"WEEKLY","periods":[{"weekDay":1,"seckillStartTime":1785124800000,"seckillEndTime":1785297599999,"status":"ENDED"},{"weekDay":3,"seckillStartTime":1785297600000,"seckillEndTime":1785470399999,"status":"PROGRESSING","acquiredStatus":"OUT_OF_STOCK","stockId":"68708705f56f912f57e063c3_WEEKLY_1785297600000","stockRemain":0},{"weekDay":5,"seckillStartTime":1785470400000,"seckillEndTime":1785729599999,"status":"NOT_STARTED"},{"weekDay":1,"seckillStartTime":1785729600000,"seckillEndTime":1785902399999,"status":"NOT_STARTED"},{"weekDay":3,"seckillStartTime":1785902400000,"seckillEndTime":1786075199999,"status":"NOT_STARTED"},{"weekDay":5,"seckillStartTime":1786075200000,"seckillEndTime":1785124799999,"status":"NOT_STARTED"}]},{"couponId":"6870872e89fddd2bbdec96bd","name":"V7","amount":75,"xyLevel":"V7","seckillTime":"WEEKLY","periods":[{"weekDay":1,"seckillStartTime":1785124800000,"seckillEndTime":1785297599999,"status":"ENDED"},{"weekDay":3,"seckillStartTime":1785297600000,"seckillEndTime":1785470399999,"status":"PROGRESSING"},{"weekDay":5,"seckillStartTime":1785470400000,"seckillEndTime":1785729599999,"status":"NOT_STARTED"},{"weekDay":1,"seckillStartTime":1785729600000,"seckillEndTime":1785902399999,"status":"NOT_STARTED"},{"weekDay":3,"seckillStartTime":1785902400000,"seckillEndTime":1786075199999,"status":"NOT_STARTED"},{"weekDay":5,"seckillStartTime":1786075200000,"seckillEndTime":1785124799999,"status":"NOT_STARTED"}]}]},"code":200,"errmsg":"OK"}}
============================================================
============================================================
[请求时间] 2026/7/31 11:58:10.466
[响应时间] 2026/7/31 11:58:10.610
[耗时] 144ms
[请求路径] https://pay-api.ds.163.com/v1/web/init/server/time
[请求方式] GET
[请求参数] {"query":null,"body":null}
[请求头] {"Accept":"application/json, text/plain, */*","Content-Type":"application/json;charset=UTF-8","GL-X-XSRF-TOKEN":"96dca0c5-a0a8-42a3-aae7-ff273c8462e7","User-Agent":"Mozilla/5.0 (Windows NT 10.0; Win64; x64) AppleWebKit/537.36 (KHTML, like Gecko) Chrome/122.0.0.0 Safari/537.36","Origin":"https://pay.ds.163.com","Referer":"https://pay.ds.163.com/","GL-ClientType":"60","GL-DeviceId":"d6972664-c170-46f6-91f3-8079b501f7ef","GL-Uid":"ab3d60bdd8614464af937bc6c0be87cb","Accept-Encoding":"gzip, compress, deflate, br"}
[响应结果] {"httpStatus":404,"data":"<!DOCTYPE HTML PUBLIC \"-//W3C//DTD HTML 3.2 Final//EN\">\n<title>404 Not Found</title>\n<h1>Not Found</h1>\n<p>The requested URL was not found on the server. If you entered the URL manually please check your spelling and try again.</p>\n"}
============================================================
============================================================
[请求时间] 2026/7/31 11:58:10.610
[响应时间] 2026/7/31 11:58:10.747
[耗时] 137ms
[请求路径] https://pay-api.ds.163.com/api/nlogin
[请求方式] GET
[请求参数] {"query":{},"body":null}
[请求头] {"Accept":"application/json, text/plain, */*","Content-Type":"application/json;charset=UTF-8","GL-X-XSRF-TOKEN":"96dca0c5-a0a8-42a3-aae7-ff273c8462e7","User-Agent":"Mozilla/5.0 (Windows NT 10.0; Win64; x64) AppleWebKit/537.36 (KHTML, like Gecko) Chrome/122.0.0.0 Safari/537.36","Origin":"https://pay.ds.163.com","Referer":"https://pay.ds.163.com/","GL-ClientType":"60","GL-DeviceId":"d6972664-c170-46f6-91f3-8079b501f7ef","GL-Uid":"ab3d60bdd8614464af937bc6c0be87cb","Accept-Encoding":"gzip, compress, deflate, br"}
[响应结果] {"httpStatus":200,"data":{"code":413,"msg":"登录失败"}}
============================================================
============================================================
[请求时间] 2026/7/31 11:59:24.462
[响应时间] 2026/7/31 11:59:24.641
[耗时] 179ms
[请求路径] https://pay-api.ds.163.com/v1/web/init/server/time
[请求方式] GET
[请求参数] {"query":null,"body":null}
[请求头] {"Accept":"application/json, text/plain, */*","Content-Type":"application/json;charset=UTF-8","User-Agent":"Mozilla/5.0 (Windows NT 10.0; Win64; x64) AppleWebKit/537.36 (KHTML, like Gecko) Chrome/122.0.0.0 Safari/537.36","Origin":"https://pay.ds.163.com","Referer":"https://pay.ds.163.com/","GL-ClientType":"60","GL-DeviceId":"d6972664-c170-46f6-91f3-8079b501f7ef","GL-Uid":"ab3d60bdd8614464af937bc6c0be87cb","GL-X-XSRF-TOKEN":"96dca0c5-a0a8-42a3-aae7-ff273c8462e7","Accept-Encoding":"gzip, compress, deflate, br"}
[响应结果] {"httpStatus":404,"data":"<!DOCTYPE HTML PUBLIC \"-//W3C//DTD HTML 3.2 Final//EN\">\n<title>404 Not Found</title>\n<h1>Not Found</h1>\n<p>The requested URL was not found on the server. If you entered the URL manually please check your spelling and try again.</p>\n"}
============================================================
============================================================
[请求时间] 2026/7/31 11:59:24.641
[响应时间] 2026/7/31 11:59:24.785
[耗时] 144ms
[请求路径] https://pay-api.ds.163.com/api/nlogin
[请求方式] GET
[请求参数] {"query":{},"body":null}
[请求头] {"Accept":"application/json, text/plain, */*","Content-Type":"application/json;charset=UTF-8","GL-X-XSRF-TOKEN":"96dca0c5-a0a8-42a3-aae7-ff273c8462e7","User-Agent":"Mozilla/5.0 (Windows NT 10.0; Win64; x64) AppleWebKit/537.36 (KHTML, like Gecko) Chrome/122.0.0.0 Safari/537.36","Origin":"https://pay.ds.163.com","Referer":"https://pay.ds.163.com/","GL-ClientType":"60","GL-DeviceId":"d6972664-c170-46f6-91f3-8079b501f7ef","GL-Uid":"ab3d60bdd8614464af937bc6c0be87cb","Accept-Encoding":"gzip, compress, deflate, br"}
[响应结果] {"httpStatus":200,"data":{"code":413,"msg":"登录失败"}}
============================================================
============================================================
[请求时间] 2026/7/31 11:59:24.785
[响应时间] 2026/7/31 11:59:24.931
[耗时] 146ms
[请求路径] https://inf.ds.163.com/v1/web/cooperate/plutus/cookie-exchange
[请求方式] GET
[请求参数] {"query":null,"body":null}
[请求头] {"Accept":"application/json, text/plain, */*","Content-Type":"application/json;charset=UTF-8","GL-X-XSRF-TOKEN":"96dca0c5-a0a8-42a3-aae7-ff273c8462e7","User-Agent":"Mozilla/5.0 (Windows NT 10.0; Win64; x64) AppleWebKit/537.36 (KHTML, like Gecko) Chrome/122.0.0.0 Safari/537.36","Origin":"https://pay.ds.163.com","Referer":"https://pay.ds.163.com/","GL-ClientType":"60","GL-DeviceId":"d6972664-c170-46f6-91f3-8079b501f7ef","GL-Uid":"ab3d60bdd8614464af937bc6c0be87cb","Accept-Encoding":"gzip, compress, deflate, br"}
[响应结果] {"httpStatus":200,"data":{"result":{"user":{"uid":"ab3d60bdd8614464af937bc6c0be87cb","nick":"lnl922","icon":"https://ok.166.net/reunionpub/3_20251102_19a403f87b2484815.jpeg","intro":"","gender":1,"frame":"64b92f13db5e2e0001e826b5","updateTime":1779774174407,"userSourceType":"URS"},"newUser":false},"code":200,"errmsg":"OK"}}
============================================================
============================================================
[请求时间] 2026/7/31 11:59:24.931
[响应时间] 2026/7/31 11:59:25.070
[耗时] 139ms
[请求路径] https://pay-api.ds.163.com/v1/web/init/server/time
[请求方式] GET
[请求参数] {"query":null,"body":null}
[请求头] {"Accept":"application/json, text/plain, */*","Content-Type":"application/json;charset=UTF-8","GL-X-XSRF-TOKEN":"96dca0c5-a0a8-42a3-aae7-ff273c8462e7","User-Agent":"Mozilla/5.0 (Windows NT 10.0; Win64; x64) AppleWebKit/537.36 (KHTML, like Gecko) Chrome/122.0.0.0 Safari/537.36","Origin":"https://pay.ds.163.com","Referer":"https://pay.ds.163.com/","GL-ClientType":"60","GL-DeviceId":"d6972664-c170-46f6-91f3-8079b501f7ef","GL-Uid":"ab3d60bdd8614464af937bc6c0be87cb","Accept-Encoding":"gzip, compress, deflate, br"}
[响应结果] {"httpStatus":404,"data":"<!DOCTYPE HTML PUBLIC \"-//W3C//DTD HTML 3.2 Final//EN\">\n<title>404 Not Found</title>\n<h1>Not Found</h1>\n<p>The requested URL was not found on the server. If you entered the URL manually please check your spelling and try again.</p>\n"}
============================================================
============================================================
[请求时间] 2026/7/31 11:59:25.071
[响应时间] 2026/7/31 11:59:25.133
[耗时] 62ms
[请求路径] https://inf.ds.163.com/v1/web/exp/xy/user/get-info
[请求方式] POST
[请求参数] {"query":null,"body":{}}
[请求头] {"Accept":"application/json, text/plain, */*","Content-Type":"application/json;charset=UTF-8","GL-X-XSRF-TOKEN":"96dca0c5-a0a8-42a3-aae7-ff273c8462e7","User-Agent":"Mozilla/5.0 (Windows NT 10.0; Win64; x64) AppleWebKit/537.36 (KHTML, like Gecko) Chrome/122.0.0.0 Safari/537.36","Origin":"https://pay.ds.163.com","Referer":"https://pay.ds.163.com/","GL-ClientType":"60","GL-DeviceId":"d6972664-c170-46f6-91f3-8079b501f7ef","GL-Uid":"ab3d60bdd8614464af937bc6c0be87cb","GL-CheckSum":"01bea09b7893e9959b40fa75e7f412c007e640fe","Content-Length":"2","Accept-Encoding":"gzip, compress, deflate, br"}
[响应结果] {"httpStatus":200,"data":{"result":{"growthPoint":392482,"currentLv":"V6","diffNextLvGrowthPoint":607518,"currentLvExpireDate":"20270626","currentLvExpire":1813939200000,"nextLv":"V7","activeGames":["l36"],"last365LoginGames":["l36"],"initDate":"20260626","lastLv":"V5"},"code":200,"errmsg":"OK"}}
============================================================
============================================================
[请求时间] 2026/7/31 11:59:25.133
[响应时间] 2026/7/31 11:59:25.186
[耗时] 53ms
[请求路径] https://inf.ds.163.com/v1/web/exp/week-coupon/showing-list-v2
[请求方式] POST
[请求参数] {"query":null,"body":{}}
[请求头] {"Accept":"application/json, text/plain, */*","Content-Type":"application/json;charset=UTF-8","GL-X-XSRF-TOKEN":"96dca0c5-a0a8-42a3-aae7-ff273c8462e7","User-Agent":"Mozilla/5.0 (Windows NT 10.0; Win64; x64) AppleWebKit/537.36 (KHTML, like Gecko) Chrome/122.0.0.0 Safari/537.36","Origin":"https://pay.ds.163.com","Referer":"https://pay.ds.163.com/","GL-ClientType":"60","GL-DeviceId":"d6972664-c170-46f6-91f3-8079b501f7ef","GL-Uid":"ab3d60bdd8614464af937bc6c0be87cb","GL-CheckSum":"01bea09b7893e9959b40fa75e7f412c007e640fe","Content-Length":"2","Accept-Encoding":"gzip, compress, deflate, br"}
[响应结果] {"httpStatus":200,"data":{"result":{"coupons":[{"couponId":"687076e69f3efd24cb2bed9c","name":"V1","amount":1,"xyLevel":"V1","seckillTime":"WEEKLY","periods":[{"weekDay":1,"seckillStartTime":1785124800000,"seckillEndTime":1785297599999,"status":"ENDED"},{"weekDay":3,"seckillStartTime":1785297600000,"seckillEndTime":1785470399999,"status":"PROGRESSING"},{"weekDay":5,"seckillStartTime":1785470400000,"seckillEndTime":1785729599999,"status":"NOT_STARTED"},{"weekDay":1,"seckillStartTime":1785729600000,"seckillEndTime":1785902399999,"status":"NOT_STARTED"},{"weekDay":3,"seckillStartTime":1785902400000,"seckillEndTime":1786075199999,"status":"NOT_STARTED"},{"weekDay":5,"seckillStartTime":1786075200000,"seckillEndTime":1785124799999,"status":"NOT_STARTED"}]},{"couponId":"68708657f56f912f57e063bf","name":"V2","amount":2,"xyLevel":"V2","seckillTime":"WEEKLY","periods":[{"weekDay":1,"seckillStartTime":1785124800000,"seckillEndTime":1785297599999,"status":"ENDED"},{"weekDay":3,"seckillStartTime":1785297600000,"seckillEndTime":1785470399999,"status":"PROGRESSING"},{"weekDay":5,"seckillStartTime":1785470400000,"seckillEndTime":1785729599999,"status":"NOT_STARTED"},{"weekDay":1,"seckillStartTime":1785729600000,"seckillEndTime":1785902399999,"status":"NOT_STARTED"},{"weekDay":3,"seckillStartTime":1785902400000,"seckillEndTime":1786075199999,"status":"NOT_STARTED"},{"weekDay":5,"seckillStartTime":1786075200000,"seckillEndTime":1785124799999,"status":"NOT_STARTED"}]},{"couponId":"6870867989fddd2bbdec96bc","name":"V3","amount":3,"xyLevel":"V3","seckillTime":"WEEKLY","periods":[{"weekDay":1,"seckillStartTime":1785124800000,"seckillEndTime":1785297599999,"status":"ENDED"},{"weekDay":3,"seckillStartTime":1785297600000,"seckillEndTime":1785470399999,"status":"PROGRESSING"},{"weekDay":5,"seckillStartTime":1785470400000,"seckillEndTime":1785729599999,"status":"NOT_STARTED"},{"weekDay":1,"seckillStartTime":1785729600000,"seckillEndTime":1785902399999,"status":"NOT_STARTED"},{"weekDay":3,"seckillStartTime":1785902400000,"seckillEndTime":1786075199999,"status":"NOT_STARTED"},{"weekDay":5,"seckillStartTime":1786075200000,"seckillEndTime":1785124799999,"status":"NOT_STARTED"}]},{"couponId":"6870869cf56f912f57e063c0","name":"V4","amount":8,"xyLevel":"V4","seckillTime":"WEEKLY","periods":[{"weekDay":1,"seckillStartTime":1785124800000,"seckillEndTime":1785297599999,"status":"ENDED"},{"weekDay":3,"seckillStartTime":1785297600000,"seckillEndTime":1785470399999,"status":"PROGRESSING"},{"weekDay":5,"seckillStartTime":1785470400000,"seckillEndTime":1785729599999,"status":"NOT_STARTED"},{"weekDay":1,"seckillStartTime":1785729600000,"seckillEndTime":1785902399999,"status":"NOT_STARTED"},{"weekDay":3,"seckillStartTime":1785902400000,"seckillEndTime":1786075199999,"status":"NOT_STARTED"},{"weekDay":5,"seckillStartTime":1786075200000,"seckillEndTime":1785124799999,"status":"NOT_STARTED"}]},{"couponId":"687086e33d0d02335c1804f4","name":"V5","amount":18,"xyLevel":"V5","seckillTime":"WEEKLY","periods":[{"weekDay":1,"seckillStartTime":1785124800000,"seckillEndTime":1785297599999,"status":"ENDED"},{"weekDay":3,"seckillStartTime":1785297600000,"seckillEndTime":1785470399999,"status":"PROGRESSING"},{"weekDay":5,"seckillStartTime":1785470400000,"seckillEndTime":1785729599999,"status":"NOT_STARTED"},{"weekDay":1,"seckillStartTime":1785729600000,"seckillEndTime":1785902399999,"status":"NOT_STARTED"},{"weekDay":3,"seckillStartTime":1785902400000,"seckillEndTime":1786075199999,"status":"NOT_STARTED"},{"weekDay":5,"seckillStartTime":1786075200000,"seckillEndTime":1785124799999,"status":"NOT_STARTED"}]},{"couponId":"68708705f56f912f57e063c3","name":"V6","amount":30,"xyLevel":"V6","seckillTime":"WEEKLY","periods":[{"weekDay":1,"seckillStartTime":1785124800000,"seckillEndTime":1785297599999,"status":"ENDED"},{"weekDay":3,"seckillStartTime":1785297600000,"seckillEndTime":1785470399999,"status":"PROGRESSING","acquiredStatus":"OUT_OF_STOCK","stockId":"68708705f56f912f57e063c3_WEEKLY_1785297600000","stockRemain":0},{"weekDay":5,"seckillStartTime":1785470400000,"seckillEndTime":1785729599999,"status":"NOT_STARTED"},{"weekDay":1,"seckillStartTime":1785729600000,"seckillEndTime":1785902399999,"status":"NOT_STARTED"},{"weekDay":3,"seckillStartTime":1785902400000,"seckillEndTime":1786075199999,"status":"NOT_STARTED"},{"weekDay":5,"seckillStartTime":1786075200000,"seckillEndTime":1785124799999,"status":"NOT_STARTED"}]},{"couponId":"6870872e89fddd2bbdec96bd","name":"V7","amount":75,"xyLevel":"V7","seckillTime":"WEEKLY","periods":[{"weekDay":1,"seckillStartTime":1785124800000,"seckillEndTime":1785297599999,"status":"ENDED"},{"weekDay":3,"seckillStartTime":1785297600000,"seckillEndTime":1785470399999,"status":"PROGRESSING"},{"weekDay":5,"seckillStartTime":1785470400000,"seckillEndTime":1785729599999,"status":"NOT_STARTED"},{"weekDay":1,"seckillStartTime":1785729600000,"seckillEndTime":1785902399999,"status":"NOT_STARTED"},{"weekDay":3,"seckillStartTime":1785902400000,"seckillEndTime":1786075199999,"status":"NOT_STARTED"},{"weekDay":5,"seckillStartTime":1786075200000,"seckillEndTime":1785124799999,"status":"NOT_STARTED"}]}]},"code":200,"errmsg":"OK"}}
============================================================
============================================================
[请求时间] 2026/7/31 11:59:25.524
[响应时间] 2026/7/31 11:59:25.598
[耗时] 74ms
[请求路径] https://inf.ds.163.com/v1/web/exp/week-coupon/showing-list-v2
[请求方式] POST
[请求参数] {"query":null,"body":{}}
[请求头] {"Accept":"application/json, text/plain, */*","Content-Type":"application/json;charset=UTF-8","GL-X-XSRF-TOKEN":"96dca0c5-a0a8-42a3-aae7-ff273c8462e7","User-Agent":"Mozilla/5.0 (Windows NT 10.0; Win64; x64) AppleWebKit/537.36 (KHTML, like Gecko) Chrome/122.0.0.0 Safari/537.36","Origin":"https://pay.ds.163.com","Referer":"https://pay.ds.163.com/","GL-ClientType":"60","GL-DeviceId":"d6972664-c170-46f6-91f3-8079b501f7ef","GL-Uid":"ab3d60bdd8614464af937bc6c0be87cb","GL-CheckSum":"01bea09b7893e9959b40fa75e7f412c007e640fe","Content-Length":"2","Accept-Encoding":"gzip, compress, deflate, br"}
[响应结果] {"httpStatus":200,"data":{"result":{"coupons":[{"couponId":"687076e69f3efd24cb2bed9c","name":"V1","amount":1,"xyLevel":"V1","seckillTime":"WEEKLY","periods":[{"weekDay":1,"seckillStartTime":1785124800000,"seckillEndTime":1785297599999,"status":"ENDED"},{"weekDay":3,"seckillStartTime":1785297600000,"seckillEndTime":1785470399999,"status":"PROGRESSING"},{"weekDay":5,"seckillStartTime":1785470400000,"seckillEndTime":1785729599999,"status":"NOT_STARTED"},{"weekDay":1,"seckillStartTime":1785729600000,"seckillEndTime":1785902399999,"status":"NOT_STARTED"},{"weekDay":3,"seckillStartTime":1785902400000,"seckillEndTime":1786075199999,"status":"NOT_STARTED"},{"weekDay":5,"seckillStartTime":1786075200000,"seckillEndTime":1785124799999,"status":"NOT_STARTED"}]},{"couponId":"68708657f56f912f57e063bf","name":"V2","amount":2,"xyLevel":"V2","seckillTime":"WEEKLY","periods":[{"weekDay":1,"seckillStartTime":1785124800000,"seckillEndTime":1785297599999,"status":"ENDED"},{"weekDay":3,"seckillStartTime":1785297600000,"seckillEndTime":1785470399999,"status":"PROGRESSING"},{"weekDay":5,"seckillStartTime":1785470400000,"seckillEndTime":1785729599999,"status":"NOT_STARTED"},{"weekDay":1,"seckillStartTime":1785729600000,"seckillEndTime":1785902399999,"status":"NOT_STARTED"},{"weekDay":3,"seckillStartTime":1785902400000,"seckillEndTime":1786075199999,"status":"NOT_STARTED"},{"weekDay":5,"seckillStartTime":1786075200000,"seckillEndTime":1785124799999,"status":"NOT_STARTED"}]},{"couponId":"6870867989fddd2bbdec96bc","name":"V3","amount":3,"xyLevel":"V3","seckillTime":"WEEKLY","periods":[{"weekDay":1,"seckillStartTime":1785124800000,"seckillEndTime":1785297599999,"status":"ENDED"},{"weekDay":3,"seckillStartTime":1785297600000,"seckillEndTime":1785470399999,"status":"PROGRESSING"},{"weekDay":5,"seckillStartTime":1785470400000,"seckillEndTime":1785729599999,"status":"NOT_STARTED"},{"weekDay":1,"seckillStartTime":1785729600000,"seckillEndTime":1785902399999,"status":"NOT_STARTED"},{"weekDay":3,"seckillStartTime":1785902400000,"seckillEndTime":1786075199999,"status":"NOT_STARTED"},{"weekDay":5,"seckillStartTime":1786075200000,"seckillEndTime":1785124799999,"status":"NOT_STARTED"}]},{"couponId":"6870869cf56f912f57e063c0","name":"V4","amount":8,"xyLevel":"V4","seckillTime":"WEEKLY","periods":[{"weekDay":1,"seckillStartTime":1785124800000,"seckillEndTime":1785297599999,"status":"ENDED"},{"weekDay":3,"seckillStartTime":1785297600000,"seckillEndTime":1785470399999,"status":"PROGRESSING"},{"weekDay":5,"seckillStartTime":1785470400000,"seckillEndTime":1785729599999,"status":"NOT_STARTED"},{"weekDay":1,"seckillStartTime":1785729600000,"seckillEndTime":1785902399999,"status":"NOT_STARTED"},{"weekDay":3,"seckillStartTime":1785902400000,"seckillEndTime":1786075199999,"status":"NOT_STARTED"},{"weekDay":5,"seckillStartTime":1786075200000,"seckillEndTime":1785124799999,"status":"NOT_STARTED"}]},{"couponId":"687086e33d0d02335c1804f4","name":"V5","amount":18,"xyLevel":"V5","seckillTime":"WEEKLY","periods":[{"weekDay":1,"seckillStartTime":1785124800000,"seckillEndTime":1785297599999,"status":"ENDED"},{"weekDay":3,"seckillStartTime":1785297600000,"seckillEndTime":1785470399999,"status":"PROGRESSING"},{"weekDay":5,"seckillStartTime":1785470400000,"seckillEndTime":1785729599999,"status":"NOT_STARTED"},{"weekDay":1,"seckillStartTime":1785729600000,"seckillEndTime":1785902399999,"status":"NOT_STARTED"},{"weekDay":3,"seckillStartTime":1785902400000,"seckillEndTime":1786075199999,"status":"NOT_STARTED"},{"weekDay":5,"seckillStartTime":1786075200000,"seckillEndTime":1785124799999,"status":"NOT_STARTED"}]},{"couponId":"68708705f56f912f57e063c3","name":"V6","amount":30,"xyLevel":"V6","seckillTime":"WEEKLY","periods":[{"weekDay":1,"seckillStartTime":1785124800000,"seckillEndTime":1785297599999,"status":"ENDED"},{"weekDay":3,"seckillStartTime":1785297600000,"seckillEndTime":1785470399999,"status":"PROGRESSING","acquiredStatus":"OUT_OF_STOCK","stockId":"68708705f56f912f57e063c3_WEEKLY_1785297600000","stockRemain":0},{"weekDay":5,"seckillStartTime":1785470400000,"seckillEndTime":1785729599999,"status":"NOT_STARTED"},{"weekDay":1,"seckillStartTime":1785729600000,"seckillEndTime":1785902399999,"status":"NOT_STARTED"},{"weekDay":3,"seckillStartTime":1785902400000,"seckillEndTime":1786075199999,"status":"NOT_STARTED"},{"weekDay":5,"seckillStartTime":1786075200000,"seckillEndTime":1785124799999,"status":"NOT_STARTED"}]},{"couponId":"6870872e89fddd2bbdec96bd","name":"V7","amount":75,"xyLevel":"V7","seckillTime":"WEEKLY","periods":[{"weekDay":1,"seckillStartTime":1785124800000,"seckillEndTime":1785297599999,"status":"ENDED"},{"weekDay":3,"seckillStartTime":1785297600000,"seckillEndTime":1785470399999,"status":"PROGRESSING"},{"weekDay":5,"seckillStartTime":1785470400000,"seckillEndTime":1785729599999,"status":"NOT_STARTED"},{"weekDay":1,"seckillStartTime":1785729600000,"seckillEndTime":1785902399999,"status":"NOT_STARTED"},{"weekDay":3,"seckillStartTime":1785902400000,"seckillEndTime":1786075199999,"status":"NOT_STARTED"},{"weekDay":5,"seckillStartTime":1786075200000,"seckillEndTime":1785124799999,"status":"NOT_STARTED"}]}]},"code":200,"errmsg":"OK"}}
============================================================
============================================================
[请求时间] 2026/7/31 11:59:25.599
[响应时间] 2026/7/31 11:59:26.030
[耗时] 431ms
[请求路径] https://pay-api.ds.163.com/v1/web/init/server/time
[请求方式] GET
[请求参数] {"query":null,"body":null}
[请求头] {"Accept":"application/json, text/plain, */*","Content-Type":"application/json;charset=UTF-8","GL-X-XSRF-TOKEN":"96dca0c5-a0a8-42a3-aae7-ff273c8462e7","User-Agent":"Mozilla/5.0 (Windows NT 10.0; Win64; x64) AppleWebKit/537.36 (KHTML, like Gecko) Chrome/122.0.0.0 Safari/537.36","Origin":"https://pay.ds.163.com","Referer":"https://pay.ds.163.com/","GL-ClientType":"60","GL-DeviceId":"d6972664-c170-46f6-91f3-8079b501f7ef","GL-Uid":"ab3d60bdd8614464af937bc6c0be87cb","Accept-Encoding":"gzip, compress, deflate, br"}
[响应结果] {"httpStatus":404,"data":"<!DOCTYPE HTML PUBLIC \"-//W3C//DTD HTML 3.2 Final//EN\">\n<title>404 Not Found</title>\n<h1>Not Found</h1>\n<p>The requested URL was not found on the server. If you entered the URL manually please check your spelling and try again.</p>\n"}
============================================================
============================================================
[请求时间] 2026/7/31 11:59:26.031
[响应时间] 2026/7/31 11:59:26.609
[耗时] 578ms
[请求路径] https://pay-api.ds.163.com/api/nlogin
[请求方式] GET
[请求参数] {"query":{},"body":null}
[请求头] {"Accept":"application/json, text/plain, */*","Content-Type":"application/json;charset=UTF-8","GL-X-XSRF-TOKEN":"96dca0c5-a0a8-42a3-aae7-ff273c8462e7","User-Agent":"Mozilla/5.0 (Windows NT 10.0; Win64; x64) AppleWebKit/537.36 (KHTML, like Gecko) Chrome/122.0.0.0 Safari/537.36","Origin":"https://pay.ds.163.com","Referer":"https://pay.ds.163.com/","GL-ClientType":"60","GL-DeviceId":"d6972664-c170-46f6-91f3-8079b501f7ef","GL-Uid":"ab3d60bdd8614464af937bc6c0be87cb","Accept-Encoding":"gzip, compress, deflate, br"}
[响应结果] {"httpStatus":200,"data":{"code":413,"msg":"登录失败"}}
============================================================
============================================================
[请求时间] 2026/7/31 11:59:45.011
[响应时间] 2026/7/31 11:59:45.171
[耗时] 160ms
[请求路径] https://pay-api.ds.163.com/v1/web/init/server/time
[请求方式] GET
[请求参数] {"query":null,"body":null}
[请求头] {"Accept":"application/json, text/plain, */*","Content-Type":"application/json;charset=UTF-8","GL-X-XSRF-TOKEN":"96dca0c5-a0a8-42a3-aae7-ff273c8462e7","User-Agent":"Mozilla/5.0 (Windows NT 10.0; Win64; x64) AppleWebKit/537.36 (KHTML, like Gecko) Chrome/122.0.0.0 Safari/537.36","Origin":"https://pay.ds.163.com","Referer":"https://pay.ds.163.com/","GL-ClientType":"60","GL-DeviceId":"d6972664-c170-46f6-91f3-8079b501f7ef","GL-Uid":"ab3d60bdd8614464af937bc6c0be87cb","Accept-Encoding":"gzip, compress, deflate, br"}
[响应结果] {"httpStatus":404,"data":"<!DOCTYPE HTML PUBLIC \"-//W3C//DTD HTML 3.2 Final//EN\">\n<title>404 Not Found</title>\n<h1>Not Found</h1>\n<p>The requested URL was not found on the server. If you entered the URL manually please check your spelling and try again.</p>\n"}
============================================================
============================================================
[请求时间] 2026/7/31 11:59:45.171
[响应时间] 2026/7/31 11:59:45.307
[耗时] 136ms
[请求路径] https://pay-api.ds.163.com/api/nlogin
[请求方式] GET
[请求参数] {"query":{},"body":null}
[请求头] {"Accept":"application/json, text/plain, */*","Content-Type":"application/json;charset=UTF-8","GL-X-XSRF-TOKEN":"96dca0c5-a0a8-42a3-aae7-ff273c8462e7","User-Agent":"Mozilla/5.0 (Windows NT 10.0; Win64; x64) AppleWebKit/537.36 (KHTML, like Gecko) Chrome/122.0.0.0 Safari/537.36","Origin":"https://pay.ds.163.com","Referer":"https://pay.ds.163.com/","GL-ClientType":"60","GL-DeviceId":"d6972664-c170-46f6-91f3-8079b501f7ef","GL-Uid":"ab3d60bdd8614464af937bc6c0be87cb","Accept-Encoding":"gzip, compress, deflate, br"}
[响应结果] {"httpStatus":200,"data":{"code":413,"msg":"登录失败"}}
============================================================
============================================================
[请求时间] 2026/7/31 11:59:45.308
[响应时间] 2026/7/31 11:59:45.442
[耗时] 134ms
[请求路径] https://inf.ds.163.com/v1/web/cooperate/plutus/cookie-exchange
[请求方式] GET
[请求参数] {"query":null,"body":null}
[请求头] {"Accept":"application/json, text/plain, */*","Content-Type":"application/json;charset=UTF-8","GL-X-XSRF-TOKEN":"96dca0c5-a0a8-42a3-aae7-ff273c8462e7","User-Agent":"Mozilla/5.0 (Windows NT 10.0; Win64; x64) AppleWebKit/537.36 (KHTML, like Gecko) Chrome/122.0.0.0 Safari/537.36","Origin":"https://pay.ds.163.com","Referer":"https://pay.ds.163.com/","GL-ClientType":"60","GL-DeviceId":"d6972664-c170-46f6-91f3-8079b501f7ef","GL-Uid":"ab3d60bdd8614464af937bc6c0be87cb","Accept-Encoding":"gzip, compress, deflate, br"}
[响应结果] {"httpStatus":200,"data":{"result":{"user":{"uid":"ab3d60bdd8614464af937bc6c0be87cb","nick":"lnl922","icon":"https://ok.166.net/reunionpub/3_20251102_19a403f87b2484815.jpeg","intro":"","gender":1,"frame":"64b92f13db5e2e0001e826b5","updateTime":1779774174407,"userSourceType":"URS"},"newUser":false},"code":200,"errmsg":"OK"}}
============================================================
============================================================
[请求时间] 2026/7/31 11:59:45.442
[响应时间] 2026/7/31 11:59:45.586
[耗时] 144ms
[请求路径] https://pay-api.ds.163.com/v1/web/init/server/time
[请求方式] GET
[请求参数] {"query":null,"body":null}
[请求头] {"Accept":"application/json, text/plain, */*","Content-Type":"application/json;charset=UTF-8","GL-X-XSRF-TOKEN":"96dca0c5-a0a8-42a3-aae7-ff273c8462e7","User-Agent":"Mozilla/5.0 (Windows NT 10.0; Win64; x64) AppleWebKit/537.36 (KHTML, like Gecko) Chrome/122.0.0.0 Safari/537.36","Origin":"https://pay.ds.163.com","Referer":"https://pay.ds.163.com/","GL-ClientType":"60","GL-DeviceId":"d6972664-c170-46f6-91f3-8079b501f7ef","GL-Uid":"ab3d60bdd8614464af937bc6c0be87cb","Accept-Encoding":"gzip, compress, deflate, br"}
[响应结果] {"httpStatus":404,"data":"<!DOCTYPE HTML PUBLIC \"-//W3C//DTD HTML 3.2 Final//EN\">\n<title>404 Not Found</title>\n<h1>Not Found</h1>\n<p>The requested URL was not found on the server. If you entered the URL manually please check your spelling and try again.</p>\n"}
============================================================
============================================================
[请求时间] 2026/7/31 11:59:45.586
[响应时间] 2026/7/31 11:59:45.651
[耗时] 65ms
[请求路径] https://inf.ds.163.com/v1/web/exp/xy/user/get-info
[请求方式] POST
[请求参数] {"query":null,"body":{}}
[请求头] {"Accept":"application/json, text/plain, */*","Content-Type":"application/json;charset=UTF-8","GL-X-XSRF-TOKEN":"96dca0c5-a0a8-42a3-aae7-ff273c8462e7","User-Agent":"Mozilla/5.0 (Windows NT 10.0; Win64; x64) AppleWebKit/537.36 (KHTML, like Gecko) Chrome/122.0.0.0 Safari/537.36","Origin":"https://pay.ds.163.com","Referer":"https://pay.ds.163.com/","GL-ClientType":"60","GL-DeviceId":"d6972664-c170-46f6-91f3-8079b501f7ef","GL-Uid":"ab3d60bdd8614464af937bc6c0be87cb","GL-CheckSum":"01bea09b7893e9959b40fa75e7f412c007e640fe","Content-Length":"2","Accept-Encoding":"gzip, compress, deflate, br"}
[响应结果] {"httpStatus":200,"data":{"result":{"growthPoint":392482,"currentLv":"V6","diffNextLvGrowthPoint":607518,"currentLvExpireDate":"20270626","currentLvExpire":1813939200000,"nextLv":"V7","activeGames":["l36"],"last365LoginGames":["l36"],"initDate":"20260626","lastLv":"V5"},"code":200,"errmsg":"OK"}}
============================================================
============================================================
[请求时间] 2026/7/31 11:59:45.651
[响应时间] 2026/7/31 11:59:45.703
[耗时] 52ms
[请求路径] https://inf.ds.163.com/v1/web/exp/week-coupon/showing-list-v2
[请求方式] POST
[请求参数] {"query":null,"body":{}}
[请求头] {"Accept":"application/json, text/plain, */*","Content-Type":"application/json;charset=UTF-8","GL-X-XSRF-TOKEN":"96dca0c5-a0a8-42a3-aae7-ff273c8462e7","User-Agent":"Mozilla/5.0 (Windows NT 10.0; Win64; x64) AppleWebKit/537.36 (KHTML, like Gecko) Chrome/122.0.0.0 Safari/537.36","Origin":"https://pay.ds.163.com","Referer":"https://pay.ds.163.com/","GL-ClientType":"60","GL-DeviceId":"d6972664-c170-46f6-91f3-8079b501f7ef","GL-Uid":"ab3d60bdd8614464af937bc6c0be87cb","GL-CheckSum":"01bea09b7893e9959b40fa75e7f412c007e640fe","Content-Length":"2","Accept-Encoding":"gzip, compress, deflate, br"}
[响应结果] {"httpStatus":200,"data":{"result":{"coupons":[{"couponId":"687076e69f3efd24cb2bed9c","name":"V1","amount":1,"xyLevel":"V1","seckillTime":"WEEKLY","periods":[{"weekDay":1,"seckillStartTime":1785124800000,"seckillEndTime":1785297599999,"status":"ENDED"},{"weekDay":3,"seckillStartTime":1785297600000,"seckillEndTime":1785470399999,"status":"PROGRESSING"},{"weekDay":5,"seckillStartTime":1785470400000,"seckillEndTime":1785729599999,"status":"NOT_STARTED"},{"weekDay":1,"seckillStartTime":1785729600000,"seckillEndTime":1785902399999,"status":"NOT_STARTED"},{"weekDay":3,"seckillStartTime":1785902400000,"seckillEndTime":1786075199999,"status":"NOT_STARTED"},{"weekDay":5,"seckillStartTime":1786075200000,"seckillEndTime":1785124799999,"status":"NOT_STARTED"}]},{"couponId":"68708657f56f912f57e063bf","name":"V2","amount":2,"xyLevel":"V2","seckillTime":"WEEKLY","periods":[{"weekDay":1,"seckillStartTime":1785124800000,"seckillEndTime":1785297599999,"status":"ENDED"},{"weekDay":3,"seckillStartTime":1785297600000,"seckillEndTime":1785470399999,"status":"PROGRESSING"},{"weekDay":5,"seckillStartTime":1785470400000,"seckillEndTime":1785729599999,"status":"NOT_STARTED"},{"weekDay":1,"seckillStartTime":1785729600000,"seckillEndTime":1785902399999,"status":"NOT_STARTED"},{"weekDay":3,"seckillStartTime":1785902400000,"seckillEndTime":1786075199999,"status":"NOT_STARTED"},{"weekDay":5,"seckillStartTime":1786075200000,"seckillEndTime":1785124799999,"status":"NOT_STARTED"}]},{"couponId":"6870867989fddd2bbdec96bc","name":"V3","amount":3,"xyLevel":"V3","seckillTime":"WEEKLY","periods":[{"weekDay":1,"seckillStartTime":1785124800000,"seckillEndTime":1785297599999,"status":"ENDED"},{"weekDay":3,"seckillStartTime":1785297600000,"seckillEndTime":1785470399999,"status":"PROGRESSING"},{"weekDay":5,"seckillStartTime":1785470400000,"seckillEndTime":1785729599999,"status":"NOT_STARTED"},{"weekDay":1,"seckillStartTime":1785729600000,"seckillEndTime":1785902399999,"status":"NOT_STARTED"},{"weekDay":3,"seckillStartTime":1785902400000,"seckillEndTime":1786075199999,"status":"NOT_STARTED"},{"weekDay":5,"seckillStartTime":1786075200000,"seckillEndTime":1785124799999,"status":"NOT_STARTED"}]},{"couponId":"6870869cf56f912f57e063c0","name":"V4","amount":8,"xyLevel":"V4","seckillTime":"WEEKLY","periods":[{"weekDay":1,"seckillStartTime":1785124800000,"seckillEndTime":1785297599999,"status":"ENDED"},{"weekDay":3,"seckillStartTime":1785297600000,"seckillEndTime":1785470399999,"status":"PROGRESSING"},{"weekDay":5,"seckillStartTime":1785470400000,"seckillEndTime":1785729599999,"status":"NOT_STARTED"},{"weekDay":1,"seckillStartTime":1785729600000,"seckillEndTime":1785902399999,"status":"NOT_STARTED"},{"weekDay":3,"seckillStartTime":1785902400000,"seckillEndTime":1786075199999,"status":"NOT_STARTED"},{"weekDay":5,"seckillStartTime":1786075200000,"seckillEndTime":1785124799999,"status":"NOT_STARTED"}]},{"couponId":"687086e33d0d02335c1804f4","name":"V5","amount":18,"xyLevel":"V5","seckillTime":"WEEKLY","periods":[{"weekDay":1,"seckillStartTime":1785124800000,"seckillEndTime":1785297599999,"status":"ENDED"},{"weekDay":3,"seckillStartTime":1785297600000,"seckillEndTime":1785470399999,"status":"PROGRESSING"},{"weekDay":5,"seckillStartTime":1785470400000,"seckillEndTime":1785729599999,"status":"NOT_STARTED"},{"weekDay":1,"seckillStartTime":1785729600000,"seckillEndTime":1785902399999,"status":"NOT_STARTED"},{"weekDay":3,"seckillStartTime":1785902400000,"seckillEndTime":1786075199999,"status":"NOT_STARTED"},{"weekDay":5,"seckillStartTime":1786075200000,"seckillEndTime":1785124799999,"status":"NOT_STARTED"}]},{"couponId":"68708705f56f912f57e063c3","name":"V6","amount":30,"xyLevel":"V6","seckillTime":"WEEKLY","periods":[{"weekDay":1,"seckillStartTime":1785124800000,"seckillEndTime":1785297599999,"status":"ENDED"},{"weekDay":3,"seckillStartTime":1785297600000,"seckillEndTime":1785470399999,"status":"PROGRESSING","acquiredStatus":"OUT_OF_STOCK","stockId":"68708705f56f912f57e063c3_WEEKLY_1785297600000","stockRemain":0},{"weekDay":5,"seckillStartTime":1785470400000,"seckillEndTime":1785729599999,"status":"NOT_STARTED"},{"weekDay":1,"seckillStartTime":1785729600000,"seckillEndTime":1785902399999,"status":"NOT_STARTED"},{"weekDay":3,"seckillStartTime":1785902400000,"seckillEndTime":1786075199999,"status":"NOT_STARTED"},{"weekDay":5,"seckillStartTime":1786075200000,"seckillEndTime":1785124799999,"status":"NOT_STARTED"}]},{"couponId":"6870872e89fddd2bbdec96bd","name":"V7","amount":75,"xyLevel":"V7","seckillTime":"WEEKLY","periods":[{"weekDay":1,"seckillStartTime":1785124800000,"seckillEndTime":1785297599999,"status":"ENDED"},{"weekDay":3,"seckillStartTime":1785297600000,"seckillEndTime":1785470399999,"status":"PROGRESSING"},{"weekDay":5,"seckillStartTime":1785470400000,"seckillEndTime":1785729599999,"status":"NOT_STARTED"},{"weekDay":1,"seckillStartTime":1785729600000,"seckillEndTime":1785902399999,"status":"NOT_STARTED"},{"weekDay":3,"seckillStartTime":1785902400000,"seckillEndTime":1786075199999,"status":"NOT_STARTED"},{"weekDay":5,"seckillStartTime":1786075200000,"seckillEndTime":1785124799999,"status":"NOT_STARTED"}]}]},"code":200,"errmsg":"OK"}}
============================================================
============================================================
[请求时间] 2026/7/31 11:59:45.809
[响应时间] 2026/7/31 11:59:45.891
[耗时] 82ms
[请求路径] https://inf.ds.163.com/v1/web/exp/week-coupon/showing-list-v2
[请求方式] POST
[请求参数] {"query":null,"body":{}}
[请求头] {"Accept":"application/json, text/plain, */*","Content-Type":"application/json;charset=UTF-8","GL-X-XSRF-TOKEN":"96dca0c5-a0a8-42a3-aae7-ff273c8462e7","User-Agent":"Mozilla/5.0 (Windows NT 10.0; Win64; x64) AppleWebKit/537.36 (KHTML, like Gecko) Chrome/122.0.0.0 Safari/537.36","Origin":"https://pay.ds.163.com","Referer":"https://pay.ds.163.com/","GL-ClientType":"60","GL-DeviceId":"d6972664-c170-46f6-91f3-8079b501f7ef","GL-Uid":"ab3d60bdd8614464af937bc6c0be87cb","GL-CheckSum":"01bea09b7893e9959b40fa75e7f412c007e640fe","Content-Length":"2","Accept-Encoding":"gzip, compress, deflate, br"}
[响应结果] {"httpStatus":200,"data":{"result":{"coupons":[{"couponId":"687076e69f3efd24cb2bed9c","name":"V1","amount":1,"xyLevel":"V1","seckillTime":"WEEKLY","periods":[{"weekDay":1,"seckillStartTime":1785124800000,"seckillEndTime":1785297599999,"status":"ENDED"},{"weekDay":3,"seckillStartTime":1785297600000,"seckillEndTime":1785470399999,"status":"PROGRESSING"},{"weekDay":5,"seckillStartTime":1785470400000,"seckillEndTime":1785729599999,"status":"NOT_STARTED"},{"weekDay":1,"seckillStartTime":1785729600000,"seckillEndTime":1785902399999,"status":"NOT_STARTED"},{"weekDay":3,"seckillStartTime":1785902400000,"seckillEndTime":1786075199999,"status":"NOT_STARTED"},{"weekDay":5,"seckillStartTime":1786075200000,"seckillEndTime":1785124799999,"status":"NOT_STARTED"}]},{"couponId":"68708657f56f912f57e063bf","name":"V2","amount":2,"xyLevel":"V2","seckillTime":"WEEKLY","periods":[{"weekDay":1,"seckillStartTime":1785124800000,"seckillEndTime":1785297599999,"status":"ENDED"},{"weekDay":3,"seckillStartTime":1785297600000,"seckillEndTime":1785470399999,"status":"PROGRESSING"},{"weekDay":5,"seckillStartTime":1785470400000,"seckillEndTime":1785729599999,"status":"NOT_STARTED"},{"weekDay":1,"seckillStartTime":1785729600000,"seckillEndTime":1785902399999,"status":"NOT_STARTED"},{"weekDay":3,"seckillStartTime":1785902400000,"seckillEndTime":1786075199999,"status":"NOT_STARTED"},{"weekDay":5,"seckillStartTime":1786075200000,"seckillEndTime":1785124799999,"status":"NOT_STARTED"}]},{"couponId":"6870867989fddd2bbdec96bc","name":"V3","amount":3,"xyLevel":"V3","seckillTime":"WEEKLY","periods":[{"weekDay":1,"seckillStartTime":1785124800000,"seckillEndTime":1785297599999,"status":"ENDED"},{"weekDay":3,"seckillStartTime":1785297600000,"seckillEndTime":1785470399999,"status":"PROGRESSING"},{"weekDay":5,"seckillStartTime":1785470400000,"seckillEndTime":1785729599999,"status":"NOT_STARTED"},{"weekDay":1,"seckillStartTime":1785729600000,"seckillEndTime":1785902399999,"status":"NOT_STARTED"},{"weekDay":3,"seckillStartTime":1785902400000,"seckillEndTime":1786075199999,"status":"NOT_STARTED"},{"weekDay":5,"seckillStartTime":1786075200000,"seckillEndTime":1785124799999,"status":"NOT_STARTED"}]},{"couponId":"6870869cf56f912f57e063c0","name":"V4","amount":8,"xyLevel":"V4","seckillTime":"WEEKLY","periods":[{"weekDay":1,"seckillStartTime":1785124800000,"seckillEndTime":1785297599999,"status":"ENDED"},{"weekDay":3,"seckillStartTime":1785297600000,"seckillEndTime":1785470399999,"status":"PROGRESSING"},{"weekDay":5,"seckillStartTime":1785470400000,"seckillEndTime":1785729599999,"status":"NOT_STARTED"},{"weekDay":1,"seckillStartTime":1785729600000,"seckillEndTime":1785902399999,"status":"NOT_STARTED"},{"weekDay":3,"seckillStartTime":1785902400000,"seckillEndTime":1786075199999,"status":"NOT_STARTED"},{"weekDay":5,"seckillStartTime":1786075200000,"seckillEndTime":1785124799999,"status":"NOT_STARTED"}]},{"couponId":"687086e33d0d02335c1804f4","name":"V5","amount":18,"xyLevel":"V5","seckillTime":"WEEKLY","periods":[{"weekDay":1,"seckillStartTime":1785124800000,"seckillEndTime":1785297599999,"status":"ENDED"},{"weekDay":3,"seckillStartTime":1785297600000,"seckillEndTime":1785470399999,"status":"PROGRESSING"},{"weekDay":5,"seckillStartTime":1785470400000,"seckillEndTime":1785729599999,"status":"NOT_STARTED"},{"weekDay":1,"seckillStartTime":1785729600000,"seckillEndTime":1785902399999,"status":"NOT_STARTED"},{"weekDay":3,"seckillStartTime":1785902400000,"seckillEndTime":1786075199999,"status":"NOT_STARTED"},{"weekDay":5,"seckillStartTime":1786075200000,"seckillEndTime":1785124799999,"status":"NOT_STARTED"}]},{"couponId":"68708705f56f912f57e063c3","name":"V6","amount":30,"xyLevel":"V6","seckillTime":"WEEKLY","periods":[{"weekDay":1,"seckillStartTime":1785124800000,"seckillEndTime":1785297599999,"status":"ENDED"},{"weekDay":3,"seckillStartTime":1785297600000,"seckillEndTime":1785470399999,"status":"PROGRESSING","acquiredStatus":"OUT_OF_STOCK","stockId":"68708705f56f912f57e063c3_WEEKLY_1785297600000","stockRemain":0},{"weekDay":5,"seckillStartTime":1785470400000,"seckillEndTime":1785729599999,"status":"NOT_STARTED"},{"weekDay":1,"seckillStartTime":1785729600000,"seckillEndTime":1785902399999,"status":"NOT_STARTED"},{"weekDay":3,"seckillStartTime":1785902400000,"seckillEndTime":1786075199999,"status":"NOT_STARTED"},{"weekDay":5,"seckillStartTime":1786075200000,"seckillEndTime":1785124799999,"status":"NOT_STARTED"}]},{"couponId":"6870872e89fddd2bbdec96bd","name":"V7","amount":75,"xyLevel":"V7","seckillTime":"WEEKLY","periods":[{"weekDay":1,"seckillStartTime":1785124800000,"seckillEndTime":1785297599999,"status":"ENDED"},{"weekDay":3,"seckillStartTime":1785297600000,"seckillEndTime":1785470399999,"status":"PROGRESSING"},{"weekDay":5,"seckillStartTime":1785470400000,"seckillEndTime":1785729599999,"status":"NOT_STARTED"},{"weekDay":1,"seckillStartTime":1785729600000,"seckillEndTime":1785902399999,"status":"NOT_STARTED"},{"weekDay":3,"seckillStartTime":1785902400000,"seckillEndTime":1786075199999,"status":"NOT_STARTED"},{"weekDay":5,"seckillStartTime":1786075200000,"seckillEndTime":1785124799999,"status":"NOT_STARTED"}]}]},"code":200,"errmsg":"OK"}}
============================================================
============================================================
[请求时间] 2026/7/31 11:59:45.891
[响应时间] 2026/7/31 11:59:46.042
[耗时] 151ms
[请求路径] https://pay-api.ds.163.com/v1/web/init/server/time
[请求方式] GET
[请求参数] {"query":null,"body":null}
[请求头] {"Accept":"application/json, text/plain, */*","Content-Type":"application/json;charset=UTF-8","GL-X-XSRF-TOKEN":"96dca0c5-a0a8-42a3-aae7-ff273c8462e7","User-Agent":"Mozilla/5.0 (Windows NT 10.0; Win64; x64) AppleWebKit/537.36 (KHTML, like Gecko) Chrome/122.0.0.0 Safari/537.36","Origin":"https://pay.ds.163.com","Referer":"https://pay.ds.163.com/","GL-ClientType":"60","GL-DeviceId":"d6972664-c170-46f6-91f3-8079b501f7ef","GL-Uid":"ab3d60bdd8614464af937bc6c0be87cb","Accept-Encoding":"gzip, compress, deflate, br"}
[响应结果] {"httpStatus":404,"data":"<!DOCTYPE HTML PUBLIC \"-//W3C//DTD HTML 3.2 Final//EN\">\n<title>404 Not Found</title>\n<h1>Not Found</h1>\n<p>The requested URL was not found on the server. If you entered the URL manually please check your spelling and try again.</p>\n"}
============================================================
============================================================
[请求时间] 2026/7/31 11:59:59.908
[响应时间] 2026/7/31 12:00:00.070
[耗时] 162ms
[请求路径] https://pay-api.ds.163.com/v1/web/init/server/time
[请求方式] GET
[请求参数] {"query":null,"body":null}
[请求头] {"Accept":"application/json, text/plain, */*","Content-Type":"application/json;charset=UTF-8","GL-X-XSRF-TOKEN":"96dca0c5-a0a8-42a3-aae7-ff273c8462e7","User-Agent":"Mozilla/5.0 (Windows NT 10.0; Win64; x64) AppleWebKit/537.36 (KHTML, like Gecko) Chrome/122.0.0.0 Safari/537.36","Origin":"https://pay.ds.163.com","Referer":"https://pay.ds.163.com/","GL-ClientType":"60","GL-DeviceId":"d6972664-c170-46f6-91f3-8079b501f7ef","GL-Uid":"ab3d60bdd8614464af937bc6c0be87cb","Accept-Encoding":"gzip, compress, deflate, br"}
[响应结果] {"httpStatus":404,"data":"<!DOCTYPE HTML PUBLIC \"-//W3C//DTD HTML 3.2 Final//EN\">\n<title>404 Not Found</title>\n<h1>Not Found</h1>\n<p>The requested URL was not found on the server. If you entered the URL manually please check your spelling and try again.</p>\n"}
============================================================
============================================================
[请求时间] 2026/7/31 12:00:00.070
[响应时间] 2026/7/31 12:00:00.931
[耗时] 861ms
[请求路径] https://inf.ds.163.com/v1/web/exp/week-coupon/acquire
[请求方式] POST
[请求参数] {"query":null,"body":{"couponId":"68708705f56f912f57e063c3","stockId":"68708705f56f912f57e063c3_WEEKLY_1785470400000"}}
[请求头] {"Accept":"application/json, text/plain, */*","Content-Type":"application/json;charset=UTF-8","GL-X-XSRF-TOKEN":"96dca0c5-a0a8-42a3-aae7-ff273c8462e7","User-Agent":"Mozilla/5.0 (Windows NT 10.0; Win64; x64) AppleWebKit/537.36 (KHTML, like Gecko) Chrome/122.0.0.0 Safari/537.36","Origin":"https://pay.ds.163.com","Referer":"https://pay.ds.163.com/","GL-ClientType":"60","GL-DeviceId":"d6972664-c170-46f6-91f3-8079b501f7ef","GL-Uid":"ab3d60bdd8614464af937bc6c0be87cb","GL-CheckSum":"eb652891eb3c4415e24e0ac8ae46f660374dee48","Content-Length":"97","Accept-Encoding":"gzip, compress, deflate, br"}
[响应结果] {"httpStatus":200,"data":{"code":40008,"errmsg":"当前库存已不足，敬请参与下期活动噢"}}
============================================================
============================================================
[请求时间] 2026/7/31 12:00:01.941
[响应时间] 2026/7/31 12:00:02.934
[耗时] 993ms
[请求路径] https://inf.ds.163.com/v1/web/exp/week-coupon/acquire
[请求方式] POST
[请求参数] {"query":null,"body":{"couponId":"68708705f56f912f57e063c3","stockId":"68708705f56f912f57e063c3_WEEKLY_1785470400000"}}
[请求头] {"Accept":"application/json, text/plain, */*","Content-Type":"application/json;charset=UTF-8","GL-X-XSRF-TOKEN":"96dca0c5-a0a8-42a3-aae7-ff273c8462e7","User-Agent":"Mozilla/5.0 (Windows NT 10.0; Win64; x64) AppleWebKit/537.36 (KHTML, like Gecko) Chrome/122.0.0.0 Safari/537.36","Origin":"https://pay.ds.163.com","Referer":"https://pay.ds.163.com/","GL-ClientType":"60","GL-DeviceId":"d6972664-c170-46f6-91f3-8079b501f7ef","GL-Uid":"ab3d60bdd8614464af937bc6c0be87cb","GL-CheckSum":"eb652891eb3c4415e24e0ac8ae46f660374dee48","Content-Length":"97","Accept-Encoding":"gzip, compress, deflate, br"}
[响应结果] {"httpStatus":200,"data":{"code":40008,"errmsg":"当前库存已不足，敬请参与下期活动噢"}}
============================================================
============================================================
[请求时间] 2026/7/31 12:00:03.938
[响应时间] 2026/7/31 12:00:05.183
[耗时] 1245ms
[请求路径] https://inf.ds.163.com/v1/web/exp/week-coupon/acquire
[请求方式] POST
[请求参数] {"query":null,"body":{"couponId":"68708705f56f912f57e063c3","stockId":"68708705f56f912f57e063c3_WEEKLY_1785470400000"}}
[请求头] {"Accept":"application/json, text/plain, */*","Content-Type":"application/json;charset=UTF-8","GL-X-XSRF-TOKEN":"96dca0c5-a0a8-42a3-aae7-ff273c8462e7","User-Agent":"Mozilla/5.0 (Windows NT 10.0; Win64; x64) AppleWebKit/537.36 (KHTML, like Gecko) Chrome/122.0.0.0 Safari/537.36","Origin":"https://pay.ds.163.com","Referer":"https://pay.ds.163.com/","GL-ClientType":"60","GL-DeviceId":"d6972664-c170-46f6-91f3-8079b501f7ef","GL-Uid":"ab3d60bdd8614464af937bc6c0be87cb","GL-CheckSum":"eb652891eb3c4415e24e0ac8ae46f660374dee48","Content-Length":"97","Accept-Encoding":"gzip, compress, deflate, br"}
[响应结果] {"httpStatus":200,"data":{"code":40008,"errmsg":"当前库存已不足，敬请参与下期活动噢"}}
============================================================
============================================================
[请求时间] 2026/7/31 12:00:06.189
[响应时间] 2026/7/31 12:00:06.276
[耗时] 87ms
[请求路径] https://inf.ds.163.com/v1/web/exp/week-coupon/acquire
[请求方式] POST
[请求参数] {"query":null,"body":{"couponId":"68708705f56f912f57e063c3","stockId":"68708705f56f912f57e063c3_WEEKLY_1785470400000"}}
[请求头] {"Accept":"application/json, text/plain, */*","Content-Type":"application/json;charset=UTF-8","GL-X-XSRF-TOKEN":"96dca0c5-a0a8-42a3-aae7-ff273c8462e7","User-Agent":"Mozilla/5.0 (Windows NT 10.0; Win64; x64) AppleWebKit/537.36 (KHTML, like Gecko) Chrome/122.0.0.0 Safari/537.36","Origin":"https://pay.ds.163.com","Referer":"https://pay.ds.163.com/","GL-ClientType":"60","GL-DeviceId":"d6972664-c170-46f6-91f3-8079b501f7ef","GL-Uid":"ab3d60bdd8614464af937bc6c0be87cb","GL-CheckSum":"eb652891eb3c4415e24e0ac8ae46f660374dee48","Content-Length":"97","Accept-Encoding":"gzip, compress, deflate, br"}
[响应结果] {"httpStatus":200,"data":{"code":40008,"errmsg":"当前库存已不足，敬请参与下期活动噢"}}
============================================================
============================================================
[请求时间] 2026/7/31 12:00:07.291
[响应时间] 2026/7/31 12:00:07.352
[耗时] 61ms
[请求路径] https://inf.ds.163.com/v1/web/exp/week-coupon/acquire
[请求方式] POST
[请求参数] {"query":null,"body":{"couponId":"68708705f56f912f57e063c3","stockId":"68708705f56f912f57e063c3_WEEKLY_1785470400000"}}
[请求头] {"Accept":"application/json, text/plain, */*","Content-Type":"application/json;charset=UTF-8","GL-X-XSRF-TOKEN":"96dca0c5-a0a8-42a3-aae7-ff273c8462e7","User-Agent":"Mozilla/5.0 (Windows NT 10.0; Win64; x64) AppleWebKit/537.36 (KHTML, like Gecko) Chrome/122.0.0.0 Safari/537.36","Origin":"https://pay.ds.163.com","Referer":"https://pay.ds.163.com/","GL-ClientType":"60","GL-DeviceId":"d6972664-c170-46f6-91f3-8079b501f7ef","GL-Uid":"ab3d60bdd8614464af937bc6c0be87cb","GL-CheckSum":"eb652891eb3c4415e24e0ac8ae46f660374dee48","Content-Length":"97","Accept-Encoding":"gzip, compress, deflate, br"}
[响应结果] {"httpStatus":200,"data":{"code":40008,"errmsg":"当前库存已不足，敬请参与下期活动噢"}}
============================================================
============================================================
[请求时间] 2026/7/31 12:00:08.357
[响应时间] 2026/7/31 12:00:08.446
[耗时] 89ms
[请求路径] https://inf.ds.163.com/v1/web/exp/week-coupon/acquire
[请求方式] POST
[请求参数] {"query":null,"body":{"couponId":"68708705f56f912f57e063c3","stockId":"68708705f56f912f57e063c3_WEEKLY_1785470400000"}}
[请求头] {"Accept":"application/json, text/plain, */*","Content-Type":"application/json;charset=UTF-8","GL-X-XSRF-TOKEN":"96dca0c5-a0a8-42a3-aae7-ff273c8462e7","User-Agent":"Mozilla/5.0 (Windows NT 10.0; Win64; x64) AppleWebKit/537.36 (KHTML, like Gecko) Chrome/122.0.0.0 Safari/537.36","Origin":"https://pay.ds.163.com","Referer":"https://pay.ds.163.com/","GL-ClientType":"60","GL-DeviceId":"d6972664-c170-46f6-91f3-8079b501f7ef","GL-Uid":"ab3d60bdd8614464af937bc6c0be87cb","GL-CheckSum":"eb652891eb3c4415e24e0ac8ae46f660374dee48","Content-Length":"97","Accept-Encoding":"gzip, compress, deflate, br"}
[响应结果] {"httpStatus":200,"data":{"code":40008,"errmsg":"当前库存已不足，敬请参与下期活动噢"}}
============================================================
============================================================
[请求时间] 2026/7/31 12:00:09.457
[响应时间] 2026/7/31 12:00:09.527
[耗时] 70ms
[请求路径] https://inf.ds.163.com/v1/web/exp/week-coupon/acquire
[请求方式] POST
[请求参数] {"query":null,"body":{"couponId":"68708705f56f912f57e063c3","stockId":"68708705f56f912f57e063c3_WEEKLY_1785470400000"}}
[请求头] {"Accept":"application/json, text/plain, */*","Content-Type":"application/json;charset=UTF-8","GL-X-XSRF-TOKEN":"96dca0c5-a0a8-42a3-aae7-ff273c8462e7","User-Agent":"Mozilla/5.0 (Windows NT 10.0; Win64; x64) AppleWebKit/537.36 (KHTML, like Gecko) Chrome/122.0.0.0 Safari/537.36","Origin":"https://pay.ds.163.com","Referer":"https://pay.ds.163.com/","GL-ClientType":"60","GL-DeviceId":"d6972664-c170-46f6-91f3-8079b501f7ef","GL-Uid":"ab3d60bdd8614464af937bc6c0be87cb","GL-CheckSum":"eb652891eb3c4415e24e0ac8ae46f660374dee48","Content-Length":"97","Accept-Encoding":"gzip, compress, deflate, br"}
[响应结果] {"httpStatus":200,"data":{"code":40008,"errmsg":"当前库存已不足，敬请参与下期活动噢"}}
============================================================
============================================================
[请求时间] 2026/7/31 14:06:21.292
[响应时间] 2026/7/31 14:06:21.476
[耗时] 184ms
[请求路径] https://pay-api.ds.163.com/v1/web/init/server/time
[请求方式] GET
[请求参数] {"query":null,"body":null}
[请求头] {"Accept":"application/json, text/plain, */*","Content-Type":"application/json;charset=UTF-8","User-Agent":"Mozilla/5.0 (Windows NT 10.0; Win64; x64) AppleWebKit/537.36 (KHTML, like Gecko) Chrome/122.0.0.0 Safari/537.36","Origin":"https://pay.ds.163.com","Referer":"https://pay.ds.163.com/","GL-ClientType":"60","GL-DeviceId":"d6972664-c170-46f6-91f3-8079b501f7ef","GL-Uid":"ab3d60bdd8614464af937bc6c0be87cb","GL-X-XSRF-TOKEN":"96dca0c5-a0a8-42a3-aae7-ff273c8462e7","Accept-Encoding":"gzip, compress, deflate, br"}
[响应结果] {"httpStatus":404,"data":"<!DOCTYPE HTML PUBLIC \"-//W3C//DTD HTML 3.2 Final//EN\">\n<title>404 Not Found</title>\n<h1>Not Found</h1>\n<p>The requested URL was not found on the server. If you entered the URL manually please check your spelling and try again.</p>\n"}
============================================================
============================================================
[请求时间] 2026/7/31 14:06:21.477
[响应时间] 2026/7/31 14:06:21.614
[耗时] 137ms
[请求路径] https://pay-api.ds.163.com/api/nlogin
[请求方式] GET
[请求参数] {"query":{},"body":null}
[请求头] {"Accept":"application/json, text/plain, */*","Content-Type":"application/json;charset=UTF-8","GL-X-XSRF-TOKEN":"96dca0c5-a0a8-42a3-aae7-ff273c8462e7","User-Agent":"Mozilla/5.0 (Windows NT 10.0; Win64; x64) AppleWebKit/537.36 (KHTML, like Gecko) Chrome/122.0.0.0 Safari/537.36","Origin":"https://pay.ds.163.com","Referer":"https://pay.ds.163.com/","GL-ClientType":"60","GL-DeviceId":"d6972664-c170-46f6-91f3-8079b501f7ef","GL-Uid":"ab3d60bdd8614464af937bc6c0be87cb","Accept-Encoding":"gzip, compress, deflate, br"}
[响应结果] {"httpStatus":200,"data":{"code":413,"msg":"登录失败"}}
============================================================
============================================================
[请求时间] 2026/7/31 14:06:21.615
[响应时间] 2026/7/31 14:06:21.783
[耗时] 168ms
[请求路径] https://inf.ds.163.com/v1/web/cooperate/plutus/cookie-exchange
[请求方式] GET
[请求参数] {"query":null,"body":null}
[请求头] {"Accept":"application/json, text/plain, */*","Content-Type":"application/json;charset=UTF-8","GL-X-XSRF-TOKEN":"96dca0c5-a0a8-42a3-aae7-ff273c8462e7","User-Agent":"Mozilla/5.0 (Windows NT 10.0; Win64; x64) AppleWebKit/537.36 (KHTML, like Gecko) Chrome/122.0.0.0 Safari/537.36","Origin":"https://pay.ds.163.com","Referer":"https://pay.ds.163.com/","GL-ClientType":"60","GL-DeviceId":"d6972664-c170-46f6-91f3-8079b501f7ef","GL-Uid":"ab3d60bdd8614464af937bc6c0be87cb","Accept-Encoding":"gzip, compress, deflate, br"}
[响应结果] {"httpStatus":200,"data":{"result":{"user":{"uid":"ab3d60bdd8614464af937bc6c0be87cb","nick":"lnl922","icon":"https://ok.166.net/reunionpub/3_20251102_19a403f87b2484815.jpeg","intro":"","gender":1,"frame":"64b92f13db5e2e0001e826b5","updateTime":1779774174407,"userSourceType":"URS"},"newUser":false},"code":200,"errmsg":"OK"}}
============================================================
============================================================
[请求时间] 2026/7/31 14:06:21.784
[响应时间] 2026/7/31 14:06:21.932
[耗时] 148ms
[请求路径] https://pay-api.ds.163.com/v1/web/init/server/time
[请求方式] GET
[请求参数] {"query":null,"body":null}
[请求头] {"Accept":"application/json, text/plain, */*","Content-Type":"application/json;charset=UTF-8","GL-X-XSRF-TOKEN":"96dca0c5-a0a8-42a3-aae7-ff273c8462e7","User-Agent":"Mozilla/5.0 (Windows NT 10.0; Win64; x64) AppleWebKit/537.36 (KHTML, like Gecko) Chrome/122.0.0.0 Safari/537.36","Origin":"https://pay.ds.163.com","Referer":"https://pay.ds.163.com/","GL-ClientType":"60","GL-DeviceId":"d6972664-c170-46f6-91f3-8079b501f7ef","GL-Uid":"ab3d60bdd8614464af937bc6c0be87cb","Accept-Encoding":"gzip, compress, deflate, br"}
[响应结果] {"httpStatus":404,"data":"<!DOCTYPE HTML PUBLIC \"-//W3C//DTD HTML 3.2 Final//EN\">\n<title>404 Not Found</title>\n<h1>Not Found</h1>\n<p>The requested URL was not found on the server. If you entered the URL manually please check your spelling and try again.</p>\n"}
============================================================
============================================================
[请求时间] 2026/7/31 14:06:21.932
[响应时间] 2026/7/31 14:06:22.031
[耗时] 99ms
[请求路径] https://inf.ds.163.com/v1/web/exp/xy/user/get-info
[请求方式] POST
[请求参数] {"query":null,"body":{}}
[请求头] {"Accept":"application/json, text/plain, */*","Content-Type":"application/json;charset=UTF-8","GL-X-XSRF-TOKEN":"96dca0c5-a0a8-42a3-aae7-ff273c8462e7","User-Agent":"Mozilla/5.0 (Windows NT 10.0; Win64; x64) AppleWebKit/537.36 (KHTML, like Gecko) Chrome/122.0.0.0 Safari/537.36","Origin":"https://pay.ds.163.com","Referer":"https://pay.ds.163.com/","GL-ClientType":"60","GL-DeviceId":"d6972664-c170-46f6-91f3-8079b501f7ef","GL-Uid":"ab3d60bdd8614464af937bc6c0be87cb","GL-CheckSum":"01bea09b7893e9959b40fa75e7f412c007e640fe","Content-Length":"2","Accept-Encoding":"gzip, compress, deflate, br"}
[响应结果] {"httpStatus":200,"data":{"result":{"growthPoint":392482,"currentLv":"V6","diffNextLvGrowthPoint":607518,"currentLvExpireDate":"20270626","currentLvExpire":1813939200000,"nextLv":"V7","activeGames":["l36"],"last365LoginGames":["l36"],"initDate":"20260626","lastLv":"V5"},"code":200,"errmsg":"OK"}}
============================================================
============================================================
[请求时间] 2026/7/31 14:06:22.032
[响应时间] 2026/7/31 14:06:22.096
[耗时] 64ms
[请求路径] https://inf.ds.163.com/v1/web/exp/week-coupon/showing-list-v2
[请求方式] POST
[请求参数] {"query":null,"body":{}}
[请求头] {"Accept":"application/json, text/plain, */*","Content-Type":"application/json;charset=UTF-8","GL-X-XSRF-TOKEN":"96dca0c5-a0a8-42a3-aae7-ff273c8462e7","User-Agent":"Mozilla/5.0 (Windows NT 10.0; Win64; x64) AppleWebKit/537.36 (KHTML, like Gecko) Chrome/122.0.0.0 Safari/537.36","Origin":"https://pay.ds.163.com","Referer":"https://pay.ds.163.com/","GL-ClientType":"60","GL-DeviceId":"d6972664-c170-46f6-91f3-8079b501f7ef","GL-Uid":"ab3d60bdd8614464af937bc6c0be87cb","GL-CheckSum":"01bea09b7893e9959b40fa75e7f412c007e640fe","Content-Length":"2","Accept-Encoding":"gzip, compress, deflate, br"}
[响应结果] {"httpStatus":200,"data":{"result":{"coupons":[{"couponId":"687076e69f3efd24cb2bed9c","name":"V1","amount":1,"xyLevel":"V1","seckillTime":"WEEKLY","periods":[{"weekDay":3,"seckillStartTime":1785297600000,"seckillEndTime":1785470399999,"status":"ENDED"},{"weekDay":5,"seckillStartTime":1785470400000,"seckillEndTime":1785729599999,"status":"PROGRESSING"},{"weekDay":1,"seckillStartTime":1785729600000,"seckillEndTime":1785902399999,"status":"NOT_STARTED"},{"weekDay":3,"seckillStartTime":1785902400000,"seckillEndTime":1786075199999,"status":"NOT_STARTED"},{"weekDay":5,"seckillStartTime":1786075200000,"seckillEndTime":1785124799999,"status":"NOT_STARTED"}]},{"couponId":"68708657f56f912f57e063bf","name":"V2","amount":2,"xyLevel":"V2","seckillTime":"WEEKLY","periods":[{"weekDay":3,"seckillStartTime":1785297600000,"seckillEndTime":1785470399999,"status":"ENDED"},{"weekDay":5,"seckillStartTime":1785470400000,"seckillEndTime":1785729599999,"status":"PROGRESSING"},{"weekDay":1,"seckillStartTime":1785729600000,"seckillEndTime":1785902399999,"status":"NOT_STARTED"},{"weekDay":3,"seckillStartTime":1785902400000,"seckillEndTime":1786075199999,"status":"NOT_STARTED"},{"weekDay":5,"seckillStartTime":1786075200000,"seckillEndTime":1785124799999,"status":"NOT_STARTED"}]},{"couponId":"6870867989fddd2bbdec96bc","name":"V3","amount":3,"xyLevel":"V3","seckillTime":"WEEKLY","periods":[{"weekDay":3,"seckillStartTime":1785297600000,"seckillEndTime":1785470399999,"status":"ENDED"},{"weekDay":5,"seckillStartTime":1785470400000,"seckillEndTime":1785729599999,"status":"PROGRESSING"},{"weekDay":1,"seckillStartTime":1785729600000,"seckillEndTime":1785902399999,"status":"NOT_STARTED"},{"weekDay":3,"seckillStartTime":1785902400000,"seckillEndTime":1786075199999,"status":"NOT_STARTED"},{"weekDay":5,"seckillStartTime":1786075200000,"seckillEndTime":1785124799999,"status":"NOT_STARTED"}]},{"couponId":"6870869cf56f912f57e063c0","name":"V4","amount":8,"xyLevel":"V4","seckillTime":"WEEKLY","periods":[{"weekDay":3,"seckillStartTime":1785297600000,"seckillEndTime":1785470399999,"status":"ENDED"},{"weekDay":5,"seckillStartTime":1785470400000,"seckillEndTime":1785729599999,"status":"PROGRESSING"},{"weekDay":1,"seckillStartTime":1785729600000,"seckillEndTime":1785902399999,"status":"NOT_STARTED"},{"weekDay":3,"seckillStartTime":1785902400000,"seckillEndTime":1786075199999,"status":"NOT_STARTED"},{"weekDay":5,"seckillStartTime":1786075200000,"seckillEndTime":1785124799999,"status":"NOT_STARTED"}]},{"couponId":"687086e33d0d02335c1804f4","name":"V5","amount":18,"xyLevel":"V5","seckillTime":"WEEKLY","periods":[{"weekDay":3,"seckillStartTime":1785297600000,"seckillEndTime":1785470399999,"status":"ENDED"},{"weekDay":5,"seckillStartTime":1785470400000,"seckillEndTime":1785729599999,"status":"PROGRESSING"},{"weekDay":1,"seckillStartTime":1785729600000,"seckillEndTime":1785902399999,"status":"NOT_STARTED"},{"weekDay":3,"seckillStartTime":1785902400000,"seckillEndTime":1786075199999,"status":"NOT_STARTED"},{"weekDay":5,"seckillStartTime":1786075200000,"seckillEndTime":1785124799999,"status":"NOT_STARTED"}]},{"couponId":"68708705f56f912f57e063c3","name":"V6","amount":30,"xyLevel":"V6","seckillTime":"WEEKLY","periods":[{"weekDay":3,"seckillStartTime":1785297600000,"seckillEndTime":1785470399999,"status":"ENDED"},{"weekDay":5,"seckillStartTime":1785470400000,"seckillEndTime":1785729599999,"status":"PROGRESSING","acquiredStatus":"OUT_OF_STOCK","stockId":"68708705f56f912f57e063c3_WEEKLY_1785470400000","stockRemain":0},{"weekDay":1,"seckillStartTime":1785729600000,"seckillEndTime":1785902399999,"status":"NOT_STARTED"},{"weekDay":3,"seckillStartTime":1785902400000,"seckillEndTime":1786075199999,"status":"NOT_STARTED"},{"weekDay":5,"seckillStartTime":1786075200000,"seckillEndTime":1785124799999,"status":"NOT_STARTED"}]},{"couponId":"6870872e89fddd2bbdec96bd","name":"V7","amount":75,"xyLevel":"V7","seckillTime":"WEEKLY","periods":[{"weekDay":3,"seckillStartTime":1785297600000,"seckillEndTime":1785470399999,"status":"ENDED"},{"weekDay":5,"seckillStartTime":1785470400000,"seckillEndTime":1785729599999,"status":"PROGRESSING"},{"weekDay":1,"seckillStartTime":1785729600000,"seckillEndTime":1785902399999,"status":"NOT_STARTED"},{"weekDay":3,"seckillStartTime":1785902400000,"seckillEndTime":1786075199999,"status":"NOT_STARTED"},{"weekDay":5,"seckillStartTime":1786075200000,"seckillEndTime":1785124799999,"status":"NOT_STARTED"}]}]},"code":200,"errmsg":"OK"}}
============================================================
============================================================
[请求时间] 2026/7/31 14:06:22.412
[响应时间] 2026/7/31 14:06:22.480
[耗时] 68ms
[请求路径] https://inf.ds.163.com/v1/web/exp/week-coupon/showing-list-v2
[请求方式] POST
[请求参数] {"query":null,"body":{}}
[请求头] {"Accept":"application/json, text/plain, */*","Content-Type":"application/json;charset=UTF-8","GL-X-XSRF-TOKEN":"96dca0c5-a0a8-42a3-aae7-ff273c8462e7","User-Agent":"Mozilla/5.0 (Windows NT 10.0; Win64; x64) AppleWebKit/537.36 (KHTML, like Gecko) Chrome/122.0.0.0 Safari/537.36","Origin":"https://pay.ds.163.com","Referer":"https://pay.ds.163.com/","GL-ClientType":"60","GL-DeviceId":"d6972664-c170-46f6-91f3-8079b501f7ef","GL-Uid":"ab3d60bdd8614464af937bc6c0be87cb","GL-CheckSum":"01bea09b7893e9959b40fa75e7f412c007e640fe","Content-Length":"2","Accept-Encoding":"gzip, compress, deflate, br"}
[响应结果] {"httpStatus":200,"data":{"result":{"coupons":[{"couponId":"687076e69f3efd24cb2bed9c","name":"V1","amount":1,"xyLevel":"V1","seckillTime":"WEEKLY","periods":[{"weekDay":3,"seckillStartTime":1785297600000,"seckillEndTime":1785470399999,"status":"ENDED"},{"weekDay":5,"seckillStartTime":1785470400000,"seckillEndTime":1785729599999,"status":"PROGRESSING"},{"weekDay":1,"seckillStartTime":1785729600000,"seckillEndTime":1785902399999,"status":"NOT_STARTED"},{"weekDay":3,"seckillStartTime":1785902400000,"seckillEndTime":1786075199999,"status":"NOT_STARTED"},{"weekDay":5,"seckillStartTime":1786075200000,"seckillEndTime":1785124799999,"status":"NOT_STARTED"}]},{"couponId":"68708657f56f912f57e063bf","name":"V2","amount":2,"xyLevel":"V2","seckillTime":"WEEKLY","periods":[{"weekDay":3,"seckillStartTime":1785297600000,"seckillEndTime":1785470399999,"status":"ENDED"},{"weekDay":5,"seckillStartTime":1785470400000,"seckillEndTime":1785729599999,"status":"PROGRESSING"},{"weekDay":1,"seckillStartTime":1785729600000,"seckillEndTime":1785902399999,"status":"NOT_STARTED"},{"weekDay":3,"seckillStartTime":1785902400000,"seckillEndTime":1786075199999,"status":"NOT_STARTED"},{"weekDay":5,"seckillStartTime":1786075200000,"seckillEndTime":1785124799999,"status":"NOT_STARTED"}]},{"couponId":"6870867989fddd2bbdec96bc","name":"V3","amount":3,"xyLevel":"V3","seckillTime":"WEEKLY","periods":[{"weekDay":3,"seckillStartTime":1785297600000,"seckillEndTime":1785470399999,"status":"ENDED"},{"weekDay":5,"seckillStartTime":1785470400000,"seckillEndTime":1785729599999,"status":"PROGRESSING"},{"weekDay":1,"seckillStartTime":1785729600000,"seckillEndTime":1785902399999,"status":"NOT_STARTED"},{"weekDay":3,"seckillStartTime":1785902400000,"seckillEndTime":1786075199999,"status":"NOT_STARTED"},{"weekDay":5,"seckillStartTime":1786075200000,"seckillEndTime":1785124799999,"status":"NOT_STARTED"}]},{"couponId":"6870869cf56f912f57e063c0","name":"V4","amount":8,"xyLevel":"V4","seckillTime":"WEEKLY","periods":[{"weekDay":3,"seckillStartTime":1785297600000,"seckillEndTime":1785470399999,"status":"ENDED"},{"weekDay":5,"seckillStartTime":1785470400000,"seckillEndTime":1785729599999,"status":"PROGRESSING"},{"weekDay":1,"seckillStartTime":1785729600000,"seckillEndTime":1785902399999,"status":"NOT_STARTED"},{"weekDay":3,"seckillStartTime":1785902400000,"seckillEndTime":1786075199999,"status":"NOT_STARTED"},{"weekDay":5,"seckillStartTime":1786075200000,"seckillEndTime":1785124799999,"status":"NOT_STARTED"}]},{"couponId":"687086e33d0d02335c1804f4","name":"V5","amount":18,"xyLevel":"V5","seckillTime":"WEEKLY","periods":[{"weekDay":3,"seckillStartTime":1785297600000,"seckillEndTime":1785470399999,"status":"ENDED"},{"weekDay":5,"seckillStartTime":1785470400000,"seckillEndTime":1785729599999,"status":"PROGRESSING"},{"weekDay":1,"seckillStartTime":1785729600000,"seckillEndTime":1785902399999,"status":"NOT_STARTED"},{"weekDay":3,"seckillStartTime":1785902400000,"seckillEndTime":1786075199999,"status":"NOT_STARTED"},{"weekDay":5,"seckillStartTime":1786075200000,"seckillEndTime":1785124799999,"status":"NOT_STARTED"}]},{"couponId":"68708705f56f912f57e063c3","name":"V6","amount":30,"xyLevel":"V6","seckillTime":"WEEKLY","periods":[{"weekDay":3,"seckillStartTime":1785297600000,"seckillEndTime":1785470399999,"status":"ENDED"},{"weekDay":5,"seckillStartTime":1785470400000,"seckillEndTime":1785729599999,"status":"PROGRESSING","acquiredStatus":"OUT_OF_STOCK","stockId":"68708705f56f912f57e063c3_WEEKLY_1785470400000","stockRemain":0},{"weekDay":1,"seckillStartTime":1785729600000,"seckillEndTime":1785902399999,"status":"NOT_STARTED"},{"weekDay":3,"seckillStartTime":1785902400000,"seckillEndTime":1786075199999,"status":"NOT_STARTED"},{"weekDay":5,"seckillStartTime":1786075200000,"seckillEndTime":1785124799999,"status":"NOT_STARTED"}]},{"couponId":"6870872e89fddd2bbdec96bd","name":"V7","amount":75,"xyLevel":"V7","seckillTime":"WEEKLY","periods":[{"weekDay":3,"seckillStartTime":1785297600000,"seckillEndTime":1785470399999,"status":"ENDED"},{"weekDay":5,"seckillStartTime":1785470400000,"seckillEndTime":1785729599999,"status":"PROGRESSING"},{"weekDay":1,"seckillStartTime":1785729600000,"seckillEndTime":1785902399999,"status":"NOT_STARTED"},{"weekDay":3,"seckillStartTime":1785902400000,"seckillEndTime":1786075199999,"status":"NOT_STARTED"},{"weekDay":5,"seckillStartTime":1786075200000,"seckillEndTime":1785124799999,"status":"NOT_STARTED"}]}]},"code":200,"errmsg":"OK"}}
============================================================
============================================================
[请求时间] 2026/7/31 14:06:22.481
[响应时间] 2026/7/31 14:06:22.619
[耗时] 138ms
[请求路径] https://pay-api.ds.163.com/v1/web/init/server/time
[请求方式] GET
[请求参数] {"query":null,"body":null}
[请求头] {"Accept":"application/json, text/plain, */*","Content-Type":"application/json;charset=UTF-8","GL-X-XSRF-TOKEN":"96dca0c5-a0a8-42a3-aae7-ff273c8462e7","User-Agent":"Mozilla/5.0 (Windows NT 10.0; Win64; x64) AppleWebKit/537.36 (KHTML, like Gecko) Chrome/122.0.0.0 Safari/537.36","Origin":"https://pay.ds.163.com","Referer":"https://pay.ds.163.com/","GL-ClientType":"60","GL-DeviceId":"d6972664-c170-46f6-91f3-8079b501f7ef","GL-Uid":"ab3d60bdd8614464af937bc6c0be87cb","Accept-Encoding":"gzip, compress, deflate, br"}
[响应结果] {"httpStatus":404,"data":"<!DOCTYPE HTML PUBLIC \"-//W3C//DTD HTML 3.2 Final//EN\">\n<title>404 Not Found</title>\n<h1>Not Found</h1>\n<p>The requested URL was not found on the server. If you entered the URL manually please check your spelling and try again.</p>\n"}
============================================================
============================================================
[请求时间] 2026/7/31 14:06:22.620
[响应时间] 2026/7/31 14:06:22.753
[耗时] 133ms
[请求路径] https://pay-api.ds.163.com/api/nlogin
[请求方式] GET
[请求参数] {"query":{},"body":null}
[请求头] {"Accept":"application/json, text/plain, */*","Content-Type":"application/json;charset=UTF-8","GL-X-XSRF-TOKEN":"96dca0c5-a0a8-42a3-aae7-ff273c8462e7","User-Agent":"Mozilla/5.0 (Windows NT 10.0; Win64; x64) AppleWebKit/537.36 (KHTML, like Gecko) Chrome/122.0.0.0 Safari/537.36","Origin":"https://pay.ds.163.com","Referer":"https://pay.ds.163.com/","GL-ClientType":"60","GL-DeviceId":"d6972664-c170-46f6-91f3-8079b501f7ef","GL-Uid":"ab3d60bdd8614464af937bc6c0be87cb","Accept-Encoding":"gzip, compress, deflate, br"}
[响应结果] {"httpStatus":200,"data":{"code":413,"msg":"登录失败"}}
============================================================
