============================================================
[请求时间] 2026/7/31 11:47:06.104
[响应时间] 2026/7/31 11:47:06.280
[耗时] 176ms
[请求路径] https://pay-api.ds.163.com/v1/web/init/server/time
[请求方式] GET
[请求参数] {"query":null,"body":null}
[请求头] {"Accept":"application/json, text/plain, */*","Content-Type":"application/json;charset=UTF-8","User-Agent":"Mozilla/5.0 (Windows NT 10.0; Win64; x64) AppleWebKit/537.36 (KHTML, like Gecko) Chrome/122.0.0.0 Safari/537.36","Origin":"https://pay.ds.163.com","Referer":"https://pay.ds.163.com/","GL-ClientType":"60","GL-DeviceId":"c8243a6c-3c4d-425e-b304-404af24b6351","GL-Uid":"0b3beac4579d42828819b5ac6f75949e","GL-X-XSRF-TOKEN":"eec0a9f5-344e-4730-b133-e05b76556f46","Accept-Encoding":"gzip, compress, deflate, br"}
[响应结果] {"httpStatus":404,"data":"<!DOCTYPE HTML PUBLIC \"-//W3C//DTD HTML 3.2 Final//EN\">\n<title>404 Not Found</title>\n<h1>Not Found</h1>\n<p>The requested URL was not found on the server. If you entered the URL manually please check your spelling and try again.</p>\n"}
============================================================
============================================================
[请求时间] 2026/7/31 11:47:06.280
[响应时间] 2026/7/31 11:47:06.419
[耗时] 139ms
[请求路径] https://pay-api.ds.163.com/api/nlogin
[请求方式] GET
[请求参数] {"query":{},"body":null}
[请求头] {"Accept":"application/json, text/plain, */*","Content-Type":"application/json;charset=UTF-8","GL-X-XSRF-TOKEN":"eec0a9f5-344e-4730-b133-e05b76556f46","User-Agent":"Mozilla/5.0 (Windows NT 10.0; Win64; x64) AppleWebKit/537.36 (KHTML, like Gecko) Chrome/122.0.0.0 Safari/537.36","Origin":"https://pay.ds.163.com","Referer":"https://pay.ds.163.com/","GL-ClientType":"60","GL-DeviceId":"c8243a6c-3c4d-425e-b304-404af24b6351","GL-Uid":"0b3beac4579d42828819b5ac6f75949e","Accept-Encoding":"gzip, compress, deflate, br"}
[响应结果] {"httpStatus":200,"data":{"code":413,"msg":"登录失败"}}
============================================================
============================================================
[请求时间] 2026/7/31 11:47:06.420
[响应时间] 2026/7/31 11:47:06.553
[耗时] 133ms
[请求路径] https://inf.ds.163.com/v1/web/cooperate/plutus/cookie-exchange
[请求方式] GET
[请求参数] {"query":null,"body":null}
[请求头] {"Accept":"application/json, text/plain, */*","Content-Type":"application/json;charset=UTF-8","GL-X-XSRF-TOKEN":"eec0a9f5-344e-4730-b133-e05b76556f46","User-Agent":"Mozilla/5.0 (Windows NT 10.0; Win64; x64) AppleWebKit/537.36 (KHTML, like Gecko) Chrome/122.0.0.0 Safari/537.36","Origin":"https://pay.ds.163.com","Referer":"https://pay.ds.163.com/","GL-ClientType":"60","GL-DeviceId":"c8243a6c-3c4d-425e-b304-404af24b6351","GL-Uid":"0b3beac4579d42828819b5ac6f75949e","Accept-Encoding":"gzip, compress, deflate, br"}
[响应结果] {"httpStatus":200,"data":{"result":{"user":{"uid":"0b3beac4579d42828819b5ac6f75949e","nick":"莳里笙歌","icon":"https://ok.166.net/reunionpub/pr_jxarxzy7ogbbt7hv9fmila==_50_1547133688_698950","intro":"1","gender":2,"birth":"2001-07-03","frame":"5ddbbcefbc54b711f880e67a","medal":"5e7ab760a54a0010e4f01901","squareMedals":[],"updateTime":1751116985369,"userSourceType":"URS"},"newUser":false},"code":200,"errmsg":"OK"}}
============================================================
============================================================
[请求时间] 2026/7/31 11:47:06.553
[响应时间] 2026/7/31 11:47:06.698
[耗时] 145ms
[请求路径] https://pay-api.ds.163.com/v1/web/init/server/time
[请求方式] GET
[请求参数] {"query":null,"body":null}
[请求头] {"Accept":"application/json, text/plain, */*","Content-Type":"application/json;charset=UTF-8","GL-X-XSRF-TOKEN":"eec0a9f5-344e-4730-b133-e05b76556f46","User-Agent":"Mozilla/5.0 (Windows NT 10.0; Win64; x64) AppleWebKit/537.36 (KHTML, like Gecko) Chrome/122.0.0.0 Safari/537.36","Origin":"https://pay.ds.163.com","Referer":"https://pay.ds.163.com/","GL-ClientType":"60","GL-DeviceId":"c8243a6c-3c4d-425e-b304-404af24b6351","GL-Uid":"0b3beac4579d42828819b5ac6f75949e","Accept-Encoding":"gzip, compress, deflate, br"}
[响应结果] {"httpStatus":404,"data":"<!DOCTYPE HTML PUBLIC \"-//W3C//DTD HTML 3.2 Final//EN\">\n<title>404 Not Found</title>\n<h1>Not Found</h1>\n<p>The requested URL was not found on the server. If you entered the URL manually please check your spelling and try again.</p>\n"}
============================================================
============================================================
[请求时间] 2026/7/31 11:47:06.699
[响应时间] 2026/7/31 11:47:06.774
[耗时] 75ms
[请求路径] https://inf.ds.163.com/v1/web/exp/xy/user/get-info
[请求方式] POST
[请求参数] {"query":null,"body":{}}
[请求头] {"Accept":"application/json, text/plain, */*","Content-Type":"application/json;charset=UTF-8","GL-X-XSRF-TOKEN":"eec0a9f5-344e-4730-b133-e05b76556f46","User-Agent":"Mozilla/5.0 (Windows NT 10.0; Win64; x64) AppleWebKit/537.36 (KHTML, like Gecko) Chrome/122.0.0.0 Safari/537.36","Origin":"https://pay.ds.163.com","Referer":"https://pay.ds.163.com/","GL-ClientType":"60","GL-DeviceId":"c8243a6c-3c4d-425e-b304-404af24b6351","GL-Uid":"0b3beac4579d42828819b5ac6f75949e","GL-CheckSum":"36fd4fa0eb05fbfe5f0b5d86abbe4b846cf13c76","Content-Length":"2","Accept-Encoding":"gzip, compress, deflate, br"}
[响应结果] {"httpStatus":200,"data":{"result":{"growthPoint":118975,"currentLv":"V5","diffNextLvGrowthPoint":181025,"currentLvExpireDate":"20260828","currentLvExpire":1787846400000,"nextLv":"V6","activeGames":["l36"],"last365LoginGames":["l36"],"initDate":"20250828","lastLv":"V4"},"code":200,"errmsg":"OK"}}
============================================================
============================================================
[请求时间] 2026/7/31 11:47:06.775
[响应时间] 2026/7/31 11:47:06.840
[耗时] 65ms
[请求路径] https://inf.ds.163.com/v1/web/exp/week-coupon/showing-list-v2
[请求方式] POST
[请求参数] {"query":null,"body":{}}
[请求头] {"Accept":"application/json, text/plain, */*","Content-Type":"application/json;charset=UTF-8","GL-X-XSRF-TOKEN":"eec0a9f5-344e-4730-b133-e05b76556f46","User-Agent":"Mozilla/5.0 (Windows NT 10.0; Win64; x64) AppleWebKit/537.36 (KHTML, like Gecko) Chrome/122.0.0.0 Safari/537.36","Origin":"https://pay.ds.163.com","Referer":"https://pay.ds.163.com/","GL-ClientType":"60","GL-DeviceId":"c8243a6c-3c4d-425e-b304-404af24b6351","GL-Uid":"0b3beac4579d42828819b5ac6f75949e","GL-CheckSum":"36fd4fa0eb05fbfe5f0b5d86abbe4b846cf13c76","Content-Length":"2","Accept-Encoding":"gzip, compress, deflate, br"}
[响应结果] {"httpStatus":200,"data":{"result":{"coupons":[{"couponId":"687076e69f3efd24cb2bed9c","name":"V1","amount":1,"xyLevel":"V1","seckillTime":"WEEKLY","periods":[{"weekDay":1,"seckillStartTime":1785124800000,"seckillEndTime":1785297599999,"status":"ENDED"},{"weekDay":3,"seckillStartTime":1785297600000,"seckillEndTime":1785470399999,"status":"PROGRESSING"},{"weekDay":5,"seckillStartTime":1785470400000,"seckillEndTime":1785729599999,"status":"NOT_STARTED"},{"weekDay":1,"seckillStartTime":1785729600000,"seckillEndTime":1785902399999,"status":"NOT_STARTED"},{"weekDay":3,"seckillStartTime":1785902400000,"seckillEndTime":1786075199999,"status":"NOT_STARTED"},{"weekDay":5,"seckillStartTime":1786075200000,"seckillEndTime":1785124799999,"status":"NOT_STARTED"}]},{"couponId":"68708657f56f912f57e063bf","name":"V2","amount":2,"xyLevel":"V2","seckillTime":"WEEKLY","periods":[{"weekDay":1,"seckillStartTime":1785124800000,"seckillEndTime":1785297599999,"status":"ENDED"},{"weekDay":3,"seckillStartTime":1785297600000,"seckillEndTime":1785470399999,"status":"PROGRESSING"},{"weekDay":5,"seckillStartTime":1785470400000,"seckillEndTime":1785729599999,"status":"NOT_STARTED"},{"weekDay":1,"seckillStartTime":1785729600000,"seckillEndTime":1785902399999,"status":"NOT_STARTED"},{"weekDay":3,"seckillStartTime":1785902400000,"seckillEndTime":1786075199999,"status":"NOT_STARTED"},{"weekDay":5,"seckillStartTime":1786075200000,"seckillEndTime":1785124799999,"status":"NOT_STARTED"}]},{"couponId":"6870867989fddd2bbdec96bc","name":"V3","amount":3,"xyLevel":"V3","seckillTime":"WEEKLY","periods":[{"weekDay":1,"seckillStartTime":1785124800000,"seckillEndTime":1785297599999,"status":"ENDED"},{"weekDay":3,"seckillStartTime":1785297600000,"seckillEndTime":1785470399999,"status":"PROGRESSING"},{"weekDay":5,"seckillStartTime":1785470400000,"seckillEndTime":1785729599999,"status":"NOT_STARTED"},{"weekDay":1,"seckillStartTime":1785729600000,"seckillEndTime":1785902399999,"status":"NOT_STARTED"},{"weekDay":3,"seckillStartTime":1785902400000,"seckillEndTime":1786075199999,"status":"NOT_STARTED"},{"weekDay":5,"seckillStartTime":1786075200000,"seckillEndTime":1785124799999,"status":"NOT_STARTED"}]},{"couponId":"6870869cf56f912f57e063c0","name":"V4","amount":8,"xyLevel":"V4","seckillTime":"WEEKLY","periods":[{"weekDay":1,"seckillStartTime":1785124800000,"seckillEndTime":1785297599999,"status":"ENDED"},{"weekDay":3,"seckillStartTime":1785297600000,"seckillEndTime":1785470399999,"status":"PROGRESSING"},{"weekDay":5,"seckillStartTime":1785470400000,"seckillEndTime":1785729599999,"status":"NOT_STARTED"},{"weekDay":1,"seckillStartTime":1785729600000,"seckillEndTime":1785902399999,"status":"NOT_STARTED"},{"weekDay":3,"seckillStartTime":1785902400000,"seckillEndTime":1786075199999,"status":"NOT_STARTED"},{"weekDay":5,"seckillStartTime":1786075200000,"seckillEndTime":1785124799999,"status":"NOT_STARTED"}]},{"couponId":"687086e33d0d02335c1804f4","name":"V5","amount":18,"xyLevel":"V5","seckillTime":"WEEKLY","periods":[{"weekDay":1,"seckillStartTime":1785124800000,"seckillEndTime":1785297599999,"status":"ENDED"},{"weekDay":3,"seckillStartTime":1785297600000,"seckillEndTime":1785470399999,"status":"PROGRESSING","acquiredStatus":"OUT_OF_STOCK","stockId":"687086e33d0d02335c1804f4_WEEKLY_1785297600000","stockRemain":0},{"weekDay":5,"seckillStartTime":1785470400000,"seckillEndTime":1785729599999,"status":"NOT_STARTED"},{"weekDay":1,"seckillStartTime":1785729600000,"seckillEndTime":1785902399999,"status":"NOT_STARTED"},{"weekDay":3,"seckillStartTime":1785902400000,"seckillEndTime":1786075199999,"status":"NOT_STARTED"},{"weekDay":5,"seckillStartTime":1786075200000,"seckillEndTime":1785124799999,"status":"NOT_STARTED"}]},{"couponId":"68708705f56f912f57e063c3","name":"V6","amount":30,"xyLevel":"V6","seckillTime":"WEEKLY","periods":[{"weekDay":1,"seckillStartTime":1785124800000,"seckillEndTime":1785297599999,"status":"ENDED"},{"weekDay":3,"seckillStartTime":1785297600000,"seckillEndTime":1785470399999,"status":"PROGRESSING"},{"weekDay":5,"seckillStartTime":1785470400000,"seckillEndTime":1785729599999,"status":"NOT_STARTED"},{"weekDay":1,"seckillStartTime":1785729600000,"seckillEndTime":1785902399999,"status":"NOT_STARTED"},{"weekDay":3,"seckillStartTime":1785902400000,"seckillEndTime":1786075199999,"status":"NOT_STARTED"},{"weekDay":5,"seckillStartTime":1786075200000,"seckillEndTime":1785124799999,"status":"NOT_STARTED"}]},{"couponId":"6870872e89fddd2bbdec96bd","name":"V7","amount":75,"xyLevel":"V7","seckillTime":"WEEKLY","periods":[{"weekDay":1,"seckillStartTime":1785124800000,"seckillEndTime":1785297599999,"status":"ENDED"},{"weekDay":3,"seckillStartTime":1785297600000,"seckillEndTime":1785470399999,"status":"PROGRESSING"},{"weekDay":5,"seckillStartTime":1785470400000,"seckillEndTime":1785729599999,"status":"NOT_STARTED"},{"weekDay":1,"seckillStartTime":1785729600000,"seckillEndTime":1785902399999,"status":"NOT_STARTED"},{"weekDay":3,"seckillStartTime":1785902400000,"seckillEndTime":1786075199999,"status":"NOT_STARTED"},{"weekDay":5,"seckillStartTime":1786075200000,"seckillEndTime":1785124799999,"status":"NOT_STARTED"}]}]},"code":200,"errmsg":"OK"}}
============================================================
============================================================
[请求时间] 2026/7/31 11:47:07.041
[响应时间] 2026/7/31 11:47:07.093
[耗时] 52ms
[请求路径] https://inf.ds.163.com/v1/web/exp/week-coupon/showing-list-v2
[请求方式] POST
[请求参数] {"query":null,"body":{}}
[请求头] {"Accept":"application/json, text/plain, */*","Content-Type":"application/json;charset=UTF-8","GL-X-XSRF-TOKEN":"eec0a9f5-344e-4730-b133-e05b76556f46","User-Agent":"Mozilla/5.0 (Windows NT 10.0; Win64; x64) AppleWebKit/537.36 (KHTML, like Gecko) Chrome/122.0.0.0 Safari/537.36","Origin":"https://pay.ds.163.com","Referer":"https://pay.ds.163.com/","GL-ClientType":"60","GL-DeviceId":"c8243a6c-3c4d-425e-b304-404af24b6351","GL-Uid":"0b3beac4579d42828819b5ac6f75949e","GL-CheckSum":"36fd4fa0eb05fbfe5f0b5d86abbe4b846cf13c76","Content-Length":"2","Accept-Encoding":"gzip, compress, deflate, br"}
[响应结果] {"httpStatus":200,"data":{"result":{"coupons":[{"couponId":"687076e69f3efd24cb2bed9c","name":"V1","amount":1,"xyLevel":"V1","seckillTime":"WEEKLY","periods":[{"weekDay":1,"seckillStartTime":1785124800000,"seckillEndTime":1785297599999,"status":"ENDED"},{"weekDay":3,"seckillStartTime":1785297600000,"seckillEndTime":1785470399999,"status":"PROGRESSING"},{"weekDay":5,"seckillStartTime":1785470400000,"seckillEndTime":1785729599999,"status":"NOT_STARTED"},{"weekDay":1,"seckillStartTime":1785729600000,"seckillEndTime":1785902399999,"status":"NOT_STARTED"},{"weekDay":3,"seckillStartTime":1785902400000,"seckillEndTime":1786075199999,"status":"NOT_STARTED"},{"weekDay":5,"seckillStartTime":1786075200000,"seckillEndTime":1785124799999,"status":"NOT_STARTED"}]},{"couponId":"68708657f56f912f57e063bf","name":"V2","amount":2,"xyLevel":"V2","seckillTime":"WEEKLY","periods":[{"weekDay":1,"seckillStartTime":1785124800000,"seckillEndTime":1785297599999,"status":"ENDED"},{"weekDay":3,"seckillStartTime":1785297600000,"seckillEndTime":1785470399999,"status":"PROGRESSING"},{"weekDay":5,"seckillStartTime":1785470400000,"seckillEndTime":1785729599999,"status":"NOT_STARTED"},{"weekDay":1,"seckillStartTime":1785729600000,"seckillEndTime":1785902399999,"status":"NOT_STARTED"},{"weekDay":3,"seckillStartTime":1785902400000,"seckillEndTime":1786075199999,"status":"NOT_STARTED"},{"weekDay":5,"seckillStartTime":1786075200000,"seckillEndTime":1785124799999,"status":"NOT_STARTED"}]},{"couponId":"6870867989fddd2bbdec96bc","name":"V3","amount":3,"xyLevel":"V3","seckillTime":"WEEKLY","periods":[{"weekDay":1,"seckillStartTime":1785124800000,"seckillEndTime":1785297599999,"status":"ENDED"},{"weekDay":3,"seckillStartTime":1785297600000,"seckillEndTime":1785470399999,"status":"PROGRESSING"},{"weekDay":5,"seckillStartTime":1785470400000,"seckillEndTime":1785729599999,"status":"NOT_STARTED"},{"weekDay":1,"seckillStartTime":1785729600000,"seckillEndTime":1785902399999,"status":"NOT_STARTED"},{"weekDay":3,"seckillStartTime":1785902400000,"seckillEndTime":1786075199999,"status":"NOT_STARTED"},{"weekDay":5,"seckillStartTime":1786075200000,"seckillEndTime":1785124799999,"status":"NOT_STARTED"}]},{"couponId":"6870869cf56f912f57e063c0","name":"V4","amount":8,"xyLevel":"V4","seckillTime":"WEEKLY","periods":[{"weekDay":1,"seckillStartTime":1785124800000,"seckillEndTime":1785297599999,"status":"ENDED"},{"weekDay":3,"seckillStartTime":1785297600000,"seckillEndTime":1785470399999,"status":"PROGRESSING"},{"weekDay":5,"seckillStartTime":1785470400000,"seckillEndTime":1785729599999,"status":"NOT_STARTED"},{"weekDay":1,"seckillStartTime":1785729600000,"seckillEndTime":1785902399999,"status":"NOT_STARTED"},{"weekDay":3,"seckillStartTime":1785902400000,"seckillEndTime":1786075199999,"status":"NOT_STARTED"},{"weekDay":5,"seckillStartTime":1786075200000,"seckillEndTime":1785124799999,"status":"NOT_STARTED"}]},{"couponId":"687086e33d0d02335c1804f4","name":"V5","amount":18,"xyLevel":"V5","seckillTime":"WEEKLY","periods":[{"weekDay":1,"seckillStartTime":1785124800000,"seckillEndTime":1785297599999,"status":"ENDED"},{"weekDay":3,"seckillStartTime":1785297600000,"seckillEndTime":1785470399999,"status":"PROGRESSING","acquiredStatus":"OUT_OF_STOCK","stockId":"687086e33d0d02335c1804f4_WEEKLY_1785297600000","stockRemain":0},{"weekDay":5,"seckillStartTime":1785470400000,"seckillEndTime":1785729599999,"status":"NOT_STARTED"},{"weekDay":1,"seckillStartTime":1785729600000,"seckillEndTime":1785902399999,"status":"NOT_STARTED"},{"weekDay":3,"seckillStartTime":1785902400000,"seckillEndTime":1786075199999,"status":"NOT_STARTED"},{"weekDay":5,"seckillStartTime":1786075200000,"seckillEndTime":1785124799999,"status":"NOT_STARTED"}]},{"couponId":"68708705f56f912f57e063c3","name":"V6","amount":30,"xyLevel":"V6","seckillTime":"WEEKLY","periods":[{"weekDay":1,"seckillStartTime":1785124800000,"seckillEndTime":1785297599999,"status":"ENDED"},{"weekDay":3,"seckillStartTime":1785297600000,"seckillEndTime":1785470399999,"status":"PROGRESSING"},{"weekDay":5,"seckillStartTime":1785470400000,"seckillEndTime":1785729599999,"status":"NOT_STARTED"},{"weekDay":1,"seckillStartTime":1785729600000,"seckillEndTime":1785902399999,"status":"NOT_STARTED"},{"weekDay":3,"seckillStartTime":1785902400000,"seckillEndTime":1786075199999,"status":"NOT_STARTED"},{"weekDay":5,"seckillStartTime":1786075200000,"seckillEndTime":1785124799999,"status":"NOT_STARTED"}]},{"couponId":"6870872e89fddd2bbdec96bd","name":"V7","amount":75,"xyLevel":"V7","seckillTime":"WEEKLY","periods":[{"weekDay":1,"seckillStartTime":1785124800000,"seckillEndTime":1785297599999,"status":"ENDED"},{"weekDay":3,"seckillStartTime":1785297600000,"seckillEndTime":1785470399999,"status":"PROGRESSING"},{"weekDay":5,"seckillStartTime":1785470400000,"seckillEndTime":1785729599999,"status":"NOT_STARTED"},{"weekDay":1,"seckillStartTime":1785729600000,"seckillEndTime":1785902399999,"status":"NOT_STARTED"},{"weekDay":3,"seckillStartTime":1785902400000,"seckillEndTime":1786075199999,"status":"NOT_STARTED"},{"weekDay":5,"seckillStartTime":1786075200000,"seckillEndTime":1785124799999,"status":"NOT_STARTED"}]}]},"code":200,"errmsg":"OK"}}
============================================================
============================================================
[请求时间] 2026/7/31 11:47:07.094
[响应时间] 2026/7/31 11:47:07.219
[耗时] 125ms
[请求路径] https://pay-api.ds.163.com/v1/web/init/server/time
[请求方式] GET
[请求参数] {"query":null,"body":null}
[请求头] {"Accept":"application/json, text/plain, */*","Content-Type":"application/json;charset=UTF-8","GL-X-XSRF-TOKEN":"eec0a9f5-344e-4730-b133-e05b76556f46","User-Agent":"Mozilla/5.0 (Windows NT 10.0; Win64; x64) AppleWebKit/537.36 (KHTML, like Gecko) Chrome/122.0.0.0 Safari/537.36","Origin":"https://pay.ds.163.com","Referer":"https://pay.ds.163.com/","GL-ClientType":"60","GL-DeviceId":"c8243a6c-3c4d-425e-b304-404af24b6351","GL-Uid":"0b3beac4579d42828819b5ac6f75949e","Accept-Encoding":"gzip, compress, deflate, br"}
[响应结果] {"httpStatus":404,"data":"<!DOCTYPE HTML PUBLIC \"-//W3C//DTD HTML 3.2 Final//EN\">\n<title>404 Not Found</title>\n<h1>Not Found</h1>\n<p>The requested URL was not found on the server. If you entered the URL manually please check your spelling and try again.</p>\n"}
============================================================
============================================================
[请求时间] 2026/7/31 11:47:07.231
[响应时间] 2026/7/31 11:47:07.386
[耗时] 155ms
[请求路径] https://pay-api.ds.163.com/api/nlogin
[请求方式] GET
[请求参数] {"query":{},"body":null}
[请求头] {"Accept":"application/json, text/plain, */*","Content-Type":"application/json;charset=UTF-8","GL-X-XSRF-TOKEN":"eec0a9f5-344e-4730-b133-e05b76556f46","User-Agent":"Mozilla/5.0 (Windows NT 10.0; Win64; x64) AppleWebKit/537.36 (KHTML, like Gecko) Chrome/122.0.0.0 Safari/537.36","Origin":"https://pay.ds.163.com","Referer":"https://pay.ds.163.com/","GL-ClientType":"60","GL-DeviceId":"c8243a6c-3c4d-425e-b304-404af24b6351","GL-Uid":"0b3beac4579d42828819b5ac6f75949e","Accept-Encoding":"gzip, compress, deflate, br"}
[响应结果] {"httpStatus":200,"data":{"code":413,"msg":"登录失败"}}
============================================================
============================================================
[请求时间] 2026/7/31 11:47:09.707
[响应时间] 2026/7/31 11:47:09.910
[耗时] 203ms
[请求路径] https://inf-act.ds.163.com/v1/act-web/module/common/actInfo
[请求方式] POST
[请求参数] {"query":null,"body":{"actId":"656d6d6b6085e70001ac05df"}}
[请求头] {"Accept":"application/json, text/plain, */*","Content-Type":"application/json;charset=UTF-8","GL-X-XSRF-TOKEN":"eec0a9f5-344e-4730-b133-e05b76556f46","User-Agent":"Mozilla/5.0 (Windows NT 10.0; Win64; x64) AppleWebKit/537.36 (KHTML, like Gecko) Chrome/122.0.0.0 Safari/537.36","Origin":"https://pay.ds.163.com","Referer":"https://pay.ds.163.com/","GL-ClientType":"60","GL-DeviceId":"c8243a6c-3c4d-425e-b304-404af24b6351","GL-Uid":"0b3beac4579d42828819b5ac6f75949e","GL-CheckSum":"e029ab1028f52dfe039420033c1fd024db01cd6d","Content-Length":"36","Accept-Encoding":"gzip, compress, deflate, br"}
[响应结果] {"httpStatus":200,"data":{"result":{"actId":"656d6d6b6085e70001ac05df","uid":"0b3beac4579d42828819b5ac6f75949e","actAccount":"182****7106","hasNewPrize":false,"hasBdId":false,"startTime":1701670087000,"endTime":1891058894000,"currentTime":1785469630007,"actEnded":false,"minRoleLevel":0,"servers":[],"squareId":"60054a7dd5456877d226706e","moduleList":[{"drawType":7,"isMatchBd":true,"actId":"656d6d6b6085e70001ac05df","asId":"66dec114492b03134e06572e","title":"促充里程碑抽奖奖池","asType":2,"checkBindingRole":false,"needBdUsers":false,"startTime":1701670087000,"endTime":1796364494000,"createTime":1725874452352,"deleteTime":0,"updateTime":1748427085610},{"drawType":7,"isMatchBd":true,"actId":"656d6d6b6085e70001ac05df","asId":"66f133ebf452b94ad516f417","title":"【奖池】合集（一梦）-老用户【红包ARPPU>200】","asType":2,"checkBindingRole":false,"needBdUsers":false,"startTime":1701670087000,"endTime":1796364494000,"createTime":1727083499148,"deleteTime":0,"updateTime":1739527802759},{"drawType":7,"isMatchBd":true,"actId":"656d6d6b6085e70001ac05df","asId":"66f133f4afe12f60eb41dc93","title":"【奖池】合集（明日、巅峰）-老用户【福利金ARPPU>200】","asType":2,"checkBindingRole":false,"needBdUsers":false,"startTime":1701670087000,"endTime":1796364494000,"createTime":1727083508227,"deleteTime":0,"updateTime":1739528170932},{"drawType":7,"isMatchBd":true,"actId":"656d6d6b6085e70001ac05df","asId":"66f133feafe12f60eb41dc95","title":"【奖池】合集（永手、实况、蛋仔、第五）-老用户-权重60【福利金ARPPU<200】","asType":2,"checkBindingRole":false,"needBdUsers":false,"startTime":1701670087000,"endTime":1796364494000,"createTime":1727083518746,"deleteTime":0,"updateTime":1739528195780},{"drawType":7,"isMatchBd":true,"actId":"656d6d6b6085e70001ac05df","asId":"673bf94fab392e568388c631","title":"【奖池】炉石传说-常驻-新用户","asType":2,"checkBindingRole":false,"needBdUsers":false,"startTime":1701670087000,"endTime":1796364494000,"createTime":1731983695293,"deleteTime":0,"updateTime":1739527713312},{"drawType":7,"isMatchBd":true,"actId":"656d6d6b6085e70001ac05df","asId":"673bf960ab392e568388c633","title":"【奖池】一梦江湖-常驻-新用户","asType":2,"checkBindingRole":false,"needBdUsers":false,"startTime":1701670087000,"endTime":1796364494000,"createTime":1731983712332,"deleteTime":0,"updateTime":1739527830356},{"drawType":7,"isMatchBd":true,"actId":"656d6d6b6085e70001ac05df","asId":"673bf9671122bc1b6655508c","title":"【奖池】一梦江湖-常驻-老用户","asType":2,"checkBindingRole":false,"needBdUsers":false,"startTime":1701670087000,"endTime":1800979200000,"createTime":1731983719548,"deleteTime":0,"updateTime":1740119571990},{"drawType":7,"isMatchBd":true,"actId":"656d6d6b6085e70001ac05df","asId":"6773bb931e2085033e0961f8","title":"【奖池】逆水寒手游【老用户】","asType":2,"checkBindingRole":false,"needBdUsers":false,"startTime":1701670087000,"endTime":1796364494000,"createTime":1735637907532,"deleteTime":0,"updateTime":1735637907532},{"drawType":7,"isMatchBd":true,"actId":"656d6d6b6085e70001ac05df","asId":"6773bbb0f0239714e33a6e91","title":"【奖池】梦幻西游手游-常驻-老用户","asType":2,"checkBindingRole":false,"needBdUsers":false,"startTime":1701670087000,"endTime":1796364494000,"createTime":1735637936418,"deleteTime":0,"updateTime":1739527543387},{"drawType":7,"isMatchBd":true,"actId":"656d6d6b6085e70001ac05df","asId":"6773c774f0239714e33a6eb4","title":"【奖池】梦幻西游手游-常驻-新用户+回流用户","asType":2,"checkBindingRole":false,"needBdUsers":false,"startTime":1701670087000,"endTime":1796364494000,"createTime":1735640948498,"deleteTime":0,"updateTime":1739527568669},{"drawType":7,"isMatchBd":true,"actId":"656d6d6b6085e70001ac05df","asId":"6788c3dc6edc0969eca3369c","title":"【奖池】逆水寒手游-2.1~2.14-老用户+新用户","asType":2,"checkBindingRole":false,"needBdUsers":false,"startTime":1701670087000,"endTime":1796364494000,"createTime":1737016284233,"deleteTime":0,"updateTime":1739517254914},{"drawType":7,"isMatchBd":true,"actId":"656d6d6b6085e70001ac05df","asId":"67c956266a06297b2a8bbbe2","title":"【奖池】一梦江湖-3月6日更新-老用户【0，98】","asType":2,"checkBindingRole":false,"needBdUsers":false,"startTime":1701670087000,"endTime":1796364494000,"createTime":1741248038614,"deleteTime":0,"updateTime":1741248858777},{"drawType":7,"isMatchBd":true,"actId":"656d6d6b6085e70001ac05df","asId":"67c959746a06297b2a8bbbf7","title":"【奖池】一梦江湖-3月6日更新-老用户（98，198】","asType":2,"checkBindingRole":false,"needBdUsers":false,"startTime":1701670087000,"endTime":1796364494000,"createTime":1741248884551,"deleteTime":0,"updateTime":1741248884551},{"drawType":7,"isMatchBd":true,"actId":"656d6d6b6085e70001ac05df","asId":"67c9597b6a06297b2a8bbbf9","title":"【奖池】一梦江湖-3月6日更新-老用户（198，648】","asType":2,"checkBindingRole":false,"needBdUsers":false,"startTime":1701670087000,"endTime":1796364494000,"createTime":1741248891073,"deleteTime":0,"updateTime":1741248891073},{"drawType":7,"isMatchBd":true,"actId":"656d6d6b6085e70001ac05df","asId":"67c959856a06297b2a8bbbfb","title":"【奖池】一梦江湖-3月6日更新-老用户＞648","asType":2,"checkBindingRole":false,"needBdUsers":false,"startTime":1701670087000,"endTime":1796364494000,"createTime":1741248901515,"deleteTime":0,"updateTime":1741248901515},{"drawType":7,"isMatchBd":true,"actId":"656d6d6b6085e70001ac05df","asId":"67ea049142a2fe66306dceb9","title":"【奖池】永劫无间手游-3.31-老用户实验组【0，30】","asType":2,"checkBindingRole":false,"needBdUsers":false,"startTime":1701670087000,"endTime":1796364494000,"createTime":1743389841525,"deleteTime":0,"updateTime":1743389841525},{"drawType":7,"isMatchBd":true,"actId":"656d6d6b6085e70001ac05df","asId":"67ea049b42a2fe66306dcebb","title":"【奖池】永劫无间手游-3.31-老用户实验组（30，188）","asType":2,"checkBindingRole":false,"needBdUsers":false,"startTime":1701670087000,"endTime":1796364494000,"createTime":1743389851061,"deleteTime":0,"updateTime":1743389851061},{"drawType":7,"isMatchBd":true,"actId":"656d6d6b6085e70001ac05df","asId":"67ea04a31763e006af6af77e","title":"【奖池】永劫无间手游-3.31-老用户实验组【188，328）","asType":2,"checkBindingRole":false,"needBdUsers":false,"startTime":1701670087000,"endTime":1796364494000,"createTime":1743389859549,"deleteTime":0,"updateTime":1743389859549},{"drawType":7,"isMatchBd":true,"actId":"656d6d6b6085e70001ac05df","asId":"67ea04aa42a2fe66306dcebd","title":"【奖池】永劫无间手游-3.31-老用户实验组【328，648）","asType":2,"checkBindingRole":false,"needBdUsers":false,"startTime":1701670087000,"endTime":1796364494000,"createTime":1743389866595,"deleteTime":0,"updateTime":1743389866595},{"drawType":7,"isMatchBd":true,"actId":"656d6d6b6085e70001ac05df","asId":"67ea04b342a2fe66306dcebf","title":"【奖池】永劫无间手游-3.31-老用户实验组≥648","asType":2,"checkBindingRole":false,"needBdUsers":false,"startTime":1701670087000,"endTime":1796364494000,"createTime":1743389875228,"deleteTime":0,"updateTime":1743389875228},{"drawType":7,"isMatchBd":true,"actId":"656d6d6b6085e70001ac05df","asId":"6810894bf35a86022fe05c8b","title":"【奖池】一梦+梦手+逆手+倩手【5k-1w】【4.29更新】","asType":2,"checkBindingRole":false,"needBdUsers":false,"startTime":1701670087000,"endTime":1873295999000,"createTime":1745914187070,"deleteTime":0,"updateTime":1747395266911},{"drawType":7,"isMatchBd":true,"actId":"656d6d6b6085e70001ac05df","asId":"68108ae6f35a86022fe05c90","title":"【奖池】一梦+梦手+逆手+倩手【>1w】【4.29更新】","asType":2,"checkBindingRole":false,"needBdUsers":false,"startTime":1701670087000,"endTime":1841759999000,"createTime":1745914598124,"deleteTime":0,"updateTime":1747123490600},{"drawType":7,"isMatchBd":true,"actId":"656d6d6b6085e70001ac05df","asId":"68f1e3dfeda8de1914e0b861","title":"【抽奖】10月实况0-27单日最高","asType":2,"checkBindingRole":false,"needBdUsers":false,"startTime":1760708064000,"endTime":1798783694000,"createTime":1760682974992,"deleteTime":0,"updateTime":1760708067763},{"drawType":7,"isMatchBd":true,"actId":"656d6d6b6085e70001ac05df","asId":"68f1e3e5eda8de1914e0b863","title":"【抽奖】10月实况27-60单日最高","asType":2,"checkBindingRole":false,"needBdUsers":false,"startTime":1760708077000,"endTime":1798783694000,"createTime":1760682980859,"deleteTime":0,"updateTime":1760708079847},{"drawType":7,"isMatchBd":true,"actId":"656d6d6b6085e70001ac05df","asId":"68f1e3f2fec962597183f02b","title":"【抽奖】10月实况60-90单日最高","asType":2,"checkBindingRole":false,"needBdUsers":false,"startTime":1760708091000,"endTime":1798783694000,"createTime":1760682994184,"deleteTime":0,"updateTime":1760708093822},{"drawType":7,"isMatchBd":true,"actId":"656d6d6b6085e70001ac05df","asId":"691714dfe2ea122f7e1e3249","title":"梦手算法组误触补发","asType":2,"checkBindingRole":false,"needBdUsers":false,"startTime":1763120302000,"endTime":1796796494000,"createTime":1763120351058,"deleteTime":0,"updateTime":1763120351058},{"drawType":7,"isMatchBd":true,"actId":"656d6d6b6085e70001ac05df","asId":"69845a55cb136b2a13e87803","title":"梦手促充算法发奖260205","asType":2,"checkBindingRole":false,"needBdUsers":false,"startTime":1701670087000,"endTime":1796364494000,"createTime":1770281556767,"deleteTime":0,"updateTime":1770281556767},{"isMatchBd":true,"actId":"656d6d6b6085e70001ac05df","asId":"69af99d0c3d94d4581a5e73d","title":"【抽奖】实况","asType":2,"checkBindingRole":false,"needBdUsers":false,"startTime":1701670087000,"endTime":1796364494000,"createTime":1773115856200,"deleteTime":0,"updateTime":1773115856200},{"isMatchBd":true,"actId":"656d6d6b6085e70001ac05df","asId":"69b3eba2fddc586bf37b3a4e","title":"大手促充里程碑抽奖模块_0313","asType":2,"checkBindingRole":false,"needBdUsers":false,"startTime":1701670087000,"endTime":1796364494000,"createTime":1773398945757,"deleteTime":0,"updateTime":1773398945757},{"isMatchBd":true,"actId":"656d6d6b6085e70001ac05df","asId":"69ba6017f289144d51b32824","title":"【抽奖】率土促充任务","asType":2,"checkBindingRole":false,"needBdUsers":false,"startTime":1773814087000,"endTime":1803881294000,"createTime":1773821975158,"deleteTime":0,"updateTime":1773821975158},{"isMatchBd":true,"actId":"656d6d6b6085e70001ac05df","asId":"69bbb77e3a6358604b596383","title":"倩女促充算法组0319","asType":2,"checkBindingRole":false,"needBdUsers":false,"startTime":1701670087000,"endTime":1796364494000,"createTime":1773909886354,"deleteTime":0,"updateTime":1773909886354},{"actId":"656d6d6b6085e70001ac05df","asId":"6777975eff1db21414499759","title":"千人千面抽奖模块","asType":500,"checkBindingRole":false,"startTime":1736136000000,"endTime":1891058894000,"createTime":1735890782378,"deleteTime":0,"updateTime":1782814253529}],"accountType":"MOBILE","canOffsiteJoin":true,"bindRoleBelongUrs":false,"bindRoleBelongType":"LOGIN_ACCOUNT","userPushSwitchOn":false,"switchBindingRole":true,"thirdAccLogin":false,"actLink":"https://act.ds.163.com/6c5dff79fefb9cf3/grade/6572bc809bf2750001ef6fbd?wvFullScreen=true&wvStatusBarStyle=white","actType":12,"belongGame":"all","ursAccountType":"MOBILE","openActLockUserTag":false},"code":200,"errmsg":"OK"}}
============================================================
============================================================
[请求时间] 2026/7/31 11:53:42.292
[响应时间] 2026/7/31 11:53:42.464
[耗时] 172ms
[请求路径] https://pay-api.ds.163.com/v1/web/init/server/time
[请求方式] GET
[请求参数] {"query":null,"body":null}
[请求头] {"Accept":"application/json, text/plain, */*","Content-Type":"application/json;charset=UTF-8","User-Agent":"Mozilla/5.0 (Windows NT 10.0; Win64; x64) AppleWebKit/537.36 (KHTML, like Gecko) Chrome/122.0.0.0 Safari/537.36","Origin":"https://pay.ds.163.com","Referer":"https://pay.ds.163.com/","GL-ClientType":"60","GL-DeviceId":"c8243a6c-3c4d-425e-b304-404af24b6351","GL-Uid":"0b3beac4579d42828819b5ac6f75949e","GL-X-XSRF-TOKEN":"eec0a9f5-344e-4730-b133-e05b76556f46","Accept-Encoding":"gzip, compress, deflate, br"}
[响应结果] {"httpStatus":404,"data":"<!DOCTYPE HTML PUBLIC \"-//W3C//DTD HTML 3.2 Final//EN\">\n<title>404 Not Found</title>\n<h1>Not Found</h1>\n<p>The requested URL was not found on the server. If you entered the URL manually please check your spelling and try again.</p>\n"}
============================================================
============================================================
[请求时间] 2026/7/31 11:53:42.465
[响应时间] 2026/7/31 11:53:42.612
[耗时] 147ms
[请求路径] https://pay-api.ds.163.com/api/nlogin
[请求方式] GET
[请求参数] {"query":{},"body":null}
[请求头] {"Accept":"application/json, text/plain, */*","Content-Type":"application/json;charset=UTF-8","GL-X-XSRF-TOKEN":"eec0a9f5-344e-4730-b133-e05b76556f46","User-Agent":"Mozilla/5.0 (Windows NT 10.0; Win64; x64) AppleWebKit/537.36 (KHTML, like Gecko) Chrome/122.0.0.0 Safari/537.36","Origin":"https://pay.ds.163.com","Referer":"https://pay.ds.163.com/","GL-ClientType":"60","GL-DeviceId":"c8243a6c-3c4d-425e-b304-404af24b6351","GL-Uid":"0b3beac4579d42828819b5ac6f75949e","Accept-Encoding":"gzip, compress, deflate, br"}
[响应结果] {"httpStatus":200,"data":{"code":413,"msg":"登录失败"}}
============================================================
============================================================
[请求时间] 2026/7/31 11:53:42.613
[响应时间] 2026/7/31 11:53:42.750
[耗时] 137ms
[请求路径] https://inf.ds.163.com/v1/web/cooperate/plutus/cookie-exchange
[请求方式] GET
[请求参数] {"query":null,"body":null}
[请求头] {"Accept":"application/json, text/plain, */*","Content-Type":"application/json;charset=UTF-8","GL-X-XSRF-TOKEN":"eec0a9f5-344e-4730-b133-e05b76556f46","User-Agent":"Mozilla/5.0 (Windows NT 10.0; Win64; x64) AppleWebKit/537.36 (KHTML, like Gecko) Chrome/122.0.0.0 Safari/537.36","Origin":"https://pay.ds.163.com","Referer":"https://pay.ds.163.com/","GL-ClientType":"60","GL-DeviceId":"c8243a6c-3c4d-425e-b304-404af24b6351","GL-Uid":"0b3beac4579d42828819b5ac6f75949e","Accept-Encoding":"gzip, compress, deflate, br"}
[响应结果] {"httpStatus":200,"data":{"result":{"user":{"uid":"0b3beac4579d42828819b5ac6f75949e","nick":"莳里笙歌","icon":"https://ok.166.net/reunionpub/pr_jxarxzy7ogbbt7hv9fmila==_50_1547133688_698950","intro":"1","gender":2,"birth":"2001-07-03","frame":"5ddbbcefbc54b711f880e67a","medal":"5e7ab760a54a0010e4f01901","squareMedals":[],"updateTime":1751116985369,"userSourceType":"URS"},"newUser":false},"code":200,"errmsg":"OK"}}
============================================================
============================================================
[请求时间] 2026/7/31 11:53:42.751
[响应时间] 2026/7/31 11:53:42.897
[耗时] 146ms
[请求路径] https://pay-api.ds.163.com/v1/web/init/server/time
[请求方式] GET
[请求参数] {"query":null,"body":null}
[请求头] {"Accept":"application/json, text/plain, */*","Content-Type":"application/json;charset=UTF-8","GL-X-XSRF-TOKEN":"eec0a9f5-344e-4730-b133-e05b76556f46","User-Agent":"Mozilla/5.0 (Windows NT 10.0; Win64; x64) AppleWebKit/537.36 (KHTML, like Gecko) Chrome/122.0.0.0 Safari/537.36","Origin":"https://pay.ds.163.com","Referer":"https://pay.ds.163.com/","GL-ClientType":"60","GL-DeviceId":"c8243a6c-3c4d-425e-b304-404af24b6351","GL-Uid":"0b3beac4579d42828819b5ac6f75949e","Accept-Encoding":"gzip, compress, deflate, br"}
[响应结果] {"httpStatus":404,"data":"<!DOCTYPE HTML PUBLIC \"-//W3C//DTD HTML 3.2 Final//EN\">\n<title>404 Not Found</title>\n<h1>Not Found</h1>\n<p>The requested URL was not found on the server. If you entered the URL manually please check your spelling and try again.</p>\n"}
============================================================
============================================================
[请求时间] 2026/7/31 11:53:42.898
[响应时间] 2026/7/31 11:53:42.995
[耗时] 97ms
[请求路径] https://inf.ds.163.com/v1/web/exp/xy/user/get-info
[请求方式] POST
[请求参数] {"query":null,"body":{}}
[请求头] {"Accept":"application/json, text/plain, */*","Content-Type":"application/json;charset=UTF-8","GL-X-XSRF-TOKEN":"eec0a9f5-344e-4730-b133-e05b76556f46","User-Agent":"Mozilla/5.0 (Windows NT 10.0; Win64; x64) AppleWebKit/537.36 (KHTML, like Gecko) Chrome/122.0.0.0 Safari/537.36","Origin":"https://pay.ds.163.com","Referer":"https://pay.ds.163.com/","GL-ClientType":"60","GL-DeviceId":"c8243a6c-3c4d-425e-b304-404af24b6351","GL-Uid":"0b3beac4579d42828819b5ac6f75949e","GL-CheckSum":"36fd4fa0eb05fbfe5f0b5d86abbe4b846cf13c76","Content-Length":"2","Accept-Encoding":"gzip, compress, deflate, br"}
[响应结果] {"httpStatus":200,"data":{"result":{"growthPoint":118975,"currentLv":"V5","diffNextLvGrowthPoint":181025,"currentLvExpireDate":"20260828","currentLvExpire":1787846400000,"nextLv":"V6","activeGames":["l36"],"last365LoginGames":["l36"],"initDate":"20250828","lastLv":"V4"},"code":200,"errmsg":"OK"}}
============================================================
============================================================
[请求时间] 2026/7/31 11:53:42.995
[响应时间] 2026/7/31 11:53:43.065
[耗时] 70ms
[请求路径] https://inf.ds.163.com/v1/web/exp/week-coupon/showing-list-v2
[请求方式] POST
[请求参数] {"query":null,"body":{}}
[请求头] {"Accept":"application/json, text/plain, */*","Content-Type":"application/json;charset=UTF-8","GL-X-XSRF-TOKEN":"eec0a9f5-344e-4730-b133-e05b76556f46","User-Agent":"Mozilla/5.0 (Windows NT 10.0; Win64; x64) AppleWebKit/537.36 (KHTML, like Gecko) Chrome/122.0.0.0 Safari/537.36","Origin":"https://pay.ds.163.com","Referer":"https://pay.ds.163.com/","GL-ClientType":"60","GL-DeviceId":"c8243a6c-3c4d-425e-b304-404af24b6351","GL-Uid":"0b3beac4579d42828819b5ac6f75949e","GL-CheckSum":"36fd4fa0eb05fbfe5f0b5d86abbe4b846cf13c76","Content-Length":"2","Accept-Encoding":"gzip, compress, deflate, br"}
[响应结果] {"httpStatus":200,"data":{"result":{"coupons":[{"couponId":"687076e69f3efd24cb2bed9c","name":"V1","amount":1,"xyLevel":"V1","seckillTime":"WEEKLY","periods":[{"weekDay":1,"seckillStartTime":1785124800000,"seckillEndTime":1785297599999,"status":"ENDED"},{"weekDay":3,"seckillStartTime":1785297600000,"seckillEndTime":1785470399999,"status":"PROGRESSING"},{"weekDay":5,"seckillStartTime":1785470400000,"seckillEndTime":1785729599999,"status":"NOT_STARTED"},{"weekDay":1,"seckillStartTime":1785729600000,"seckillEndTime":1785902399999,"status":"NOT_STARTED"},{"weekDay":3,"seckillStartTime":1785902400000,"seckillEndTime":1786075199999,"status":"NOT_STARTED"},{"weekDay":5,"seckillStartTime":1786075200000,"seckillEndTime":1785124799999,"status":"NOT_STARTED"}]},{"couponId":"68708657f56f912f57e063bf","name":"V2","amount":2,"xyLevel":"V2","seckillTime":"WEEKLY","periods":[{"weekDay":1,"seckillStartTime":1785124800000,"seckillEndTime":1785297599999,"status":"ENDED"},{"weekDay":3,"seckillStartTime":1785297600000,"seckillEndTime":1785470399999,"status":"PROGRESSING"},{"weekDay":5,"seckillStartTime":1785470400000,"seckillEndTime":1785729599999,"status":"NOT_STARTED"},{"weekDay":1,"seckillStartTime":1785729600000,"seckillEndTime":1785902399999,"status":"NOT_STARTED"},{"weekDay":3,"seckillStartTime":1785902400000,"seckillEndTime":1786075199999,"status":"NOT_STARTED"},{"weekDay":5,"seckillStartTime":1786075200000,"seckillEndTime":1785124799999,"status":"NOT_STARTED"}]},{"couponId":"6870867989fddd2bbdec96bc","name":"V3","amount":3,"xyLevel":"V3","seckillTime":"WEEKLY","periods":[{"weekDay":1,"seckillStartTime":1785124800000,"seckillEndTime":1785297599999,"status":"ENDED"},{"weekDay":3,"seckillStartTime":1785297600000,"seckillEndTime":1785470399999,"status":"PROGRESSING"},{"weekDay":5,"seckillStartTime":1785470400000,"seckillEndTime":1785729599999,"status":"NOT_STARTED"},{"weekDay":1,"seckillStartTime":1785729600000,"seckillEndTime":1785902399999,"status":"NOT_STARTED"},{"weekDay":3,"seckillStartTime":1785902400000,"seckillEndTime":1786075199999,"status":"NOT_STARTED"},{"weekDay":5,"seckillStartTime":1786075200000,"seckillEndTime":1785124799999,"status":"NOT_STARTED"}]},{"couponId":"6870869cf56f912f57e063c0","name":"V4","amount":8,"xyLevel":"V4","seckillTime":"WEEKLY","periods":[{"weekDay":1,"seckillStartTime":1785124800000,"seckillEndTime":1785297599999,"status":"ENDED"},{"weekDay":3,"seckillStartTime":1785297600000,"seckillEndTime":1785470399999,"status":"PROGRESSING"},{"weekDay":5,"seckillStartTime":1785470400000,"seckillEndTime":1785729599999,"status":"NOT_STARTED"},{"weekDay":1,"seckillStartTime":1785729600000,"seckillEndTime":1785902399999,"status":"NOT_STARTED"},{"weekDay":3,"seckillStartTime":1785902400000,"seckillEndTime":1786075199999,"status":"NOT_STARTED"},{"weekDay":5,"seckillStartTime":1786075200000,"seckillEndTime":1785124799999,"status":"NOT_STARTED"}]},{"couponId":"687086e33d0d02335c1804f4","name":"V5","amount":18,"xyLevel":"V5","seckillTime":"WEEKLY","periods":[{"weekDay":1,"seckillStartTime":1785124800000,"seckillEndTime":1785297599999,"status":"ENDED"},{"weekDay":3,"seckillStartTime":1785297600000,"seckillEndTime":1785470399999,"status":"PROGRESSING","acquiredStatus":"OUT_OF_STOCK","stockId":"687086e33d0d02335c1804f4_WEEKLY_1785297600000","stockRemain":0},{"weekDay":5,"seckillStartTime":1785470400000,"seckillEndTime":1785729599999,"status":"NOT_STARTED"},{"weekDay":1,"seckillStartTime":1785729600000,"seckillEndTime":1785902399999,"status":"NOT_STARTED"},{"weekDay":3,"seckillStartTime":1785902400000,"seckillEndTime":1786075199999,"status":"NOT_STARTED"},{"weekDay":5,"seckillStartTime":1786075200000,"seckillEndTime":1785124799999,"status":"NOT_STARTED"}]},{"couponId":"68708705f56f912f57e063c3","name":"V6","amount":30,"xyLevel":"V6","seckillTime":"WEEKLY","periods":[{"weekDay":1,"seckillStartTime":1785124800000,"seckillEndTime":1785297599999,"status":"ENDED"},{"weekDay":3,"seckillStartTime":1785297600000,"seckillEndTime":1785470399999,"status":"PROGRESSING"},{"weekDay":5,"seckillStartTime":1785470400000,"seckillEndTime":1785729599999,"status":"NOT_STARTED"},{"weekDay":1,"seckillStartTime":1785729600000,"seckillEndTime":1785902399999,"status":"NOT_STARTED"},{"weekDay":3,"seckillStartTime":1785902400000,"seckillEndTime":1786075199999,"status":"NOT_STARTED"},{"weekDay":5,"seckillStartTime":1786075200000,"seckillEndTime":1785124799999,"status":"NOT_STARTED"}]},{"couponId":"6870872e89fddd2bbdec96bd","name":"V7","amount":75,"xyLevel":"V7","seckillTime":"WEEKLY","periods":[{"weekDay":1,"seckillStartTime":1785124800000,"seckillEndTime":1785297599999,"status":"ENDED"},{"weekDay":3,"seckillStartTime":1785297600000,"seckillEndTime":1785470399999,"status":"PROGRESSING"},{"weekDay":5,"seckillStartTime":1785470400000,"seckillEndTime":1785729599999,"status":"NOT_STARTED"},{"weekDay":1,"seckillStartTime":1785729600000,"seckillEndTime":1785902399999,"status":"NOT_STARTED"},{"weekDay":3,"seckillStartTime":1785902400000,"seckillEndTime":1786075199999,"status":"NOT_STARTED"},{"weekDay":5,"seckillStartTime":1786075200000,"seckillEndTime":1785124799999,"status":"NOT_STARTED"}]}]},"code":200,"errmsg":"OK"}}
============================================================
============================================================
[请求时间] 2026/7/31 11:53:43.368
[响应时间] 2026/7/31 11:53:43.478
[耗时] 110ms
[请求路径] https://inf.ds.163.com/v1/web/exp/week-coupon/showing-list-v2
[请求方式] POST
[请求参数] {"query":null,"body":{}}
[请求头] {"Accept":"application/json, text/plain, */*","Content-Type":"application/json;charset=UTF-8","GL-X-XSRF-TOKEN":"eec0a9f5-344e-4730-b133-e05b76556f46","User-Agent":"Mozilla/5.0 (Windows NT 10.0; Win64; x64) AppleWebKit/537.36 (KHTML, like Gecko) Chrome/122.0.0.0 Safari/537.36","Origin":"https://pay.ds.163.com","Referer":"https://pay.ds.163.com/","GL-ClientType":"60","GL-DeviceId":"c8243a6c-3c4d-425e-b304-404af24b6351","GL-Uid":"0b3beac4579d42828819b5ac6f75949e","GL-CheckSum":"36fd4fa0eb05fbfe5f0b5d86abbe4b846cf13c76","Content-Length":"2","Accept-Encoding":"gzip, compress, deflate, br"}
[响应结果] {"httpStatus":200,"data":{"result":{"coupons":[{"couponId":"687076e69f3efd24cb2bed9c","name":"V1","amount":1,"xyLevel":"V1","seckillTime":"WEEKLY","periods":[{"weekDay":1,"seckillStartTime":1785124800000,"seckillEndTime":1785297599999,"status":"ENDED"},{"weekDay":3,"seckillStartTime":1785297600000,"seckillEndTime":1785470399999,"status":"PROGRESSING"},{"weekDay":5,"seckillStartTime":1785470400000,"seckillEndTime":1785729599999,"status":"NOT_STARTED"},{"weekDay":1,"seckillStartTime":1785729600000,"seckillEndTime":1785902399999,"status":"NOT_STARTED"},{"weekDay":3,"seckillStartTime":1785902400000,"seckillEndTime":1786075199999,"status":"NOT_STARTED"},{"weekDay":5,"seckillStartTime":1786075200000,"seckillEndTime":1785124799999,"status":"NOT_STARTED"}]},{"couponId":"68708657f56f912f57e063bf","name":"V2","amount":2,"xyLevel":"V2","seckillTime":"WEEKLY","periods":[{"weekDay":1,"seckillStartTime":1785124800000,"seckillEndTime":1785297599999,"status":"ENDED"},{"weekDay":3,"seckillStartTime":1785297600000,"seckillEndTime":1785470399999,"status":"PROGRESSING"},{"weekDay":5,"seckillStartTime":1785470400000,"seckillEndTime":1785729599999,"status":"NOT_STARTED"},{"weekDay":1,"seckillStartTime":1785729600000,"seckillEndTime":1785902399999,"status":"NOT_STARTED"},{"weekDay":3,"seckillStartTime":1785902400000,"seckillEndTime":1786075199999,"status":"NOT_STARTED"},{"weekDay":5,"seckillStartTime":1786075200000,"seckillEndTime":1785124799999,"status":"NOT_STARTED"}]},{"couponId":"6870867989fddd2bbdec96bc","name":"V3","amount":3,"xyLevel":"V3","seckillTime":"WEEKLY","periods":[{"weekDay":1,"seckillStartTime":1785124800000,"seckillEndTime":1785297599999,"status":"ENDED"},{"weekDay":3,"seckillStartTime":1785297600000,"seckillEndTime":1785470399999,"status":"PROGRESSING"},{"weekDay":5,"seckillStartTime":1785470400000,"seckillEndTime":1785729599999,"status":"NOT_STARTED"},{"weekDay":1,"seckillStartTime":1785729600000,"seckillEndTime":1785902399999,"status":"NOT_STARTED"},{"weekDay":3,"seckillStartTime":1785902400000,"seckillEndTime":1786075199999,"status":"NOT_STARTED"},{"weekDay":5,"seckillStartTime":1786075200000,"seckillEndTime":1785124799999,"status":"NOT_STARTED"}]},{"couponId":"6870869cf56f912f57e063c0","name":"V4","amount":8,"xyLevel":"V4","seckillTime":"WEEKLY","periods":[{"weekDay":1,"seckillStartTime":1785124800000,"seckillEndTime":1785297599999,"status":"ENDED"},{"weekDay":3,"seckillStartTime":1785297600000,"seckillEndTime":1785470399999,"status":"PROGRESSING"},{"weekDay":5,"seckillStartTime":1785470400000,"seckillEndTime":1785729599999,"status":"NOT_STARTED"},{"weekDay":1,"seckillStartTime":1785729600000,"seckillEndTime":1785902399999,"status":"NOT_STARTED"},{"weekDay":3,"seckillStartTime":1785902400000,"seckillEndTime":1786075199999,"status":"NOT_STARTED"},{"weekDay":5,"seckillStartTime":1786075200000,"seckillEndTime":1785124799999,"status":"NOT_STARTED"}]},{"couponId":"687086e33d0d02335c1804f4","name":"V5","amount":18,"xyLevel":"V5","seckillTime":"WEEKLY","periods":[{"weekDay":1,"seckillStartTime":1785124800000,"seckillEndTime":1785297599999,"status":"ENDED"},{"weekDay":3,"seckillStartTime":1785297600000,"seckillEndTime":1785470399999,"status":"PROGRESSING","acquiredStatus":"OUT_OF_STOCK","stockId":"687086e33d0d02335c1804f4_WEEKLY_1785297600000","stockRemain":0},{"weekDay":5,"seckillStartTime":1785470400000,"seckillEndTime":1785729599999,"status":"NOT_STARTED"},{"weekDay":1,"seckillStartTime":1785729600000,"seckillEndTime":1785902399999,"status":"NOT_STARTED"},{"weekDay":3,"seckillStartTime":1785902400000,"seckillEndTime":1786075199999,"status":"NOT_STARTED"},{"weekDay":5,"seckillStartTime":1786075200000,"seckillEndTime":1785124799999,"status":"NOT_STARTED"}]},{"couponId":"68708705f56f912f57e063c3","name":"V6","amount":30,"xyLevel":"V6","seckillTime":"WEEKLY","periods":[{"weekDay":1,"seckillStartTime":1785124800000,"seckillEndTime":1785297599999,"status":"ENDED"},{"weekDay":3,"seckillStartTime":1785297600000,"seckillEndTime":1785470399999,"status":"PROGRESSING"},{"weekDay":5,"seckillStartTime":1785470400000,"seckillEndTime":1785729599999,"status":"NOT_STARTED"},{"weekDay":1,"seckillStartTime":1785729600000,"seckillEndTime":1785902399999,"status":"NOT_STARTED"},{"weekDay":3,"seckillStartTime":1785902400000,"seckillEndTime":1786075199999,"status":"NOT_STARTED"},{"weekDay":5,"seckillStartTime":1786075200000,"seckillEndTime":1785124799999,"status":"NOT_STARTED"}]},{"couponId":"6870872e89fddd2bbdec96bd","name":"V7","amount":75,"xyLevel":"V7","seckillTime":"WEEKLY","periods":[{"weekDay":1,"seckillStartTime":1785124800000,"seckillEndTime":1785297599999,"status":"ENDED"},{"weekDay":3,"seckillStartTime":1785297600000,"seckillEndTime":1785470399999,"status":"PROGRESSING"},{"weekDay":5,"seckillStartTime":1785470400000,"seckillEndTime":1785729599999,"status":"NOT_STARTED"},{"weekDay":1,"seckillStartTime":1785729600000,"seckillEndTime":1785902399999,"status":"NOT_STARTED"},{"weekDay":3,"seckillStartTime":1785902400000,"seckillEndTime":1786075199999,"status":"NOT_STARTED"},{"weekDay":5,"seckillStartTime":1786075200000,"seckillEndTime":1785124799999,"status":"NOT_STARTED"}]}]},"code":200,"errmsg":"OK"}}
============================================================
============================================================
[请求时间] 2026/7/31 11:53:43.478
[响应时间] 2026/7/31 11:53:43.617
[耗时] 139ms
[请求路径] https://pay-api.ds.163.com/v1/web/init/server/time
[请求方式] GET
[请求参数] {"query":null,"body":null}
[请求头] {"Accept":"application/json, text/plain, */*","Content-Type":"application/json;charset=UTF-8","GL-X-XSRF-TOKEN":"eec0a9f5-344e-4730-b133-e05b76556f46","User-Agent":"Mozilla/5.0 (Windows NT 10.0; Win64; x64) AppleWebKit/537.36 (KHTML, like Gecko) Chrome/122.0.0.0 Safari/537.36","Origin":"https://pay.ds.163.com","Referer":"https://pay.ds.163.com/","GL-ClientType":"60","GL-DeviceId":"c8243a6c-3c4d-425e-b304-404af24b6351","GL-Uid":"0b3beac4579d42828819b5ac6f75949e","Accept-Encoding":"gzip, compress, deflate, br"}
[响应结果] {"httpStatus":404,"data":"<!DOCTYPE HTML PUBLIC \"-//W3C//DTD HTML 3.2 Final//EN\">\n<title>404 Not Found</title>\n<h1>Not Found</h1>\n<p>The requested URL was not found on the server. If you entered the URL manually please check your spelling and try again.</p>\n"}
============================================================
============================================================
[请求时间] 2026/7/31 11:53:43.618
[响应时间] 2026/7/31 11:53:43.754
[耗时] 136ms
[请求路径] https://pay-api.ds.163.com/api/nlogin
[请求方式] GET
[请求参数] {"query":{},"body":null}
[请求头] {"Accept":"application/json, text/plain, */*","Content-Type":"application/json;charset=UTF-8","GL-X-XSRF-TOKEN":"eec0a9f5-344e-4730-b133-e05b76556f46","User-Agent":"Mozilla/5.0 (Windows NT 10.0; Win64; x64) AppleWebKit/537.36 (KHTML, like Gecko) Chrome/122.0.0.0 Safari/537.36","Origin":"https://pay.ds.163.com","Referer":"https://pay.ds.163.com/","GL-ClientType":"60","GL-DeviceId":"c8243a6c-3c4d-425e-b304-404af24b6351","GL-Uid":"0b3beac4579d42828819b5ac6f75949e","Accept-Encoding":"gzip, compress, deflate, br"}
[响应结果] {"httpStatus":200,"data":{"code":413,"msg":"登录失败"}}
============================================================
============================================================
[请求时间] 2026/7/31 11:58:09.290
[响应时间] 2026/7/31 11:58:09.467
[耗时] 177ms
[请求路径] https://pay-api.ds.163.com/v1/web/init/server/time
[请求方式] GET
[请求参数] {"query":null,"body":null}
[请求头] {"Accept":"application/json, text/plain, */*","Content-Type":"application/json;charset=UTF-8","User-Agent":"Mozilla/5.0 (Windows NT 10.0; Win64; x64) AppleWebKit/537.36 (KHTML, like Gecko) Chrome/122.0.0.0 Safari/537.36","Origin":"https://pay.ds.163.com","Referer":"https://pay.ds.163.com/","GL-ClientType":"60","GL-DeviceId":"c8243a6c-3c4d-425e-b304-404af24b6351","GL-Uid":"0b3beac4579d42828819b5ac6f75949e","GL-X-XSRF-TOKEN":"eec0a9f5-344e-4730-b133-e05b76556f46","Accept-Encoding":"gzip, compress, deflate, br"}
[响应结果] {"httpStatus":404,"data":"<!DOCTYPE HTML PUBLIC \"-//W3C//DTD HTML 3.2 Final//EN\">\n<title>404 Not Found</title>\n<h1>Not Found</h1>\n<p>The requested URL was not found on the server. If you entered the URL manually please check your spelling and try again.</p>\n"}
============================================================
============================================================
[请求时间] 2026/7/31 11:58:09.468
[响应时间] 2026/7/31 11:58:09.612
[耗时] 144ms
[请求路径] https://pay-api.ds.163.com/api/nlogin
[请求方式] GET
[请求参数] {"query":{},"body":null}
[请求头] {"Accept":"application/json, text/plain, */*","Content-Type":"application/json;charset=UTF-8","GL-X-XSRF-TOKEN":"eec0a9f5-344e-4730-b133-e05b76556f46","User-Agent":"Mozilla/5.0 (Windows NT 10.0; Win64; x64) AppleWebKit/537.36 (KHTML, like Gecko) Chrome/122.0.0.0 Safari/537.36","Origin":"https://pay.ds.163.com","Referer":"https://pay.ds.163.com/","GL-ClientType":"60","GL-DeviceId":"c8243a6c-3c4d-425e-b304-404af24b6351","GL-Uid":"0b3beac4579d42828819b5ac6f75949e","Accept-Encoding":"gzip, compress, deflate, br"}
[响应结果] {"httpStatus":200,"data":{"code":413,"msg":"登录失败"}}
============================================================
============================================================
[请求时间] 2026/7/31 11:58:09.613
[响应时间] 2026/7/31 11:58:09.744
[耗时] 131ms
[请求路径] https://inf.ds.163.com/v1/web/cooperate/plutus/cookie-exchange
[请求方式] GET
[请求参数] {"query":null,"body":null}
[请求头] {"Accept":"application/json, text/plain, */*","Content-Type":"application/json;charset=UTF-8","GL-X-XSRF-TOKEN":"eec0a9f5-344e-4730-b133-e05b76556f46","User-Agent":"Mozilla/5.0 (Windows NT 10.0; Win64; x64) AppleWebKit/537.36 (KHTML, like Gecko) Chrome/122.0.0.0 Safari/537.36","Origin":"https://pay.ds.163.com","Referer":"https://pay.ds.163.com/","GL-ClientType":"60","GL-DeviceId":"c8243a6c-3c4d-425e-b304-404af24b6351","GL-Uid":"0b3beac4579d42828819b5ac6f75949e","Accept-Encoding":"gzip, compress, deflate, br"}
[响应结果] {"httpStatus":200,"data":{"result":{"user":{"uid":"0b3beac4579d42828819b5ac6f75949e","nick":"莳里笙歌","icon":"https://ok.166.net/reunionpub/pr_jxarxzy7ogbbt7hv9fmila==_50_1547133688_698950","intro":"1","gender":2,"birth":"2001-07-03","frame":"5ddbbcefbc54b711f880e67a","medal":"5e7ab760a54a0010e4f01901","squareMedals":[],"updateTime":1751116985369,"userSourceType":"URS"},"newUser":false},"code":200,"errmsg":"OK"}}
============================================================
============================================================
[请求时间] 2026/7/31 11:58:09.744
[响应时间] 2026/7/31 11:58:09.889
[耗时] 145ms
[请求路径] https://pay-api.ds.163.com/v1/web/init/server/time
[请求方式] GET
[请求参数] {"query":null,"body":null}
[请求头] {"Accept":"application/json, text/plain, */*","Content-Type":"application/json;charset=UTF-8","GL-X-XSRF-TOKEN":"eec0a9f5-344e-4730-b133-e05b76556f46","User-Agent":"Mozilla/5.0 (Windows NT 10.0; Win64; x64) AppleWebKit/537.36 (KHTML, like Gecko) Chrome/122.0.0.0 Safari/537.36","Origin":"https://pay.ds.163.com","Referer":"https://pay.ds.163.com/","GL-ClientType":"60","GL-DeviceId":"c8243a6c-3c4d-425e-b304-404af24b6351","GL-Uid":"0b3beac4579d42828819b5ac6f75949e","Accept-Encoding":"gzip, compress, deflate, br"}
[响应结果] {"httpStatus":404,"data":"<!DOCTYPE HTML PUBLIC \"-//W3C//DTD HTML 3.2 Final//EN\">\n<title>404 Not Found</title>\n<h1>Not Found</h1>\n<p>The requested URL was not found on the server. If you entered the URL manually please check your spelling and try again.</p>\n"}
============================================================
============================================================
[请求时间] 2026/7/31 11:58:09.889
[响应时间] 2026/7/31 11:58:10.013
[耗时] 124ms
[请求路径] https://inf.ds.163.com/v1/web/exp/xy/user/get-info
[请求方式] POST
[请求参数] {"query":null,"body":{}}
[请求头] {"Accept":"application/json, text/plain, */*","Content-Type":"application/json;charset=UTF-8","GL-X-XSRF-TOKEN":"eec0a9f5-344e-4730-b133-e05b76556f46","User-Agent":"Mozilla/5.0 (Windows NT 10.0; Win64; x64) AppleWebKit/537.36 (KHTML, like Gecko) Chrome/122.0.0.0 Safari/537.36","Origin":"https://pay.ds.163.com","Referer":"https://pay.ds.163.com/","GL-ClientType":"60","GL-DeviceId":"c8243a6c-3c4d-425e-b304-404af24b6351","GL-Uid":"0b3beac4579d42828819b5ac6f75949e","GL-CheckSum":"36fd4fa0eb05fbfe5f0b5d86abbe4b846cf13c76","Content-Length":"2","Accept-Encoding":"gzip, compress, deflate, br"}
[响应结果] {"httpStatus":200,"data":{"result":{"growthPoint":118975,"currentLv":"V5","diffNextLvGrowthPoint":181025,"currentLvExpireDate":"20260828","currentLvExpire":1787846400000,"nextLv":"V6","activeGames":["l36"],"last365LoginGames":["l36"],"initDate":"20250828","lastLv":"V4"},"code":200,"errmsg":"OK"}}
============================================================
============================================================
[请求时间] 2026/7/31 11:58:10.013
[响应时间] 2026/7/31 11:58:10.083
[耗时] 70ms
[请求路径] https://inf.ds.163.com/v1/web/exp/week-coupon/showing-list-v2
[请求方式] POST
[请求参数] {"query":null,"body":{}}
[请求头] {"Accept":"application/json, text/plain, */*","Content-Type":"application/json;charset=UTF-8","GL-X-XSRF-TOKEN":"eec0a9f5-344e-4730-b133-e05b76556f46","User-Agent":"Mozilla/5.0 (Windows NT 10.0; Win64; x64) AppleWebKit/537.36 (KHTML, like Gecko) Chrome/122.0.0.0 Safari/537.36","Origin":"https://pay.ds.163.com","Referer":"https://pay.ds.163.com/","GL-ClientType":"60","GL-DeviceId":"c8243a6c-3c4d-425e-b304-404af24b6351","GL-Uid":"0b3beac4579d42828819b5ac6f75949e","GL-CheckSum":"36fd4fa0eb05fbfe5f0b5d86abbe4b846cf13c76","Content-Length":"2","Accept-Encoding":"gzip, compress, deflate, br"}
[响应结果] {"httpStatus":200,"data":{"result":{"coupons":[{"couponId":"687076e69f3efd24cb2bed9c","name":"V1","amount":1,"xyLevel":"V1","seckillTime":"WEEKLY","periods":[{"weekDay":1,"seckillStartTime":1785124800000,"seckillEndTime":1785297599999,"status":"ENDED"},{"weekDay":3,"seckillStartTime":1785297600000,"seckillEndTime":1785470399999,"status":"PROGRESSING"},{"weekDay":5,"seckillStartTime":1785470400000,"seckillEndTime":1785729599999,"status":"NOT_STARTED"},{"weekDay":1,"seckillStartTime":1785729600000,"seckillEndTime":1785902399999,"status":"NOT_STARTED"},{"weekDay":3,"seckillStartTime":1785902400000,"seckillEndTime":1786075199999,"status":"NOT_STARTED"},{"weekDay":5,"seckillStartTime":1786075200000,"seckillEndTime":1785124799999,"status":"NOT_STARTED"}]},{"couponId":"68708657f56f912f57e063bf","name":"V2","amount":2,"xyLevel":"V2","seckillTime":"WEEKLY","periods":[{"weekDay":1,"seckillStartTime":1785124800000,"seckillEndTime":1785297599999,"status":"ENDED"},{"weekDay":3,"seckillStartTime":1785297600000,"seckillEndTime":1785470399999,"status":"PROGRESSING"},{"weekDay":5,"seckillStartTime":1785470400000,"seckillEndTime":1785729599999,"status":"NOT_STARTED"},{"weekDay":1,"seckillStartTime":1785729600000,"seckillEndTime":1785902399999,"status":"NOT_STARTED"},{"weekDay":3,"seckillStartTime":1785902400000,"seckillEndTime":1786075199999,"status":"NOT_STARTED"},{"weekDay":5,"seckillStartTime":1786075200000,"seckillEndTime":1785124799999,"status":"NOT_STARTED"}]},{"couponId":"6870867989fddd2bbdec96bc","name":"V3","amount":3,"xyLevel":"V3","seckillTime":"WEEKLY","periods":[{"weekDay":1,"seckillStartTime":1785124800000,"seckillEndTime":1785297599999,"status":"ENDED"},{"weekDay":3,"seckillStartTime":1785297600000,"seckillEndTime":1785470399999,"status":"PROGRESSING"},{"weekDay":5,"seckillStartTime":1785470400000,"seckillEndTime":1785729599999,"status":"NOT_STARTED"},{"weekDay":1,"seckillStartTime":1785729600000,"seckillEndTime":1785902399999,"status":"NOT_STARTED"},{"weekDay":3,"seckillStartTime":1785902400000,"seckillEndTime":1786075199999,"status":"NOT_STARTED"},{"weekDay":5,"seckillStartTime":1786075200000,"seckillEndTime":1785124799999,"status":"NOT_STARTED"}]},{"couponId":"6870869cf56f912f57e063c0","name":"V4","amount":8,"xyLevel":"V4","seckillTime":"WEEKLY","periods":[{"weekDay":1,"seckillStartTime":1785124800000,"seckillEndTime":1785297599999,"status":"ENDED"},{"weekDay":3,"seckillStartTime":1785297600000,"seckillEndTime":1785470399999,"status":"PROGRESSING"},{"weekDay":5,"seckillStartTime":1785470400000,"seckillEndTime":1785729599999,"status":"NOT_STARTED"},{"weekDay":1,"seckillStartTime":1785729600000,"seckillEndTime":1785902399999,"status":"NOT_STARTED"},{"weekDay":3,"seckillStartTime":1785902400000,"seckillEndTime":1786075199999,"status":"NOT_STARTED"},{"weekDay":5,"seckillStartTime":1786075200000,"seckillEndTime":1785124799999,"status":"NOT_STARTED"}]},{"couponId":"687086e33d0d02335c1804f4","name":"V5","amount":18,"xyLevel":"V5","seckillTime":"WEEKLY","periods":[{"weekDay":1,"seckillStartTime":1785124800000,"seckillEndTime":1785297599999,"status":"ENDED"},{"weekDay":3,"seckillStartTime":1785297600000,"seckillEndTime":1785470399999,"status":"PROGRESSING","acquiredStatus":"OUT_OF_STOCK","stockId":"687086e33d0d02335c1804f4_WEEKLY_1785297600000","stockRemain":0},{"weekDay":5,"seckillStartTime":1785470400000,"seckillEndTime":1785729599999,"status":"NOT_STARTED"},{"weekDay":1,"seckillStartTime":1785729600000,"seckillEndTime":1785902399999,"status":"NOT_STARTED"},{"weekDay":3,"seckillStartTime":1785902400000,"seckillEndTime":1786075199999,"status":"NOT_STARTED"},{"weekDay":5,"seckillStartTime":1786075200000,"seckillEndTime":1785124799999,"status":"NOT_STARTED"}]},{"couponId":"68708705f56f912f57e063c3","name":"V6","amount":30,"xyLevel":"V6","seckillTime":"WEEKLY","periods":[{"weekDay":1,"seckillStartTime":1785124800000,"seckillEndTime":1785297599999,"status":"ENDED"},{"weekDay":3,"seckillStartTime":1785297600000,"seckillEndTime":1785470399999,"status":"PROGRESSING"},{"weekDay":5,"seckillStartTime":1785470400000,"seckillEndTime":1785729599999,"status":"NOT_STARTED"},{"weekDay":1,"seckillStartTime":1785729600000,"seckillEndTime":1785902399999,"status":"NOT_STARTED"},{"weekDay":3,"seckillStartTime":1785902400000,"seckillEndTime":1786075199999,"status":"NOT_STARTED"},{"weekDay":5,"seckillStartTime":1786075200000,"seckillEndTime":1785124799999,"status":"NOT_STARTED"}]},{"couponId":"6870872e89fddd2bbdec96bd","name":"V7","amount":75,"xyLevel":"V7","seckillTime":"WEEKLY","periods":[{"weekDay":1,"seckillStartTime":1785124800000,"seckillEndTime":1785297599999,"status":"ENDED"},{"weekDay":3,"seckillStartTime":1785297600000,"seckillEndTime":1785470399999,"status":"PROGRESSING"},{"weekDay":5,"seckillStartTime":1785470400000,"seckillEndTime":1785729599999,"status":"NOT_STARTED"},{"weekDay":1,"seckillStartTime":1785729600000,"seckillEndTime":1785902399999,"status":"NOT_STARTED"},{"weekDay":3,"seckillStartTime":1785902400000,"seckillEndTime":1786075199999,"status":"NOT_STARTED"},{"weekDay":5,"seckillStartTime":1786075200000,"seckillEndTime":1785124799999,"status":"NOT_STARTED"}]}]},"code":200,"errmsg":"OK"}}
============================================================
============================================================
[请求时间] 2026/7/31 11:58:10.412
[响应时间] 2026/7/31 11:58:10.479
[耗时] 67ms
[请求路径] https://inf.ds.163.com/v1/web/exp/week-coupon/showing-list-v2
[请求方式] POST
[请求参数] {"query":null,"body":{}}
[请求头] {"Accept":"application/json, text/plain, */*","Content-Type":"application/json;charset=UTF-8","GL-X-XSRF-TOKEN":"eec0a9f5-344e-4730-b133-e05b76556f46","User-Agent":"Mozilla/5.0 (Windows NT 10.0; Win64; x64) AppleWebKit/537.36 (KHTML, like Gecko) Chrome/122.0.0.0 Safari/537.36","Origin":"https://pay.ds.163.com","Referer":"https://pay.ds.163.com/","GL-ClientType":"60","GL-DeviceId":"c8243a6c-3c4d-425e-b304-404af24b6351","GL-Uid":"0b3beac4579d42828819b5ac6f75949e","GL-CheckSum":"36fd4fa0eb05fbfe5f0b5d86abbe4b846cf13c76","Content-Length":"2","Accept-Encoding":"gzip, compress, deflate, br"}
[响应结果] {"httpStatus":200,"data":{"result":{"coupons":[{"couponId":"687076e69f3efd24cb2bed9c","name":"V1","amount":1,"xyLevel":"V1","seckillTime":"WEEKLY","periods":[{"weekDay":1,"seckillStartTime":1785124800000,"seckillEndTime":1785297599999,"status":"ENDED"},{"weekDay":3,"seckillStartTime":1785297600000,"seckillEndTime":1785470399999,"status":"PROGRESSING"},{"weekDay":5,"seckillStartTime":1785470400000,"seckillEndTime":1785729599999,"status":"NOT_STARTED"},{"weekDay":1,"seckillStartTime":1785729600000,"seckillEndTime":1785902399999,"status":"NOT_STARTED"},{"weekDay":3,"seckillStartTime":1785902400000,"seckillEndTime":1786075199999,"status":"NOT_STARTED"},{"weekDay":5,"seckillStartTime":1786075200000,"seckillEndTime":1785124799999,"status":"NOT_STARTED"}]},{"couponId":"68708657f56f912f57e063bf","name":"V2","amount":2,"xyLevel":"V2","seckillTime":"WEEKLY","periods":[{"weekDay":1,"seckillStartTime":1785124800000,"seckillEndTime":1785297599999,"status":"ENDED"},{"weekDay":3,"seckillStartTime":1785297600000,"seckillEndTime":1785470399999,"status":"PROGRESSING"},{"weekDay":5,"seckillStartTime":1785470400000,"seckillEndTime":1785729599999,"status":"NOT_STARTED"},{"weekDay":1,"seckillStartTime":1785729600000,"seckillEndTime":1785902399999,"status":"NOT_STARTED"},{"weekDay":3,"seckillStartTime":1785902400000,"seckillEndTime":1786075199999,"status":"NOT_STARTED"},{"weekDay":5,"seckillStartTime":1786075200000,"seckillEndTime":1785124799999,"status":"NOT_STARTED"}]},{"couponId":"6870867989fddd2bbdec96bc","name":"V3","amount":3,"xyLevel":"V3","seckillTime":"WEEKLY","periods":[{"weekDay":1,"seckillStartTime":1785124800000,"seckillEndTime":1785297599999,"status":"ENDED"},{"weekDay":3,"seckillStartTime":1785297600000,"seckillEndTime":1785470399999,"status":"PROGRESSING"},{"weekDay":5,"seckillStartTime":1785470400000,"seckillEndTime":1785729599999,"status":"NOT_STARTED"},{"weekDay":1,"seckillStartTime":1785729600000,"seckillEndTime":1785902399999,"status":"NOT_STARTED"},{"weekDay":3,"seckillStartTime":1785902400000,"seckillEndTime":1786075199999,"status":"NOT_STARTED"},{"weekDay":5,"seckillStartTime":1786075200000,"seckillEndTime":1785124799999,"status":"NOT_STARTED"}]},{"couponId":"6870869cf56f912f57e063c0","name":"V4","amount":8,"xyLevel":"V4","seckillTime":"WEEKLY","periods":[{"weekDay":1,"seckillStartTime":1785124800000,"seckillEndTime":1785297599999,"status":"ENDED"},{"weekDay":3,"seckillStartTime":1785297600000,"seckillEndTime":1785470399999,"status":"PROGRESSING"},{"weekDay":5,"seckillStartTime":1785470400000,"seckillEndTime":1785729599999,"status":"NOT_STARTED"},{"weekDay":1,"seckillStartTime":1785729600000,"seckillEndTime":1785902399999,"status":"NOT_STARTED"},{"weekDay":3,"seckillStartTime":1785902400000,"seckillEndTime":1786075199999,"status":"NOT_STARTED"},{"weekDay":5,"seckillStartTime":1786075200000,"seckillEndTime":1785124799999,"status":"NOT_STARTED"}]},{"couponId":"687086e33d0d02335c1804f4","name":"V5","amount":18,"xyLevel":"V5","seckillTime":"WEEKLY","periods":[{"weekDay":1,"seckillStartTime":1785124800000,"seckillEndTime":1785297599999,"status":"ENDED"},{"weekDay":3,"seckillStartTime":1785297600000,"seckillEndTime":1785470399999,"status":"PROGRESSING","acquiredStatus":"OUT_OF_STOCK","stockId":"687086e33d0d02335c1804f4_WEEKLY_1785297600000","stockRemain":0},{"weekDay":5,"seckillStartTime":1785470400000,"seckillEndTime":1785729599999,"status":"NOT_STARTED"},{"weekDay":1,"seckillStartTime":1785729600000,"seckillEndTime":1785902399999,"status":"NOT_STARTED"},{"weekDay":3,"seckillStartTime":1785902400000,"seckillEndTime":1786075199999,"status":"NOT_STARTED"},{"weekDay":5,"seckillStartTime":1786075200000,"seckillEndTime":1785124799999,"status":"NOT_STARTED"}]},{"couponId":"68708705f56f912f57e063c3","name":"V6","amount":30,"xyLevel":"V6","seckillTime":"WEEKLY","periods":[{"weekDay":1,"seckillStartTime":1785124800000,"seckillEndTime":1785297599999,"status":"ENDED"},{"weekDay":3,"seckillStartTime":1785297600000,"seckillEndTime":1785470399999,"status":"PROGRESSING"},{"weekDay":5,"seckillStartTime":1785470400000,"seckillEndTime":1785729599999,"status":"NOT_STARTED"},{"weekDay":1,"seckillStartTime":1785729600000,"seckillEndTime":1785902399999,"status":"NOT_STARTED"},{"weekDay":3,"seckillStartTime":1785902400000,"seckillEndTime":1786075199999,"status":"NOT_STARTED"},{"weekDay":5,"seckillStartTime":1786075200000,"seckillEndTime":1785124799999,"status":"NOT_STARTED"}]},{"couponId":"6870872e89fddd2bbdec96bd","name":"V7","amount":75,"xyLevel":"V7","seckillTime":"WEEKLY","periods":[{"weekDay":1,"seckillStartTime":1785124800000,"seckillEndTime":1785297599999,"status":"ENDED"},{"weekDay":3,"seckillStartTime":1785297600000,"seckillEndTime":1785470399999,"status":"PROGRESSING"},{"weekDay":5,"seckillStartTime":1785470400000,"seckillEndTime":1785729599999,"status":"NOT_STARTED"},{"weekDay":1,"seckillStartTime":1785729600000,"seckillEndTime":1785902399999,"status":"NOT_STARTED"},{"weekDay":3,"seckillStartTime":1785902400000,"seckillEndTime":1786075199999,"status":"NOT_STARTED"},{"weekDay":5,"seckillStartTime":1786075200000,"seckillEndTime":1785124799999,"status":"NOT_STARTED"}]}]},"code":200,"errmsg":"OK"}}
============================================================
============================================================
[请求时间] 2026/7/31 11:58:10.480
[响应时间] 2026/7/31 11:58:10.612
[耗时] 132ms
[请求路径] https://pay-api.ds.163.com/v1/web/init/server/time
[请求方式] GET
[请求参数] {"query":null,"body":null}
[请求头] {"Accept":"application/json, text/plain, */*","Content-Type":"application/json;charset=UTF-8","GL-X-XSRF-TOKEN":"eec0a9f5-344e-4730-b133-e05b76556f46","User-Agent":"Mozilla/5.0 (Windows NT 10.0; Win64; x64) AppleWebKit/537.36 (KHTML, like Gecko) Chrome/122.0.0.0 Safari/537.36","Origin":"https://pay.ds.163.com","Referer":"https://pay.ds.163.com/","GL-ClientType":"60","GL-DeviceId":"c8243a6c-3c4d-425e-b304-404af24b6351","GL-Uid":"0b3beac4579d42828819b5ac6f75949e","Accept-Encoding":"gzip, compress, deflate, br"}
[响应结果] {"httpStatus":404,"data":"<!DOCTYPE HTML PUBLIC \"-//W3C//DTD HTML 3.2 Final//EN\">\n<title>404 Not Found</title>\n<h1>Not Found</h1>\n<p>The requested URL was not found on the server. If you entered the URL manually please check your spelling and try again.</p>\n"}
============================================================
============================================================
[请求时间] 2026/7/31 11:58:10.613
[响应时间] 2026/7/31 11:58:10.755
[耗时] 142ms
[请求路径] https://pay-api.ds.163.com/api/nlogin
[请求方式] GET
[请求参数] {"query":{},"body":null}
[请求头] {"Accept":"application/json, text/plain, */*","Content-Type":"application/json;charset=UTF-8","GL-X-XSRF-TOKEN":"eec0a9f5-344e-4730-b133-e05b76556f46","User-Agent":"Mozilla/5.0 (Windows NT 10.0; Win64; x64) AppleWebKit/537.36 (KHTML, like Gecko) Chrome/122.0.0.0 Safari/537.36","Origin":"https://pay.ds.163.com","Referer":"https://pay.ds.163.com/","GL-ClientType":"60","GL-DeviceId":"c8243a6c-3c4d-425e-b304-404af24b6351","GL-Uid":"0b3beac4579d42828819b5ac6f75949e","Accept-Encoding":"gzip, compress, deflate, br"}
[响应结果] {"httpStatus":200,"data":{"code":413,"msg":"登录失败"}}
============================================================
============================================================
[请求时间] 2026/7/31 11:59:24.462
[响应时间] 2026/7/31 11:59:24.648
[耗时] 186ms
[请求路径] https://pay-api.ds.163.com/v1/web/init/server/time
[请求方式] GET
[请求参数] {"query":null,"body":null}
[请求头] {"Accept":"application/json, text/plain, */*","Content-Type":"application/json;charset=UTF-8","User-Agent":"Mozilla/5.0 (Windows NT 10.0; Win64; x64) AppleWebKit/537.36 (KHTML, like Gecko) Chrome/122.0.0.0 Safari/537.36","Origin":"https://pay.ds.163.com","Referer":"https://pay.ds.163.com/","GL-ClientType":"60","GL-DeviceId":"c8243a6c-3c4d-425e-b304-404af24b6351","GL-Uid":"0b3beac4579d42828819b5ac6f75949e","GL-X-XSRF-TOKEN":"eec0a9f5-344e-4730-b133-e05b76556f46","Accept-Encoding":"gzip, compress, deflate, br"}
[响应结果] {"httpStatus":404,"data":"<!DOCTYPE HTML PUBLIC \"-//W3C//DTD HTML 3.2 Final//EN\">\n<title>404 Not Found</title>\n<h1>Not Found</h1>\n<p>The requested URL was not found on the server. If you entered the URL manually please check your spelling and try again.</p>\n"}
============================================================
============================================================
[请求时间] 2026/7/31 11:59:24.649
[响应时间] 2026/7/31 11:59:24.787
[耗时] 138ms
[请求路径] https://pay-api.ds.163.com/api/nlogin
[请求方式] GET
[请求参数] {"query":{},"body":null}
[请求头] {"Accept":"application/json, text/plain, */*","Content-Type":"application/json;charset=UTF-8","GL-X-XSRF-TOKEN":"eec0a9f5-344e-4730-b133-e05b76556f46","User-Agent":"Mozilla/5.0 (Windows NT 10.0; Win64; x64) AppleWebKit/537.36 (KHTML, like Gecko) Chrome/122.0.0.0 Safari/537.36","Origin":"https://pay.ds.163.com","Referer":"https://pay.ds.163.com/","GL-ClientType":"60","GL-DeviceId":"c8243a6c-3c4d-425e-b304-404af24b6351","GL-Uid":"0b3beac4579d42828819b5ac6f75949e","Accept-Encoding":"gzip, compress, deflate, br"}
[响应结果] {"httpStatus":200,"data":{"code":413,"msg":"登录失败"}}
============================================================
============================================================
[请求时间] 2026/7/31 11:59:24.788
[响应时间] 2026/7/31 11:59:24.926
[耗时] 138ms
[请求路径] https://inf.ds.163.com/v1/web/cooperate/plutus/cookie-exchange
[请求方式] GET
[请求参数] {"query":null,"body":null}
[请求头] {"Accept":"application/json, text/plain, */*","Content-Type":"application/json;charset=UTF-8","GL-X-XSRF-TOKEN":"eec0a9f5-344e-4730-b133-e05b76556f46","User-Agent":"Mozilla/5.0 (Windows NT 10.0; Win64; x64) AppleWebKit/537.36 (KHTML, like Gecko) Chrome/122.0.0.0 Safari/537.36","Origin":"https://pay.ds.163.com","Referer":"https://pay.ds.163.com/","GL-ClientType":"60","GL-DeviceId":"c8243a6c-3c4d-425e-b304-404af24b6351","GL-Uid":"0b3beac4579d42828819b5ac6f75949e","Accept-Encoding":"gzip, compress, deflate, br"}
[响应结果] {"httpStatus":200,"data":{"result":{"user":{"uid":"0b3beac4579d42828819b5ac6f75949e","nick":"莳里笙歌","icon":"https://ok.166.net/reunionpub/pr_jxarxzy7ogbbt7hv9fmila==_50_1547133688_698950","intro":"1","gender":2,"birth":"2001-07-03","frame":"5ddbbcefbc54b711f880e67a","medal":"5e7ab760a54a0010e4f01901","squareMedals":[],"updateTime":1751116985369,"userSourceType":"URS"},"newUser":false},"code":200,"errmsg":"OK"}}
============================================================
============================================================
[请求时间] 2026/7/31 11:59:24.927
[响应时间] 2026/7/31 11:59:25.057
[耗时] 130ms
[请求路径] https://pay-api.ds.163.com/v1/web/init/server/time
[请求方式] GET
[请求参数] {"query":null,"body":null}
[请求头] {"Accept":"application/json, text/plain, */*","Content-Type":"application/json;charset=UTF-8","GL-X-XSRF-TOKEN":"eec0a9f5-344e-4730-b133-e05b76556f46","User-Agent":"Mozilla/5.0 (Windows NT 10.0; Win64; x64) AppleWebKit/537.36 (KHTML, like Gecko) Chrome/122.0.0.0 Safari/537.36","Origin":"https://pay.ds.163.com","Referer":"https://pay.ds.163.com/","GL-ClientType":"60","GL-DeviceId":"c8243a6c-3c4d-425e-b304-404af24b6351","GL-Uid":"0b3beac4579d42828819b5ac6f75949e","Accept-Encoding":"gzip, compress, deflate, br"}
[响应结果] {"httpStatus":404,"data":"<!DOCTYPE HTML PUBLIC \"-//W3C//DTD HTML 3.2 Final//EN\">\n<title>404 Not Found</title>\n<h1>Not Found</h1>\n<p>The requested URL was not found on the server. If you entered the URL manually please check your spelling and try again.</p>\n"}
============================================================
============================================================
[请求时间] 2026/7/31 11:59:25.057
[响应时间] 2026/7/31 11:59:25.107
[耗时] 50ms
[请求路径] https://inf.ds.163.com/v1/web/exp/xy/user/get-info
[请求方式] POST
[请求参数] {"query":null,"body":{}}
[请求头] {"Accept":"application/json, text/plain, */*","Content-Type":"application/json;charset=UTF-8","GL-X-XSRF-TOKEN":"eec0a9f5-344e-4730-b133-e05b76556f46","User-Agent":"Mozilla/5.0 (Windows NT 10.0; Win64; x64) AppleWebKit/537.36 (KHTML, like Gecko) Chrome/122.0.0.0 Safari/537.36","Origin":"https://pay.ds.163.com","Referer":"https://pay.ds.163.com/","GL-ClientType":"60","GL-DeviceId":"c8243a6c-3c4d-425e-b304-404af24b6351","GL-Uid":"0b3beac4579d42828819b5ac6f75949e","GL-CheckSum":"36fd4fa0eb05fbfe5f0b5d86abbe4b846cf13c76","Content-Length":"2","Accept-Encoding":"gzip, compress, deflate, br"}
[响应结果] {"httpStatus":200,"data":{"result":{"growthPoint":118975,"currentLv":"V5","diffNextLvGrowthPoint":181025,"currentLvExpireDate":"20260828","currentLvExpire":1787846400000,"nextLv":"V6","activeGames":["l36"],"last365LoginGames":["l36"],"initDate":"20250828","lastLv":"V4"},"code":200,"errmsg":"OK"}}
============================================================
============================================================
[请求时间] 2026/7/31 11:59:25.108
[响应时间] 2026/7/31 11:59:25.190
[耗时] 82ms
[请求路径] https://inf.ds.163.com/v1/web/exp/week-coupon/showing-list-v2
[请求方式] POST
[请求参数] {"query":null,"body":{}}
[请求头] {"Accept":"application/json, text/plain, */*","Content-Type":"application/json;charset=UTF-8","GL-X-XSRF-TOKEN":"eec0a9f5-344e-4730-b133-e05b76556f46","User-Agent":"Mozilla/5.0 (Windows NT 10.0; Win64; x64) AppleWebKit/537.36 (KHTML, like Gecko) Chrome/122.0.0.0 Safari/537.36","Origin":"https://pay.ds.163.com","Referer":"https://pay.ds.163.com/","GL-ClientType":"60","GL-DeviceId":"c8243a6c-3c4d-425e-b304-404af24b6351","GL-Uid":"0b3beac4579d42828819b5ac6f75949e","GL-CheckSum":"36fd4fa0eb05fbfe5f0b5d86abbe4b846cf13c76","Content-Length":"2","Accept-Encoding":"gzip, compress, deflate, br"}
[响应结果] {"httpStatus":200,"data":{"result":{"coupons":[{"couponId":"687076e69f3efd24cb2bed9c","name":"V1","amount":1,"xyLevel":"V1","seckillTime":"WEEKLY","periods":[{"weekDay":1,"seckillStartTime":1785124800000,"seckillEndTime":1785297599999,"status":"ENDED"},{"weekDay":3,"seckillStartTime":1785297600000,"seckillEndTime":1785470399999,"status":"PROGRESSING"},{"weekDay":5,"seckillStartTime":1785470400000,"seckillEndTime":1785729599999,"status":"NOT_STARTED"},{"weekDay":1,"seckillStartTime":1785729600000,"seckillEndTime":1785902399999,"status":"NOT_STARTED"},{"weekDay":3,"seckillStartTime":1785902400000,"seckillEndTime":1786075199999,"status":"NOT_STARTED"},{"weekDay":5,"seckillStartTime":1786075200000,"seckillEndTime":1785124799999,"status":"NOT_STARTED"}]},{"couponId":"68708657f56f912f57e063bf","name":"V2","amount":2,"xyLevel":"V2","seckillTime":"WEEKLY","periods":[{"weekDay":1,"seckillStartTime":1785124800000,"seckillEndTime":1785297599999,"status":"ENDED"},{"weekDay":3,"seckillStartTime":1785297600000,"seckillEndTime":1785470399999,"status":"PROGRESSING"},{"weekDay":5,"seckillStartTime":1785470400000,"seckillEndTime":1785729599999,"status":"NOT_STARTED"},{"weekDay":1,"seckillStartTime":1785729600000,"seckillEndTime":1785902399999,"status":"NOT_STARTED"},{"weekDay":3,"seckillStartTime":1785902400000,"seckillEndTime":1786075199999,"status":"NOT_STARTED"},{"weekDay":5,"seckillStartTime":1786075200000,"seckillEndTime":1785124799999,"status":"NOT_STARTED"}]},{"couponId":"6870867989fddd2bbdec96bc","name":"V3","amount":3,"xyLevel":"V3","seckillTime":"WEEKLY","periods":[{"weekDay":1,"seckillStartTime":1785124800000,"seckillEndTime":1785297599999,"status":"ENDED"},{"weekDay":3,"seckillStartTime":1785297600000,"seckillEndTime":1785470399999,"status":"PROGRESSING"},{"weekDay":5,"seckillStartTime":1785470400000,"seckillEndTime":1785729599999,"status":"NOT_STARTED"},{"weekDay":1,"seckillStartTime":1785729600000,"seckillEndTime":1785902399999,"status":"NOT_STARTED"},{"weekDay":3,"seckillStartTime":1785902400000,"seckillEndTime":1786075199999,"status":"NOT_STARTED"},{"weekDay":5,"seckillStartTime":1786075200000,"seckillEndTime":1785124799999,"status":"NOT_STARTED"}]},{"couponId":"6870869cf56f912f57e063c0","name":"V4","amount":8,"xyLevel":"V4","seckillTime":"WEEKLY","periods":[{"weekDay":1,"seckillStartTime":1785124800000,"seckillEndTime":1785297599999,"status":"ENDED"},{"weekDay":3,"seckillStartTime":1785297600000,"seckillEndTime":1785470399999,"status":"PROGRESSING"},{"weekDay":5,"seckillStartTime":1785470400000,"seckillEndTime":1785729599999,"status":"NOT_STARTED"},{"weekDay":1,"seckillStartTime":1785729600000,"seckillEndTime":1785902399999,"status":"NOT_STARTED"},{"weekDay":3,"seckillStartTime":1785902400000,"seckillEndTime":1786075199999,"status":"NOT_STARTED"},{"weekDay":5,"seckillStartTime":1786075200000,"seckillEndTime":1785124799999,"status":"NOT_STARTED"}]},{"couponId":"687086e33d0d02335c1804f4","name":"V5","amount":18,"xyLevel":"V5","seckillTime":"WEEKLY","periods":[{"weekDay":1,"seckillStartTime":1785124800000,"seckillEndTime":1785297599999,"status":"ENDED"},{"weekDay":3,"seckillStartTime":1785297600000,"seckillEndTime":1785470399999,"status":"PROGRESSING","acquiredStatus":"OUT_OF_STOCK","stockId":"687086e33d0d02335c1804f4_WEEKLY_1785297600000","stockRemain":0},{"weekDay":5,"seckillStartTime":1785470400000,"seckillEndTime":1785729599999,"status":"NOT_STARTED"},{"weekDay":1,"seckillStartTime":1785729600000,"seckillEndTime":1785902399999,"status":"NOT_STARTED"},{"weekDay":3,"seckillStartTime":1785902400000,"seckillEndTime":1786075199999,"status":"NOT_STARTED"},{"weekDay":5,"seckillStartTime":1786075200000,"seckillEndTime":1785124799999,"status":"NOT_STARTED"}]},{"couponId":"68708705f56f912f57e063c3","name":"V6","amount":30,"xyLevel":"V6","seckillTime":"WEEKLY","periods":[{"weekDay":1,"seckillStartTime":1785124800000,"seckillEndTime":1785297599999,"status":"ENDED"},{"weekDay":3,"seckillStartTime":1785297600000,"seckillEndTime":1785470399999,"status":"PROGRESSING"},{"weekDay":5,"seckillStartTime":1785470400000,"seckillEndTime":1785729599999,"status":"NOT_STARTED"},{"weekDay":1,"seckillStartTime":1785729600000,"seckillEndTime":1785902399999,"status":"NOT_STARTED"},{"weekDay":3,"seckillStartTime":1785902400000,"seckillEndTime":1786075199999,"status":"NOT_STARTED"},{"weekDay":5,"seckillStartTime":1786075200000,"seckillEndTime":1785124799999,"status":"NOT_STARTED"}]},{"couponId":"6870872e89fddd2bbdec96bd","name":"V7","amount":75,"xyLevel":"V7","seckillTime":"WEEKLY","periods":[{"weekDay":1,"seckillStartTime":1785124800000,"seckillEndTime":1785297599999,"status":"ENDED"},{"weekDay":3,"seckillStartTime":1785297600000,"seckillEndTime":1785470399999,"status":"PROGRESSING"},{"weekDay":5,"seckillStartTime":1785470400000,"seckillEndTime":1785729599999,"status":"NOT_STARTED"},{"weekDay":1,"seckillStartTime":1785729600000,"seckillEndTime":1785902399999,"status":"NOT_STARTED"},{"weekDay":3,"seckillStartTime":1785902400000,"seckillEndTime":1786075199999,"status":"NOT_STARTED"},{"weekDay":5,"seckillStartTime":1786075200000,"seckillEndTime":1785124799999,"status":"NOT_STARTED"}]}]},"code":200,"errmsg":"OK"}}
============================================================
============================================================
[请求时间] 2026/7/31 11:59:25.537
[响应时间] 2026/7/31 11:59:25.596
[耗时] 59ms
[请求路径] https://inf.ds.163.com/v1/web/exp/week-coupon/showing-list-v2
[请求方式] POST
[请求参数] {"query":null,"body":{}}
[请求头] {"Accept":"application/json, text/plain, */*","Content-Type":"application/json;charset=UTF-8","GL-X-XSRF-TOKEN":"eec0a9f5-344e-4730-b133-e05b76556f46","User-Agent":"Mozilla/5.0 (Windows NT 10.0; Win64; x64) AppleWebKit/537.36 (KHTML, like Gecko) Chrome/122.0.0.0 Safari/537.36","Origin":"https://pay.ds.163.com","Referer":"https://pay.ds.163.com/","GL-ClientType":"60","GL-DeviceId":"c8243a6c-3c4d-425e-b304-404af24b6351","GL-Uid":"0b3beac4579d42828819b5ac6f75949e","GL-CheckSum":"36fd4fa0eb05fbfe5f0b5d86abbe4b846cf13c76","Content-Length":"2","Accept-Encoding":"gzip, compress, deflate, br"}
[响应结果] {"httpStatus":200,"data":{"result":{"coupons":[{"couponId":"687076e69f3efd24cb2bed9c","name":"V1","amount":1,"xyLevel":"V1","seckillTime":"WEEKLY","periods":[{"weekDay":1,"seckillStartTime":1785124800000,"seckillEndTime":1785297599999,"status":"ENDED"},{"weekDay":3,"seckillStartTime":1785297600000,"seckillEndTime":1785470399999,"status":"PROGRESSING"},{"weekDay":5,"seckillStartTime":1785470400000,"seckillEndTime":1785729599999,"status":"NOT_STARTED"},{"weekDay":1,"seckillStartTime":1785729600000,"seckillEndTime":1785902399999,"status":"NOT_STARTED"},{"weekDay":3,"seckillStartTime":1785902400000,"seckillEndTime":1786075199999,"status":"NOT_STARTED"},{"weekDay":5,"seckillStartTime":1786075200000,"seckillEndTime":1785124799999,"status":"NOT_STARTED"}]},{"couponId":"68708657f56f912f57e063bf","name":"V2","amount":2,"xyLevel":"V2","seckillTime":"WEEKLY","periods":[{"weekDay":1,"seckillStartTime":1785124800000,"seckillEndTime":1785297599999,"status":"ENDED"},{"weekDay":3,"seckillStartTime":1785297600000,"seckillEndTime":1785470399999,"status":"PROGRESSING"},{"weekDay":5,"seckillStartTime":1785470400000,"seckillEndTime":1785729599999,"status":"NOT_STARTED"},{"weekDay":1,"seckillStartTime":1785729600000,"seckillEndTime":1785902399999,"status":"NOT_STARTED"},{"weekDay":3,"seckillStartTime":1785902400000,"seckillEndTime":1786075199999,"status":"NOT_STARTED"},{"weekDay":5,"seckillStartTime":1786075200000,"seckillEndTime":1785124799999,"status":"NOT_STARTED"}]},{"couponId":"6870867989fddd2bbdec96bc","name":"V3","amount":3,"xyLevel":"V3","seckillTime":"WEEKLY","periods":[{"weekDay":1,"seckillStartTime":1785124800000,"seckillEndTime":1785297599999,"status":"ENDED"},{"weekDay":3,"seckillStartTime":1785297600000,"seckillEndTime":1785470399999,"status":"PROGRESSING"},{"weekDay":5,"seckillStartTime":1785470400000,"seckillEndTime":1785729599999,"status":"NOT_STARTED"},{"weekDay":1,"seckillStartTime":1785729600000,"seckillEndTime":1785902399999,"status":"NOT_STARTED"},{"weekDay":3,"seckillStartTime":1785902400000,"seckillEndTime":1786075199999,"status":"NOT_STARTED"},{"weekDay":5,"seckillStartTime":1786075200000,"seckillEndTime":1785124799999,"status":"NOT_STARTED"}]},{"couponId":"6870869cf56f912f57e063c0","name":"V4","amount":8,"xyLevel":"V4","seckillTime":"WEEKLY","periods":[{"weekDay":1,"seckillStartTime":1785124800000,"seckillEndTime":1785297599999,"status":"ENDED"},{"weekDay":3,"seckillStartTime":1785297600000,"seckillEndTime":1785470399999,"status":"PROGRESSING"},{"weekDay":5,"seckillStartTime":1785470400000,"seckillEndTime":1785729599999,"status":"NOT_STARTED"},{"weekDay":1,"seckillStartTime":1785729600000,"seckillEndTime":1785902399999,"status":"NOT_STARTED"},{"weekDay":3,"seckillStartTime":1785902400000,"seckillEndTime":1786075199999,"status":"NOT_STARTED"},{"weekDay":5,"seckillStartTime":1786075200000,"seckillEndTime":1785124799999,"status":"NOT_STARTED"}]},{"couponId":"687086e33d0d02335c1804f4","name":"V5","amount":18,"xyLevel":"V5","seckillTime":"WEEKLY","periods":[{"weekDay":1,"seckillStartTime":1785124800000,"seckillEndTime":1785297599999,"status":"ENDED"},{"weekDay":3,"seckillStartTime":1785297600000,"seckillEndTime":1785470399999,"status":"PROGRESSING","acquiredStatus":"OUT_OF_STOCK","stockId":"687086e33d0d02335c1804f4_WEEKLY_1785297600000","stockRemain":0},{"weekDay":5,"seckillStartTime":1785470400000,"seckillEndTime":1785729599999,"status":"NOT_STARTED"},{"weekDay":1,"seckillStartTime":1785729600000,"seckillEndTime":1785902399999,"status":"NOT_STARTED"},{"weekDay":3,"seckillStartTime":1785902400000,"seckillEndTime":1786075199999,"status":"NOT_STARTED"},{"weekDay":5,"seckillStartTime":1786075200000,"seckillEndTime":1785124799999,"status":"NOT_STARTED"}]},{"couponId":"68708705f56f912f57e063c3","name":"V6","amount":30,"xyLevel":"V6","seckillTime":"WEEKLY","periods":[{"weekDay":1,"seckillStartTime":1785124800000,"seckillEndTime":1785297599999,"status":"ENDED"},{"weekDay":3,"seckillStartTime":1785297600000,"seckillEndTime":1785470399999,"status":"PROGRESSING"},{"weekDay":5,"seckillStartTime":1785470400000,"seckillEndTime":1785729599999,"status":"NOT_STARTED"},{"weekDay":1,"seckillStartTime":1785729600000,"seckillEndTime":1785902399999,"status":"NOT_STARTED"},{"weekDay":3,"seckillStartTime":1785902400000,"seckillEndTime":1786075199999,"status":"NOT_STARTED"},{"weekDay":5,"seckillStartTime":1786075200000,"seckillEndTime":1785124799999,"status":"NOT_STARTED"}]},{"couponId":"6870872e89fddd2bbdec96bd","name":"V7","amount":75,"xyLevel":"V7","seckillTime":"WEEKLY","periods":[{"weekDay":1,"seckillStartTime":1785124800000,"seckillEndTime":1785297599999,"status":"ENDED"},{"weekDay":3,"seckillStartTime":1785297600000,"seckillEndTime":1785470399999,"status":"PROGRESSING"},{"weekDay":5,"seckillStartTime":1785470400000,"seckillEndTime":1785729599999,"status":"NOT_STARTED"},{"weekDay":1,"seckillStartTime":1785729600000,"seckillEndTime":1785902399999,"status":"NOT_STARTED"},{"weekDay":3,"seckillStartTime":1785902400000,"seckillEndTime":1786075199999,"status":"NOT_STARTED"},{"weekDay":5,"seckillStartTime":1786075200000,"seckillEndTime":1785124799999,"status":"NOT_STARTED"}]}]},"code":200,"errmsg":"OK"}}
============================================================
============================================================
[请求时间] 2026/7/31 11:59:25.597
[响应时间] 2026/7/31 11:59:25.756
[耗时] 159ms
[请求路径] https://pay-api.ds.163.com/v1/web/init/server/time
[请求方式] GET
[请求参数] {"query":null,"body":null}
[请求头] {"Accept":"application/json, text/plain, */*","Content-Type":"application/json;charset=UTF-8","GL-X-XSRF-TOKEN":"eec0a9f5-344e-4730-b133-e05b76556f46","User-Agent":"Mozilla/5.0 (Windows NT 10.0; Win64; x64) AppleWebKit/537.36 (KHTML, like Gecko) Chrome/122.0.0.0 Safari/537.36","Origin":"https://pay.ds.163.com","Referer":"https://pay.ds.163.com/","GL-ClientType":"60","GL-DeviceId":"c8243a6c-3c4d-425e-b304-404af24b6351","GL-Uid":"0b3beac4579d42828819b5ac6f75949e","Accept-Encoding":"gzip, compress, deflate, br"}
[响应结果] {"httpStatus":404,"data":"<!DOCTYPE HTML PUBLIC \"-//W3C//DTD HTML 3.2 Final//EN\">\n<title>404 Not Found</title>\n<h1>Not Found</h1>\n<p>The requested URL was not found on the server. If you entered the URL manually please check your spelling and try again.</p>\n"}
============================================================
============================================================
[请求时间] 2026/7/31 11:59:25.756
[响应时间] 2026/7/31 11:59:26.274
[耗时] 518ms
[请求路径] https://pay-api.ds.163.com/api/nlogin
[请求方式] GET
[请求参数] {"query":{},"body":null}
[请求头] {"Accept":"application/json, text/plain, */*","Content-Type":"application/json;charset=UTF-8","GL-X-XSRF-TOKEN":"eec0a9f5-344e-4730-b133-e05b76556f46","User-Agent":"Mozilla/5.0 (Windows NT 10.0; Win64; x64) AppleWebKit/537.36 (KHTML, like Gecko) Chrome/122.0.0.0 Safari/537.36","Origin":"https://pay.ds.163.com","Referer":"https://pay.ds.163.com/","GL-ClientType":"60","GL-DeviceId":"c8243a6c-3c4d-425e-b304-404af24b6351","GL-Uid":"0b3beac4579d42828819b5ac6f75949e","Accept-Encoding":"gzip, compress, deflate, br"}
[响应结果] {"httpStatus":200,"data":{"code":413,"msg":"登录失败"}}
============================================================
============================================================
[请求时间] 2026/7/31 11:59:45.012
[响应时间] 2026/7/31 11:59:45.165
[耗时] 153ms
[请求路径] https://pay-api.ds.163.com/v1/web/init/server/time
[请求方式] GET
[请求参数] {"query":null,"body":null}
[请求头] {"Accept":"application/json, text/plain, */*","Content-Type":"application/json;charset=UTF-8","GL-X-XSRF-TOKEN":"eec0a9f5-344e-4730-b133-e05b76556f46","User-Agent":"Mozilla/5.0 (Windows NT 10.0; Win64; x64) AppleWebKit/537.36 (KHTML, like Gecko) Chrome/122.0.0.0 Safari/537.36","Origin":"https://pay.ds.163.com","Referer":"https://pay.ds.163.com/","GL-ClientType":"60","GL-DeviceId":"c8243a6c-3c4d-425e-b304-404af24b6351","GL-Uid":"0b3beac4579d42828819b5ac6f75949e","Accept-Encoding":"gzip, compress, deflate, br"}
[响应结果] {"httpStatus":404,"data":"<!DOCTYPE HTML PUBLIC \"-//W3C//DTD HTML 3.2 Final//EN\">\n<title>404 Not Found</title>\n<h1>Not Found</h1>\n<p>The requested URL was not found on the server. If you entered the URL manually please check your spelling and try again.</p>\n"}
============================================================
============================================================
[请求时间] 2026/7/31 11:59:45.165
[响应时间] 2026/7/31 11:59:45.301
[耗时] 136ms
[请求路径] https://pay-api.ds.163.com/api/nlogin
[请求方式] GET
[请求参数] {"query":{},"body":null}
[请求头] {"Accept":"application/json, text/plain, */*","Content-Type":"application/json;charset=UTF-8","GL-X-XSRF-TOKEN":"eec0a9f5-344e-4730-b133-e05b76556f46","User-Agent":"Mozilla/5.0 (Windows NT 10.0; Win64; x64) AppleWebKit/537.36 (KHTML, like Gecko) Chrome/122.0.0.0 Safari/537.36","Origin":"https://pay.ds.163.com","Referer":"https://pay.ds.163.com/","GL-ClientType":"60","GL-DeviceId":"c8243a6c-3c4d-425e-b304-404af24b6351","GL-Uid":"0b3beac4579d42828819b5ac6f75949e","Accept-Encoding":"gzip, compress, deflate, br"}
[响应结果] {"httpStatus":200,"data":{"code":413,"msg":"登录失败"}}
============================================================
============================================================
[请求时间] 2026/7/31 11:59:45.302
[响应时间] 2026/7/31 11:59:45.440
[耗时] 138ms
[请求路径] https://inf.ds.163.com/v1/web/cooperate/plutus/cookie-exchange
[请求方式] GET
[请求参数] {"query":null,"body":null}
[请求头] {"Accept":"application/json, text/plain, */*","Content-Type":"application/json;charset=UTF-8","GL-X-XSRF-TOKEN":"eec0a9f5-344e-4730-b133-e05b76556f46","User-Agent":"Mozilla/5.0 (Windows NT 10.0; Win64; x64) AppleWebKit/537.36 (KHTML, like Gecko) Chrome/122.0.0.0 Safari/537.36","Origin":"https://pay.ds.163.com","Referer":"https://pay.ds.163.com/","GL-ClientType":"60","GL-DeviceId":"c8243a6c-3c4d-425e-b304-404af24b6351","GL-Uid":"0b3beac4579d42828819b5ac6f75949e","Accept-Encoding":"gzip, compress, deflate, br"}
[响应结果] {"httpStatus":200,"data":{"result":{"user":{"uid":"0b3beac4579d42828819b5ac6f75949e","nick":"莳里笙歌","icon":"https://ok.166.net/reunionpub/pr_jxarxzy7ogbbt7hv9fmila==_50_1547133688_698950","intro":"1","gender":2,"birth":"2001-07-03","frame":"5ddbbcefbc54b711f880e67a","medal":"5e7ab760a54a0010e4f01901","squareMedals":[],"updateTime":1751116985369,"userSourceType":"URS"},"newUser":false},"code":200,"errmsg":"OK"}}
============================================================
============================================================
[请求时间] 2026/7/31 11:59:45.441
[响应时间] 2026/7/31 11:59:45.580
[耗时] 139ms
[请求路径] https://pay-api.ds.163.com/v1/web/init/server/time
[请求方式] GET
[请求参数] {"query":null,"body":null}
[请求头] {"Accept":"application/json, text/plain, */*","Content-Type":"application/json;charset=UTF-8","GL-X-XSRF-TOKEN":"eec0a9f5-344e-4730-b133-e05b76556f46","User-Agent":"Mozilla/5.0 (Windows NT 10.0; Win64; x64) AppleWebKit/537.36 (KHTML, like Gecko) Chrome/122.0.0.0 Safari/537.36","Origin":"https://pay.ds.163.com","Referer":"https://pay.ds.163.com/","GL-ClientType":"60","GL-DeviceId":"c8243a6c-3c4d-425e-b304-404af24b6351","GL-Uid":"0b3beac4579d42828819b5ac6f75949e","Accept-Encoding":"gzip, compress, deflate, br"}
[响应结果] {"httpStatus":404,"data":"<!DOCTYPE HTML PUBLIC \"-//W3C//DTD HTML 3.2 Final//EN\">\n<title>404 Not Found</title>\n<h1>Not Found</h1>\n<p>The requested URL was not found on the server. If you entered the URL manually please check your spelling and try again.</p>\n"}
============================================================
============================================================
[请求时间] 2026/7/31 11:59:45.581
[响应时间] 2026/7/31 11:59:45.644
[耗时] 63ms
[请求路径] https://inf.ds.163.com/v1/web/exp/xy/user/get-info
[请求方式] POST
[请求参数] {"query":null,"body":{}}
[请求头] {"Accept":"application/json, text/plain, */*","Content-Type":"application/json;charset=UTF-8","GL-X-XSRF-TOKEN":"eec0a9f5-344e-4730-b133-e05b76556f46","User-Agent":"Mozilla/5.0 (Windows NT 10.0; Win64; x64) AppleWebKit/537.36 (KHTML, like Gecko) Chrome/122.0.0.0 Safari/537.36","Origin":"https://pay.ds.163.com","Referer":"https://pay.ds.163.com/","GL-ClientType":"60","GL-DeviceId":"c8243a6c-3c4d-425e-b304-404af24b6351","GL-Uid":"0b3beac4579d42828819b5ac6f75949e","GL-CheckSum":"36fd4fa0eb05fbfe5f0b5d86abbe4b846cf13c76","Content-Length":"2","Accept-Encoding":"gzip, compress, deflate, br"}
[响应结果] {"httpStatus":200,"data":{"result":{"growthPoint":118975,"currentLv":"V5","diffNextLvGrowthPoint":181025,"currentLvExpireDate":"20260828","currentLvExpire":1787846400000,"nextLv":"V6","activeGames":["l36"],"last365LoginGames":["l36"],"initDate":"20250828","lastLv":"V4"},"code":200,"errmsg":"OK"}}
============================================================
============================================================
[请求时间] 2026/7/31 11:59:45.645
[响应时间] 2026/7/31 11:59:45.713
[耗时] 68ms
[请求路径] https://inf.ds.163.com/v1/web/exp/week-coupon/showing-list-v2
[请求方式] POST
[请求参数] {"query":null,"body":{}}
[请求头] {"Accept":"application/json, text/plain, */*","Content-Type":"application/json;charset=UTF-8","GL-X-XSRF-TOKEN":"eec0a9f5-344e-4730-b133-e05b76556f46","User-Agent":"Mozilla/5.0 (Windows NT 10.0; Win64; x64) AppleWebKit/537.36 (KHTML, like Gecko) Chrome/122.0.0.0 Safari/537.36","Origin":"https://pay.ds.163.com","Referer":"https://pay.ds.163.com/","GL-ClientType":"60","GL-DeviceId":"c8243a6c-3c4d-425e-b304-404af24b6351","GL-Uid":"0b3beac4579d42828819b5ac6f75949e","GL-CheckSum":"36fd4fa0eb05fbfe5f0b5d86abbe4b846cf13c76","Content-Length":"2","Accept-Encoding":"gzip, compress, deflate, br"}
[响应结果] {"httpStatus":200,"data":{"result":{"coupons":[{"couponId":"687076e69f3efd24cb2bed9c","name":"V1","amount":1,"xyLevel":"V1","seckillTime":"WEEKLY","periods":[{"weekDay":1,"seckillStartTime":1785124800000,"seckillEndTime":1785297599999,"status":"ENDED"},{"weekDay":3,"seckillStartTime":1785297600000,"seckillEndTime":1785470399999,"status":"PROGRESSING"},{"weekDay":5,"seckillStartTime":1785470400000,"seckillEndTime":1785729599999,"status":"NOT_STARTED"},{"weekDay":1,"seckillStartTime":1785729600000,"seckillEndTime":1785902399999,"status":"NOT_STARTED"},{"weekDay":3,"seckillStartTime":1785902400000,"seckillEndTime":1786075199999,"status":"NOT_STARTED"},{"weekDay":5,"seckillStartTime":1786075200000,"seckillEndTime":1785124799999,"status":"NOT_STARTED"}]},{"couponId":"68708657f56f912f57e063bf","name":"V2","amount":2,"xyLevel":"V2","seckillTime":"WEEKLY","periods":[{"weekDay":1,"seckillStartTime":1785124800000,"seckillEndTime":1785297599999,"status":"ENDED"},{"weekDay":3,"seckillStartTime":1785297600000,"seckillEndTime":1785470399999,"status":"PROGRESSING"},{"weekDay":5,"seckillStartTime":1785470400000,"seckillEndTime":1785729599999,"status":"NOT_STARTED"},{"weekDay":1,"seckillStartTime":1785729600000,"seckillEndTime":1785902399999,"status":"NOT_STARTED"},{"weekDay":3,"seckillStartTime":1785902400000,"seckillEndTime":1786075199999,"status":"NOT_STARTED"},{"weekDay":5,"seckillStartTime":1786075200000,"seckillEndTime":1785124799999,"status":"NOT_STARTED"}]},{"couponId":"6870867989fddd2bbdec96bc","name":"V3","amount":3,"xyLevel":"V3","seckillTime":"WEEKLY","periods":[{"weekDay":1,"seckillStartTime":1785124800000,"seckillEndTime":1785297599999,"status":"ENDED"},{"weekDay":3,"seckillStartTime":1785297600000,"seckillEndTime":1785470399999,"status":"PROGRESSING"},{"weekDay":5,"seckillStartTime":1785470400000,"seckillEndTime":1785729599999,"status":"NOT_STARTED"},{"weekDay":1,"seckillStartTime":1785729600000,"seckillEndTime":1785902399999,"status":"NOT_STARTED"},{"weekDay":3,"seckillStartTime":1785902400000,"seckillEndTime":1786075199999,"status":"NOT_STARTED"},{"weekDay":5,"seckillStartTime":1786075200000,"seckillEndTime":1785124799999,"status":"NOT_STARTED"}]},{"couponId":"6870869cf56f912f57e063c0","name":"V4","amount":8,"xyLevel":"V4","seckillTime":"WEEKLY","periods":[{"weekDay":1,"seckillStartTime":1785124800000,"seckillEndTime":1785297599999,"status":"ENDED"},{"weekDay":3,"seckillStartTime":1785297600000,"seckillEndTime":1785470399999,"status":"PROGRESSING"},{"weekDay":5,"seckillStartTime":1785470400000,"seckillEndTime":1785729599999,"status":"NOT_STARTED"},{"weekDay":1,"seckillStartTime":1785729600000,"seckillEndTime":1785902399999,"status":"NOT_STARTED"},{"weekDay":3,"seckillStartTime":1785902400000,"seckillEndTime":1786075199999,"status":"NOT_STARTED"},{"weekDay":5,"seckillStartTime":1786075200000,"seckillEndTime":1785124799999,"status":"NOT_STARTED"}]},{"couponId":"687086e33d0d02335c1804f4","name":"V5","amount":18,"xyLevel":"V5","seckillTime":"WEEKLY","periods":[{"weekDay":1,"seckillStartTime":1785124800000,"seckillEndTime":1785297599999,"status":"ENDED"},{"weekDay":3,"seckillStartTime":1785297600000,"seckillEndTime":1785470399999,"status":"PROGRESSING","acquiredStatus":"OUT_OF_STOCK","stockId":"687086e33d0d02335c1804f4_WEEKLY_1785297600000","stockRemain":0},{"weekDay":5,"seckillStartTime":1785470400000,"seckillEndTime":1785729599999,"status":"NOT_STARTED"},{"weekDay":1,"seckillStartTime":1785729600000,"seckillEndTime":1785902399999,"status":"NOT_STARTED"},{"weekDay":3,"seckillStartTime":1785902400000,"seckillEndTime":1786075199999,"status":"NOT_STARTED"},{"weekDay":5,"seckillStartTime":1786075200000,"seckillEndTime":1785124799999,"status":"NOT_STARTED"}]},{"couponId":"68708705f56f912f57e063c3","name":"V6","amount":30,"xyLevel":"V6","seckillTime":"WEEKLY","periods":[{"weekDay":1,"seckillStartTime":1785124800000,"seckillEndTime":1785297599999,"status":"ENDED"},{"weekDay":3,"seckillStartTime":1785297600000,"seckillEndTime":1785470399999,"status":"PROGRESSING"},{"weekDay":5,"seckillStartTime":1785470400000,"seckillEndTime":1785729599999,"status":"NOT_STARTED"},{"weekDay":1,"seckillStartTime":1785729600000,"seckillEndTime":1785902399999,"status":"NOT_STARTED"},{"weekDay":3,"seckillStartTime":1785902400000,"seckillEndTime":1786075199999,"status":"NOT_STARTED"},{"weekDay":5,"seckillStartTime":1786075200000,"seckillEndTime":1785124799999,"status":"NOT_STARTED"}]},{"couponId":"6870872e89fddd2bbdec96bd","name":"V7","amount":75,"xyLevel":"V7","seckillTime":"WEEKLY","periods":[{"weekDay":1,"seckillStartTime":1785124800000,"seckillEndTime":1785297599999,"status":"ENDED"},{"weekDay":3,"seckillStartTime":1785297600000,"seckillEndTime":1785470399999,"status":"PROGRESSING"},{"weekDay":5,"seckillStartTime":1785470400000,"seckillEndTime":1785729599999,"status":"NOT_STARTED"},{"weekDay":1,"seckillStartTime":1785729600000,"seckillEndTime":1785902399999,"status":"NOT_STARTED"},{"weekDay":3,"seckillStartTime":1785902400000,"seckillEndTime":1786075199999,"status":"NOT_STARTED"},{"weekDay":5,"seckillStartTime":1786075200000,"seckillEndTime":1785124799999,"status":"NOT_STARTED"}]}]},"code":200,"errmsg":"OK"}}
============================================================
============================================================
[请求时间] 2026/7/31 11:59:45.814
[响应时间] 2026/7/31 11:59:45.885
[耗时] 71ms
[请求路径] https://inf.ds.163.com/v1/web/exp/week-coupon/showing-list-v2
[请求方式] POST
[请求参数] {"query":null,"body":{}}
[请求头] {"Accept":"application/json, text/plain, */*","Content-Type":"application/json;charset=UTF-8","GL-X-XSRF-TOKEN":"eec0a9f5-344e-4730-b133-e05b76556f46","User-Agent":"Mozilla/5.0 (Windows NT 10.0; Win64; x64) AppleWebKit/537.36 (KHTML, like Gecko) Chrome/122.0.0.0 Safari/537.36","Origin":"https://pay.ds.163.com","Referer":"https://pay.ds.163.com/","GL-ClientType":"60","GL-DeviceId":"c8243a6c-3c4d-425e-b304-404af24b6351","GL-Uid":"0b3beac4579d42828819b5ac6f75949e","GL-CheckSum":"36fd4fa0eb05fbfe5f0b5d86abbe4b846cf13c76","Content-Length":"2","Accept-Encoding":"gzip, compress, deflate, br"}
[响应结果] {"httpStatus":200,"data":{"result":{"coupons":[{"couponId":"687076e69f3efd24cb2bed9c","name":"V1","amount":1,"xyLevel":"V1","seckillTime":"WEEKLY","periods":[{"weekDay":1,"seckillStartTime":1785124800000,"seckillEndTime":1785297599999,"status":"ENDED"},{"weekDay":3,"seckillStartTime":1785297600000,"seckillEndTime":1785470399999,"status":"PROGRESSING"},{"weekDay":5,"seckillStartTime":1785470400000,"seckillEndTime":1785729599999,"status":"NOT_STARTED"},{"weekDay":1,"seckillStartTime":1785729600000,"seckillEndTime":1785902399999,"status":"NOT_STARTED"},{"weekDay":3,"seckillStartTime":1785902400000,"seckillEndTime":1786075199999,"status":"NOT_STARTED"},{"weekDay":5,"seckillStartTime":1786075200000,"seckillEndTime":1785124799999,"status":"NOT_STARTED"}]},{"couponId":"68708657f56f912f57e063bf","name":"V2","amount":2,"xyLevel":"V2","seckillTime":"WEEKLY","periods":[{"weekDay":1,"seckillStartTime":1785124800000,"seckillEndTime":1785297599999,"status":"ENDED"},{"weekDay":3,"seckillStartTime":1785297600000,"seckillEndTime":1785470399999,"status":"PROGRESSING"},{"weekDay":5,"seckillStartTime":1785470400000,"seckillEndTime":1785729599999,"status":"NOT_STARTED"},{"weekDay":1,"seckillStartTime":1785729600000,"seckillEndTime":1785902399999,"status":"NOT_STARTED"},{"weekDay":3,"seckillStartTime":1785902400000,"seckillEndTime":1786075199999,"status":"NOT_STARTED"},{"weekDay":5,"seckillStartTime":1786075200000,"seckillEndTime":1785124799999,"status":"NOT_STARTED"}]},{"couponId":"6870867989fddd2bbdec96bc","name":"V3","amount":3,"xyLevel":"V3","seckillTime":"WEEKLY","periods":[{"weekDay":1,"seckillStartTime":1785124800000,"seckillEndTime":1785297599999,"status":"ENDED"},{"weekDay":3,"seckillStartTime":1785297600000,"seckillEndTime":1785470399999,"status":"PROGRESSING"},{"weekDay":5,"seckillStartTime":1785470400000,"seckillEndTime":1785729599999,"status":"NOT_STARTED"},{"weekDay":1,"seckillStartTime":1785729600000,"seckillEndTime":1785902399999,"status":"NOT_STARTED"},{"weekDay":3,"seckillStartTime":1785902400000,"seckillEndTime":1786075199999,"status":"NOT_STARTED"},{"weekDay":5,"seckillStartTime":1786075200000,"seckillEndTime":1785124799999,"status":"NOT_STARTED"}]},{"couponId":"6870869cf56f912f57e063c0","name":"V4","amount":8,"xyLevel":"V4","seckillTime":"WEEKLY","periods":[{"weekDay":1,"seckillStartTime":1785124800000,"seckillEndTime":1785297599999,"status":"ENDED"},{"weekDay":3,"seckillStartTime":1785297600000,"seckillEndTime":1785470399999,"status":"PROGRESSING"},{"weekDay":5,"seckillStartTime":1785470400000,"seckillEndTime":1785729599999,"status":"NOT_STARTED"},{"weekDay":1,"seckillStartTime":1785729600000,"seckillEndTime":1785902399999,"status":"NOT_STARTED"},{"weekDay":3,"seckillStartTime":1785902400000,"seckillEndTime":1786075199999,"status":"NOT_STARTED"},{"weekDay":5,"seckillStartTime":1786075200000,"seckillEndTime":1785124799999,"status":"NOT_STARTED"}]},{"couponId":"687086e33d0d02335c1804f4","name":"V5","amount":18,"xyLevel":"V5","seckillTime":"WEEKLY","periods":[{"weekDay":1,"seckillStartTime":1785124800000,"seckillEndTime":1785297599999,"status":"ENDED"},{"weekDay":3,"seckillStartTime":1785297600000,"seckillEndTime":1785470399999,"status":"PROGRESSING","acquiredStatus":"OUT_OF_STOCK","stockId":"687086e33d0d02335c1804f4_WEEKLY_1785297600000","stockRemain":0},{"weekDay":5,"seckillStartTime":1785470400000,"seckillEndTime":1785729599999,"status":"NOT_STARTED"},{"weekDay":1,"seckillStartTime":1785729600000,"seckillEndTime":1785902399999,"status":"NOT_STARTED"},{"weekDay":3,"seckillStartTime":1785902400000,"seckillEndTime":1786075199999,"status":"NOT_STARTED"},{"weekDay":5,"seckillStartTime":1786075200000,"seckillEndTime":1785124799999,"status":"NOT_STARTED"}]},{"couponId":"68708705f56f912f57e063c3","name":"V6","amount":30,"xyLevel":"V6","seckillTime":"WEEKLY","periods":[{"weekDay":1,"seckillStartTime":1785124800000,"seckillEndTime":1785297599999,"status":"ENDED"},{"weekDay":3,"seckillStartTime":1785297600000,"seckillEndTime":1785470399999,"status":"PROGRESSING"},{"weekDay":5,"seckillStartTime":1785470400000,"seckillEndTime":1785729599999,"status":"NOT_STARTED"},{"weekDay":1,"seckillStartTime":1785729600000,"seckillEndTime":1785902399999,"status":"NOT_STARTED"},{"weekDay":3,"seckillStartTime":1785902400000,"seckillEndTime":1786075199999,"status":"NOT_STARTED"},{"weekDay":5,"seckillStartTime":1786075200000,"seckillEndTime":1785124799999,"status":"NOT_STARTED"}]},{"couponId":"6870872e89fddd2bbdec96bd","name":"V7","amount":75,"xyLevel":"V7","seckillTime":"WEEKLY","periods":[{"weekDay":1,"seckillStartTime":1785124800000,"seckillEndTime":1785297599999,"status":"ENDED"},{"weekDay":3,"seckillStartTime":1785297600000,"seckillEndTime":1785470399999,"status":"PROGRESSING"},{"weekDay":5,"seckillStartTime":1785470400000,"seckillEndTime":1785729599999,"status":"NOT_STARTED"},{"weekDay":1,"seckillStartTime":1785729600000,"seckillEndTime":1785902399999,"status":"NOT_STARTED"},{"weekDay":3,"seckillStartTime":1785902400000,"seckillEndTime":1786075199999,"status":"NOT_STARTED"},{"weekDay":5,"seckillStartTime":1786075200000,"seckillEndTime":1785124799999,"status":"NOT_STARTED"}]}]},"code":200,"errmsg":"OK"}}
============================================================
============================================================
[请求时间] 2026/7/31 11:59:45.885
[响应时间] 2026/7/31 11:59:46.017
[耗时] 132ms
[请求路径] https://pay-api.ds.163.com/v1/web/init/server/time
[请求方式] GET
[请求参数] {"query":null,"body":null}
[请求头] {"Accept":"application/json, text/plain, */*","Content-Type":"application/json;charset=UTF-8","GL-X-XSRF-TOKEN":"eec0a9f5-344e-4730-b133-e05b76556f46","User-Agent":"Mozilla/5.0 (Windows NT 10.0; Win64; x64) AppleWebKit/537.36 (KHTML, like Gecko) Chrome/122.0.0.0 Safari/537.36","Origin":"https://pay.ds.163.com","Referer":"https://pay.ds.163.com/","GL-ClientType":"60","GL-DeviceId":"c8243a6c-3c4d-425e-b304-404af24b6351","GL-Uid":"0b3beac4579d42828819b5ac6f75949e","Accept-Encoding":"gzip, compress, deflate, br"}
[响应结果] {"httpStatus":404,"data":"<!DOCTYPE HTML PUBLIC \"-//W3C//DTD HTML 3.2 Final//EN\">\n<title>404 Not Found</title>\n<h1>Not Found</h1>\n<p>The requested URL was not found on the server. If you entered the URL manually please check your spelling and try again.</p>\n"}
============================================================
============================================================
[请求时间] 2026/7/31 11:59:59.908
[响应时间] 2026/7/31 12:00:00.065
[耗时] 157ms
[请求路径] https://pay-api.ds.163.com/v1/web/init/server/time
[请求方式] GET
[请求参数] {"query":null,"body":null}
[请求头] {"Accept":"application/json, text/plain, */*","Content-Type":"application/json;charset=UTF-8","GL-X-XSRF-TOKEN":"eec0a9f5-344e-4730-b133-e05b76556f46","User-Agent":"Mozilla/5.0 (Windows NT 10.0; Win64; x64) AppleWebKit/537.36 (KHTML, like Gecko) Chrome/122.0.0.0 Safari/537.36","Origin":"https://pay.ds.163.com","Referer":"https://pay.ds.163.com/","GL-ClientType":"60","GL-DeviceId":"c8243a6c-3c4d-425e-b304-404af24b6351","GL-Uid":"0b3beac4579d42828819b5ac6f75949e","Accept-Encoding":"gzip, compress, deflate, br"}
[响应结果] {"httpStatus":404,"data":"<!DOCTYPE HTML PUBLIC \"-//W3C//DTD HTML 3.2 Final//EN\">\n<title>404 Not Found</title>\n<h1>Not Found</h1>\n<p>The requested URL was not found on the server. If you entered the URL manually please check your spelling and try again.</p>\n"}
============================================================
============================================================
[请求时间] 2026/7/31 12:00:00.065
[响应时间] 2026/7/31 12:00:00.681
[耗时] 616ms
[请求路径] https://inf.ds.163.com/v1/web/exp/week-coupon/acquire
[请求方式] POST
[请求参数] {"query":null,"body":{"couponId":"687086e33d0d02335c1804f4","stockId":"687086e33d0d02335c1804f4_WEEKLY_1785470400000"}}
[请求头] {"Accept":"application/json, text/plain, */*","Content-Type":"application/json;charset=UTF-8","GL-X-XSRF-TOKEN":"eec0a9f5-344e-4730-b133-e05b76556f46","User-Agent":"Mozilla/5.0 (Windows NT 10.0; Win64; x64) AppleWebKit/537.36 (KHTML, like Gecko) Chrome/122.0.0.0 Safari/537.36","Origin":"https://pay.ds.163.com","Referer":"https://pay.ds.163.com/","GL-ClientType":"60","GL-DeviceId":"c8243a6c-3c4d-425e-b304-404af24b6351","GL-Uid":"0b3beac4579d42828819b5ac6f75949e","GL-CheckSum":"0f937786dc60f821fbf5f007c3836862ccc956a0","Content-Length":"97","Accept-Encoding":"gzip, compress, deflate, br"}
[响应结果] {"httpStatus":200,"data":{"result":{"received":true,"validityPeriod":2592000000},"code":200,"errmsg":"OK"}}
============================================================
